{
  "type": "FeatureCollection",
  "generator": "overpass-turbo",
  "copyright": "The data included in this document is from www.openstreetmap.org. The data is made available under ODbL.",
  "timestamp": "2026-09-24T16:14:11Z",
  "features": [
    {
      "type": "Feature",
      "properties": {
        "@id": "way/30287344",
        "addr:city": "Mount Laurel",
        "addr:housenumber": "601",
        "addr:postcode": "08054",
        "addr:state": "NJ",
        "addr:street": "Fellowship Road",
        "amenity": "restaurant",
        "brand": "Bob Evans",
        "brand:wikidata": "Q4932386",
        "building": "commercial",
        "cuisine": "american",
        "name": "Bob Evans",
        "@geometry": "center"
      },
      "geometry": {
        "type": "Point",
        "coordinates": [
          -74.961676,
          39.9311127
        ]
      },
      "id": "way/30287344"
    },
    {
      "type": "Feature",
      "properties": {
        "@id": "way/32058226",
        "amenity": "restaurant",
        "brand": "Bob Evans",
        "brand:wikidata": "Q4932386",
        "building": "commercial",
        "cuisine": "american",
        "name": "Bob Evans",
        "@geometry": "center"
      },
      "geometry": {
        "type": "Point",
        "coordinates": [
          -83.1281379,
          40.0331946
        ]
      },
      "id": "way/32058226"
    },
    {
      "type": "Feature",
      "properties": {
        "@id": "way/37735556",
        "addr:city": "Fredericksburg",
        "addr:housenumber": "10111",
        "addr:postcode": "22407",
        "addr:state": "VA",
        "addr:street": "Southpoint Parkway",
        "amenity": "restaurant",
        "brand": "Bob Evans",
        "brand:wikidata": "Q4932386",
        "building": "commercial",
        "cuisine": "american",
        "delivery": "no",
        "name": "Bob Evans",
        "outdoor_seating": "no",
        "smoking": "outside",
        "takeaway": "no",
        "@geometry": "center"
      },
      "geometry": {
        "type": "Point",
        "coordinates": [
          -77.5071874,
          38.2378499
        ]
      },
      "id": "way/37735556"
    },
    {
      "type": "Feature",
      "properties": {
        "@id": "way/38937478",
        "amenity": "restaurant",
        "brand": "Bob Evans",
        "brand:wikidata": "Q4932386",
        "building": "commercial",
        "cuisine": "american",
        "name": "Bob Evans",
        "@geometry": "center"
      },
      "geometry": {
        "type": "Point",
        "coordinates": [
          -83.1510874,
          39.9747922
        ]
      },
      "id": "way/38937478"
    },
    {
      "type": "Feature",
      "properties": {
        "@id": "way/39783814",
        "addr:city": "Valley Park",
        "addr:housenumber": "1",
        "addr:postcode": "63088",
        "addr:street": "Lambert Drury Drive",
        "amenity": "restaurant",
        "brand": "Bob Evans",
        "brand:wikidata": "Q4932386",
        "building": "commercial",
        "cuisine": "american",
        "name": "Bob Evans",
        "source:addr": "St. Louis County GIS Service Center (https://data.stlouisco.com/pages/open-data 2019-08)",
        "@geometry": "center"
      },
      "geometry": {
        "type": "Point",
        "coordinates": [
          -90.496669,
          38.5379191
        ]
      },
      "id": "way/39783814"
    },
    {
      "type": "Feature",
      "properties": {
        "@id": "way/41935452",
        "amenity": "restaurant",
        "brand": "Bob Evans",
        "brand:wikidata": "Q4932386",
        "building": "commercial",
        "cuisine": "american",
        "name": "Bob Evans",
        "@geometry": "center"
      },
      "geometry": {
        "type": "Point",
        "coordinates": [
          -84.3688437,
          39.2493311
        ]
      },
      "id": "way/41935452"
    },
    {
      "type": "Feature",
      "properties": {
        "@id": "way/42051404",
        "amenity": "restaurant",
        "brand": "Bob Evans",
        "brand:wikidata": "Q4932386",
        "building": "commercial",
        "cuisine": "american",
        "name": "Bob Evans",
        "@geometry": "center"
      },
      "geometry": {
        "type": "Point",
        "coordinates": [
          -84.5348494,
          39.0314941
        ]
      },
      "id": "way/42051404"
    },
    {
      "type": "Feature",
      "properties": {
        "@id": "way/42434724",
        "addr:city": "Cold Spring",
        "addr:housenumber": "4000",
        "addr:postcode": "41076",
        "addr:state": "KY",
        "addr:street": "Alexandria Pike",
        "amenity": "restaurant",
        "brand": "Bob Evans",
        "brand:wikidata": "Q4932386",
        "building": "commercial",
        "cuisine": "american",
        "name": "Bob Evans",
        "opening_hours": "Mo-Su 07:00-21:00",
        "phone": "+1-859-781-7332",
        "website": "https://www.bobevans.com/locations/cold-spring",
        "@geometry": "center"
      },
      "geometry": {
        "type": "Point",
        "coordinates": [
          -84.4424916,
          39.0231447
        ]
      },
      "id": "way/42434724"
    },
    {
      "type": "Feature",
      "properties": {
        "@id": "way/42507008",
        "addr:postcode": "41042",
        "addr:street": "Dream Street",
        "amenity": "restaurant",
        "brand": "Bob Evans",
        "brand:wikidata": "Q4932386",
        "building": "yes",
        "cuisine": "american",
        "name": "Bob Evans",
        "@geometry": "center"
      },
      "geometry": {
        "type": "Point",
        "coordinates": [
          -84.6405785,
          38.9875137
        ]
      },
      "id": "way/42507008"
    },
    {
      "type": "Feature",
      "properties": {
        "@id": "way/42606543",
        "amenity": "restaurant",
        "brand": "Bob Evans",
        "brand:wikidata": "Q4932386",
        "building": "yes",
        "cuisine": "american",
        "name": "Bob Evans",
        "source": "Yahoo",
        "@geometry": "center"
      },
      "geometry": {
        "type": "Point",
        "coordinates": [
          -83.018096,
          40.1591878
        ]
      },
      "id": "way/42606543"
    },
    {
      "type": "Feature",
      "properties": {
        "@id": "way/43097234",
        "addr:city": "Palm Coast",
        "addr:housenumber": "100",
        "addr:postcode": "32164",
        "addr:state": "FL",
        "addr:street": "Cypress Edge Drive",
        "amenity": "restaurant",
        "brand": "Bob Evans",
        "brand:wikidata": "Q4932386",
        "building": "commercial",
        "cuisine": "american",
        "name": "Bob Evans",
        "opening_hours": "Mo-Su 07:00-20:00",
        "phone": "+1 386 246 5300",
        "website": "https://www.bobevans.com/locations/palm-coast",
        "@geometry": "center"
      },
      "geometry": {
        "type": "Point",
        "coordinates": [
          -81.2239766,
          29.5540834
        ]
      },
      "id": "way/43097234"
    },
    {
      "type": "Feature",
      "properties": {
        "@id": "way/43783562",
        "addr:city": "Willoughby",
        "addr:housenumber": "34760",
        "addr:postcode": "44094",
        "addr:state": "OH",
        "addr:street": "Maplegrove Road",
        "air_conditioning": "yes",
        "amenity": "restaurant",
        "bar": "no",
        "brand": "Bob Evans",
        "brand:wikidata": "Q4932386",
        "brewery": "no",
        "building": "restaurant",
        "check_date": "2025-05-25",
        "cuisine": "american",
        "delivery": "no",
        "highchair": "yes",
        "internet_access": "wlan",
        "internet_access:fee": "no",
        "internet_access:ssid": "BobEvansPublic",
        "microbrewery": "no",
        "name": "Bob Evans",
        "opening_hours": "Su-Sa 06:30-21:00",
        "outdoor_seating": "no",
        "payment:cash": "yes",
        "payment:credit_cards": "yes",
        "payment:debit_cards": "yes",
        "phone": "+1 440 585 2041",
        "smoking": "outside",
        "source": "survey",
        "website": "https://www.bobevans.com/locations/willoughby",
        "@geometry": "center"
      },
      "geometry": {
        "type": "Point",
        "coordinates": [
          -81.4403682,
          41.6055843
        ]
      },
      "id": "way/43783562"
    },
    {
      "type": "Feature",
      "properties": {
        "@id": "way/45776449",
        "addr:housenumber": "10830",
        "addr:street": "Promenade Lane",
        "amenity": "restaurant",
        "brand": "Bob Evans",
        "brand:wikidata": "Q4932386",
        "building": "retail",
        "check_date": "2024-09-29",
        "cuisine": "american",
        "name": "Bob Evans",
        "opening_hours": "07:00-21:00",
        "payment:cash": "yes",
        "payment:credit_cards": "yes",
        "payment:debit_cards": "yes",
        "phone": "+1 703-361-2022",
        "website": "https://www.bobevans.com/locations/manassas",
        "wheelchair": "yes",
        "@geometry": "center"
      },
      "geometry": {
        "type": "Point",
        "coordinates": [
          -77.518719,
          38.7972798
        ]
      },
      "id": "way/45776449"
    },
    {
      "type": "Feature",
      "properties": {
        "@id": "way/45976600",
        "amenity": "restaurant",
        "brand": "Bob Evans",
        "brand:wikidata": "Q4932386",
        "building": "commercial",
        "cuisine": "american",
        "name": "Bob Evans",
        "@geometry": "center"
      },
      "geometry": {
        "type": "Point",
        "coordinates": [
          -76.5129961,
          38.2991009
        ]
      },
      "id": "way/45976600"
    },
    {
      "type": "Feature",
      "properties": {
        "@id": "way/47838036",
        "addr:city": "Raleigh",
        "addr:housename": "Bob Evans",
        "addr:housenumber": "8001",
        "addr:postcode": "27617",
        "addr:street": "Brier Creek Pky",
        "amenity": "restaurant",
        "brand": "Bob Evans",
        "brand:wikidata": "Q4932386",
        "building": "commercial",
        "cuisine": "american",
        "name": "Bob Evans",
        "source": "WakeGIS",
        "@geometry": "center"
      },
      "geometry": {
        "type": "Point",
        "coordinates": [
          -78.7816146,
          35.9109377
        ]
      },
      "id": "way/47838036"
    },
    {
      "type": "Feature",
      "properties": {
        "@id": "way/48927930",
        "addr:city": "Myrtle Beach",
        "addr:country": "US",
        "addr:housenumber": "3384",
        "addr:postcode": "29579",
        "addr:state": "SC",
        "addr:street": "Waccamaw Boulevard",
        "amenity": "restaurant",
        "brand": "Bob Evans",
        "brand:wikidata": "Q4932386",
        "building": "commercial",
        "cuisine": "american",
        "name": "Bob Evans",
        "opening_hours": "Mo-Su 07:00-21:00",
        "phone": "+1-843-585-3010",
        "website": "https://www.bobevans.com/locations/myrtle-beach",
        "@geometry": "center"
      },
      "geometry": {
        "type": "Point",
        "coordinates": [
          -78.9287859,
          33.7204538
        ]
      },
      "id": "way/48927930"
    },
    {
      "type": "Feature",
      "properties": {
        "@id": "way/52325676",
        "amenity": "restaurant",
        "brand": "Bob Evans",
        "brand:wikidata": "Q4932386",
        "building": "yes",
        "cuisine": "american",
        "name": "Bob Evans",
        "@geometry": "center"
      },
      "geometry": {
        "type": "Point",
        "coordinates": [
          -84.5227752,
          39.3057309
        ]
      },
      "id": "way/52325676"
    },
    {
      "type": "Feature",
      "properties": {
        "@id": "way/58584138",
        "amenity": "restaurant",
        "brand": "Bob Evans",
        "brand:wikidata": "Q4932386",
        "building": "retail",
        "cuisine": "american",
        "name": "Bob Evans",
        "@geometry": "center"
      },
      "geometry": {
        "type": "Point",
        "coordinates": [
          -89.6317463,
          40.7953701
        ]
      },
      "id": "way/58584138"
    },
    {
      "type": "Feature",
      "properties": {
        "@id": "way/73151176",
        "amenity": "restaurant",
        "brand": "Bob Evans",
        "brand:wikidata": "Q4932386",
        "building": "commercial",
        "building:levels": "1",
        "cuisine": "american",
        "indoor_seating": "yes",
        "name": "Bob Evans",
        "outdoor_seating": "no",
        "@geometry": "center"
      },
      "geometry": {
        "type": "Point",
        "coordinates": [
          -82.9922203,
          40.0888374
        ]
      },
      "id": "way/73151176"
    },
    {
      "type": "Feature",
      "properties": {
        "@id": "way/90541935",
        "amenity": "restaurant",
        "brand": "Bob Evans",
        "brand:wikidata": "Q4932386",
        "building": "commercial",
        "cuisine": "american",
        "name": "Bob Evans",
        "source": "Bing",
        "@geometry": "center"
      },
      "geometry": {
        "type": "Point",
        "coordinates": [
          -79.7883351,
          40.4358849
        ]
      },
      "id": "way/90541935"
    },
    {
      "type": "Feature",
      "properties": {
        "@id": "way/94027341",
        "addr:city": "Woodbridge",
        "addr:housenumber": "14490",
        "addr:postcode": "22192",
        "addr:state": "VA",
        "addr:street": "Smoketown Road",
        "amenity": "restaurant",
        "brand": "Bob Evans",
        "brand:wikidata": "Q4932386",
        "building": "commercial",
        "cuisine": "american",
        "name": "Bob Evans",
        "source": "survey 12/2015",
        "@geometry": "center"
      },
      "geometry": {
        "type": "Point",
        "coordinates": [
          -77.2988447,
          38.6381279
        ]
      },
      "id": "way/94027341"
    },
    {
      "type": "Feature",
      "properties": {
        "@id": "way/95356938",
        "addr:city": "Kansas City",
        "addr:housenumber": "1704",
        "addr:street": "Village West Parkway",
        "amenity": "restaurant",
        "brand": "Bob Evans",
        "brand:wikidata": "Q4932386",
        "building": "commercial",
        "cuisine": "american",
        "name": "Bob Evans",
        "phone": "+1-913-299-1278",
        "source": "bing",
        "@geometry": "center"
      },
      "geometry": {
        "type": "Point",
        "coordinates": [
          -94.8265557,
          39.1235531
        ]
      },
      "id": "way/95356938"
    },
    {
      "type": "Feature",
      "properties": {
        "@id": "way/98383331",
        "amenity": "restaurant",
        "brand": "Bob Evans",
        "brand:wikidata": "Q4932386",
        "building": "yes",
        "cuisine": "american",
        "name": "Bob Evans",
        "@geometry": "center"
      },
      "geometry": {
        "type": "Point",
        "coordinates": [
          -84.3134583,
          39.3208546
        ]
      },
      "id": "way/98383331"
    },
    {
      "type": "Feature",
      "properties": {
        "@id": "way/102311264",
        "addr:city": "Delaware",
        "addr:housenumber": "1301",
        "addr:postcode": "43015",
        "addr:state": "OH",
        "addr:street": "Columbus Pike",
        "amenity": "restaurant",
        "brand": "Bob Evans",
        "brand:wikidata": "Q4932386",
        "building": "commercial",
        "cuisine": "american",
        "name": "Bob Evans",
        "@geometry": "center"
      },
      "geometry": {
        "type": "Point",
        "coordinates": [
          -83.0703667,
          40.2718379
        ]
      },
      "id": "way/102311264"
    },
    {
      "type": "Feature",
      "properties": {
        "@id": "way/103111054",
        "amenity": "restaurant",
        "brand": "Bob Evans",
        "brand:wikidata": "Q4932386",
        "building": "commercial",
        "cuisine": "american",
        "name": "Bob Evans",
        "@geometry": "center"
      },
      "geometry": {
        "type": "Point",
        "coordinates": [
          -84.3288392,
          39.4938155
        ]
      },
      "id": "way/103111054"
    },
    {
      "type": "Feature",
      "properties": {
        "@id": "way/106646241",
        "addr:housenumber": "8325",
        "addr:postcode": "21045",
        "addr:street": "Benson Drive",
        "amenity": "restaurant",
        "brand": "Bob Evans",
        "brand:wikidata": "Q4932386",
        "building": "commercial",
        "cuisine": "american",
        "name": "Bob Evans",
        "@geometry": "center"
      },
      "geometry": {
        "type": "Point",
        "coordinates": [
          -76.8004597,
          39.1861021
        ]
      },
      "id": "way/106646241"
    },
    {
      "type": "Feature",
      "properties": {
        "@id": "way/108464890",
        "addr:housenumber": "30987",
        "addr:street": "Flynn Drive",
        "air_conditioning": "yes",
        "amenity": "restaurant",
        "bar": "no",
        "brand": "Bob Evans",
        "brand:wikidata": "Q4932386",
        "building": "commercial",
        "building:levels": "1",
        "building:material": "brick",
        "check_date": "2026-07-10",
        "check_date:opening_hours": "2026-07-10",
        "cuisine": "american",
        "name": "Bob Evans",
        "opening_hours": "Mo-Su 07:00-21:00",
        "outdoor_seating": "no",
        "payment:cash": "yes",
        "payment:credit_cards": "yes",
        "reservation": "no",
        "takeaway": "yes",
        "toilets": "yes",
        "@geometry": "center"
      },
      "geometry": {
        "type": "Point",
        "coordinates": [
          -83.3431084,
          42.2430612
        ]
      },
      "id": "way/108464890"
    },
    {
      "type": "Feature",
      "properties": {
        "@id": "way/109610998",
        "amenity": "restaurant",
        "brand": "Bob Evans",
        "brand:wikidata": "Q4932386",
        "building": "yes",
        "cuisine": "american",
        "name": "Bob Evans",
        "@geometry": "center"
      },
      "geometry": {
        "type": "Point",
        "coordinates": [
          -83.6944481,
          41.5813371
        ]
      },
      "id": "way/109610998"
    },
    {
      "type": "Feature",
      "properties": {
        "@id": "way/110827334",
        "amenity": "restaurant",
        "brand": "Bob Evans",
        "brand:wikidata": "Q4932386",
        "building": "commercial",
        "cuisine": "american",
        "name": "Bob Evans",
        "@geometry": "center"
      },
      "geometry": {
        "type": "Point",
        "coordinates": [
          -84.5422198,
          42.8265578
        ]
      },
      "id": "way/110827334"
    },
    {
      "type": "Feature",
      "properties": {
        "@id": "way/110851657",
        "addr:city": "East Peoria",
        "addr:housenumber": "304",
        "addr:postcode": "61611",
        "addr:state": "IL",
        "addr:street": "North Main Street",
        "amenity": "restaurant",
        "brand": "Bob Evans",
        "brand:wikidata": "Q4932386",
        "building": "retail",
        "cuisine": "american",
        "name": "Bob Evans",
        "@geometry": "center"
      },
      "geometry": {
        "type": "Point",
        "coordinates": [
          -89.5756986,
          40.6686606
        ]
      },
      "id": "way/110851657"
    },
    {
      "type": "Feature",
      "properties": {
        "@id": "way/114373573",
        "amenity": "restaurant",
        "brand": "Bob Evans",
        "brand:wikidata": "Q4932386",
        "building": "yes",
        "cuisine": "american",
        "name": "Bob Evans",
        "@geometry": "center"
      },
      "geometry": {
        "type": "Point",
        "coordinates": [
          -84.1884076,
          39.4305488
        ]
      },
      "id": "way/114373573"
    },
    {
      "type": "Feature",
      "properties": {
        "@id": "way/115869497",
        "addr:city": "Laurel",
        "addr:country": "US",
        "addr:housenumber": "3361",
        "addr:postcode": "20724",
        "addr:state": "MD",
        "addr:street": "Corridor Marketplace",
        "amenity": "restaurant",
        "brand": "Bob Evans",
        "brand:wikidata": "Q4932386",
        "building": "commercial",
        "cuisine": "american",
        "name": "Bob Evans",
        "opening_hours": "Mo-Su 07:00-21:00",
        "phone": "+1-301-362-9140",
        "source": "USGS Ortho",
        "website": "https://www.bobevans.com",
        "@geometry": "center"
      },
      "geometry": {
        "type": "Point",
        "coordinates": [
          -76.8058939,
          39.0972179
        ]
      },
      "id": "way/115869497"
    },
    {
      "type": "Feature",
      "properties": {
        "@id": "way/121635166",
        "addr:city": "Fort Wayne",
        "addr:housenumber": "520",
        "addr:postcode": "46805",
        "addr:street": "East Coliseum Boulevard",
        "brand:wikidata": "Q4932386",
        "building": "yes",
        "note": "Building is vacant now, Bob Evans closed",
        "@geometry": "center"
      },
      "geometry": {
        "type": "Point",
        "coordinates": [
          -85.1334902,
          41.1178399
        ]
      },
      "id": "way/121635166"
    },
    {
      "type": "Feature",
      "properties": {
        "@id": "way/127128629",
        "addr:city": "Middletown",
        "addr:housenumber": "200",
        "addr:postcode": "19709",
        "addr:state": "DE",
        "addr:street": "Casa Drive",
        "amenity": "restaurant",
        "brand": "Bob Evans",
        "brand:wikidata": "Q4932386",
        "building": "commercial",
        "check_date": "2025-07-10",
        "cuisine": "american",
        "name": "Bob Evans",
        "opening_hours": "Mo-Su 07:00-21:00",
        "phone": "+1 302-378-6029",
        "website": "https://www.bobevans.com/locations/middletown-2",
        "@geometry": "center"
      },
      "geometry": {
        "type": "Point",
        "coordinates": [
          -75.7274628,
          39.450786
        ]
      },
      "id": "way/127128629"
    },
    {
      "type": "Feature",
      "properties": {
        "@id": "way/132693135",
        "addr:city": "Dayton",
        "addr:housenumber": "1285",
        "addr:state": "OH",
        "addr:street": "Woodman Drive",
        "amenity": "restaurant",
        "brand": "Bob Evans",
        "brand:wikidata": "Q4932386",
        "building": "commercial",
        "cuisine": "american",
        "name": "Bob Evans",
        "@geometry": "center"
      },
      "geometry": {
        "type": "Point",
        "coordinates": [
          -84.1214493,
          39.7437255
        ]
      },
      "id": "way/132693135"
    },
    {
      "type": "Feature",
      "properties": {
        "@id": "way/133567411",
        "addr:city": "Sidney",
        "addr:country": "US",
        "addr:postcode": "45365",
        "addr:state": "OH",
        "amenity": "restaurant",
        "brand": "Bob Evans",
        "brand:wikidata": "Q4932386",
        "building": "yes",
        "cuisine": "american",
        "name": "Bob Evans",
        "@geometry": "center"
      },
      "geometry": {
        "type": "Point",
        "coordinates": [
          -84.1838954,
          40.2886127
        ]
      },
      "id": "way/133567411"
    },
    {
      "type": "Feature",
      "properties": {
        "@id": "way/134633764",
        "amenity": "restaurant",
        "brand": "Bob Evans",
        "brand:wikidata": "Q4932386",
        "building": "commercial",
        "cuisine": "american",
        "name": "Bob Evans",
        "@geometry": "center"
      },
      "geometry": {
        "type": "Point",
        "coordinates": [
          -84.2341307,
          40.0539021
        ]
      },
      "id": "way/134633764"
    },
    {
      "type": "Feature",
      "properties": {
        "@id": "way/136169345",
        "amenity": "restaurant",
        "brand": "Bob Evans",
        "brand:wikidata": "Q4932386",
        "building": "commercial",
        "cuisine": "american",
        "name": "Bob Evans",
        "@geometry": "center"
      },
      "geometry": {
        "type": "Point",
        "coordinates": [
          -84.5985183,
          39.2538021
        ]
      },
      "id": "way/136169345"
    },
    {
      "type": "Feature",
      "properties": {
        "@id": "way/141900573",
        "amenity": "restaurant",
        "brand": "Bob Evans",
        "brand:wikidata": "Q4932386",
        "building": "commercial",
        "cuisine": "american",
        "name": "Bob Evans",
        "opening_hours": "Mo-Su 07:00-21:00",
        "@geometry": "center"
      },
      "geometry": {
        "type": "Point",
        "coordinates": [
          -84.4276057,
          39.3229852
        ]
      },
      "id": "way/141900573"
    },
    {
      "type": "Feature",
      "properties": {
        "@id": "way/141909079",
        "amenity": "restaurant",
        "brand": "Bob Evans",
        "brand:wikidata": "Q4932386",
        "building": "commercial",
        "cuisine": "american",
        "name": "Bob Evans",
        "@geometry": "center"
      },
      "geometry": {
        "type": "Point",
        "coordinates": [
          -84.3700132,
          39.3543232
        ]
      },
      "id": "way/141909079"
    },
    {
      "type": "Feature",
      "properties": {
        "@id": "way/145011084",
        "amenity": "restaurant",
        "brand": "Bob Evans",
        "brand:wikidata": "Q4932386",
        "building": "commercial",
        "cuisine": "american",
        "name": "Bob Evans",
        "@geometry": "center"
      },
      "geometry": {
        "type": "Point",
        "coordinates": [
          -84.1305286,
          39.702582
        ]
      },
      "id": "way/145011084"
    },
    {
      "type": "Feature",
      "properties": {
        "@id": "way/148034606",
        "amenity": "restaurant",
        "brand": "Bob Evans",
        "brand:wikidata": "Q4932386",
        "building": "commercial",
        "cuisine": "american",
        "name": "Bob Evans",
        "@geometry": "center"
      },
      "geometry": {
        "type": "Point",
        "coordinates": [
          -84.1906127,
          39.8542348
        ]
      },
      "id": "way/148034606"
    },
    {
      "type": "Feature",
      "properties": {
        "@id": "way/153009766",
        "addr:housenumber": "153",
        "addr:postcode": "15533",
        "addr:street": "Breezewood Road",
        "amenity": "restaurant",
        "brand": "Bob Evans",
        "brand:wikidata": "Q4932386",
        "building": "commercial",
        "cuisine": "american",
        "name": "Bob Evans",
        "opening_hours": "07:00-21:00",
        "phone": "+1-814-735-4020",
        "ref": "248",
        "toilets": "yes",
        "toilets:access": "customers",
        "@geometry": "center"
      },
      "geometry": {
        "type": "Point",
        "coordinates": [
          -78.2380176,
          40.00101
        ]
      },
      "id": "way/153009766"
    },
    {
      "type": "Feature",
      "properties": {
        "@id": "way/154002291",
        "addr:city": "Salisbury",
        "addr:housenumber": "2601",
        "addr:postcode": "21801",
        "addr:state": "MD",
        "addr:street": "North Salisbury Boulevard",
        "amenity": "restaurant",
        "brand": "Bob Evans",
        "brand:wikidata": "Q4932386",
        "building": "commercial",
        "cuisine": "american",
        "name": "Bob Evans",
        "opening_hours": "Mo-Su 06:00-21:00",
        "@geometry": "center"
      },
      "geometry": {
        "type": "Point",
        "coordinates": [
          -75.5668552,
          38.4104215
        ]
      },
      "id": "way/154002291"
    },
    {
      "type": "Feature",
      "properties": {
        "@id": "way/155171669",
        "addr:city": "Cincinnati",
        "addr:housenumber": "5245",
        "addr:postcode": "45247",
        "addr:street": "North Bend Road",
        "amenity": "restaurant",
        "brand": "Bob Evans",
        "brand:wikidata": "Q4932386",
        "building": "commercial",
        "cuisine": "american",
        "name": "Bob Evans",
        "smoking": "no",
        "@geometry": "center"
      },
      "geometry": {
        "type": "Point",
        "coordinates": [
          -84.6048508,
          39.1833824
        ]
      },
      "id": "way/155171669"
    },
    {
      "type": "Feature",
      "properties": {
        "@id": "way/156426606",
        "addr:housenumber": "7670",
        "addr:street": "Brandt Pike",
        "amenity": "restaurant",
        "brand": "Bob Evans",
        "brand:wikidata": "Q4932386",
        "building": "yes",
        "cuisine": "american",
        "name": "Bob Evans",
        "website": "https://www.bobevans.com/",
        "@geometry": "center"
      },
      "geometry": {
        "type": "Point",
        "coordinates": [
          -84.1020408,
          39.8632467
        ]
      },
      "id": "way/156426606"
    },
    {
      "type": "Feature",
      "properties": {
        "@id": "way/156518136",
        "addr:city": "Bedford",
        "addr:housenumber": "3321",
        "addr:postcode": "47421",
        "addr:state": "IN",
        "addr:street": "16th Street",
        "amenity": "restaurant",
        "brand": "Bob Evans",
        "brand:wikidata": "Q4932386",
        "building": "commercial",
        "cuisine": "american",
        "name": "Bob Evans",
        "opening_hours": "Su-Sa 07:00-21:00",
        "phone": "+1-812-275-8368",
        "website": "https://www.bobevans.com/",
        "@geometry": "center"
      },
      "geometry": {
        "type": "Point",
        "coordinates": [
          -86.5184151,
          38.8613469
        ]
      },
      "id": "way/156518136"
    },
    {
      "type": "Feature",
      "properties": {
        "@id": "way/157353013",
        "addr:city": "Cincinnati",
        "addr:housenumber": "4471",
        "addr:postcode": "45245",
        "addr:state": "OH",
        "addr:street": "Eastgate Boulevard",
        "amenity": "restaurant",
        "brand": "Bob Evans",
        "brand:wikidata": "Q4932386",
        "building": "yes",
        "cuisine": "american",
        "name": "Bob Evans",
        "phone": "+15137528554",
        "website": "https://www.bobevans.com/locations/eastgate",
        "@geometry": "center"
      },
      "geometry": {
        "type": "Point",
        "coordinates": [
          -84.2759697,
          39.0978573
        ]
      },
      "id": "way/157353013"
    },
    {
      "type": "Feature",
      "properties": {
        "@id": "way/159139670",
        "amenity": "restaurant",
        "brand": "Bob Evans",
        "brand:wikidata": "Q4932386",
        "building": "commercial",
        "cuisine": "american",
        "name": "Bob Evans",
        "@geometry": "center"
      },
      "geometry": {
        "type": "Point",
        "coordinates": [
          -83.7866169,
          38.6229682
        ]
      },
      "id": "way/159139670"
    },
    {
      "type": "Feature",
      "properties": {
        "@id": "way/159711623",
        "amenity": "restaurant",
        "brand": "Bob Evans",
        "brand:wikidata": "Q4932386",
        "building": "commercial",
        "cuisine": "american",
        "name": "Bob Evans",
        "@geometry": "center"
      },
      "geometry": {
        "type": "Point",
        "coordinates": [
          -81.4916985,
          40.9845836
        ]
      },
      "id": "way/159711623"
    },
    {
      "type": "Feature",
      "properties": {
        "@id": "way/160073262",
        "amenity": "restaurant",
        "brand": "Bob Evans",
        "brand:wikidata": "Q4932386",
        "building": "commercial",
        "cuisine": "american",
        "name": "Bob Evans",
        "@geometry": "center"
      },
      "geometry": {
        "type": "Point",
        "coordinates": [
          -84.2341134,
          39.6387353
        ]
      },
      "id": "way/160073262"
    },
    {
      "type": "Feature",
      "properties": {
        "@id": "way/160899032",
        "amenity": "restaurant",
        "brand": "Bob Evans",
        "brand:wikidata": "Q4932386",
        "building": "yes",
        "cuisine": "american",
        "name": "Bob Evans",
        "@geometry": "center"
      },
      "geometry": {
        "type": "Point",
        "coordinates": [
          -83.7620498,
          40.3312176
        ]
      },
      "id": "way/160899032"
    },
    {
      "type": "Feature",
      "properties": {
        "@id": "way/161264798",
        "addr:city": "Catonsville",
        "addr:country": "US",
        "addr:housenumber": "6336",
        "addr:postcode": "21228",
        "addr:street": "Baltimore National Pike",
        "amenity": "restaurant",
        "brand": "Bob Evans",
        "brand:wikidata": "Q4932386",
        "building": "commercial",
        "cuisine": "american",
        "name": "Bob Evans",
        "website": "https://www.bobevans.com/",
        "@geometry": "center"
      },
      "geometry": {
        "type": "Point",
        "coordinates": [
          -76.7562949,
          39.284658
        ]
      },
      "id": "way/161264798"
    },
    {
      "type": "Feature",
      "properties": {
        "@id": "way/169777007",
        "addr:city": "Wabash",
        "addr:housenumber": "1485",
        "addr:postcode": "46992",
        "addr:state": "IN",
        "addr:street": "Cass Street",
        "air_conditioning": "yes",
        "amenity": "restaurant",
        "brand": "Bob Evans",
        "brand:wikidata": "Q4932386",
        "building": "commercial",
        "cuisine": "american",
        "name": "Bob Evans",
        "phone": "+1-260-563-1818",
        "website": "http://bobevans.com",
        "@geometry": "center"
      },
      "geometry": {
        "type": "Point",
        "coordinates": [
          -85.8379337,
          40.8157193
        ]
      },
      "id": "way/169777007"
    },
    {
      "type": "Feature",
      "properties": {
        "@id": "way/171302929",
        "addr:city": "Nottingham",
        "addr:housenumber": "4110",
        "addr:postcode": "21236",
        "addr:state": "MD",
        "addr:street": "Wholesale Club Drive",
        "amenity": "restaurant",
        "brand": "Bob Evans",
        "brand:wikidata": "Q4932386",
        "building": "commercial",
        "cuisine": "american",
        "name": "Bob Evans",
        "@geometry": "center"
      },
      "geometry": {
        "type": "Point",
        "coordinates": [
          -76.5019157,
          39.3798908
        ]
      },
      "id": "way/171302929"
    },
    {
      "type": "Feature",
      "properties": {
        "@id": "way/173000083",
        "amenity": "restaurant",
        "brand": "Bob Evans",
        "brand:wikidata": "Q4932386",
        "building": "commercial",
        "cuisine": "american",
        "name": "Bob Evans",
        "@geometry": "center"
      },
      "geometry": {
        "type": "Point",
        "coordinates": [
          -84.1904336,
          39.9631119
        ]
      },
      "id": "way/173000083"
    },
    {
      "type": "Feature",
      "properties": {
        "@id": "way/173050665",
        "addr:county": "Stafford County",
        "addr:housenumber": "1020",
        "addr:postcode": "22556",
        "addr:state": "VA",
        "addr:street": "Stafford Market Place",
        "amenity": "restaurant",
        "brand": "Bob Evans",
        "brand:wikidata": "Q4932386",
        "building": "commercial",
        "cuisine": "american",
        "name": "Bob Evans",
        "source": "esri/Virginia_address",
        "@geometry": "center"
      },
      "geometry": {
        "type": "Point",
        "coordinates": [
          -77.4104118,
          38.4680757
        ]
      },
      "id": "way/173050665"
    },
    {
      "type": "Feature",
      "properties": {
        "@id": "way/173105022",
        "amenity": "restaurant",
        "brand": "Bob Evans",
        "brand:wikidata": "Q4932386",
        "building": "yes",
        "cuisine": "american",
        "name": "Bob Evans",
        "@geometry": "center"
      },
      "geometry": {
        "type": "Point",
        "coordinates": [
          -80.7690923,
          41.1274445
        ]
      },
      "id": "way/173105022"
    },
    {
      "type": "Feature",
      "properties": {
        "@id": "way/188863562",
        "amenity": "restaurant",
        "brand": "Bob Evans",
        "brand:wikidata": "Q4932386",
        "building": "yes",
        "cuisine": "american",
        "name": "Bob Evans",
        "@geometry": "center"
      },
      "geometry": {
        "type": "Point",
        "coordinates": [
          -84.5010424,
          39.4095768
        ]
      },
      "id": "way/188863562"
    },
    {
      "type": "Feature",
      "properties": {
        "@id": "way/190005757",
        "addr:city": "Bowling Green",
        "addr:housenumber": "1726",
        "addr:postcode": "43402",
        "addr:state": "OH",
        "addr:street": "East Wooster Street",
        "amenity": "restaurant",
        "brand": "Bob Evans",
        "brand:wikidata": "Q4932386",
        "building": "commercial",
        "building:colour": "red",
        "building:levels": "1",
        "cuisine": "american",
        "internet_access": "wlan",
        "name": "Bob Evans",
        "opening_hours": "Mo-Sa 06:00-21:00; Su 07:00-21:00; PH off",
        "outdoor_seating": "no",
        "payment:american_express": "yes",
        "payment:android_pay": "yes",
        "payment:apple_pay": "yes",
        "payment:coins": "yes",
        "payment:credit_cards": "yes",
        "payment:debit_cards": "yes",
        "payment:discover_card": "yes",
        "payment:mastercard": "yes",
        "payment:notes": "yes",
        "payment:visa": "yes",
        "phone": "+1-419-352-2193",
        "ref": "170",
        "roof:colour": "grey",
        "roof:shape": "mansard",
        "smoking": "no",
        "takeaway": "yes",
        "@geometry": "center"
      },
      "geometry": {
        "type": "Point",
        "coordinates": [
          -83.6183164,
          41.3734278
        ]
      },
      "id": "way/190005757"
    },
    {
      "type": "Feature",
      "properties": {
        "@id": "way/191623876",
        "addr:city": "Saint Petersburg",
        "addr:street": "66th Street North",
        "amenity": "restaurant",
        "brand": "Bob Evans",
        "brand:wikidata": "Q4932386",
        "building": "commercial",
        "cuisine": "american",
        "height": "14.3900000000",
        "name": "Bob Evans",
        "@geometry": "center"
      },
      "geometry": {
        "type": "Point",
        "coordinates": [
          -82.7290067,
          27.7937595
        ]
      },
      "id": "way/191623876"
    },
    {
      "type": "Feature",
      "properties": {
        "@id": "way/193396790",
        "amenity": "restaurant",
        "brand": "Bob Evans",
        "brand:wikidata": "Q4932386",
        "building": "commercial",
        "cuisine": "american",
        "name": "Bob Evans",
        "@geometry": "center"
      },
      "geometry": {
        "type": "Point",
        "coordinates": [
          -86.1113465,
          39.9259115
        ]
      },
      "id": "way/193396790"
    },
    {
      "type": "Feature",
      "properties": {
        "@id": "way/197430620",
        "addr:state": "FL",
        "amenity": "restaurant",
        "brand": "Bob Evans",
        "brand:wikidata": "Q4932386",
        "building": "commercial",
        "cuisine": "american",
        "height": "14.8",
        "name": "Bob Evans",
        "name:en": "Wendy’s",
        "outdoor_seating": "no",
        "smoking": "no",
        "takeaway": "yes",
        "@geometry": "center"
      },
      "geometry": {
        "type": "Point",
        "coordinates": [
          -82.6790016,
          27.894466
        ]
      },
      "id": "way/197430620"
    },
    {
      "type": "Feature",
      "properties": {
        "@id": "way/203335623",
        "amenity": "restaurant",
        "brand": "Bob Evans",
        "brand:wikidata": "Q4932386",
        "building": "yes",
        "cuisine": "american",
        "name": "Bob Evans",
        "@geometry": "center"
      },
      "geometry": {
        "type": "Point",
        "coordinates": [
          -84.1100929,
          39.6593709
        ]
      },
      "id": "way/203335623"
    },
    {
      "type": "Feature",
      "properties": {
        "@id": "way/203963390",
        "amenity": "restaurant",
        "brand": "Bob Evans",
        "brand:wikidata": "Q4932386",
        "building": "yes",
        "cuisine": "american",
        "name": "Bob Evans",
        "@geometry": "center"
      },
      "geometry": {
        "type": "Point",
        "coordinates": [
          -84.1296177,
          39.7964968
        ]
      },
      "id": "way/203963390"
    },
    {
      "type": "Feature",
      "properties": {
        "@id": "way/205489407",
        "amenity": "restaurant",
        "brand": "Bob Evans",
        "brand:wikidata": "Q4932386",
        "building": "yes",
        "cuisine": "american",
        "name": "Bob Evans",
        "@geometry": "center"
      },
      "geometry": {
        "type": "Point",
        "coordinates": [
          -84.5956707,
          39.4243553
        ]
      },
      "id": "way/205489407"
    },
    {
      "type": "Feature",
      "properties": {
        "@id": "way/207830284",
        "amenity": "restaurant",
        "brand": "Bob Evans",
        "brand:wikidata": "Q4932386",
        "building": "commercial",
        "cuisine": "american",
        "name": "Bob Evans",
        "@geometry": "center"
      },
      "geometry": {
        "type": "Point",
        "coordinates": [
          -80.4092103,
          27.3104518
        ]
      },
      "id": "way/207830284"
    },
    {
      "type": "Feature",
      "properties": {
        "@id": "way/215336097",
        "addr:city": "Waverly",
        "addr:housenumber": "50",
        "addr:postcode": "45690",
        "addr:state": "OH",
        "addr:street": "Morningside Drive",
        "amenity": "restaurant",
        "brand": "Bob Evans",
        "brand:wikidata": "Q4932386",
        "building": "commercial",
        "cuisine": "american",
        "name": "Bob Evans",
        "phone": "+1-740-947-7125",
        "website": "https://www.bobevans.com",
        "@geometry": "center"
      },
      "geometry": {
        "type": "Point",
        "coordinates": [
          -82.9784007,
          39.13197
        ]
      },
      "id": "way/215336097"
    },
    {
      "type": "Feature",
      "properties": {
        "@id": "way/215530642",
        "addr:city": "Fairborn",
        "addr:housenumber": "2648",
        "addr:postcode": "45324",
        "addr:state": "OH",
        "addr:street": "Colonel Glenn Highway",
        "amenity": "restaurant",
        "brand": "Bob Evans",
        "brand:wikidata": "Q4932386",
        "building": "commercial",
        "check_date": "2025-05-17",
        "cuisine": "american",
        "indoor_seating": "yes",
        "internet_access": "wlan",
        "internet_access:fee": "no",
        "name": "Bob Evans",
        "outdoor_seating": "no",
        "phone": "+1-937-427-0442",
        "smoking": "no",
        "website": "https://www.bobevans.com/locations/fairborn",
        "@geometry": "center"
      },
      "geometry": {
        "type": "Point",
        "coordinates": [
          -84.0548628,
          39.7785564
        ]
      },
      "id": "way/215530642"
    },
    {
      "type": "Feature",
      "properties": {
        "@id": "way/219408073",
        "addr:city": "Durham",
        "addr:housenumber": "5419",
        "addr:postcode": "27707",
        "addr:state": "NC",
        "addr:street": "Durham Chapel Hill Boulevard",
        "amenity": "restaurant",
        "brand": "Bob Evans",
        "brand:wikidata": "Q4932386",
        "building": "commercial",
        "contact:phone": "+1 919 403 6766",
        "contact:website": "http://www.snapfinger.com/menus/bobevans/default.aspx?Store=321",
        "cuisine": "american",
        "name": "Bob Evans",
        "opening_hours": "06:00-22:00",
        "source:addr": "Durham Open Data",
        "@geometry": "center"
      },
      "geometry": {
        "type": "Point",
        "coordinates": [
          -78.9955552,
          35.9516762
        ]
      },
      "id": "way/219408073"
    },
    {
      "type": "Feature",
      "properties": {
        "@id": "way/220591538",
        "addr:city": "Milford",
        "addr:housenumber": "151",
        "addr:postcode": "45150",
        "addr:state": "OH",
        "addr:street": "Old Bank Road",
        "amenity": "restaurant",
        "brand": "Bob Evans",
        "brand:wikidata": "Q4932386",
        "building": "yes",
        "cuisine": "american",
        "name": "Bob Evans",
        "@geometry": "center"
      },
      "geometry": {
        "type": "Point",
        "coordinates": [
          -84.2657689,
          39.1848639
        ]
      },
      "id": "way/220591538"
    },
    {
      "type": "Feature",
      "properties": {
        "@id": "way/225084513",
        "amenity": "restaurant",
        "brand": "Bob Evans",
        "brand:wikidata": "Q4932386",
        "building": "yes",
        "cuisine": "american",
        "name": "Bob Evans",
        "@geometry": "center"
      },
      "geometry": {
        "type": "Point",
        "coordinates": [
          -83.607502,
          39.6177824
        ]
      },
      "id": "way/225084513"
    },
    {
      "type": "Feature",
      "properties": {
        "@id": "way/227556207",
        "addr:city": "Bel Air",
        "addr:housenumber": "14",
        "addr:postcode": "21015",
        "addr:state": "MD",
        "addr:street": "Bel Air South Parkway",
        "amenity": "restaurant",
        "brand": "Bob Evans",
        "brand:wikidata": "Q4932386",
        "building": "commercial",
        "check_date": "2025-11-19",
        "cuisine": "american",
        "name": "Bob Evans",
        "opening_hours": "07:00-21:00",
        "phone": "+1 410-569-7008",
        "website": "https://www.bobevans.com/locations/bel-air",
        "@geometry": "center"
      },
      "geometry": {
        "type": "Point",
        "coordinates": [
          -76.3305538,
          39.4969327
        ]
      },
      "id": "way/227556207"
    },
    {
      "type": "Feature",
      "properties": {
        "@id": "way/229129558",
        "addr:city": "Xenia",
        "addr:country": "US",
        "addr:housenumber": "1981",
        "addr:postcode": "45385",
        "addr:state": "OH",
        "addr:street": "Harner Drive",
        "amenity": "restaurant",
        "brand": "Bob Evans",
        "brand:wikidata": "Q4932386",
        "building": "commercial",
        "cuisine": "american",
        "name": "Bob Evans",
        "@geometry": "center"
      },
      "geometry": {
        "type": "Point",
        "coordinates": [
          -83.9653823,
          39.6891887
        ]
      },
      "id": "way/229129558"
    },
    {
      "type": "Feature",
      "properties": {
        "@id": "way/229130593",
        "amenity": "restaurant",
        "brand": "Bob Evans",
        "brand:wikidata": "Q4932386",
        "building": "commercial",
        "cuisine": "american",
        "name": "Bob Evans",
        "@geometry": "center"
      },
      "geometry": {
        "type": "Point",
        "coordinates": [
          -84.3312696,
          39.8573941
        ]
      },
      "id": "way/229130593"
    },
    {
      "type": "Feature",
      "properties": {
        "@id": "way/230248308",
        "addr:city": "Findlay",
        "amenity": "restaurant",
        "brand": "Bob Evans",
        "brand:wikidata": "Q4932386",
        "building": "commercial",
        "cuisine": "american",
        "name": "Bob Evans",
        "website": "https://www.bobevans.com/",
        "@geometry": "center"
      },
      "geometry": {
        "type": "Point",
        "coordinates": [
          -83.6701682,
          41.0578783
        ]
      },
      "id": "way/230248308"
    },
    {
      "type": "Feature",
      "properties": {
        "@id": "way/231272119",
        "amenity": "restaurant",
        "brand": "Bob Evans",
        "brand:wikidata": "Q4932386",
        "building": "commercial",
        "check_date": "2026-09-15",
        "cuisine": "american",
        "name": "Bob Evans",
        "@geometry": "center"
      },
      "geometry": {
        "type": "Point",
        "coordinates": [
          -83.5956141,
          41.055909
        ]
      },
      "id": "way/231272119"
    },
    {
      "type": "Feature",
      "properties": {
        "@id": "way/233915542",
        "addr:city": "York",
        "addr:housenumber": "1125",
        "addr:postcode": "17408",
        "addr:street": "Carlisle Road",
        "amenity": "restaurant",
        "brand": "Bob Evans",
        "brand:wikidata": "Q4932386",
        "building": "commercial",
        "cuisine": "american",
        "name": "Bob Evans",
        "@geometry": "center"
      },
      "geometry": {
        "type": "Point",
        "coordinates": [
          -76.7662715,
          39.9640185
        ]
      },
      "id": "way/233915542"
    },
    {
      "type": "Feature",
      "properties": {
        "@id": "way/234279342",
        "amenity": "restaurant",
        "brand": "Bob Evans",
        "brand:wikidata": "Q4932386",
        "building": "yes",
        "cuisine": "american",
        "name": "Bob Evans",
        "@geometry": "center"
      },
      "geometry": {
        "type": "Point",
        "coordinates": [
          -77.4342064,
          38.8961538
        ]
      },
      "id": "way/234279342"
    },
    {
      "type": "Feature",
      "properties": {
        "@id": "way/236479386",
        "addr:city": "Lake City",
        "addr:housenumber": "3628",
        "addr:postcode": "32055",
        "addr:state": "FL",
        "addr:street": "West US Highway 90",
        "amenity": "restaurant",
        "brand": "Bob Evans",
        "brand:wikidata": "Q4932386",
        "building": "commercial",
        "cuisine": "american",
        "name": "Bob Evans",
        "@geometry": "center"
      },
      "geometry": {
        "type": "Point",
        "coordinates": [
          -82.6918982,
          30.1789876
        ]
      },
      "id": "way/236479386"
    },
    {
      "type": "Feature",
      "properties": {
        "@id": "way/239373310",
        "addr:city": "Martinsburg",
        "addr:housenumber": "999",
        "addr:postcode": "25403",
        "addr:state": "WV",
        "addr:street": "Foxcroft Avenue",
        "amenity": "restaurant",
        "brand": "Bob Evans",
        "brand:wikidata": "Q4932386",
        "building": "commercial",
        "cuisine": "american",
        "name": "Bob Evans",
        "@geometry": "center"
      },
      "geometry": {
        "type": "Point",
        "coordinates": [
          -77.987619,
          39.4455107
        ]
      },
      "id": "way/239373310"
    },
    {
      "type": "Feature",
      "properties": {
        "@id": "way/240896580",
        "amenity": "restaurant",
        "brand": "Bob Evans",
        "brand:wikidata": "Q4932386",
        "building": "commercial",
        "cuisine": "american",
        "name": "Bob Evans",
        "@geometry": "center"
      },
      "geometry": {
        "type": "Point",
        "coordinates": [
          -76.9176032,
          38.6208004
        ]
      },
      "id": "way/240896580"
    },
    {
      "type": "Feature",
      "properties": {
        "@id": "way/243719263",
        "addr:city": "Marysville",
        "addr:housenumber": "1080",
        "addr:postcode": "43040",
        "addr:state": "OH",
        "addr:street": "Lydia Drive",
        "amenity": "restaurant",
        "brand": "Bob Evans",
        "brand:wikidata": "Q4932386",
        "building": "yes",
        "cuisine": "american",
        "name": "Bob Evans",
        "website": "https://www.bobevans.com/locations/marysville",
        "@geometry": "center"
      },
      "geometry": {
        "type": "Point",
        "coordinates": [
          -83.3486329,
          40.2387587
        ]
      },
      "id": "way/243719263"
    },
    {
      "type": "Feature",
      "properties": {
        "@id": "way/244212684",
        "amenity": "restaurant",
        "brand": "Bob Evans",
        "brand:wikidata": "Q4932386",
        "building": "commercial",
        "cuisine": "american",
        "name": "Bob Evans",
        "@geometry": "center"
      },
      "geometry": {
        "type": "Point",
        "coordinates": [
          -82.5749666,
          27.4635406
        ]
      },
      "id": "way/244212684"
    },
    {
      "type": "Feature",
      "properties": {
        "@id": "way/244480562",
        "amenity": "restaurant",
        "brand": "Bob Evans",
        "brand:wikidata": "Q4932386",
        "building": "yes",
        "cuisine": "american",
        "name": "Bob Evans",
        "@geometry": "center"
      },
      "geometry": {
        "type": "Point",
        "coordinates": [
          -84.264333,
          39.5615139
        ]
      },
      "id": "way/244480562"
    },
    {
      "type": "Feature",
      "properties": {
        "@id": "way/246483244",
        "addr:city": "Kent",
        "amenity": "restaurant",
        "brand": "Bob Evans",
        "brand:wikidata": "Q4932386",
        "building": "commercial",
        "cuisine": "american",
        "name": "Bob Evans",
        "@geometry": "center"
      },
      "geometry": {
        "type": "Point",
        "coordinates": [
          -81.35268,
          41.1330435
        ]
      },
      "id": "way/246483244"
    },
    {
      "type": "Feature",
      "properties": {
        "@id": "way/248770407",
        "addr:housenumber": "3409",
        "addr:street": "Seajay Drive",
        "amenity": "restaurant",
        "brand": "Bob Evans",
        "brand:wikidata": "Q4932386",
        "building": "commercial",
        "cuisine": "american",
        "indoor_seating": "yes",
        "name": "Bob Evans",
        "outdoor_seating": "no",
        "@geometry": "center"
      },
      "geometry": {
        "type": "Point",
        "coordinates": [
          -84.062886,
          39.7219031
        ]
      },
      "id": "way/248770407"
    },
    {
      "type": "Feature",
      "properties": {
        "@id": "way/249496491",
        "addr:housenumber": "4800",
        "addr:postcode": "44857",
        "addr:street": "U.S. 250",
        "amenity": "restaurant",
        "brand": "Bob Evans",
        "brand:wikidata": "Q4932386",
        "building": "yes",
        "cuisine": "american",
        "name": "Bob Evans",
        "@geometry": "center"
      },
      "geometry": {
        "type": "Point",
        "coordinates": [
          -82.6084398,
          41.2711048
        ]
      },
      "id": "way/249496491"
    },
    {
      "type": "Feature",
      "properties": {
        "@id": "way/252807219",
        "amenity": "restaurant",
        "brand": "Bob Evans",
        "brand:wikidata": "Q4932386",
        "building": "commercial",
        "cuisine": "american",
        "name": "Bob Evans",
        "@geometry": "center"
      },
      "geometry": {
        "type": "Point",
        "coordinates": [
          -79.9436375,
          40.3479991
        ]
      },
      "id": "way/252807219"
    },
    {
      "type": "Feature",
      "properties": {
        "@id": "way/256931087",
        "addr:city": "Chillicothe",
        "addr:housenumber": "1",
        "addr:postcode": "45601",
        "addr:street": "Consumer Center Drive",
        "amenity": "restaurant",
        "brand": "Bob Evans",
        "brand:wikidata": "Q4932386",
        "building": "commercial",
        "cuisine": "american",
        "name": "Bob Evans",
        "opening_hours": "06:00-22:00",
        "phone": "+1 740 7751033",
        "@geometry": "center"
      },
      "geometry": {
        "type": "Point",
        "coordinates": [
          -82.9773963,
          39.3463745
        ]
      },
      "id": "way/256931087"
    },
    {
      "type": "Feature",
      "properties": {
        "@id": "way/259921609",
        "addr:housenumber": "625",
        "addr:street": "Commercial Drive",
        "air_conditioning": "yes",
        "amenity": "restaurant",
        "bar": "no",
        "brand": "Bob Evans",
        "brand:wikidata": "Q4932386",
        "brewery": "no",
        "building": "commercial",
        "building:levels": "1",
        "changing_table": "yes",
        "check_date": "2025-06-08",
        "cuisine": "american",
        "highchair": "yes",
        "internet_access": "wlan",
        "internet_access:fee": "no",
        "name": "Bob Evans",
        "opening_hours": "07:00-21:00",
        "outdoor_seating": "no",
        "payment:cash": "yes",
        "payment:contactless": "yes",
        "payment:credit_cards": "yes",
        "payment:discover_card": "yes",
        "payment:mastercard": "yes",
        "payment:visa": "yes",
        "phone": "+1 517-622-8832",
        "ref": "412",
        "roof:levels": "0",
        "smoking": "no",
        "takeaway": "yes",
        "toilets": "yes",
        "toilets:access": "customers",
        "website": "https://www.bobevans.com/locations/lansing-2",
        "@geometry": "center"
      },
      "geometry": {
        "type": "Point",
        "coordinates": [
          -84.6737973,
          42.7405089
        ]
      },
      "id": "way/259921609"
    },
    {
      "type": "Feature",
      "properties": {
        "@id": "way/261322772",
        "amenity": "restaurant",
        "brand": "Bob Evans",
        "brand:wikidata": "Q4932386",
        "building": "commercial",
        "cuisine": "american",
        "name": "Bob Evans",
        "@geometry": "center"
      },
      "geometry": {
        "type": "Point",
        "coordinates": [
          -85.5888573,
          42.2348106
        ]
      },
      "id": "way/261322772"
    },
    {
      "type": "Feature",
      "properties": {
        "@id": "way/262398589",
        "amenity": "restaurant",
        "brand": "Bob Evans",
        "brand:wikidata": "Q4932386",
        "building": "commercial",
        "cuisine": "american",
        "name": "Bob Evans",
        "@geometry": "center"
      },
      "geometry": {
        "type": "Point",
        "coordinates": [
          -83.3981207,
          41.9541951
        ]
      },
      "id": "way/262398589"
    },
    {
      "type": "Feature",
      "properties": {
        "@id": "way/267070560",
        "addr:city": "Grand Rapids",
        "addr:housenumber": "5190",
        "addr:postcode": "49512",
        "addr:state": "MI",
        "addr:street": "28th Street Southeast",
        "amenity": "restaurant",
        "brand": "Bob Evans",
        "brand:wikidata": "Q4932386",
        "building": "commercial",
        "cuisine": "american",
        "name": "Bob Evans",
        "opening_hours": "Su 07:00-21:00; Mo-Sa 06:00-21:00",
        "toilets:wheelchair": "yes",
        "wheelchair": "yes",
        "@geometry": "center"
      },
      "geometry": {
        "type": "Point",
        "coordinates": [
          -85.5406585,
          42.9121011
        ]
      },
      "id": "way/267070560"
    },
    {
      "type": "Feature",
      "properties": {
        "@id": "way/282534011",
        "addr:city": "Bloomington",
        "addr:housenumber": "3233",
        "addr:postcode": "47401",
        "addr:state": "IN",
        "addr:street": "Whitehall Pike",
        "amenity": "restaurant",
        "brand": "Bob Evans",
        "brand:wikidata": "Q4932386",
        "building": "commercial",
        "cuisine": "american",
        "name": "Bob Evans",
        "phone": "+1-812-334-2515",
        "website": "https://www.bobevans.com/",
        "@geometry": "center"
      },
      "geometry": {
        "type": "Point",
        "coordinates": [
          -86.575769,
          39.1640355
        ]
      },
      "id": "way/282534011"
    },
    {
      "type": "Feature",
      "properties": {
        "@id": "way/282983766",
        "addr:city": "Branson",
        "addr:housenumber": "801",
        "addr:postcode": "65616",
        "addr:street": "West Main Street",
        "amenity": "restaurant",
        "brand": "Bob Evans",
        "brand:wikidata": "Q4932386",
        "building": "commercial",
        "cuisine": "american",
        "name": "Bob Evans",
        "phone": "+1-417-336-2023",
        "smoking": "separated",
        "website": "https://www.bobevans.com/",
        "@geometry": "center"
      },
      "geometry": {
        "type": "Point",
        "coordinates": [
          -93.2281818,
          36.6449062
        ]
      },
      "id": "way/282983766"
    },
    {
      "type": "Feature",
      "properties": {
        "@id": "way/283295917",
        "addr:city": "Lafayette",
        "addr:country": "US",
        "addr:housenumber": "4300",
        "addr:postcode": "47905",
        "addr:state": "IN",
        "addr:street": "South Street",
        "amenity": "restaurant",
        "brand": "Bob Evans",
        "brand:wikidata": "Q4932386",
        "building": "yes",
        "cuisine": "american",
        "name": "Bob Evans",
        "@geometry": "center"
      },
      "geometry": {
        "type": "Point",
        "coordinates": [
          -86.8238784,
          40.4181733
        ]
      },
      "id": "way/283295917"
    },
    {
      "type": "Feature",
      "properties": {
        "@id": "way/287204090",
        "addr:city": "Alliance",
        "addr:housenumber": "2501",
        "addr:postcode": "44601",
        "addr:street": "West State Street",
        "amenity": "restaurant",
        "brand": "Bob Evans",
        "brand:wikidata": "Q4932386",
        "building": "commercial",
        "cuisine": "american",
        "name": "Bob Evans",
        "opening_hours": "06:00-22:00",
        "@geometry": "center"
      },
      "geometry": {
        "type": "Point",
        "coordinates": [
          -81.1550477,
          40.9024361
        ]
      },
      "id": "way/287204090"
    },
    {
      "type": "Feature",
      "properties": {
        "@id": "way/287671175",
        "amenity": "restaurant",
        "brand": "Bob Evans",
        "brand:wikidata": "Q4932386",
        "building": "commercial",
        "cuisine": "american",
        "name": "Bob Evans",
        "@geometry": "center"
      },
      "geometry": {
        "type": "Point",
        "coordinates": [
          -81.941723,
          26.6068864
        ]
      },
      "id": "way/287671175"
    },
    {
      "type": "Feature",
      "properties": {
        "@id": "way/288254422",
        "addr:city": "Athens",
        "addr:housenumber": "357",
        "addr:postcode": "45701",
        "addr:state": "OH",
        "addr:street": "East State Street",
        "amenity": "restaurant",
        "brand": "Bob Evans",
        "brand:wikidata": "Q4932386",
        "building": "commercial",
        "cuisine": "american",
        "name": "Bob Evans",
        "@geometry": "center"
      },
      "geometry": {
        "type": "Point",
        "coordinates": [
          -82.0831238,
          39.3369354
        ]
      },
      "id": "way/288254422"
    },
    {
      "type": "Feature",
      "properties": {
        "@id": "way/291704074",
        "addr:city": "Logan",
        "addr:country": "US",
        "addr:postcode": "43138",
        "addr:state": "OH",
        "amenity": "restaurant",
        "brand": "Bob Evans",
        "brand:wikidata": "Q4932386",
        "building": "yes",
        "cuisine": "american",
        "name": "Bob Evans",
        "opening_hours": "Mo-Su 07:00-21:00",
        "@geometry": "center"
      },
      "geometry": {
        "type": "Point",
        "coordinates": [
          -82.4400553,
          39.5397107
        ]
      },
      "id": "way/291704074"
    },
    {
      "type": "Feature",
      "properties": {
        "@id": "way/297186976",
        "amenity": "restaurant",
        "brand": "Bob Evans",
        "brand:wikidata": "Q4932386",
        "building": "commercial",
        "cuisine": "american",
        "name": "Bob Evans",
        "@geometry": "center"
      },
      "geometry": {
        "type": "Point",
        "coordinates": [
          -82.6719449,
          41.415228
        ]
      },
      "id": "way/297186976"
    },
    {
      "type": "Feature",
      "properties": {
        "@id": "way/303344380",
        "addr:housenumber": "8051",
        "addr:postcode": "21122",
        "addr:street": "Ritchie Highway",
        "amenity": "restaurant",
        "brand": "Bob Evans",
        "brand:wikidata": "Q4932386",
        "building": "commercial",
        "cuisine": "american",
        "name": "Bob Evans",
        "@geometry": "center"
      },
      "geometry": {
        "type": "Point",
        "coordinates": [
          -76.5911294,
          39.1285663
        ]
      },
      "id": "way/303344380"
    },
    {
      "type": "Feature",
      "properties": {
        "@id": "way/307400575",
        "amenity": "restaurant",
        "brand": "Bob Evans",
        "brand:wikidata": "Q4932386",
        "building": "commercial",
        "cuisine": "american",
        "name": "Bob Evans",
        "@geometry": "center"
      },
      "geometry": {
        "type": "Point",
        "coordinates": [
          -81.6459844,
          41.1351177
        ]
      },
      "id": "way/307400575"
    },
    {
      "type": "Feature",
      "properties": {
        "@id": "way/308030624",
        "amenity": "restaurant",
        "brand": "Bob Evans",
        "brand:wikidata": "Q4932386",
        "building": "commercial",
        "cuisine": "american",
        "name": "Bob Evans",
        "@geometry": "center"
      },
      "geometry": {
        "type": "Point",
        "coordinates": [
          -81.9675039,
          28.0816966
        ]
      },
      "id": "way/308030624"
    },
    {
      "type": "Feature",
      "properties": {
        "@id": "way/308558324",
        "amenity": "restaurant",
        "brand": "Bob Evans",
        "brand:wikidata": "Q4932386",
        "building": "commercial",
        "cuisine": "american",
        "name": "Bob Evans",
        "@geometry": "center"
      },
      "geometry": {
        "type": "Point",
        "coordinates": [
          -81.222475,
          41.5887077
        ]
      },
      "id": "way/308558324"
    },
    {
      "type": "Feature",
      "properties": {
        "@id": "way/309026251",
        "amenity": "restaurant",
        "brand": "Bob Evans",
        "brand:wikidata": "Q4932386",
        "building": "commercial",
        "cuisine": "american",
        "name": "Bob Evans",
        "@geometry": "center"
      },
      "geometry": {
        "type": "Point",
        "coordinates": [
          -81.64907,
          28.2299554
        ]
      },
      "id": "way/309026251"
    },
    {
      "type": "Feature",
      "properties": {
        "@id": "way/311065863",
        "addr:city": "Kissimmee",
        "addr:housenumber": "7411",
        "addr:postcode": "34747",
        "addr:state": "FL",
        "addr:street": "West Irlo Bronson Memorial Highway",
        "amenity": "restaurant",
        "brand": "Bob Evans",
        "brand:wikidata": "Q4932386",
        "building": "commercial",
        "cuisine": "american",
        "name": "Bob Evans",
        "@geometry": "center"
      },
      "geometry": {
        "type": "Point",
        "coordinates": [
          -81.5828331,
          28.3332864
        ]
      },
      "id": "way/311065863"
    },
    {
      "type": "Feature",
      "properties": {
        "@id": "way/311445962",
        "addr:city": "Midland",
        "addr:housenumber": "7000",
        "addr:postcode": "48642",
        "addr:state": "MI",
        "addr:street": "Eastman Avenue",
        "amenity": "restaurant",
        "brand": "Bob Evans",
        "brand:wikidata": "Q4932386",
        "building": "commercial",
        "cuisine": "american",
        "name": "Bob Evans",
        "opening_hours": "06:00-22:00",
        "phone": "+1 989 839 8351",
        "@geometry": "center"
      },
      "geometry": {
        "type": "Point",
        "coordinates": [
          -84.2465365,
          43.6616231
        ]
      },
      "id": "way/311445962"
    },
    {
      "type": "Feature",
      "properties": {
        "@id": "way/312412127",
        "amenity": "restaurant",
        "brand": "Bob Evans",
        "brand:wikidata": "Q4932386",
        "building": "commercial",
        "cuisine": "american",
        "name": "Bob Evans",
        "@geometry": "center"
      },
      "geometry": {
        "type": "Point",
        "coordinates": [
          -81.730805,
          28.5263254
        ]
      },
      "id": "way/312412127"
    },
    {
      "type": "Feature",
      "properties": {
        "@id": "way/312537641",
        "amenity": "restaurant",
        "brand": "Bob Evans",
        "brand:wikidata": "Q4932386",
        "building": "commercial",
        "cuisine": "american",
        "name": "Bob Evans",
        "@geometry": "center"
      },
      "geometry": {
        "type": "Point",
        "coordinates": [
          -81.4438756,
          40.4793374
        ]
      },
      "id": "way/312537641"
    },
    {
      "type": "Feature",
      "properties": {
        "@id": "way/312832566",
        "addr:city": "Holland",
        "addr:housenumber": "594",
        "addr:postcode": "49423",
        "addr:state": "MI",
        "addr:street": "East 24th Street",
        "amenity": "restaurant",
        "branch": "Holland MI",
        "brand": "Bob Evans",
        "brand:wikidata": "Q4932386",
        "building": "commercial",
        "cuisine": "american",
        "name": "Bob Evans",
        "phone": "+1-616-392-9096",
        "website": "https://www.bobevans.com/locations/holland",
        "wheelchair": "yes",
        "@geometry": "center"
      },
      "geometry": {
        "type": "Point",
        "coordinates": [
          -86.0817845,
          42.77546
        ]
      },
      "id": "way/312832566"
    },
    {
      "type": "Feature",
      "properties": {
        "@id": "way/316241198",
        "addr:city": "Aberdeen",
        "addr:housenumber": "1024",
        "addr:postcode": "21001",
        "addr:state": "MD",
        "addr:street": "Beards Hill Road",
        "amenity": "restaurant",
        "brand": "Bob Evans",
        "brand:wikidata": "Q4932386",
        "building": "commercial",
        "check_date": "2024-03-31",
        "cuisine": "american",
        "name": "Bob Evans",
        "opening_hours": "07:00-21:00",
        "phone": "+1-410-272-9046",
        "website": "https://www.bobevans.com/locations/aberdeen",
        "@geometry": "center"
      },
      "geometry": {
        "type": "Point",
        "coordinates": [
          -76.1800027,
          39.52206
        ]
      },
      "id": "way/316241198"
    },
    {
      "type": "Feature",
      "properties": {
        "@id": "way/316571377",
        "addr:city": "Prince Frederick",
        "addr:housenumber": "60",
        "addr:postcode": "20678",
        "addr:state": "MD",
        "addr:street": "Commerce Lane",
        "air_conditioning": "yes",
        "amenity": "restaurant",
        "bar": "no",
        "brand": "Bob Evans",
        "brand:wikidata": "Q4932386",
        "building": "commercial",
        "building:levels": "1",
        "building:material": "brick",
        "check_date": "2026-02-14",
        "cuisine": "american",
        "delivery": "yes",
        "highchair": "yes",
        "internet_access": "wlan",
        "internet_access:fee": "no",
        "internet_access:ssid": "BobEvansPublic",
        "microbrewery": "no",
        "name": "Bob Evans",
        "opening_hours": "07:00-21:00",
        "outdoor_seating": "no",
        "payment:mastercard": "yes",
        "payment:visa": "yes",
        "phone": "+1 410 414 3265",
        "reservation": "no",
        "roof:levels": "1",
        "roof:shape": "flat",
        "smoking": "no",
        "takeaway": "only",
        "website": "https://www.bobevans.com/locations/prince-frederick",
        "wheelchair": "yes",
        "@geometry": "center"
      },
      "geometry": {
        "type": "Point",
        "coordinates": [
          -76.5880555,
          38.542483
        ]
      },
      "id": "way/316571377"
    },
    {
      "type": "Feature",
      "properties": {
        "@id": "way/321032682",
        "addr:city": "Niagara Falls",
        "addr:housenumber": "6543",
        "addr:postcode": "14304",
        "addr:state": "NY",
        "addr:street": "Niagara Falls Boulevard",
        "amenity": "restaurant",
        "brand": "Bob Evans",
        "brand:wikidata": "Q4932386",
        "building": "commercial",
        "cuisine": "american",
        "name": "Bob Evans",
        "nysgissam:nysaddresspointid": "NIAG086791",
        "@geometry": "center"
      },
      "geometry": {
        "type": "Point",
        "coordinates": [
          -78.9889208,
          43.0890541
        ]
      },
      "id": "way/321032682"
    },
    {
      "type": "Feature",
      "properties": {
        "@id": "way/322381948",
        "amenity": "restaurant",
        "brand": "Bob Evans",
        "brand:wikidata": "Q4932386",
        "building": "commercial",
        "cuisine": "american",
        "name": "Bob Evans",
        "@geometry": "center"
      },
      "geometry": {
        "type": "Point",
        "coordinates": [
          -83.3343973,
          42.3842836
        ]
      },
      "id": "way/322381948"
    },
    {
      "type": "Feature",
      "properties": {
        "@id": "way/329465982",
        "amenity": "restaurant",
        "brand": "Bob Evans",
        "brand:wikidata": "Q4932386",
        "building": "commercial",
        "cuisine": "american",
        "name": "Bob Evans",
        "@geometry": "center"
      },
      "geometry": {
        "type": "Point",
        "coordinates": [
          -81.8140228,
          41.4038127
        ]
      },
      "id": "way/329465982"
    },
    {
      "type": "Feature",
      "properties": {
        "@id": "way/329465983",
        "amenity": "restaurant",
        "brand": "Bob Evans",
        "brand:wikidata": "Q4932386",
        "building": "yes",
        "cuisine": "american",
        "name": "Bob Evans",
        "@geometry": "center"
      },
      "geometry": {
        "type": "Point",
        "coordinates": [
          -81.8193842,
          41.3709982
        ]
      },
      "id": "way/329465983"
    },
    {
      "type": "Feature",
      "properties": {
        "@id": "way/336681653",
        "addr:city": "Louisville",
        "addr:housenumber": "10761",
        "addr:postcode": "40241",
        "addr:state": "KY",
        "addr:street": "Fischer Park Drive",
        "amenity": "restaurant",
        "brand": "Bob Evans",
        "brand:wikidata": "Q4932386",
        "building": "commercial",
        "cuisine": "american",
        "lojic:bgnum": "17834",
        "name": "Bob Evans",
        "@geometry": "center"
      },
      "geometry": {
        "type": "Point",
        "coordinates": [
          -85.5518687,
          38.2973301
        ]
      },
      "id": "way/336681653"
    },
    {
      "type": "Feature",
      "properties": {
        "@id": "way/337175935",
        "addr:city": "Traverse City",
        "addr:housenumber": "1964",
        "addr:postcode": "49686",
        "addr:state": "MI",
        "addr:street": "US-31 North",
        "amenity": "restaurant",
        "brand": "Bob Evans",
        "brand:wikidata": "Q4932386",
        "building": "commercial",
        "cuisine": "american",
        "name": "Bob Evans",
        "@geometry": "center"
      },
      "geometry": {
        "type": "Point",
        "coordinates": [
          -85.5372437,
          44.7453094
        ]
      },
      "id": "way/337175935"
    },
    {
      "type": "Feature",
      "properties": {
        "@id": "way/337444882",
        "addr:city": "Louisville",
        "addr:housenumber": "11800",
        "addr:postcode": "40229",
        "addr:state": "KY",
        "addr:street": "Standiford Plaza Drive",
        "amenity": "restaurant",
        "brand": "Bob Evans",
        "brand:wikidata": "Q4932386",
        "building": "commercial",
        "cuisine": "american",
        "lojic:bgnum": "62950",
        "name": "Bob Evans",
        "@geometry": "center"
      },
      "geometry": {
        "type": "Point",
        "coordinates": [
          -85.6679224,
          38.0921642
        ]
      },
      "id": "way/337444882"
    },
    {
      "type": "Feature",
      "properties": {
        "@id": "way/338355254",
        "amenity": "restaurant",
        "brand": "Bob Evans",
        "brand:wikidata": "Q4932386",
        "building": "commercial",
        "cuisine": "american",
        "diet:vegan": "no",
        "diet:vegetarian": "yes",
        "name": "Bob Evans",
        "@geometry": "center"
      },
      "geometry": {
        "type": "Point",
        "coordinates": [
          -82.4488201,
          38.421437
        ]
      },
      "id": "way/338355254"
    },
    {
      "type": "Feature",
      "properties": {
        "@id": "way/342389752",
        "amenity": "restaurant",
        "brand": "Bob Evans",
        "brand:wikidata": "Q4932386",
        "building": "commercial",
        "cuisine": "american",
        "name": "Bob Evans",
        "@geometry": "center"
      },
      "geometry": {
        "type": "Point",
        "coordinates": [
          -83.6376543,
          41.528463
        ]
      },
      "id": "way/342389752"
    },
    {
      "type": "Feature",
      "properties": {
        "@id": "way/343475147",
        "addr:city": "Hurstbourne",
        "addr:housenumber": "9797",
        "addr:postcode": "40222",
        "addr:state": "KY",
        "addr:street": "Blairwood Road",
        "amenity": "restaurant",
        "brand": "Bob Evans",
        "brand:wikidata": "Q4932386",
        "building": "yes",
        "cuisine": "american",
        "lojic:bgnum": "17848",
        "name": "Bob Evans",
        "@geometry": "center"
      },
      "geometry": {
        "type": "Point",
        "coordinates": [
          -85.5793272,
          38.2259347
        ]
      },
      "id": "way/343475147"
    },
    {
      "type": "Feature",
      "properties": {
        "@id": "way/343922582",
        "addr:city": "Pittsburgh",
        "addr:housenumber": "7412",
        "addr:postcode": "15237",
        "addr:state": "PA",
        "addr:street": "McKnight Road",
        "amenity": "restaurant",
        "brand": "Bob Evans",
        "brand:wikidata": "Q4932386",
        "building": "commercial",
        "building:levels": "1",
        "check_date": "2025-07-24",
        "cuisine": "american",
        "delivery": "yes",
        "name": "Bob Evans",
        "opening_hours": "07:00-21:00",
        "phone": "+1 412-364-2633",
        "takeaway": "yes",
        "website": "https://www.bobevans.com/locations/mcknight-road",
        "@geometry": "center"
      },
      "geometry": {
        "type": "Point",
        "coordinates": [
          -80.0120805,
          40.5417669
        ]
      },
      "id": "way/343922582"
    },
    {
      "type": "Feature",
      "properties": {
        "@id": "way/343974470",
        "amenity": "restaurant",
        "brand": "Bob Evans",
        "brand:wikidata": "Q4932386",
        "building": "commercial",
        "cuisine": "american",
        "name": "Bob Evans",
        "@geometry": "center"
      },
      "geometry": {
        "type": "Point",
        "coordinates": [
          -81.1842884,
          37.8101302
        ]
      },
      "id": "way/343974470"
    },
    {
      "type": "Feature",
      "properties": {
        "@id": "way/345570883",
        "amenity": "restaurant",
        "brand": "Bob Evans",
        "brand:wikidata": "Q4932386",
        "building": "commercial",
        "cuisine": "american",
        "name": "Bob Evans",
        "@geometry": "center"
      },
      "geometry": {
        "type": "Point",
        "coordinates": [
          -79.7164561,
          41.350553
        ]
      },
      "id": "way/345570883"
    },
    {
      "type": "Feature",
      "properties": {
        "@id": "way/347948321",
        "amenity": "restaurant",
        "brand": "Bob Evans",
        "brand:wikidata": "Q4932386",
        "building": "yes",
        "cuisine": "american",
        "name": "Bob Evans",
        "@geometry": "center"
      },
      "geometry": {
        "type": "Point",
        "coordinates": [
          -81.6498415,
          41.3954908
        ]
      },
      "id": "way/347948321"
    },
    {
      "type": "Feature",
      "properties": {
        "@id": "way/349580775",
        "addr:city": "Johnson City",
        "addr:country": "US",
        "addr:housenumber": "2801",
        "addr:postcode": "37615",
        "addr:state": "TN",
        "addr:street": "Boones Creek Road",
        "amenity": "restaurant",
        "brand": "Bob Evans",
        "brand:wikidata": "Q4932386",
        "building": "commercial",
        "cuisine": "american",
        "name": "Bob Evans",
        "opening_hours": "07:00-21:00",
        "phone": "+1-423-282-0162",
        "@geometry": "center"
      },
      "geometry": {
        "type": "Point",
        "coordinates": [
          -82.425446,
          36.3802729
        ]
      },
      "id": "way/349580775"
    },
    {
      "type": "Feature",
      "properties": {
        "@id": "way/349638317",
        "addr:state": "IL",
        "amenity": "restaurant",
        "brand": "Bob Evans",
        "brand:wikidata": "Q4932386",
        "building": "commercial",
        "contact:phone": "+1 618 997-9436",
        "cuisine": "american",
        "name": "Bob Evans",
        "official_name": "Applebee's Neighborhood Grill & Bar",
        "@geometry": "center"
      },
      "geometry": {
        "type": "Point",
        "coordinates": [
          -88.9676307,
          37.7430837
        ]
      },
      "id": "way/349638317"
    },
    {
      "type": "Feature",
      "properties": {
        "@id": "way/349903418",
        "addr:city": "Hurricane",
        "addr:postcode": "25526",
        "addr:state": "WV",
        "amenity": "restaurant",
        "brand": "Bob Evans",
        "brand:wikidata": "Q4932386",
        "building": "commercial",
        "cuisine": "american",
        "name": "Bob Evans",
        "@geometry": "center"
      },
      "geometry": {
        "type": "Point",
        "coordinates": [
          -81.9341548,
          38.4570549
        ]
      },
      "id": "way/349903418"
    },
    {
      "type": "Feature",
      "properties": {
        "@id": "way/350692656",
        "amenity": "restaurant",
        "brand": "Bob Evans",
        "brand:wikidata": "Q4932386",
        "building": "commercial",
        "cuisine": "american",
        "name": "Bob Evans",
        "@geometry": "center"
      },
      "geometry": {
        "type": "Point",
        "coordinates": [
          -75.5526504,
          39.1971305
        ]
      },
      "id": "way/350692656"
    },
    {
      "type": "Feature",
      "properties": {
        "@id": "way/351535794",
        "addr:city": "Oaks",
        "addr:housenumber": "100",
        "addr:postcode": "19460",
        "addr:state": "PA",
        "addr:street": "Cresson Boulevard",
        "addr:unit": "2",
        "amenity": "restaurant",
        "brand": "Bob Evans",
        "brand:wikidata": "Q4932386",
        "building": "commercial",
        "check_date": "2023-12-20",
        "cuisine": "american",
        "name": "Bob Evans",
        "opening_hours": "Mo off; Tu-Sa 07:00-21:00; Su 08:00-19:00",
        "phone": "+1 610-650-0935",
        "website": "https://www.bobevans.com/locations/oaks",
        "@geometry": "center"
      },
      "geometry": {
        "type": "Point",
        "coordinates": [
          -75.4502235,
          40.1331072
        ]
      },
      "id": "way/351535794"
    },
    {
      "type": "Feature",
      "properties": {
        "@id": "way/353012972",
        "addr:city": "Evansville",
        "addr:housenumber": "1125",
        "addr:postcode": "47715",
        "addr:state": "IN",
        "addr:street": "North Green River Road",
        "amenity": "restaurant",
        "brand": "Bob Evans",
        "brand:wikidata": "Q4932386",
        "building": "yes",
        "cuisine": "american",
        "name": "Bob Evans",
        "@geometry": "center"
      },
      "geometry": {
        "type": "Point",
        "coordinates": [
          -87.4920211,
          37.9871774
        ]
      },
      "id": "way/353012972"
    },
    {
      "type": "Feature",
      "properties": {
        "@id": "way/354844638",
        "addr:city": "Grand Rapids",
        "addr:housenumber": "6565",
        "addr:postcode": "49508",
        "addr:state": "MI",
        "addr:street": "Kalamazoo Avenue Southeast",
        "amenity": "restaurant",
        "brand": "Bob Evans",
        "brand:wikidata": "Q4932386",
        "building": "commercial",
        "cuisine": "american",
        "name": "Bob Evans",
        "toilets:wheelchair": "yes",
        "wheelchair": "yes",
        "@geometry": "center"
      },
      "geometry": {
        "type": "Point",
        "coordinates": [
          -85.625621,
          42.8451792
        ]
      },
      "id": "way/354844638"
    },
    {
      "type": "Feature",
      "properties": {
        "@id": "way/355557548",
        "amenity": "restaurant",
        "brand": "Bob Evans",
        "brand:wikidata": "Q4932386",
        "building": "commercial",
        "cuisine": "american",
        "name": "Bob Evans",
        "@geometry": "center"
      },
      "geometry": {
        "type": "Point",
        "coordinates": [
          -81.4903429,
          40.5243968
        ]
      },
      "id": "way/355557548"
    },
    {
      "type": "Feature",
      "properties": {
        "@id": "way/356848941",
        "addr:city": "Brownsburg",
        "addr:housenumber": "1076",
        "addr:postcode": "46112",
        "addr:state": "IN",
        "addr:street": "N Green Street",
        "amenity": "restaurant",
        "brand": "Bob Evans",
        "brand:wikidata": "Q4932386",
        "building": "commercial",
        "cuisine": "american",
        "name": "Bob Evans",
        "@geometry": "center"
      },
      "geometry": {
        "type": "Point",
        "coordinates": [
          -86.3934136,
          39.8580672
        ]
      },
      "id": "way/356848941"
    },
    {
      "type": "Feature",
      "properties": {
        "@id": "way/359914646",
        "amenity": "restaurant",
        "brand": "Bob Evans",
        "brand:wikidata": "Q4932386",
        "building": "retail",
        "cuisine": "american",
        "name": "Bob Evans",
        "source": "Bing",
        "@geometry": "center"
      },
      "geometry": {
        "type": "Point",
        "coordinates": [
          -82.9743682,
          40.8236293
        ]
      },
      "id": "way/359914646"
    },
    {
      "type": "Feature",
      "properties": {
        "@id": "way/360174450",
        "amenity": "restaurant",
        "brand": "Bob Evans",
        "brand:wikidata": "Q4932386",
        "building": "yes",
        "cuisine": "american",
        "name": "Bob Evans",
        "@geometry": "center"
      },
      "geometry": {
        "type": "Point",
        "coordinates": [
          -86.2027625,
          43.1536843
        ]
      },
      "id": "way/360174450"
    },
    {
      "type": "Feature",
      "properties": {
        "@id": "way/366328190",
        "addr:city": "Lancaster",
        "addr:housenumber": "3000",
        "addr:postcode": "17601",
        "addr:state": "PA",
        "addr:street": "Hempland Road",
        "amenity": "restaurant",
        "brand": "Bob Evans",
        "brand:wikidata": "Q4932386",
        "building": "commercial",
        "check_date": "2025-11-07",
        "cuisine": "american",
        "delivery": "yes",
        "name": "Bob Evans",
        "opening_hours": "07:00-21:00",
        "phone": "+1 717-290-7522",
        "source:geometry": "Bing 2012",
        "takeaway": "yes",
        "website": "https://www.bobevans.com/locations/lancaster-2",
        "@geometry": "center"
      },
      "geometry": {
        "type": "Point",
        "coordinates": [
          -76.3960333,
          40.0504241
        ]
      },
      "id": "way/366328190"
    },
    {
      "type": "Feature",
      "properties": {
        "@id": "way/368780386",
        "addr:city": "Wapakoneta",
        "addr:housenumber": "1550",
        "addr:postcode": "45895",
        "addr:state": "OH",
        "addr:street": "Saturn Drive",
        "amenity": "restaurant",
        "brand": "Bob Evans",
        "brand:wikidata": "Q4932386",
        "building": "commercial",
        "cuisine": "american",
        "name": "Bob Evans",
        "@geometry": "center"
      },
      "geometry": {
        "type": "Point",
        "coordinates": [
          -84.1712754,
          40.56225
        ]
      },
      "id": "way/368780386"
    },
    {
      "type": "Feature",
      "properties": {
        "@id": "way/372481412",
        "amenity": "restaurant",
        "brand": "Bob Evans",
        "brand:wikidata": "Q4932386",
        "building": "commercial",
        "cuisine": "american",
        "name": "Bob Evans",
        "@geometry": "center"
      },
      "geometry": {
        "type": "Point",
        "coordinates": [
          -84.3718669,
          39.2030565
        ]
      },
      "id": "way/372481412"
    },
    {
      "type": "Feature",
      "properties": {
        "@id": "way/378789433",
        "addr:city": "Hummelstown",
        "addr:housenumber": "650",
        "addr:postcode": "17036",
        "addr:state": "PA",
        "addr:street": "Walton Avenue",
        "amenity": "restaurant",
        "brand": "Bob Evans",
        "brand:wikidata": "Q4932386",
        "building": "retail",
        "check_date": "2023-07-12",
        "cuisine": "american",
        "name": "Bob Evans",
        "opening_hours": "07:00-21:00",
        "phone": "+1 717-566-1545",
        "website": "https://www.bobevans.com/locations/hummelstown",
        "@geometry": "center"
      },
      "geometry": {
        "type": "Point",
        "coordinates": [
          -76.6904785,
          40.2699078
        ]
      },
      "id": "way/378789433"
    },
    {
      "type": "Feature",
      "properties": {
        "@id": "way/379491986",
        "amenity": "restaurant",
        "brand": "Bob Evans",
        "brand:wikidata": "Q4932386",
        "building": "commercial",
        "cuisine": "american",
        "name": "Bob Evans",
        "@geometry": "center"
      },
      "geometry": {
        "type": "Point",
        "coordinates": [
          -77.6923672,
          39.614801
        ]
      },
      "id": "way/379491986"
    },
    {
      "type": "Feature",
      "properties": {
        "@id": "way/379684100",
        "amenity": "restaurant",
        "brand": "Bob Evans",
        "brand:wikidata": "Q4932386",
        "building": "commercial",
        "cuisine": "american",
        "name": "Bob Evans",
        "@geometry": "center"
      },
      "geometry": {
        "type": "Point",
        "coordinates": [
          -81.717439,
          38.3584972
        ]
      },
      "id": "way/379684100"
    },
    {
      "type": "Feature",
      "properties": {
        "@id": "way/382738241",
        "addr:city": "Mount Dora",
        "addr:housenumber": "18935",
        "addr:postcode": "32757",
        "addr:state": "FL",
        "addr:street": "US 441",
        "amenity": "restaurant",
        "brand": "Bob Evans",
        "brand:wikidata": "Q4932386",
        "building": "commercial",
        "cuisine": "american",
        "name": "Bob Evans",
        "@geometry": "center"
      },
      "geometry": {
        "type": "Point",
        "coordinates": [
          -81.6413938,
          28.8247103
        ]
      },
      "id": "way/382738241"
    },
    {
      "type": "Feature",
      "properties": {
        "@id": "way/386295317",
        "amenity": "restaurant",
        "brand": "Bob Evans",
        "brand:wikidata": "Q4932386",
        "building": "yes",
        "cuisine": "american",
        "name": "Bob Evans",
        "@geometry": "center"
      },
      "geometry": {
        "type": "Point",
        "coordinates": [
          -79.8406831,
          40.5383507
        ]
      },
      "id": "way/386295317"
    },
    {
      "type": "Feature",
      "properties": {
        "@id": "way/388196910",
        "amenity": "restaurant",
        "brand": "Bob Evans",
        "brand:wikidata": "Q4932386",
        "building": "yes",
        "cuisine": "american",
        "name": "Bob Evans",
        "roof:shape": "flat",
        "@geometry": "center"
      },
      "geometry": {
        "type": "Point",
        "coordinates": [
          -84.1484765,
          42.997364
        ]
      },
      "id": "way/388196910"
    },
    {
      "type": "Feature",
      "properties": {
        "@id": "way/389458541",
        "amenity": "restaurant",
        "brand": "Bob Evans",
        "brand:wikidata": "Q4932386",
        "building": "commercial",
        "cuisine": "american",
        "name": "Bob Evans",
        "@geometry": "center"
      },
      "geometry": {
        "type": "Point",
        "coordinates": [
          -83.7770665,
          43.2488688
        ]
      },
      "id": "way/389458541"
    },
    {
      "type": "Feature",
      "properties": {
        "@id": "way/390171149",
        "amenity": "restaurant",
        "brand": "Bob Evans",
        "brand:wikidata": "Q4932386",
        "building": "commercial",
        "cuisine": "american",
        "name": "Bob Evans",
        "@geometry": "center"
      },
      "geometry": {
        "type": "Point",
        "coordinates": [
          -81.5262958,
          40.7952791
        ]
      },
      "id": "way/390171149"
    },
    {
      "type": "Feature",
      "properties": {
        "@id": "way/390929235",
        "addr:city": "Nicholasville",
        "addr:housenumber": "121",
        "addr:postcode": "40356-8063",
        "addr:state": "KY",
        "addr:street": "Marlene Drive",
        "amenity": "restaurant",
        "brand": "Bob Evans",
        "brand:wikidata": "Q4932386",
        "building": "yes",
        "cuisine": "american",
        "delivery": "yes",
        "name": "Bob Evans",
        "opening_hours": "07:00-21:00",
        "phone": "+1 859-245-1126",
        "takeaway": "yes",
        "website": "https://www.bobevans.com/locations/nicholasville",
        "@geometry": "center"
      },
      "geometry": {
        "type": "Point",
        "coordinates": [
          -84.5382973,
          37.9553806
        ]
      },
      "id": "way/390929235"
    },
    {
      "type": "Feature",
      "properties": {
        "@id": "way/391127549",
        "amenity": "restaurant",
        "brand": "Bob Evans",
        "brand:wikidata": "Q4932386",
        "building": "commercial",
        "cuisine": "american",
        "name": "Bob Evans",
        "@geometry": "center"
      },
      "geometry": {
        "type": "Point",
        "coordinates": [
          -81.7294658,
          38.8210363
        ]
      },
      "id": "way/391127549"
    },
    {
      "type": "Feature",
      "properties": {
        "@id": "way/398617992",
        "addr:city": "Parkersburg",
        "addr:housenumber": "2896",
        "addr:postcode": "26101",
        "addr:state": "WV",
        "addr:street": "Pike Street",
        "amenity": "restaurant",
        "brand": "Bob Evans",
        "brand:wikidata": "Q4932386",
        "building": "commercial",
        "cuisine": "american",
        "name": "Bob Evans",
        "phone": "+1-304-489-2171",
        "@geometry": "center"
      },
      "geometry": {
        "type": "Point",
        "coordinates": [
          -81.5464407,
          39.2181436
        ]
      },
      "id": "way/398617992"
    },
    {
      "type": "Feature",
      "properties": {
        "@id": "way/399825736",
        "amenity": "restaurant",
        "brand": "Bob Evans",
        "brand:wikidata": "Q4932386",
        "building": "commercial",
        "cuisine": "american",
        "name": "Bob Evans",
        "@geometry": "center"
      },
      "geometry": {
        "type": "Point",
        "coordinates": [
          -81.5480023,
          39.2854795
        ]
      },
      "id": "way/399825736"
    },
    {
      "type": "Feature",
      "properties": {
        "@id": "way/401277377",
        "amenity": "restaurant",
        "brand": "Bob Evans",
        "brand:wikidata": "Q4932386",
        "building": "commercial",
        "cuisine": "american",
        "name": "Bob Evans",
        "roof:shape": "flat",
        "@geometry": "center"
      },
      "geometry": {
        "type": "Point",
        "coordinates": [
          -81.3793492,
          41.6618994
        ]
      },
      "id": "way/401277377"
    },
    {
      "type": "Feature",
      "properties": {
        "@id": "way/401654354",
        "amenity": "restaurant",
        "brand": "Bob Evans",
        "brand:wikidata": "Q4932386",
        "building": "commercial",
        "cuisine": "american",
        "diet:vegan": "no",
        "diet:vegetarian": "yes",
        "name": "Bob Evans",
        "@geometry": "center"
      },
      "geometry": {
        "type": "Point",
        "coordinates": [
          -82.2613807,
          38.4211932
        ]
      },
      "id": "way/401654354"
    },
    {
      "type": "Feature",
      "properties": {
        "@id": "way/402556273",
        "addr:city": "Fairview Heights",
        "addr:country": "US",
        "addr:housenumber": "10",
        "addr:postcode": "62208",
        "addr:state": "IL",
        "addr:street": "Ludwig Drive",
        "amenity": "restaurant",
        "brand": "Bob Evans",
        "brand:wikidata": "Q4932386",
        "building": "commercial",
        "cuisine": "american",
        "name": "Bob Evans",
        "website": "https://www.bobevans.com/",
        "@geometry": "center"
      },
      "geometry": {
        "type": "Point",
        "coordinates": [
          -89.9860959,
          38.6011984
        ]
      },
      "id": "way/402556273"
    },
    {
      "type": "Feature",
      "properties": {
        "@id": "way/403416860",
        "addr:city": "Lexington",
        "addr:housenumber": "2566",
        "addr:state": "KY",
        "addr:street": "Richmond Road",
        "amenity": "restaurant",
        "brand": "Bob Evans",
        "brand:wikidata": "Q4932386",
        "building": "commercial",
        "cuisine": "american",
        "name": "Bob Evans",
        "@geometry": "center"
      },
      "geometry": {
        "type": "Point",
        "coordinates": [
          -84.457444,
          38.0108325
        ]
      },
      "id": "way/403416860"
    },
    {
      "type": "Feature",
      "properties": {
        "@id": "way/407211233",
        "amenity": "restaurant",
        "brand": "Bob Evans",
        "brand:wikidata": "Q4932386",
        "building": "commercial",
        "check_date": "2025-02-07",
        "cuisine": "american",
        "name": "Bob Evans",
        "payment:cash": "yes",
        "payment:credit_cards": "yes",
        "payment:debit_cards": "yes",
        "wheelchair": "yes",
        "@geometry": "center"
      },
      "geometry": {
        "type": "Point",
        "coordinates": [
          -81.9497601,
          41.4644206
        ]
      },
      "id": "way/407211233"
    },
    {
      "type": "Feature",
      "properties": {
        "@id": "way/409413126",
        "addr:city": "Perrysburg",
        "addr:housenumber": "10770",
        "addr:postcode": "43551",
        "addr:state": "OH",
        "addr:street": "Fremont Pike",
        "amenity": "restaurant",
        "brand": "Bob Evans",
        "brand:wikidata": "Q4932386",
        "building": "yes",
        "cuisine": "american",
        "name": "Bob Evans",
        "smoking": "no",
        "takeaway": "yes",
        "@geometry": "center"
      },
      "geometry": {
        "type": "Point",
        "coordinates": [
          -83.6003822,
          41.5498228
        ]
      },
      "id": "way/409413126"
    },
    {
      "type": "Feature",
      "properties": {
        "@id": "way/421550013",
        "addr:city": "Columbus",
        "addr:housenumber": "2199",
        "addr:state": "OH",
        "addr:street": "Riverside Drive",
        "amenity": "school",
        "brand:wikidata": "Q4932386",
        "building": "commercial",
        "education": "exercise_area",
        "name": "Goldfish Swim School",
        "smoking": "no",
        "@geometry": "center"
      },
      "geometry": {
        "type": "Point",
        "coordinates": [
          -83.0773234,
          40.0000977
        ]
      },
      "id": "way/421550013"
    },
    {
      "type": "Feature",
      "properties": {
        "@id": "way/423032058",
        "amenity": "restaurant",
        "brand": "Bob Evans",
        "brand:wikidata": "Q4932386",
        "building": "commercial",
        "cuisine": "american",
        "name": "Bob Evans",
        "@geometry": "center"
      },
      "geometry": {
        "type": "Point",
        "coordinates": [
          -83.4214641,
          41.1708297
        ]
      },
      "id": "way/423032058"
    },
    {
      "type": "Feature",
      "properties": {
        "@id": "way/423683080",
        "amenity": "restaurant",
        "brand": "Bob Evans",
        "brand:wikidata": "Q4932386",
        "building": "commercial",
        "cuisine": "american",
        "name": "Bob Evans",
        "@geometry": "center"
      },
      "geometry": {
        "type": "Point",
        "coordinates": [
          -79.6908877,
          40.3206979
        ]
      },
      "id": "way/423683080"
    },
    {
      "type": "Feature",
      "properties": {
        "@id": "way/425819171",
        "amenity": "restaurant",
        "brand": "Bob Evans",
        "brand:wikidata": "Q4932386",
        "building": "commercial",
        "cuisine": "american",
        "name": "Bob Evans",
        "@geometry": "center"
      },
      "geometry": {
        "type": "Point",
        "coordinates": [
          -86.1885082,
          41.7138699
        ]
      },
      "id": "way/425819171"
    },
    {
      "type": "Feature",
      "properties": {
        "@id": "way/428723794",
        "amenity": "restaurant",
        "brand": "Bob Evans",
        "brand:wikidata": "Q4932386",
        "building": "commercial",
        "cuisine": "american",
        "name": "Bob Evans",
        "@geometry": "center"
      },
      "geometry": {
        "type": "Point",
        "coordinates": [
          -83.6943043,
          41.6135441
        ]
      },
      "id": "way/428723794"
    },
    {
      "type": "Feature",
      "properties": {
        "@id": "way/428968973",
        "amenity": "restaurant",
        "brand": "Bob Evans",
        "brand:wikidata": "Q4932386",
        "building": "yes",
        "cuisine": "american",
        "name": "Bob Evans",
        "@geometry": "center"
      },
      "geometry": {
        "type": "Point",
        "coordinates": [
          -83.6641506,
          41.595536
        ]
      },
      "id": "way/428968973"
    },
    {
      "type": "Feature",
      "properties": {
        "@id": "way/432296808",
        "addr:city": "East Liverpool",
        "addr:housenumber": "16230",
        "addr:postcode": "43920",
        "addr:state": "OH",
        "addr:street": "Dresden Avenue",
        "amenity": "restaurant",
        "brand": "Bob Evans",
        "brand:wikidata": "Q4932386",
        "building": "commercial",
        "cuisine": "american",
        "name": "Bob Evans",
        "takeaway": "yes",
        "website": "https://www.bobevans.com/our-restaurants/locations/2059",
        "@geometry": "center"
      },
      "geometry": {
        "type": "Point",
        "coordinates": [
          -80.5886875,
          40.6656839
        ]
      },
      "id": "way/432296808"
    },
    {
      "type": "Feature",
      "properties": {
        "@id": "way/434941307",
        "amenity": "restaurant",
        "brand": "Bob Evans",
        "brand:wikidata": "Q4932386",
        "building": "retail",
        "cuisine": "american",
        "name": "Bob Evans",
        "@geometry": "center"
      },
      "geometry": {
        "type": "Point",
        "coordinates": [
          -80.2224876,
          40.508643
        ]
      },
      "id": "way/434941307"
    },
    {
      "type": "Feature",
      "properties": {
        "@id": "way/438076880",
        "addr:city": "Tiffin",
        "addr:housenumber": "2310",
        "addr:postcode": "44883",
        "addr:state": "OH",
        "addr:street": "West Market Street",
        "amenity": "restaurant",
        "brand": "Bob Evans",
        "brand:wikidata": "Q4932386",
        "building": "commercial",
        "building:levels": "1",
        "check_date": "2026-09-10",
        "cuisine": "american",
        "name": "Bob Evans",
        "opening_hours": "Mo-Su 07:00-21:00",
        "phone": "+1-419-448-7440",
        "start_date": "1994",
        "website": "https://www.bobevans.com/",
        "@geometry": "center"
      },
      "geometry": {
        "type": "Point",
        "coordinates": [
          -83.2145684,
          41.1095334
        ]
      },
      "id": "way/438076880"
    },
    {
      "type": "Feature",
      "properties": {
        "@id": "way/442074734",
        "amenity": "restaurant",
        "brand": "Bob Evans",
        "brand:wikidata": "Q4932386",
        "building": "yes",
        "cuisine": "american",
        "name": "Bob Evans",
        "@geometry": "center"
      },
      "geometry": {
        "type": "Point",
        "coordinates": [
          -85.3777069,
          38.7810164
        ]
      },
      "id": "way/442074734"
    },
    {
      "type": "Feature",
      "properties": {
        "@id": "way/442790880",
        "amenity": "restaurant",
        "brand": "Bob Evans",
        "brand:wikidata": "Q4932386",
        "building": "yes",
        "cuisine": "american",
        "name": "Bob Evans",
        "@geometry": "center"
      },
      "geometry": {
        "type": "Point",
        "coordinates": [
          -83.2345556,
          42.1978823
        ]
      },
      "id": "way/442790880"
    },
    {
      "type": "Feature",
      "properties": {
        "@id": "way/457786034",
        "amenity": "restaurant",
        "brand": "Bob Evans",
        "brand:wikidata": "Q4932386",
        "building": "yes",
        "cuisine": "american",
        "name": "Bob Evans",
        "@geometry": "center"
      },
      "geometry": {
        "type": "Point",
        "coordinates": [
          -83.6800449,
          42.2526189
        ]
      },
      "id": "way/457786034"
    },
    {
      "type": "Feature",
      "properties": {
        "@id": "way/463064315",
        "amenity": "restaurant",
        "brand": "Bob Evans",
        "brand:wikidata": "Q4932386",
        "building": "retail",
        "cuisine": "american",
        "name": "Bob Evans",
        "@geometry": "center"
      },
      "geometry": {
        "type": "Point",
        "coordinates": [
          -87.0449604,
          41.5752086
        ]
      },
      "id": "way/463064315"
    },
    {
      "type": "Feature",
      "properties": {
        "@id": "way/464035547",
        "addr:city": "Columbus",
        "addr:housenumber": "7550",
        "addr:postcode": "43235",
        "addr:state": "OH",
        "addr:street": "North High Street",
        "amenity": "restaurant",
        "brand": "Bob Evans",
        "brand:wikidata": "Q4932386",
        "building": "commercial",
        "cuisine": "american",
        "delivery": "no",
        "name": "Bob Evans",
        "outdoor_seating": "no",
        "smoking": "no",
        "takeaway": "yes",
        "@geometry": "center"
      },
      "geometry": {
        "type": "Point",
        "coordinates": [
          -83.0152918,
          40.1175948
        ]
      },
      "id": "way/464035547"
    },
    {
      "type": "Feature",
      "properties": {
        "@id": "way/464728703",
        "addr:city": "Vero Beach",
        "addr:housenumber": "6070",
        "addr:postcode": "32966",
        "addr:state": "FL",
        "addr:street": "20th Street",
        "amenity": "restaurant",
        "brand": "Bob Evans",
        "brand:wikidata": "Q4932386",
        "building": "commercial",
        "cuisine": "american",
        "name": "Bob Evans",
        "opening_hours": "07:00-21:00",
        "outdoor_seating": "no",
        "phone": "+1-772-299-1011",
        "smoking": "no",
        "website": "https://www.bobevans.com",
        "@geometry": "center"
      },
      "geometry": {
        "type": "Point",
        "coordinates": [
          -80.4533898,
          27.6396971
        ]
      },
      "id": "way/464728703"
    },
    {
      "type": "Feature",
      "properties": {
        "@id": "node/466916185",
        "addr:city": "Fort Wayne",
        "addr:housenumber": "2935",
        "addr:postcode": "46825",
        "addr:street": "East Dupont Road",
        "amenity": "restaurant",
        "brand": "Bob Evans",
        "brand:wikidata": "Q4932386",
        "cuisine": "american",
        "diet:vegetarian": "yes",
        "name": "Bob Evans"
      },
      "geometry": {
        "type": "Point",
        "coordinates": [
          -85.1049672,
          41.1796962
        ]
      },
      "id": "node/466916185"
    },
    {
      "type": "Feature",
      "properties": {
        "@id": "way/468022131",
        "amenity": "restaurant",
        "brand": "Bob Evans",
        "brand:wikidata": "Q4932386",
        "building": "yes",
        "cuisine": "american",
        "name": "Bob Evans",
        "takeaway": "yes",
        "@geometry": "center"
      },
      "geometry": {
        "type": "Point",
        "coordinates": [
          -82.0469903,
          37.8598013
        ]
      },
      "id": "way/468022131"
    },
    {
      "type": "Feature",
      "properties": {
        "@id": "way/468661483",
        "amenity": "restaurant",
        "brand": "Bob Evans",
        "brand:wikidata": "Q4932386",
        "building": "commercial",
        "cuisine": "american",
        "name": "Bob Evans",
        "@geometry": "center"
      },
      "geometry": {
        "type": "Point",
        "coordinates": [
          -83.0934163,
          40.1552402
        ]
      },
      "id": "way/468661483"
    },
    {
      "type": "Feature",
      "properties": {
        "@id": "way/471198651",
        "addr:city": "Streetsboro",
        "addr:housename": "Bob Evans",
        "addr:housenumber": "9361",
        "addr:postcode": "44241",
        "addr:state": "OH",
        "addr:street": "Cleve E Liverpool Road",
        "amenity": "restaurant",
        "brand": "Bob Evans",
        "brand:wikidata": "Q4932386",
        "building": "commercial",
        "cuisine": "american",
        "indoor_seating": "yes",
        "internet_access": "yes",
        "name": "Bob Evans",
        "outdoor_seating": "no",
        "@geometry": "center"
      },
      "geometry": {
        "type": "Point",
        "coordinates": [
          -81.3510593,
          41.240162
        ]
      },
      "id": "way/471198651"
    },
    {
      "type": "Feature",
      "properties": {
        "@id": "way/473043808",
        "amenity": "restaurant",
        "brand": "Bob Evans",
        "brand:wikidata": "Q4932386",
        "building": "yes",
        "cuisine": "american",
        "name": "Bob Evans",
        "@geometry": "center"
      },
      "geometry": {
        "type": "Point",
        "coordinates": [
          -81.4334027,
          40.8587801
        ]
      },
      "id": "way/473043808"
    },
    {
      "type": "Feature",
      "properties": {
        "@id": "way/473673054",
        "addr:city": "Frederick",
        "addr:housenumber": "1505",
        "addr:postcode": "21702",
        "addr:state": "MD",
        "addr:street": "Garrett Drive",
        "amenity": "restaurant",
        "brand": "Bob Evans",
        "brand:wikidata": "Q4932386",
        "building": "commercial",
        "check_date": "2023-04-29",
        "cuisine": "american",
        "name": "Bob Evans",
        "opening_hours": "07:00-21:00",
        "phone": "+1-301-698-8184",
        "website": "https://www.bobevans.com/locations/frederick-2",
        "@geometry": "center"
      },
      "geometry": {
        "type": "Point",
        "coordinates": [
          -77.4678182,
          39.4219872
        ]
      },
      "id": "way/473673054"
    },
    {
      "type": "Feature",
      "properties": {
        "@id": "way/474512079",
        "amenity": "restaurant",
        "brand": "Bob Evans",
        "brand:wikidata": "Q4932386",
        "building": "commercial",
        "cuisine": "american",
        "name": "Bob Evans",
        "@geometry": "center"
      },
      "geometry": {
        "type": "Point",
        "coordinates": [
          -78.8313629,
          39.6390284
        ]
      },
      "id": "way/474512079"
    },
    {
      "type": "Feature",
      "properties": {
        "@id": "way/477212850",
        "addr:city": "Washington",
        "addr:housenumber": "3151",
        "addr:postcode": "63090",
        "addr:state": "MO",
        "addr:street": "Phoenix Center Dr",
        "amenity": "restaurant",
        "brand": "Bob Evans",
        "brand:wikidata": "Q4932386",
        "building": "commercial",
        "cuisine": "american",
        "delivery": "no",
        "name": "Bob Evans",
        "outdoor_seating": "no",
        "phone": "+1-636-390-8800",
        "smoking": "no",
        "takeaway": "yes",
        "website": "https://www.bobevans.com/",
        "@geometry": "center"
      },
      "geometry": {
        "type": "Point",
        "coordinates": [
          -90.9800928,
          38.5361521
        ]
      },
      "id": "way/477212850"
    },
    {
      "type": "Feature",
      "properties": {
        "@id": "way/478723099",
        "amenity": "restaurant",
        "brand": "Bob Evans",
        "brand:wikidata": "Q4932386",
        "building": "yes",
        "cuisine": "american",
        "name": "Bob Evans",
        "wheelchair": "yes",
        "@geometry": "center"
      },
      "geometry": {
        "type": "Point",
        "coordinates": [
          -83.9724249,
          43.4806463
        ]
      },
      "id": "way/478723099"
    },
    {
      "type": "Feature",
      "properties": {
        "@id": "way/479195387",
        "addr:city": "Port Orange",
        "addr:housenumber": "1711",
        "addr:postcode": "32127",
        "addr:street": "Dunlawton Avenue",
        "amenity": "restaurant",
        "brand": "Bob Evans",
        "brand:wikidata": "Q4932386",
        "building": "commercial",
        "building:levels": "1",
        "cuisine": "american",
        "name": "Bob Evans",
        "opening_hours": "Mo-Su 07:00-20:30",
        "roof:levels": "0",
        "roof:shape": "flat",
        "@geometry": "center"
      },
      "geometry": {
        "type": "Point",
        "coordinates": [
          -81.0260457,
          29.1120863
        ]
      },
      "id": "way/479195387"
    },
    {
      "type": "Feature",
      "properties": {
        "@id": "way/481391438",
        "addr:city": "Dublin",
        "addr:housenumber": "5160",
        "addr:postcode": "43016",
        "addr:state": "OH",
        "addr:street": "Tuttle Crossing Boulevard",
        "amenity": "restaurant",
        "brand": "Bob Evans",
        "brand:wikidata": "Q4932386",
        "building": "commercial",
        "capacity": "120",
        "cuisine": "american",
        "name": "Bob Evans",
        "opening_hours": "Mo-Su 06:00-22:00",
        "smoking": "no",
        "@geometry": "center"
      },
      "geometry": {
        "type": "Point",
        "coordinates": [
          -83.1293541,
          40.0770704
        ]
      },
      "id": "way/481391438"
    },
    {
      "type": "Feature",
      "properties": {
        "@id": "way/482897306",
        "amenity": "restaurant",
        "brand": "Bob Evans",
        "brand:wikidata": "Q4932386",
        "building": "yes",
        "check_date": "2025-11-28",
        "cuisine": "american",
        "name": "Bob Evans",
        "@geometry": "center"
      },
      "geometry": {
        "type": "Point",
        "coordinates": [
          -82.1479899,
          27.0115284
        ]
      },
      "id": "way/482897306"
    },
    {
      "type": "Feature",
      "properties": {
        "@id": "way/515056015",
        "amenity": "restaurant",
        "brand": "Bob Evans",
        "brand:wikidata": "Q4932386",
        "building": "commercial",
        "cuisine": "american",
        "name": "Bob Evans",
        "@geometry": "center"
      },
      "geometry": {
        "type": "Point",
        "coordinates": [
          -84.9686497,
          45.3507326
        ]
      },
      "id": "way/515056015"
    },
    {
      "type": "Feature",
      "properties": {
        "@id": "way/515725337",
        "amenity": "restaurant",
        "brand": "Bob Evans",
        "brand:wikidata": "Q4932386",
        "building": "yes",
        "cuisine": "american",
        "internet_access": "wlan",
        "internet_access:fee": "no",
        "internet_access:ssid": "BobEvansPublic",
        "name": "Bob Evans",
        "source": "Bing",
        "@geometry": "center"
      },
      "geometry": {
        "type": "Point",
        "coordinates": [
          -90.3373938,
          38.5113241
        ]
      },
      "id": "way/515725337"
    },
    {
      "type": "Feature",
      "properties": {
        "@id": "way/516249979",
        "addr:city": "Bradenton",
        "addr:housenumber": "7393",
        "addr:postcode": "34203",
        "addr:state": "FL",
        "addr:street": "52nd Place East",
        "amenity": "restaurant",
        "brand": "Bob Evans",
        "brand:wikidata": "Q4932386",
        "building": "commercial",
        "cuisine": "american",
        "level": "1",
        "name": "Bob Evans",
        "@geometry": "center"
      },
      "geometry": {
        "type": "Point",
        "coordinates": [
          -82.4628217,
          27.4432561
        ]
      },
      "id": "way/516249979"
    },
    {
      "type": "Feature",
      "properties": {
        "@id": "way/518142496",
        "addr:city": "Wheeling",
        "addr:housenumber": "775",
        "addr:postcode": "26003",
        "addr:state": "WV",
        "addr:street": "National Road",
        "amenity": "restaurant",
        "branch": "Wheeling, WV",
        "brand": "Bob Evans",
        "brand:wikidata": "Q4932386",
        "building": "yes",
        "cuisine": "american",
        "drive_in": "no",
        "drive_through": "no",
        "name": "Bob Evans",
        "@geometry": "center"
      },
      "geometry": {
        "type": "Point",
        "coordinates": [
          -80.6978388,
          40.0764908
        ]
      },
      "id": "way/518142496"
    },
    {
      "type": "Feature",
      "properties": {
        "@id": "way/521200428",
        "addr:city": "Ontario",
        "addr:housenumber": "2100",
        "addr:postcode": "44906",
        "addr:state": "OH",
        "addr:street": "West 4th Street",
        "air_conditioning": "yes",
        "amenity": "restaurant",
        "brand": "Bob Evans",
        "brand:wikidata": "Q4932386",
        "building": "commercial",
        "cuisine": "american",
        "internet_access": "wlan",
        "internet_access:fee": "no",
        "name": "Bob Evans",
        "opening_hours": "Mo-Su 06:30-21:00",
        "phone": "+1-419-747-4178",
        "source": "mapillary",
        "start_date": "2004",
        "takeaway": "yes",
        "website": "https://www.bobevans.com/our-restaurants/locations/485",
        "@geometry": "center"
      },
      "geometry": {
        "type": "Point",
        "coordinates": [
          -82.5891228,
          40.7725627
        ]
      },
      "id": "way/521200428"
    },
    {
      "type": "Feature",
      "properties": {
        "@id": "way/522850233",
        "amenity": "restaurant",
        "brand": "Bob Evans",
        "brand:wikidata": "Q4932386",
        "building": "commercial",
        "cuisine": "american",
        "height": "14.72",
        "name": "Bob Evans",
        "@geometry": "center"
      },
      "geometry": {
        "type": "Point",
        "coordinates": [
          -82.6787816,
          27.7243767
        ]
      },
      "id": "way/522850233"
    },
    {
      "type": "Feature",
      "properties": {
        "@id": "way/524066780",
        "amenity": "restaurant",
        "brand": "Bob Evans",
        "brand:wikidata": "Q4932386",
        "building": "yes",
        "cuisine": "american",
        "height": "14.56",
        "name": "Bob Evans",
        "@geometry": "center"
      },
      "geometry": {
        "type": "Point",
        "coordinates": [
          -82.3332582,
          27.9440998
        ]
      },
      "id": "way/524066780"
    },
    {
      "type": "Feature",
      "properties": {
        "@id": "way/524284227",
        "amenity": "restaurant",
        "brand": "Bob Evans",
        "brand:wikidata": "Q4932386",
        "building": "yes",
        "cuisine": "american",
        "height": "15.3",
        "name": "Bob Evans",
        "@geometry": "center"
      },
      "geometry": {
        "type": "Point",
        "coordinates": [
          -82.358053,
          28.0683833
        ]
      },
      "id": "way/524284227"
    },
    {
      "type": "Feature",
      "properties": {
        "@id": "way/531373778",
        "addr:city": "Fort Wayne",
        "addr:housenumber": "5135",
        "addr:postcode": "46835",
        "addr:street": "Meijer Drive",
        "amenity": "restaurant",
        "brand": "Bob Evans",
        "brand:wikidata": "Q4932386",
        "building": "commercial",
        "cuisine": "american",
        "diet:vegetarian": "yes",
        "name": "Bob Evans",
        "opening_hours": "Mo-Su 07:00-20:00",
        "@geometry": "center"
      },
      "geometry": {
        "type": "Point",
        "coordinates": [
          -85.012409,
          41.1296148
        ]
      },
      "id": "way/531373778"
    },
    {
      "type": "Feature",
      "properties": {
        "@id": "way/533407337",
        "amenity": "restaurant",
        "brand": "Bob Evans",
        "brand:wikidata": "Q4932386",
        "building": "yes",
        "check_date": "2025-11-28",
        "cuisine": "american",
        "name": "Bob Evans",
        "@geometry": "center"
      },
      "geometry": {
        "type": "Point",
        "coordinates": [
          -82.3908982,
          27.0490729
        ]
      },
      "id": "way/533407337"
    },
    {
      "type": "Feature",
      "properties": {
        "@id": "way/534838690",
        "amenity": "restaurant",
        "brand": "Bob Evans",
        "brand:wikidata": "Q4932386",
        "building": "commercial",
        "cuisine": "american",
        "name": "Bob Evans",
        "@geometry": "center"
      },
      "geometry": {
        "type": "Point",
        "coordinates": [
          -83.8762948,
          42.5870593
        ]
      },
      "id": "way/534838690"
    },
    {
      "type": "Feature",
      "properties": {
        "@id": "way/537028001",
        "amenity": "restaurant",
        "brand": "Bob Evans",
        "brand:wikidata": "Q4932386",
        "building": "yes",
        "cuisine": "american",
        "name": "Bob Evans",
        "@geometry": "center"
      },
      "geometry": {
        "type": "Point",
        "coordinates": [
          -88.9538235,
          40.5012156
        ]
      },
      "id": "way/537028001"
    },
    {
      "type": "Feature",
      "properties": {
        "@id": "way/538623079",
        "amenity": "restaurant",
        "brand": "Bob Evans",
        "brand:wikidata": "Q4932386",
        "building": "commercial",
        "cuisine": "american",
        "name": "Bob Evans",
        "@geometry": "center"
      },
      "geometry": {
        "type": "Point",
        "coordinates": [
          -82.3773634,
          27.7113039
        ]
      },
      "id": "way/538623079"
    },
    {
      "type": "Feature",
      "properties": {
        "@id": "way/539350782",
        "addr:city": "Washington",
        "addr:housenumber": "1380",
        "addr:postcode": "15301",
        "addr:state": "PA",
        "addr:street": "West Chestnut Street",
        "amenity": "restaurant",
        "brand": "Bob Evans",
        "brand:wikidata": "Q4932386",
        "building": "commercial",
        "cuisine": "american",
        "delivery": "no",
        "name": "Bob Evans",
        "outdoor_seating": "no",
        "smoking": "no",
        "takeaway": "yes",
        "@geometry": "center"
      },
      "geometry": {
        "type": "Point",
        "coordinates": [
          -80.2726259,
          40.1647692
        ]
      },
      "id": "way/539350782"
    },
    {
      "type": "Feature",
      "properties": {
        "@id": "way/542317535",
        "addr:city": "Gaylord",
        "addr:housenumber": "210",
        "addr:postcode": "49735",
        "addr:state": "MI",
        "addr:street": "Dickerson Road",
        "amenity": "restaurant",
        "branch": "Gaylord MI",
        "brand": "Bob Evans",
        "brand:wikidata": "Q4932386",
        "building": "commercial",
        "cuisine": "american",
        "name": "Bob Evans",
        "opening_hours": "Mo-Su 07:00-21:00",
        "phone": "+1-989-731-6329",
        "website": "https://www.bobevans.com/locations/gaylord",
        "@geometry": "center"
      },
      "geometry": {
        "type": "Point",
        "coordinates": [
          -84.6898293,
          45.0252179
        ]
      },
      "id": "way/542317535"
    },
    {
      "type": "Feature",
      "properties": {
        "@id": "way/544062456",
        "amenity": "restaurant",
        "brand": "Bob Evans",
        "brand:wikidata": "Q4932386",
        "building": "commercial",
        "cuisine": "american",
        "name": "Bob Evans",
        "@geometry": "center"
      },
      "geometry": {
        "type": "Point",
        "coordinates": [
          -82.9242839,
          40.1050674
        ]
      },
      "id": "way/544062456"
    },
    {
      "type": "Feature",
      "properties": {
        "@id": "way/544578222",
        "addr:housenumber": "3198",
        "addr:postcode": "44212",
        "addr:street": "Center Road",
        "amenity": "restaurant",
        "brand": "Bob Evans",
        "brand:wikidata": "Q4932386",
        "building": "commercial",
        "cuisine": "american",
        "name": "Bob Evans",
        "@geometry": "center"
      },
      "geometry": {
        "type": "Point",
        "coordinates": [
          -81.8005526,
          41.2377764
        ]
      },
      "id": "way/544578222"
    },
    {
      "type": "Feature",
      "properties": {
        "@id": "way/545317530",
        "amenity": "restaurant",
        "brand": "Bob Evans",
        "brand:wikidata": "Q4932386",
        "building": "commercial",
        "cuisine": "american",
        "name": "Bob Evans",
        "@geometry": "center"
      },
      "geometry": {
        "type": "Point",
        "coordinates": [
          -82.8665939,
          40.0091647
        ]
      },
      "id": "way/545317530"
    },
    {
      "type": "Feature",
      "properties": {
        "@id": "way/545423573",
        "amenity": "restaurant",
        "brand": "Bob Evans",
        "brand:wikidata": "Q4932386",
        "building": "yes",
        "cuisine": "american",
        "fixme": "Approximate location",
        "name": "Bob Evans",
        "@geometry": "center"
      },
      "geometry": {
        "type": "Point",
        "coordinates": [
          -84.7964597,
          39.260841
        ]
      },
      "id": "way/545423573"
    },
    {
      "type": "Feature",
      "properties": {
        "@id": "way/546230499",
        "addr:city": "Huntington",
        "addr:housenumber": "121",
        "addr:postcode": "25701",
        "addr:state": "WV",
        "addr:street": "Kinetic Drive",
        "amenity": "restaurant",
        "brand": "Bob Evans",
        "brand:wikidata": "Q4932386",
        "building": "retail",
        "building:levels": "1",
        "cuisine": "american",
        "diet:vegetarian": "yes",
        "name": "Bob Evans",
        "opening_hours": "Mo-Su 07:00-21:00",
        "roof:levels": "0",
        "wheelchair": "yes",
        "@geometry": "center"
      },
      "geometry": {
        "type": "Point",
        "coordinates": [
          -82.4152936,
          38.3946823
        ]
      },
      "id": "way/546230499"
    },
    {
      "type": "Feature",
      "properties": {
        "@id": "way/546234071",
        "amenity": "restaurant",
        "brand": "Bob Evans",
        "brand:wikidata": "Q4932386",
        "building": "commercial",
        "cuisine": "american",
        "name": "Bob Evans",
        "@geometry": "center"
      },
      "geometry": {
        "type": "Point",
        "coordinates": [
          -81.7962324,
          38.4146521
        ]
      },
      "id": "way/546234071"
    },
    {
      "type": "Feature",
      "properties": {
        "@id": "way/546524715",
        "amenity": "restaurant",
        "brand": "Bob Evans",
        "brand:wikidata": "Q4932386",
        "building": "commercial",
        "cuisine": "american",
        "name": "Bob Evans",
        "@geometry": "center"
      },
      "geometry": {
        "type": "Point",
        "coordinates": [
          -82.8529183,
          42.6311421
        ]
      },
      "id": "way/546524715"
    },
    {
      "type": "Feature",
      "properties": {
        "@id": "way/546898754",
        "amenity": "restaurant",
        "brand": "Bob Evans",
        "brand:wikidata": "Q4932386",
        "building": "commercial",
        "cuisine": "american",
        "name": "Bob Evans",
        "@geometry": "center"
      },
      "geometry": {
        "type": "Point",
        "coordinates": [
          -82.823799,
          40.0895592
        ]
      },
      "id": "way/546898754"
    },
    {
      "type": "Feature",
      "properties": {
        "@id": "way/547750365",
        "amenity": "restaurant",
        "brand": "Bob Evans",
        "brand:wikidata": "Q4932386",
        "building": "commercial",
        "cuisine": "american",
        "name": "Bob Evans",
        "@geometry": "center"
      },
      "geometry": {
        "type": "Point",
        "coordinates": [
          -82.9936047,
          38.7413284
        ]
      },
      "id": "way/547750365"
    },
    {
      "type": "Feature",
      "properties": {
        "@id": "way/547819903",
        "addr:housenumber": "5091",
        "addr:postcode": "43214",
        "addr:street": "North High Street",
        "amenity": "restaurant",
        "brand": "Bob Evans",
        "brand:wikidata": "Q4932386",
        "building": "commercial",
        "building:levels": "1",
        "cuisine": "american;steak_house",
        "name": "Longhorn",
        "opening_hours": "Su-Th 11:00-22:00; Fr-Sa 11:00-23:00",
        "phone": "+1-614-310-5688",
        "website": "http://longhornsteakhouse.com",
        "@geometry": "center"
      },
      "geometry": {
        "type": "Point",
        "coordinates": [
          -83.0196861,
          40.0666902
        ]
      },
      "id": "way/547819903"
    },
    {
      "type": "Feature",
      "properties": {
        "@id": "way/548040557",
        "amenity": "restaurant",
        "brand": "Bob Evans",
        "brand:wikidata": "Q4932386",
        "building": "commercial",
        "cuisine": "american",
        "name": "Bob Evans",
        "@geometry": "center"
      },
      "geometry": {
        "type": "Point",
        "coordinates": [
          -92.2929994,
          38.9627861
        ]
      },
      "id": "way/548040557"
    },
    {
      "type": "Feature",
      "properties": {
        "@id": "way/549234894",
        "amenity": "restaurant",
        "brand": "Bob Evans",
        "brand:wikidata": "Q4932386",
        "building": "commercial",
        "cuisine": "american",
        "name": "Bob Evans",
        "@geometry": "center"
      },
      "geometry": {
        "type": "Point",
        "coordinates": [
          -81.2930595,
          35.7050921
        ]
      },
      "id": "way/549234894"
    },
    {
      "type": "Feature",
      "properties": {
        "@id": "way/549798024",
        "addr:city": "Marion",
        "addr:housenumber": "188",
        "addr:postcode": "43302",
        "addr:state": "OH",
        "addr:street": "America Boulevard",
        "amenity": "restaurant",
        "brand": "Bob Evans",
        "brand:wikidata": "Q4932386",
        "building": "commercial",
        "cuisine": "american",
        "name": "Bob Evans",
        "opening_hours": "Mo-Sa 06:00-21:00; Su 06:00-20:00",
        "phone": "+1-740-389-4120",
        "source": "mapillary",
        "website": "https://www.bobevans.com/our-restaurants/locations/130",
        "@geometry": "center"
      },
      "geometry": {
        "type": "Point",
        "coordinates": [
          -83.0781059,
          40.5807444
        ]
      },
      "id": "way/549798024"
    },
    {
      "type": "Feature",
      "properties": {
        "@id": "way/550430387",
        "addr:city": "Wapakoneta",
        "addr:housenumber": "1550",
        "addr:postcode": "45895",
        "addr:state": "OH",
        "addr:street": "Saturn Drive",
        "air_conditioning": "yes",
        "amenity": "restaurant",
        "brand": "Bob Evans",
        "brand:wikidata": "Q4932386",
        "building": "yes",
        "cuisine": "american",
        "delivery": "yes",
        "name": "Bob Evans",
        "opening_hours": "Mo-Fr 06:30-21:00; Sa-Su 07:00-21:00",
        "phone": "+1 419-540-4831",
        "takeaway": "yes",
        "website": "https://bobevans.com/locations/wapakoneta",
        "website:menu": "https://bobevans.com/menu",
        "@geometry": "center"
      },
      "geometry": {
        "type": "Point",
        "coordinates": [
          -84.1712754,
          40.56225
        ]
      },
      "id": "way/550430387"
    },
    {
      "type": "Feature",
      "properties": {
        "@id": "way/550940999",
        "addr:city": "Niles",
        "addr:housenumber": "5413",
        "addr:postcode": "44446",
        "addr:state": "OH",
        "addr:street": "Youngstown Warren Road",
        "amenity": "restaurant",
        "brand": "Bob Evans",
        "brand:wikidata": "Q4932386",
        "building": "yes",
        "cuisine": "american",
        "name": "Bob Evans",
        "@geometry": "center"
      },
      "geometry": {
        "type": "Point",
        "coordinates": [
          -80.7528987,
          41.211812
        ]
      },
      "id": "way/550940999"
    },
    {
      "type": "Feature",
      "properties": {
        "@id": "way/551460830",
        "amenity": "restaurant",
        "brand": "Bob Evans",
        "brand:wikidata": "Q4932386",
        "building": "yes",
        "cuisine": "american",
        "name": "Bob Evans",
        "@geometry": "center"
      },
      "geometry": {
        "type": "Point",
        "coordinates": [
          -82.8630754,
          40.054301
        ]
      },
      "id": "way/551460830"
    },
    {
      "type": "Feature",
      "properties": {
        "@id": "way/551988329",
        "addr:city": "Columbus",
        "addr:housenumber": "900",
        "addr:postcode": "43214",
        "addr:state": "OH",
        "addr:street": "Bethel Road",
        "amenity": "restaurant",
        "brand": "Bob Evans",
        "brand:wikidata": "Q4932386",
        "building": "yes",
        "cuisine": "american",
        "name": "Bob Evans",
        "opening_hours": "Mo-Su 08:00-20:00",
        "phone": "+1-614-457-6908",
        "website": "https://www.bobevans.com/locations/bethel-rd",
        "@geometry": "center"
      },
      "geometry": {
        "type": "Point",
        "coordinates": [
          -83.0431089,
          40.0638139
        ]
      },
      "id": "way/551988329"
    },
    {
      "type": "Feature",
      "properties": {
        "@id": "way/553155497",
        "amenity": "restaurant",
        "brand": "Bob Evans",
        "brand:wikidata": "Q4932386",
        "building": "yes",
        "check_date": "2024-09-08",
        "cuisine": "american",
        "name": "Bob Evans",
        "@geometry": "center"
      },
      "geometry": {
        "type": "Point",
        "coordinates": [
          -84.4378065,
          39.2704033
        ]
      },
      "id": "way/553155497"
    },
    {
      "type": "Feature",
      "properties": {
        "@id": "way/553689276",
        "amenity": "restaurant",
        "brand": "Bob Evans",
        "brand:wikidata": "Q4932386",
        "building": "commercial",
        "cuisine": "american",
        "name": "Bob Evans",
        "@geometry": "center"
      },
      "geometry": {
        "type": "Point",
        "coordinates": [
          -82.8140066,
          39.9837416
        ]
      },
      "id": "way/553689276"
    },
    {
      "type": "Feature",
      "properties": {
        "@id": "way/553708519",
        "amenity": "restaurant",
        "brand": "Bob Evans",
        "brand:wikidata": "Q4932386",
        "building": "commercial",
        "cuisine": "american",
        "name": "Bob Evans",
        "@geometry": "center"
      },
      "geometry": {
        "type": "Point",
        "coordinates": [
          -81.4932364,
          27.5072145
        ]
      },
      "id": "way/553708519"
    },
    {
      "type": "Feature",
      "properties": {
        "@id": "way/556105321",
        "addr:city": "Bowie",
        "addr:housenumber": "4308",
        "addr:postcode": "20716",
        "addr:state": "MD",
        "addr:street": "Robert Crain Highway Northwest",
        "amenity": "restaurant",
        "brand": "Bob Evans",
        "brand:wikidata": "Q4932386",
        "building": "yes",
        "check_date": "2023-08-22",
        "cuisine": "american",
        "height": "4.72",
        "name": "Bob Evans",
        "roof:shape": "flat",
        "source": "M-NCPPC",
        "@geometry": "center"
      },
      "geometry": {
        "type": "Point",
        "coordinates": [
          -76.718698,
          38.9503906
        ]
      },
      "id": "way/556105321"
    },
    {
      "type": "Feature",
      "properties": {
        "@id": "way/559472342",
        "amenity": "restaurant",
        "brand": "Bob Evans",
        "brand:wikidata": "Q4932386",
        "building": "yes",
        "check_date": "2024-01-14",
        "cuisine": "american",
        "name": "Bob Evans",
        "@geometry": "center"
      },
      "geometry": {
        "type": "Point",
        "coordinates": [
          -80.4492137,
          41.2316427
        ]
      },
      "id": "way/559472342"
    },
    {
      "type": "Feature",
      "properties": {
        "@id": "way/560003349",
        "addr:city": "Fort Wayne",
        "addr:housenumber": "5785",
        "addr:postcode": "46804",
        "addr:street": "Coventry Lane",
        "amenity": "restaurant",
        "brand": "Bob Evans",
        "brand:wikidata": "Q4932386",
        "building": "yes",
        "cuisine": "american",
        "diet:vegetarian": "yes",
        "name": "Bob Evans",
        "@geometry": "center"
      },
      "geometry": {
        "type": "Point",
        "coordinates": [
          -85.255093,
          41.0334541
        ]
      },
      "id": "way/560003349"
    },
    {
      "type": "Feature",
      "properties": {
        "@id": "way/563914551",
        "amenity": "restaurant",
        "brand": "Bob Evans",
        "brand:wikidata": "Q4932386",
        "building": "retail",
        "cuisine": "american",
        "name": "Bob Evans",
        "@geometry": "center"
      },
      "geometry": {
        "type": "Point",
        "coordinates": [
          -83.5145075,
          41.7223455
        ]
      },
      "id": "way/563914551"
    },
    {
      "type": "Feature",
      "properties": {
        "@id": "way/566778700",
        "addr:city": "Zanesville",
        "addr:housenumber": "2844",
        "addr:postcode": "43701",
        "addr:state": "OH",
        "addr:street": "Maysville Pike",
        "amenity": "restaurant",
        "brand": "Bob Evans",
        "brand:wikidata": "Q4932386",
        "building": "commercial",
        "contact:facebook": "https://www.facebook.com/BobEvansZanesville462",
        "contact:phone": "+1 740-588-0784",
        "cuisine": "american",
        "name": "Bob Evans",
        "opening_hours": "Mo-Su 07:00-21:00",
        "website": "https://www.bobevans.com/locations/zanesville-3",
        "@geometry": "center"
      },
      "geometry": {
        "type": "Point",
        "coordinates": [
          -82.043427,
          39.8927306
        ]
      },
      "id": "way/566778700"
    },
    {
      "type": "Feature",
      "properties": {
        "@id": "way/568345372",
        "amenity": "restaurant",
        "brand": "Bob Evans",
        "brand:wikidata": "Q4932386",
        "building": "yes",
        "cuisine": "american",
        "name": "Bob Evans",
        "@geometry": "center"
      },
      "geometry": {
        "type": "Point",
        "coordinates": [
          -84.0726508,
          40.730154
        ]
      },
      "id": "way/568345372"
    },
    {
      "type": "Feature",
      "properties": {
        "@id": "way/570156171",
        "amenity": "restaurant",
        "brand": "Bob Evans",
        "brand:wikidata": "Q4932386",
        "building": "commercial",
        "cuisine": "american",
        "name": "Bob Evans",
        "@geometry": "center"
      },
      "geometry": {
        "type": "Point",
        "coordinates": [
          -82.0042615,
          26.6386355
        ]
      },
      "id": "way/570156171"
    },
    {
      "type": "Feature",
      "properties": {
        "@id": "way/573144410",
        "addr:city": "Westminster",
        "addr:housenumber": "206",
        "addr:postcode": "21157",
        "addr:state": "MD",
        "addr:street": "Malcolm Drive",
        "amenity": "restaurant",
        "brand": "Bob Evans",
        "brand:wikidata": "Q4932386",
        "building": "yes",
        "check_date": "2024-08-07",
        "contact:phone": "+1 410-857-7484",
        "contact:website": "https://www.bobevans.com/locations/westminster",
        "cuisine": "american",
        "name": "Bob Evans",
        "opening_hours": "07:00-21:00",
        "@geometry": "center"
      },
      "geometry": {
        "type": "Point",
        "coordinates": [
          -76.9748091,
          39.5656766
        ]
      },
      "id": "way/573144410"
    },
    {
      "type": "Feature",
      "properties": {
        "@id": "way/576475263",
        "addr:city": "Jamestown",
        "addr:housenumber": "2798",
        "addr:postcode": "14701",
        "addr:state": "NY",
        "addr:street": "North Main Street Extension",
        "amenity": "restaurant",
        "brand": "Bob Evans",
        "brand:wikidata": "Q4932386",
        "building": "yes",
        "cuisine": "american",
        "name": "Bob Evans",
        "nysgissam:nysaddresspointid": "CHAU004152",
        "nysgissam:review": "no matching street nearby",
        "source": "NYS GIS Clearinghouse OpenData & MS Footprints (OpenData)",
        "@geometry": "center"
      },
      "geometry": {
        "type": "Point",
        "coordinates": [
          -79.2400972,
          42.1192631
        ]
      },
      "id": "way/576475263"
    },
    {
      "type": "Feature",
      "properties": {
        "@id": "way/584709625",
        "amenity": "restaurant",
        "brand": "Bob Evans",
        "brand:wikidata": "Q4932386",
        "building": "commercial",
        "cuisine": "american",
        "name": "Bob Evans",
        "@geometry": "center"
      },
      "geometry": {
        "type": "Point",
        "coordinates": [
          -82.4398699,
          40.4019891
        ]
      },
      "id": "way/584709625"
    },
    {
      "type": "Feature",
      "properties": {
        "@id": "way/586439106",
        "addr:city": "Fremont",
        "addr:housenumber": "2011",
        "addr:postcode": "43420",
        "addr:state": "OH",
        "addr:street": "North State Route 53",
        "air_conditioning": "yes",
        "amenity": "restaurant",
        "brand": "Bob Evans",
        "brand:wikidata": "Q4932386",
        "building": "yes",
        "cuisine": "american",
        "internet_access": "wlan",
        "internet_access:fee": "no",
        "name": "Bob Evans",
        "phone": "+1-419-332-2544",
        "smoking": "no",
        "start_date": "1999",
        "takeaway": "yes",
        "@geometry": "center"
      },
      "geometry": {
        "type": "Point",
        "coordinates": [
          -83.1161063,
          41.3733866
        ]
      },
      "id": "way/586439106"
    },
    {
      "type": "Feature",
      "properties": {
        "@id": "way/590278809",
        "addr:city": "Mansfield",
        "addr:housenumber": "30",
        "addr:postcode": "44903",
        "addr:state": "OH",
        "addr:street": "West Hanley Road",
        "air_conditioning": "yes",
        "amenity": "restaurant",
        "brand": "Bob Evans",
        "brand:wikidata": "Q4932386",
        "building": "commercial",
        "cuisine": "american",
        "internet_access": "wlan",
        "internet_access:fee": "no",
        "name": "Bob Evans",
        "opening_hours": "Mo-Su 06:30-21:00",
        "phone": "+1-419-756-6031",
        "smoking": "no",
        "start_date": "1988",
        "takeaway": "yes",
        "website": "https://order.bobevans.com/menu/mansfield-2",
        "@geometry": "center"
      },
      "geometry": {
        "type": "Point",
        "coordinates": [
          -82.5127038,
          40.6967755
        ]
      },
      "id": "way/590278809"
    },
    {
      "type": "Feature",
      "properties": {
        "@id": "way/591640137",
        "amenity": "restaurant",
        "brand": "Bob Evans",
        "brand:wikidata": "Q4932386",
        "building": "yes",
        "cuisine": "american",
        "name": "Bob Evans",
        "@geometry": "center"
      },
      "geometry": {
        "type": "Point",
        "coordinates": [
          -88.9543751,
          39.8777319
        ]
      },
      "id": "way/591640137"
    },
    {
      "type": "Feature",
      "properties": {
        "@id": "way/593676737",
        "amenity": "restaurant",
        "brand": "Bob Evans",
        "brand:wikidata": "Q4932386",
        "building": "commercial",
        "building:levels": "1",
        "cuisine": "american",
        "drive_through": "yes",
        "name": "Bob Evans",
        "@geometry": "center"
      },
      "geometry": {
        "type": "Point",
        "coordinates": [
          -82.8393316,
          39.9552871
        ]
      },
      "id": "way/593676737"
    },
    {
      "type": "Feature",
      "properties": {
        "@id": "way/595232348",
        "amenity": "restaurant",
        "brand": "Bob Evans",
        "brand:wikidata": "Q4932386",
        "building": "yes",
        "cuisine": "american",
        "name": "Bob Evans",
        "@geometry": "center"
      },
      "geometry": {
        "type": "Point",
        "coordinates": [
          -83.1179538,
          39.9203875
        ]
      },
      "id": "way/595232348"
    },
    {
      "type": "Feature",
      "properties": {
        "@id": "way/595278765",
        "amenity": "restaurant",
        "brand": "Bob Evans",
        "brand:wikidata": "Q4932386",
        "building": "yes",
        "check_date": "2026-09-16",
        "cuisine": "american",
        "name": "Bob Evans",
        "@geometry": "center"
      },
      "geometry": {
        "type": "Point",
        "coordinates": [
          -83.6907895,
          41.6751968
        ]
      },
      "id": "way/595278765"
    },
    {
      "type": "Feature",
      "properties": {
        "@id": "way/595990765",
        "amenity": "restaurant",
        "brand": "Bob Evans",
        "brand:wikidata": "Q4932386",
        "building": "retail",
        "cuisine": "american",
        "name": "Bob Evans",
        "@geometry": "center"
      },
      "geometry": {
        "type": "Point",
        "coordinates": [
          -85.4031901,
          40.2185372
        ]
      },
      "id": "way/595990765"
    },
    {
      "type": "Feature",
      "properties": {
        "@id": "way/598090064",
        "amenity": "restaurant",
        "brand": "Bob Evans",
        "brand:wikidata": "Q4932386",
        "building": "commercial",
        "building:levels": "1",
        "cuisine": "american",
        "name": "Bob Evans",
        "@geometry": "center"
      },
      "geometry": {
        "type": "Point",
        "coordinates": [
          -83.047017,
          39.8782515
        ]
      },
      "id": "way/598090064"
    },
    {
      "type": "Feature",
      "properties": {
        "@id": "way/601093867",
        "amenity": "restaurant",
        "brand": "Bob Evans",
        "brand:wikidata": "Q4932386",
        "building": "yes",
        "cuisine": "american",
        "name": "Bob Evans",
        "@geometry": "center"
      },
      "geometry": {
        "type": "Point",
        "coordinates": [
          -82.4270976,
          40.0841388
        ]
      },
      "id": "way/601093867"
    },
    {
      "type": "Feature",
      "properties": {
        "@id": "way/604081705",
        "amenity": "restaurant",
        "brand": "Bob Evans",
        "brand:wikidata": "Q4932386",
        "building": "yes",
        "cuisine": "american",
        "name": "Bob Evans",
        "@geometry": "center"
      },
      "geometry": {
        "type": "Point",
        "coordinates": [
          -81.0547813,
          37.3607032
        ]
      },
      "id": "way/604081705"
    },
    {
      "type": "Feature",
      "properties": {
        "@id": "way/607611156",
        "amenity": "restaurant",
        "brand": "Bob Evans",
        "brand:wikidata": "Q4932386",
        "building": "commercial",
        "cuisine": "american",
        "name": "Bob Evans",
        "@geometry": "center"
      },
      "geometry": {
        "type": "Point",
        "coordinates": [
          -82.8820238,
          39.8923393
        ]
      },
      "id": "way/607611156"
    },
    {
      "type": "Feature",
      "properties": {
        "@id": "way/609808817",
        "amenity": "restaurant",
        "brand": "Bob Evans",
        "brand:wikidata": "Q4932386",
        "building": "yes",
        "cuisine": "american",
        "name": "Bob Evans",
        "@geometry": "center"
      },
      "geometry": {
        "type": "Point",
        "coordinates": [
          -82.15212,
          38.8357616
        ]
      },
      "id": "way/609808817"
    },
    {
      "type": "Feature",
      "properties": {
        "@id": "way/611700545",
        "addr:city": "Zanesville",
        "addr:housenumber": "450",
        "addr:postcode": "43701",
        "addr:state": "OH",
        "addr:street": "Underwood Street",
        "amenity": "restaurant",
        "brand": "Bob Evans",
        "brand:wikidata": "Q4932386",
        "building": "yes",
        "building:levels": "1",
        "contact:facebook": "https://www.facebook.com/BobEvansZanesville97",
        "contact:phone": "+1 740-452-6106",
        "cuisine": "american",
        "name": "Bob Evans",
        "opening_hours": "Mo-Su 07:00-20:00",
        "website": "https://www.bobevans.com/locations/zanesville-2",
        "@geometry": "center"
      },
      "geometry": {
        "type": "Point",
        "coordinates": [
          -82.0004333,
          39.9452223
        ]
      },
      "id": "way/611700545"
    },
    {
      "type": "Feature",
      "properties": {
        "@id": "way/618147830",
        "addr:city": "Madison Heights",
        "addr:housenumber": "32701",
        "addr:postcode": "48071",
        "addr:state": "MI",
        "addr:street": "Concord Drive",
        "amenity": "restaurant",
        "brand": "Bob Evans",
        "brand:wikidata": "Q4932386",
        "building": "yes",
        "cuisine": "american",
        "name": "Bob Evans",
        "opening_hours": "07:00-21:00",
        "phone": "+1-248-588-0770",
        "website": "https://www.bobevans.com/locations/madison-hts",
        "@geometry": "center"
      },
      "geometry": {
        "type": "Point",
        "coordinates": [
          -83.1126474,
          42.5326238
        ]
      },
      "id": "way/618147830"
    },
    {
      "type": "Feature",
      "properties": {
        "@id": "way/621352308",
        "addr:housenumber": "3489",
        "addr:postcode": "44224",
        "addr:street": "Hudson Drive",
        "amenity": "restaurant",
        "brand": "Bob Evans",
        "brand:wikidata": "Q4932386",
        "building": "yes",
        "check_date": "2024-09-27",
        "cuisine": "american",
        "indoor_seating": "yes",
        "name": "Bob Evans",
        "outdoor_seating": "no",
        "@geometry": "center"
      },
      "geometry": {
        "type": "Point",
        "coordinates": [
          -81.4764066,
          41.1644582
        ]
      },
      "id": "way/621352308"
    },
    {
      "type": "Feature",
      "properties": {
        "@id": "way/626291312",
        "amenity": "restaurant",
        "brand": "Bob Evans",
        "brand:wikidata": "Q4932386",
        "building": "yes",
        "cuisine": "american",
        "name": "Bob Evans",
        "@geometry": "center"
      },
      "geometry": {
        "type": "Point",
        "coordinates": [
          -83.6755096,
          41.9605035
        ]
      },
      "id": "way/626291312"
    },
    {
      "type": "Feature",
      "properties": {
        "@id": "way/631023330",
        "addr:city": "Columbus",
        "addr:housenumber": "1455",
        "addr:state": "OH",
        "addr:street": "Olentangy River Road",
        "amenity": "restaurant",
        "brand": "Bob Evans",
        "brand:wikidata": "Q4932386",
        "building": "retail",
        "cuisine": "american",
        "diet:vegetarian": "yes",
        "name": "Bob Evans",
        "opening_hours": "Mo-Su 07:00-21:00",
        "wheelchair": "yes",
        "@geometry": "center"
      },
      "geometry": {
        "type": "Point",
        "coordinates": [
          -83.0264154,
          39.9897652
        ]
      },
      "id": "way/631023330"
    },
    {
      "type": "Feature",
      "properties": {
        "@id": "way/636132087",
        "amenity": "restaurant",
        "brand": "Bob Evans",
        "brand:wikidata": "Q4932386",
        "building": "yes",
        "cuisine": "american",
        "name": "Bob Evans",
        "@geometry": "center"
      },
      "geometry": {
        "type": "Point",
        "coordinates": [
          -83.2391279,
          40.8355577
        ]
      },
      "id": "way/636132087"
    },
    {
      "type": "Feature",
      "properties": {
        "@id": "way/636142632",
        "amenity": "restaurant",
        "brand": "Bob Evans",
        "brand:wikidata": "Q4932386",
        "building": "yes",
        "cuisine": "american",
        "internet_access": "wlan",
        "name": "Bob Evans",
        "@geometry": "center"
      },
      "geometry": {
        "type": "Point",
        "coordinates": [
          -81.7266472,
          41.0474665
        ]
      },
      "id": "way/636142632"
    },
    {
      "type": "Feature",
      "properties": {
        "@id": "node/637667306",
        "amenity": "restaurant",
        "brand": "Bob Evans",
        "brand:wikidata": "Q4932386",
        "cuisine": "american",
        "name": "Bob Evans"
      },
      "geometry": {
        "type": "Point",
        "coordinates": [
          -81.9435383,
          40.8437642
        ]
      },
      "id": "node/637667306"
    },
    {
      "type": "Feature",
      "properties": {
        "@id": "way/639212941",
        "addr:city": "Buffalo",
        "addr:housenumber": "1925",
        "addr:postcode": "14228",
        "addr:state": "NY",
        "addr:street": "Niagara Falls Boulevard",
        "amenity": "restaurant",
        "brand": "Bob Evans",
        "brand:wikidata": "Q4932386",
        "building": "yes",
        "cuisine": "american",
        "name": "Bob Evans",
        "nysgissam:nysaddresspointid": "ERIE185643",
        "@geometry": "center"
      },
      "geometry": {
        "type": "Point",
        "coordinates": [
          -78.8217384,
          43.0070539
        ]
      },
      "id": "way/639212941"
    },
    {
      "type": "Feature",
      "properties": {
        "@id": "way/639972228",
        "amenity": "restaurant",
        "brand": "Bob Evans",
        "brand:wikidata": "Q4932386",
        "building": "retail",
        "cuisine": "american",
        "name": "Bob Evans",
        "@geometry": "center"
      },
      "geometry": {
        "type": "Point",
        "coordinates": [
          -81.122103,
          38.0341652
        ]
      },
      "id": "way/639972228"
    },
    {
      "type": "Feature",
      "properties": {
        "@id": "way/640420493",
        "amenity": "restaurant",
        "brand": "Bob Evans",
        "brand:wikidata": "Q4932386",
        "building": "retail",
        "cuisine": "american",
        "name": "Bob Evans",
        "@geometry": "center"
      },
      "geometry": {
        "type": "Point",
        "coordinates": [
          -79.5811937,
          40.3056077
        ]
      },
      "id": "way/640420493"
    },
    {
      "type": "Feature",
      "properties": {
        "@id": "way/646152816",
        "amenity": "restaurant",
        "brand": "Bob Evans",
        "brand:wikidata": "Q4932386",
        "building": "retail",
        "cuisine": "american",
        "name": "Bob Evans",
        "@geometry": "center"
      },
      "geometry": {
        "type": "Point",
        "coordinates": [
          -82.9218745,
          38.7542769
        ]
      },
      "id": "way/646152816"
    },
    {
      "type": "Feature",
      "properties": {
        "@id": "way/650762157",
        "amenity": "restaurant",
        "brand": "Bob Evans",
        "brand:wikidata": "Q4932386",
        "building": "yes",
        "cuisine": "american",
        "name": "Bob Evans",
        "@geometry": "center"
      },
      "geometry": {
        "type": "Point",
        "coordinates": [
          -86.2498297,
          41.7137552
        ]
      },
      "id": "way/650762157"
    },
    {
      "type": "Feature",
      "properties": {
        "@id": "way/653194226",
        "addr:city": "Saint Charles",
        "addr:housenumber": "1998",
        "addr:postcode": "63303",
        "addr:state": "MO",
        "addr:street": "Zumbehl Road",
        "amenity": "restaurant",
        "brand": "Bob Evans",
        "brand:wikidata": "Q4932386",
        "building": "yes",
        "cuisine": "american",
        "name": "Bob Evans",
        "@geometry": "center"
      },
      "geometry": {
        "type": "Point",
        "coordinates": [
          -90.5320867,
          38.7836559
        ]
      },
      "id": "way/653194226"
    },
    {
      "type": "Feature",
      "properties": {
        "@id": "way/658261407",
        "amenity": "restaurant",
        "brand": "Bob Evans",
        "brand:wikidata": "Q4932386",
        "building": "yes",
        "cuisine": "american",
        "name": "Bob Evans",
        "@geometry": "center"
      },
      "geometry": {
        "type": "Point",
        "coordinates": [
          -83.1264436,
          40.0997907
        ]
      },
      "id": "way/658261407"
    },
    {
      "type": "Feature",
      "properties": {
        "@id": "way/659152202",
        "addr:city": "Lansing",
        "addr:housenumber": "900",
        "addr:postcode": "48911",
        "addr:state": "MI",
        "addr:street": "American Road",
        "amenity": "restaurant",
        "brand": "Bob Evans",
        "brand:wikidata": "Q4932386",
        "building": "yes",
        "cuisine": "american",
        "name": "Bob Evans",
        "@geometry": "center"
      },
      "geometry": {
        "type": "Point",
        "coordinates": [
          -84.540311,
          42.661187
        ]
      },
      "id": "way/659152202"
    },
    {
      "type": "Feature",
      "properties": {
        "@id": "way/665377668",
        "amenity": "restaurant",
        "brand": "Bob Evans",
        "brand:wikidata": "Q4932386",
        "building": "yes",
        "cuisine": "american",
        "name": "Bob Evans",
        "@geometry": "center"
      },
      "geometry": {
        "type": "Point",
        "coordinates": [
          -81.6276376,
          30.1833419
        ]
      },
      "id": "way/665377668"
    },
    {
      "type": "Feature",
      "properties": {
        "@id": "way/674544767",
        "addr:city": "Wentzville",
        "addr:housenumber": "3001",
        "addr:postcode": "63385",
        "addr:state": "MO",
        "addr:street": "Wentzville Parkway",
        "amenity": "restaurant",
        "brand": "Bob Evans",
        "brand:wikidata": "Q4932386",
        "building": "yes",
        "cuisine": "american",
        "delivery": "yes",
        "name": "Bob Evans",
        "opening_hours": "Mo-Su 06:30-21:00",
        "phone": "+1 636-327-0465",
        "ref": "47239",
        "website": "https://www.bobevans.com/locations/wentzville",
        "@geometry": "center"
      },
      "geometry": {
        "type": "Point",
        "coordinates": [
          -90.8757135,
          38.811568
        ]
      },
      "id": "way/674544767"
    },
    {
      "type": "Feature",
      "properties": {
        "@id": "way/675005542",
        "amenity": "restaurant",
        "brand": "Bob Evans",
        "brand:wikidata": "Q4932386",
        "building": "commercial",
        "cuisine": "american",
        "name": "Bob Evans",
        "@geometry": "center"
      },
      "geometry": {
        "type": "Point",
        "coordinates": [
          -82.9291015,
          40.2673745
        ]
      },
      "id": "way/675005542"
    },
    {
      "type": "Feature",
      "properties": {
        "@id": "way/676311879",
        "addr:city": "Washington",
        "addr:housenumber": "490",
        "addr:postcode": "15301",
        "addr:state": "PA",
        "addr:street": "Oak Spring Road",
        "amenity": "restaurant",
        "brand": "Bob Evans",
        "brand:wikidata": "Q4932386",
        "building": "yes",
        "cuisine": "american",
        "name": "Bob Evans",
        "@geometry": "center"
      },
      "geometry": {
        "type": "Point",
        "coordinates": [
          -80.2342642,
          40.1823849
        ]
      },
      "id": "way/676311879"
    },
    {
      "type": "Feature",
      "properties": {
        "@id": "way/685074887",
        "addr:city": "Myrtle Beach",
        "addr:housenumber": "175",
        "addr:postcode": "29588",
        "addr:state": "SC",
        "addr:street": "Brookton Circle",
        "amenity": "restaurant",
        "brand": "Bob Evans",
        "brand:wikidata": "Q4932386",
        "building": "yes",
        "cuisine": "american",
        "name": "Bob Evans",
        "opening_hours": "Mo-Su 07:00-21:00",
        "phone": "+1-843-293-0945",
        "website": "https://www.bobevans.com/locations/myrtle-beach-2",
        "@geometry": "center"
      },
      "geometry": {
        "type": "Point",
        "coordinates": [
          -78.9824459,
          33.6515242
        ]
      },
      "id": "way/685074887"
    },
    {
      "type": "Feature",
      "properties": {
        "@id": "way/687986637",
        "addr:city": "Mansfield",
        "addr:housenumber": "525",
        "addr:postcode": "44906",
        "addr:state": "OH",
        "addr:street": "North Trimble Road",
        "air_conditioning": "yes",
        "amenity": "restaurant",
        "brand": "Bob Evans",
        "brand:wikidata": "Q4932386",
        "building": "commercial",
        "cuisine": "american",
        "indoor_seating": "yes",
        "internet_access": "wlan",
        "internet_access:fee": "no",
        "name": "Bob Evans",
        "opening_hours": "Mo-Su 06:30-21:00",
        "outdoor_seating": "no",
        "phone": "+1-419-529-2228",
        "start_date": "1980",
        "takeaway": "yes",
        "website": "https://www.bobevans.com/",
        "@geometry": "center"
      },
      "geometry": {
        "type": "Point",
        "coordinates": [
          -82.5524561,
          40.7732992
        ]
      },
      "id": "way/687986637"
    },
    {
      "type": "Feature",
      "properties": {
        "@id": "way/696281464",
        "amenity": "restaurant",
        "brand": "Bob Evans",
        "brand:wikidata": "Q4932386",
        "building": "yes",
        "cuisine": "american",
        "name": "Bob Evans",
        "takeaway": "yes",
        "@geometry": "center"
      },
      "geometry": {
        "type": "Point",
        "coordinates": [
          -82.7124446,
          28.2899468
        ]
      },
      "id": "way/696281464"
    },
    {
      "type": "Feature",
      "properties": {
        "@id": "way/702216672",
        "addr:housenumber": "1700",
        "addr:street": "N Barron St",
        "amenity": "restaurant",
        "brand": "Bob Evans",
        "brand:wikidata": "Q4932386",
        "building": "yes",
        "cuisine": "american",
        "name": "Bob Evans",
        "@geometry": "center"
      },
      "geometry": {
        "type": "Point",
        "coordinates": [
          -84.6358635,
          39.7668321
        ]
      },
      "id": "way/702216672"
    },
    {
      "type": "Feature",
      "properties": {
        "@id": "way/702571037",
        "amenity": "restaurant",
        "brand": "Bob Evans",
        "brand:wikidata": "Q4932386",
        "building": "retail",
        "cuisine": "american",
        "name": "Bob Evans",
        "@geometry": "center"
      },
      "geometry": {
        "type": "Point",
        "coordinates": [
          -88.9547527,
          38.3150517
        ]
      },
      "id": "way/702571037"
    },
    {
      "type": "Feature",
      "properties": {
        "@id": "way/705094024",
        "addr:city": "Smithfield",
        "addr:housenumber": "907",
        "addr:postcode": "27577",
        "addr:state": "NC",
        "addr:street": "Venture Drive",
        "amenity": "restaurant",
        "brand": "Bob Evans",
        "brand:wikidata": "Q4932386",
        "cuisine": "american",
        "name": "Bob Evans",
        "phone": "+1-919-938-1267",
        "@geometry": "center"
      },
      "geometry": {
        "type": "Point",
        "coordinates": [
          -78.3180838,
          35.5067144
        ]
      },
      "id": "way/705094024"
    },
    {
      "type": "Feature",
      "properties": {
        "@id": "way/723189686",
        "amenity": "restaurant",
        "brand": "Bob Evans",
        "brand:wikidata": "Q4932386",
        "building": "yes",
        "cuisine": "american",
        "name": "Bob Evans",
        "@geometry": "center"
      },
      "geometry": {
        "type": "Point",
        "coordinates": [
          -80.833947,
          38.2993234
        ]
      },
      "id": "way/723189686"
    },
    {
      "type": "Feature",
      "properties": {
        "@id": "way/725944947",
        "amenity": "restaurant",
        "brand": "Bob Evans",
        "brand:wikidata": "Q4932386",
        "building": "yes",
        "cuisine": "american",
        "name": "Bob Evans",
        "@geometry": "center"
      },
      "geometry": {
        "type": "Point",
        "coordinates": [
          -84.2217309,
          40.1504791
        ]
      },
      "id": "way/725944947"
    },
    {
      "type": "Feature",
      "properties": {
        "@id": "way/731983822",
        "addr:city": "Terre Haute",
        "addr:housenumber": "155",
        "addr:postcode": "47802",
        "addr:state": "IN",
        "addr:street": "Margaret Avenue",
        "amenity": "restaurant",
        "brand": "Bob Evans",
        "brand:wikidata": "Q4932386",
        "building": "yes",
        "cuisine": "american",
        "name": "Bob Evans",
        "opening_hours": "Mo-Su 06:00-21:00",
        "phone": "+1-812-232-1059",
        "website": "https://www.bobevans.com/locations/terre-haute",
        "@geometry": "center"
      },
      "geometry": {
        "type": "Point",
        "coordinates": [
          -87.4150173,
          39.4334739
        ]
      },
      "id": "way/731983822"
    },
    {
      "type": "Feature",
      "properties": {
        "@id": "way/734819774",
        "addr:city": "Clearwater",
        "addr:housenumber": "2183",
        "addr:postcode": "33765",
        "addr:state": "FL",
        "addr:street": "Gulf to Bay Boulevard",
        "amenity": "restaurant",
        "brand": "Bob Evans",
        "brand:wikidata": "Q4932386",
        "building": "yes",
        "cuisine": "american",
        "name": "Bob Evans",
        "@geometry": "center"
      },
      "geometry": {
        "type": "Point",
        "coordinates": [
          -82.7465664,
          27.9596033
        ]
      },
      "id": "way/734819774"
    },
    {
      "type": "Feature",
      "properties": {
        "@id": "way/738659175",
        "amenity": "restaurant",
        "brand": "Bob Evans",
        "brand:wikidata": "Q4932386",
        "building": "commercial",
        "cuisine": "american",
        "name": "Bob Evans",
        "@geometry": "center"
      },
      "geometry": {
        "type": "Point",
        "coordinates": [
          -82.8951498,
          39.9743735
        ]
      },
      "id": "way/738659175"
    },
    {
      "type": "Feature",
      "properties": {
        "@id": "way/739452053",
        "addr:city": "Burbank",
        "addr:country": "US",
        "addr:housenumber": "10054",
        "addr:postcode": "44214",
        "addr:state": "OH",
        "addr:street": "Stelzer Drive",
        "amenity": "restaurant",
        "brand": "Bob Evans",
        "brand:wikidata": "Q4932386",
        "building": "yes",
        "cuisine": "american",
        "name": "Bob Evans",
        "@geometry": "center"
      },
      "geometry": {
        "type": "Point",
        "coordinates": [
          -81.9956425,
          40.9988995
        ]
      },
      "id": "way/739452053"
    },
    {
      "type": "Feature",
      "properties": {
        "@id": "way/741750947",
        "addr:city": "Centerville",
        "addr:housenumber": "7115",
        "addr:postcode": "45459",
        "addr:state": "OH",
        "addr:street": "Far Hills Avenue",
        "amenity": "restaurant",
        "brand": "Bob Evans",
        "brand:wikidata": "Q4932386",
        "building": "yes",
        "cuisine": "american",
        "name": "Bob Evans",
        "opening_hours": "Mo-Fr 06:30-21:00; Sa-Su 07:00-21:00",
        "phone": "+1-937-434-1366",
        "website": "https://www.bobevans.com/locations/centerville",
        "@geometry": "center"
      },
      "geometry": {
        "type": "Point",
        "coordinates": [
          -84.1583471,
          39.6420778
        ]
      },
      "id": "way/741750947"
    },
    {
      "type": "Feature",
      "properties": {
        "@id": "way/742057264",
        "amenity": "restaurant",
        "brand": "Bob Evans",
        "brand:wikidata": "Q4932386",
        "building": "yes",
        "cuisine": "american",
        "name": "Bob Evans",
        "@geometry": "center"
      },
      "geometry": {
        "type": "Point",
        "coordinates": [
          -83.8137144,
          39.8953305
        ]
      },
      "id": "way/742057264"
    },
    {
      "type": "Feature",
      "properties": {
        "@id": "way/742363721",
        "amenity": "restaurant",
        "brand": "Bob Evans",
        "brand:wikidata": "Q4932386",
        "building": "yes",
        "cuisine": "american",
        "name": "Bob Evans",
        "@geometry": "center"
      },
      "geometry": {
        "type": "Point",
        "coordinates": [
          -88.6782676,
          37.0799735
        ]
      },
      "id": "way/742363721"
    },
    {
      "type": "Feature",
      "properties": {
        "@id": "way/745528518",
        "amenity": "restaurant",
        "brand": "Bob Evans",
        "brand:wikidata": "Q4932386",
        "building": "yes",
        "cuisine": "american",
        "name": "Bob Evans",
        "@geometry": "center"
      },
      "geometry": {
        "type": "Point",
        "coordinates": [
          -82.8289686,
          39.8563142
        ]
      },
      "id": "way/745528518"
    },
    {
      "type": "Feature",
      "properties": {
        "@id": "way/750773791",
        "amenity": "restaurant",
        "brand": "Bob Evans",
        "brand:wikidata": "Q4932386",
        "building": "yes",
        "cuisine": "american",
        "name": "Bob Evans",
        "wheelchair": "yes",
        "@geometry": "center"
      },
      "geometry": {
        "type": "Point",
        "coordinates": [
          -84.6263605,
          37.0509273
        ]
      },
      "id": "way/750773791"
    },
    {
      "type": "Feature",
      "properties": {
        "@id": "way/750888713",
        "amenity": "restaurant",
        "brand": "Bob Evans",
        "brand:wikidata": "Q4932386",
        "building": "yes",
        "cuisine": "american",
        "name": "Bob Evans",
        "@geometry": "center"
      },
      "geometry": {
        "type": "Point",
        "coordinates": [
          -83.2279955,
          42.140007
        ]
      },
      "id": "way/750888713"
    },
    {
      "type": "Feature",
      "properties": {
        "@id": "way/754146853",
        "amenity": "restaurant",
        "brand": "Bob Evans",
        "brand:wikidata": "Q4932386",
        "building": "yes",
        "cuisine": "american",
        "name": "Bob Evans",
        "@geometry": "center"
      },
      "geometry": {
        "type": "Point",
        "coordinates": [
          -82.4493844,
          42.991365
        ]
      },
      "id": "way/754146853"
    },
    {
      "type": "Feature",
      "properties": {
        "@id": "way/755541898",
        "amenity": "restaurant",
        "brand": "Bob Evans",
        "brand:wikidata": "Q4932386",
        "building": "yes",
        "cuisine": "american",
        "name": "Bob Evans",
        "@geometry": "center"
      },
      "geometry": {
        "type": "Point",
        "coordinates": [
          -83.7418641,
          42.9876793
        ]
      },
      "id": "way/755541898"
    },
    {
      "type": "Feature",
      "properties": {
        "@id": "way/758768049",
        "addr:housenumber": "1461",
        "addr:postcode": "43113",
        "addr:street": "S Court St",
        "amenity": "restaurant",
        "brand": "Bob Evans",
        "brand:wikidata": "Q4932386",
        "building": "yes",
        "cuisine": "american",
        "name": "Bob Evans",
        "website": "https://www.bobevans.com/",
        "@geometry": "center"
      },
      "geometry": {
        "type": "Point",
        "coordinates": [
          -82.9522235,
          39.582705
        ]
      },
      "id": "way/758768049"
    },
    {
      "type": "Feature",
      "properties": {
        "@id": "way/768974672",
        "amenity": "restaurant",
        "brand": "Bob Evans",
        "brand:wikidata": "Q4932386",
        "building": "yes",
        "cuisine": "american",
        "name": "Bob Evans",
        "@geometry": "center"
      },
      "geometry": {
        "type": "Point",
        "coordinates": [
          -83.6780165,
          42.9435265
        ]
      },
      "id": "way/768974672"
    },
    {
      "type": "Feature",
      "properties": {
        "@id": "way/771175535",
        "amenity": "restaurant",
        "brand": "Bob Evans",
        "brand:wikidata": "Q4932386",
        "building": "yes",
        "cuisine": "american",
        "name": "Bob Evans",
        "@geometry": "center"
      },
      "geometry": {
        "type": "Point",
        "coordinates": [
          -83.8898907,
          43.6241044
        ]
      },
      "id": "way/771175535"
    },
    {
      "type": "Feature",
      "properties": {
        "@id": "way/772544902",
        "addr:city": "Marietta",
        "addr:housenumber": "504",
        "addr:postcode": "45750",
        "addr:state": "OH",
        "addr:street": "Pike Street",
        "amenity": "restaurant",
        "brand": "Bob Evans",
        "brand:wikidata": "Q4932386",
        "building": "yes",
        "cuisine": "american",
        "name": "Bob Evans",
        "opening_hours": "Mo-Fr 06:30-21:00; Sa-Su 07:00-21:00",
        "phone": "+1740-374-7474",
        "website": "https://www.bobevans.com/locations/marietta",
        "@geometry": "center"
      },
      "geometry": {
        "type": "Point",
        "coordinates": [
          -81.4291982,
          39.4093417
        ]
      },
      "id": "way/772544902"
    },
    {
      "type": "Feature",
      "properties": {
        "@id": "way/785477453",
        "amenity": "restaurant",
        "brand": "Bob Evans",
        "brand:wikidata": "Q4932386",
        "building": "yes",
        "cuisine": "american",
        "name": "Bob Evans",
        "@geometry": "center"
      },
      "geometry": {
        "type": "Point",
        "coordinates": [
          -81.8628772,
          41.1640411
        ]
      },
      "id": "way/785477453"
    },
    {
      "type": "Feature",
      "properties": {
        "@id": "way/785494715",
        "amenity": "restaurant",
        "brand": "Bob Evans",
        "brand:wikidata": "Q4932386",
        "building": "yes",
        "cuisine": "american",
        "name": "Bob Evans",
        "@geometry": "center"
      },
      "geometry": {
        "type": "Point",
        "coordinates": [
          -81.7964879,
          41.1367271
        ]
      },
      "id": "way/785494715"
    },
    {
      "type": "Feature",
      "properties": {
        "@id": "way/796311222",
        "addr:city": "Wytheville",
        "addr:housenumber": "190",
        "addr:postcode": "24382",
        "addr:state": "VA",
        "addr:street": "Lithia Road",
        "amenity": "restaurant",
        "brand": "Bob Evans",
        "brand:wikidata": "Q4932386",
        "building": "yes",
        "cuisine": "american",
        "name": "Bob Evans",
        "@geometry": "center"
      },
      "geometry": {
        "type": "Point",
        "coordinates": [
          -81.0560694,
          36.9488561
        ]
      },
      "id": "way/796311222"
    },
    {
      "type": "Feature",
      "properties": {
        "@id": "way/797229848",
        "addr:city": "Youngstown",
        "addr:housenumber": "7347",
        "addr:postcode": "44512",
        "addr:state": "OH",
        "addr:street": "California Avenue",
        "air_conditioning": "yes",
        "amenity": "restaurant",
        "brand": "Bob Evans",
        "brand:wikidata": "Q4932386",
        "building": "yes",
        "building:levels": "1",
        "cuisine": "american",
        "name": "Bob Evans",
        "opening_hours": "Mo-Su 07:00-21:00",
        "outdoor_seating": "no",
        "phone": "+1 330 726 9934",
        "roof:shape": "flat",
        "website": "https://www.bobevans.com/locations/boardman",
        "@geometry": "center"
      },
      "geometry": {
        "type": "Point",
        "coordinates": [
          -80.6559627,
          41.0228856
        ]
      },
      "id": "way/797229848"
    },
    {
      "type": "Feature",
      "properties": {
        "@id": "way/804956831",
        "addr:city": "Ashland",
        "addr:housenumber": "1304",
        "addr:postcode": "44805",
        "addr:state": "OH",
        "addr:street": "East Main Street",
        "amenity": "restaurant",
        "brand": "Bob Evans",
        "brand:wikidata": "Q4932386",
        "building": "commercial",
        "cuisine": "american",
        "name": "Bob Evans",
        "phone": "+1-419-281-4729",
        "website": "https://www.bobevans.com",
        "@geometry": "center"
      },
      "geometry": {
        "type": "Point",
        "coordinates": [
          -82.2889401,
          40.8640723
        ]
      },
      "id": "way/804956831"
    },
    {
      "type": "Feature",
      "properties": {
        "@id": "way/826594303",
        "amenity": "restaurant",
        "brand": "Bob Evans",
        "brand:wikidata": "Q4932386",
        "building": "yes",
        "cuisine": "american",
        "name": "Bob Evans",
        "source": "microsoft/BuildingFootprints",
        "@geometry": "center"
      },
      "geometry": {
        "type": "Point",
        "coordinates": [
          -81.335721,
          28.6564835
        ]
      },
      "id": "way/826594303"
    },
    {
      "type": "Feature",
      "properties": {
        "@id": "way/832431641",
        "amenity": "restaurant",
        "brand": "Bob Evans",
        "brand:wikidata": "Q4932386",
        "building": "yes",
        "cuisine": "american",
        "name": "Bob Evans",
        "source": "microsoft/BuildingFootprints",
        "@geometry": "center"
      },
      "geometry": {
        "type": "Point",
        "coordinates": [
          -80.1424525,
          39.8982405
        ]
      },
      "id": "way/832431641"
    },
    {
      "type": "Feature",
      "properties": {
        "@id": "way/857899352",
        "addr:city": "Charlotte",
        "addr:housenumber": "9253",
        "addr:postcode": "28269",
        "addr:state": "NC",
        "addr:street": "Statesville Road",
        "amenity": "restaurant",
        "brand": "Bob Evans",
        "brand:wikidata": "Q4932386",
        "building": "yes",
        "cuisine": "american",
        "name": "Bob Evans",
        "phone": "+1-704-599-5414",
        "source": "microsoft/BuildingFootprints",
        "@geometry": "center"
      },
      "geometry": {
        "type": "Point",
        "coordinates": [
          -80.8422205,
          35.3476465
        ]
      },
      "id": "way/857899352"
    },
    {
      "type": "Feature",
      "properties": {
        "@id": "way/863230296",
        "addr:city": "Jackson",
        "addr:housenumber": "770",
        "addr:postcode": "45640",
        "addr:state": "OH",
        "addr:street": "East Main Street",
        "amenity": "restaurant",
        "brand": "Bob Evans",
        "brand:wikidata": "Q4932386",
        "building": "retail",
        "cuisine": "american",
        "name": "Bob Evans",
        "source": "esri_USDOT_Ohio",
        "@geometry": "center"
      },
      "geometry": {
        "type": "Point",
        "coordinates": [
          -82.6280983,
          39.0414523
        ]
      },
      "id": "way/863230296"
    },
    {
      "type": "Feature",
      "properties": {
        "@id": "node/874259570",
        "amenity": "restaurant",
        "brand": "Bob Evans",
        "brand:wikidata": "Q4932386",
        "check_date": "2023-03-16",
        "cuisine": "american",
        "name": "Bob Evans"
      },
      "geometry": {
        "type": "Point",
        "coordinates": [
          -86.3284805,
          41.3620808
        ]
      },
      "id": "node/874259570"
    },
    {
      "type": "Feature",
      "properties": {
        "@id": "way/882118509",
        "addr:city": "Sarasota",
        "addr:housenumber": "5903",
        "addr:postcode": "34232",
        "addr:state": "FL",
        "addr:street": "Brookhill Boulevard",
        "amenity": "restaurant",
        "brand": "Bob Evans",
        "brand:wikidata": "Q4932386",
        "building": "yes",
        "cuisine": "american",
        "name": "Bob Evans",
        "source": "microsoft/BuildingFootprints",
        "@geometry": "center"
      },
      "geometry": {
        "type": "Point",
        "coordinates": [
          -82.451707,
          27.3375335
        ]
      },
      "id": "way/882118509"
    },
    {
      "type": "Feature",
      "properties": {
        "@id": "way/887910547",
        "addr:city": "Newark",
        "addr:housenumber": "402",
        "addr:postcode": "19702",
        "addr:state": "DE",
        "addr:street": "Eagle Run Road",
        "amenity": "restaurant",
        "brand": "Bob Evans",
        "brand:wikidata": "Q4932386",
        "building": "yes",
        "check_date": "2025-11-19",
        "cuisine": "american",
        "name": "Bob Evans",
        "opening_hours": "07:00-21:00",
        "phone": "+1 302-369-3122",
        "website": "https://www.bobevans.com/locations/newark-de",
        "@geometry": "center"
      },
      "geometry": {
        "type": "Point",
        "coordinates": [
          -75.6703892,
          39.6696428
        ]
      },
      "id": "way/887910547"
    },
    {
      "type": "Feature",
      "properties": {
        "@id": "way/889341106",
        "amenity": "restaurant",
        "brand": "Bob Evans",
        "brand:wikidata": "Q4932386",
        "building": "yes",
        "cuisine": "american",
        "name": "Bob Evans",
        "@geometry": "center"
      },
      "geometry": {
        "type": "Point",
        "coordinates": [
          -81.4888408,
          41.4589843
        ]
      },
      "id": "way/889341106"
    },
    {
      "type": "Feature",
      "properties": {
        "@id": "way/894079635",
        "addr:city": "Elizabethtown",
        "addr:housenumber": "1708",
        "addr:postcode": "42701",
        "addr:state": "KY",
        "addr:street": "North Dixie Highway",
        "amenity": "restaurant",
        "brand": "Bob Evans",
        "brand:wikidata": "Q4932386",
        "building": "yes",
        "cuisine": "american",
        "name": "Bob Evans",
        "opening_hours": "Mo-Su 07:00-21:00",
        "phone": "+1-270-769-2178",
        "website": "https://www.bobevans.com/locations/elizabethtown",
        "@geometry": "center"
      },
      "geometry": {
        "type": "Point",
        "coordinates": [
          -85.8873241,
          37.7334281
        ]
      },
      "id": "way/894079635"
    },
    {
      "type": "Feature",
      "properties": {
        "@id": "way/906007946",
        "amenity": "restaurant",
        "brand": "Bob Evans",
        "brand:wikidata": "Q4932386",
        "building": "yes",
        "cuisine": "american",
        "name": "Bob Evans",
        "@geometry": "center"
      },
      "geometry": {
        "type": "Point",
        "coordinates": [
          -81.5777214,
          40.0015918
        ]
      },
      "id": "way/906007946"
    },
    {
      "type": "Feature",
      "properties": {
        "@id": "way/913032269",
        "amenity": "restaurant",
        "brand": "Bob Evans",
        "brand:wikidata": "Q4932386",
        "building": "yes",
        "cuisine": "american",
        "name": "Bob Evans",
        "@geometry": "center"
      },
      "geometry": {
        "type": "Point",
        "coordinates": [
          -83.2672946,
          42.3002743
        ]
      },
      "id": "way/913032269"
    },
    {
      "type": "Feature",
      "properties": {
        "@id": "way/918366173",
        "amenity": "restaurant",
        "brand": "Bob Evans",
        "brand:wikidata": "Q4932386",
        "building": "retail",
        "cuisine": "american",
        "name": "Bob Evans",
        "@geometry": "center"
      },
      "geometry": {
        "type": "Point",
        "coordinates": [
          -83.4228456,
          39.551392
        ]
      },
      "id": "way/918366173"
    },
    {
      "type": "Feature",
      "properties": {
        "@id": "way/919044306",
        "amenity": "restaurant",
        "brand": "Bob Evans",
        "brand:wikidata": "Q4932386",
        "building": "yes",
        "cuisine": "american",
        "name": "Bob Evans",
        "@geometry": "center"
      },
      "geometry": {
        "type": "Point",
        "coordinates": [
          -80.8588453,
          39.6662529
        ]
      },
      "id": "way/919044306"
    },
    {
      "type": "Feature",
      "properties": {
        "@id": "way/920160601",
        "amenity": "restaurant",
        "brand": "Bob Evans",
        "brand:wikidata": "Q4932386",
        "building": "yes",
        "cuisine": "american",
        "name": "Bob Evans",
        "source": "microsoft/BuildingFootprints",
        "@geometry": "center"
      },
      "geometry": {
        "type": "Point",
        "coordinates": [
          -82.0372155,
          39.0112497
        ]
      },
      "id": "way/920160601"
    },
    {
      "type": "Feature",
      "properties": {
        "@id": "way/923598503",
        "amenity": "restaurant",
        "brand": "Bob Evans",
        "brand:wikidata": "Q4932386",
        "building": "yes",
        "cuisine": "american",
        "name": "Bob Evans",
        "@geometry": "center"
      },
      "geometry": {
        "type": "Point",
        "coordinates": [
          -82.8243055,
          37.8263181
        ]
      },
      "id": "way/923598503"
    },
    {
      "type": "Feature",
      "properties": {
        "@id": "way/933671443",
        "amenity": "restaurant",
        "brand": "Bob Evans",
        "brand:wikidata": "Q4932386",
        "building": "yes",
        "cuisine": "american",
        "name": "Bob Evans",
        "@geometry": "center"
      },
      "geometry": {
        "type": "Point",
        "coordinates": [
          -83.4798254,
          41.6372953
        ]
      },
      "id": "way/933671443"
    },
    {
      "type": "Feature",
      "properties": {
        "@id": "way/965002736",
        "addr:city": "Adrian",
        "addr:housenumber": "1417",
        "addr:postcode": "49221",
        "addr:state": "MI",
        "addr:street": "South Main Street",
        "amenity": "restaurant",
        "brand": "Bob Evans",
        "brand:wikidata": "Q4932386",
        "building": "yes",
        "cuisine": "american",
        "name": "Bob Evans",
        "@geometry": "center"
      },
      "geometry": {
        "type": "Point",
        "coordinates": [
          -84.0424017,
          41.8764092
        ]
      },
      "id": "way/965002736"
    },
    {
      "type": "Feature",
      "properties": {
        "@id": "way/965332401",
        "addr:city": "Lancaster",
        "addr:country": "US",
        "addr:postcode": "43130",
        "addr:state": "OH",
        "amenity": "restaurant",
        "brand": "Bob Evans",
        "brand:wikidata": "Q4932386",
        "building": "yes",
        "cuisine": "american",
        "name": "Bob Evans",
        "opening_hours": "Mo-Su 07:00-21:00",
        "@geometry": "center"
      },
      "geometry": {
        "type": "Point",
        "coordinates": [
          -82.6275375,
          39.7357532
        ]
      },
      "id": "way/965332401"
    },
    {
      "type": "Feature",
      "properties": {
        "@id": "way/981878621",
        "amenity": "restaurant",
        "brand": "Bob Evans",
        "brand:wikidata": "Q4932386",
        "building": "yes",
        "cuisine": "american",
        "name": "Bob Evans",
        "@geometry": "center"
      },
      "geometry": {
        "type": "Point",
        "coordinates": [
          -82.7857914,
          39.9265308
        ]
      },
      "id": "way/981878621"
    },
    {
      "type": "Feature",
      "properties": {
        "@id": "way/986284181",
        "amenity": "restaurant",
        "brand": "Bob Evans",
        "brand:wikidata": "Q4932386",
        "building": "yes",
        "cuisine": "american",
        "name": "Bob Evans",
        "@geometry": "center"
      },
      "geometry": {
        "type": "Point",
        "coordinates": [
          -82.9996796,
          39.8830862
        ]
      },
      "id": "way/986284181"
    },
    {
      "type": "Feature",
      "properties": {
        "@id": "way/990093485",
        "amenity": "restaurant",
        "brand": "Bob Evans",
        "brand:wikidata": "Q4932386",
        "building": "yes",
        "cuisine": "american",
        "name": "Bob Evans",
        "@geometry": "center"
      },
      "geometry": {
        "type": "Point",
        "coordinates": [
          -85.407278,
          44.2781817
        ]
      },
      "id": "way/990093485"
    },
    {
      "type": "Feature",
      "properties": {
        "@id": "way/993821048",
        "addr:city": "Logansport",
        "addr:housenumber": "3815",
        "addr:postcode": "46947",
        "addr:state": "IN",
        "addr:street": "East Market Street",
        "amenity": "restaurant",
        "brand": "Bob Evans",
        "brand:wikidata": "Q4932386",
        "building": "retail",
        "cuisine": "american",
        "internet_access": "wlan",
        "internet_access:fee": "no",
        "internet_access:ssid": "BobEvansPublic",
        "name": "Bob Evans",
        "opening_hours": "Mo-Sa 06:00-21:00; Su 07:00-21:00",
        "phone": "+1 574-722-1028",
        "toilets": "yes",
        "website": "https://www.bobevans.com/our-restaurants/locations/2021",
        "@geometry": "center"
      },
      "geometry": {
        "type": "Point",
        "coordinates": [
          -86.314729,
          40.7568907
        ]
      },
      "id": "way/993821048"
    },
    {
      "type": "Feature",
      "properties": {
        "@id": "way/996749796",
        "amenity": "restaurant",
        "brand": "Bob Evans",
        "brand:wikidata": "Q4932386",
        "building": "retail",
        "cuisine": "american",
        "name": "Bob Evans",
        "@geometry": "center"
      },
      "geometry": {
        "type": "Point",
        "coordinates": [
          -76.8191708,
          40.849917
        ]
      },
      "id": "way/996749796"
    },
    {
      "type": "Feature",
      "properties": {
        "@id": "way/1019609790",
        "addr:city": "Ocala",
        "addr:housenumber": "3535",
        "addr:postcode": "34474",
        "addr:state": "FL",
        "addr:street": "Southwest College Road",
        "amenity": "restaurant",
        "brand": "Bob Evans",
        "brand:wikidata": "Q4932386",
        "building": "yes",
        "cuisine": "american",
        "name": "Bob Evans",
        "opening_hours": "Mo-Su 07:00-21:00",
        "phone": "+1-352-854-0099",
        "website": "https://www.bobevans.com/",
        "@geometry": "center"
      },
      "geometry": {
        "type": "Point",
        "coordinates": [
          -82.1818658,
          29.1541543
        ]
      },
      "id": "way/1019609790"
    },
    {
      "type": "Feature",
      "properties": {
        "@id": "way/1023560067",
        "addr:city": "Zanesville",
        "addr:housenumber": "3006",
        "addr:postcode": "43701",
        "addr:state": "OH",
        "addr:street": "Maple Avenue",
        "amenity": "restaurant",
        "brand": "Bob Evans",
        "brand:wikidata": "Q4932386",
        "building": "retail",
        "contact:facebook": "https://www.facebook.com/BobEvansZanesville60",
        "contact:phone": "+1 740-450-3206",
        "cuisine": "american",
        "name": "Bob Evans",
        "opening_hours": "Mo-Su 07:00-21:00",
        "website": "https://www.bobevans.com/locations/zanesville",
        "@geometry": "center"
      },
      "geometry": {
        "type": "Point",
        "coordinates": [
          -82.0149459,
          39.9770492
        ]
      },
      "id": "way/1023560067"
    },
    {
      "type": "Feature",
      "properties": {
        "@id": "way/1051637103",
        "amenity": "restaurant",
        "brand": "Bob Evans",
        "brand:wikidata": "Q4932386",
        "building": "yes",
        "cuisine": "american",
        "name": "Bob Evans",
        "@geometry": "center"
      },
      "geometry": {
        "type": "Point",
        "coordinates": [
          -86.6949127,
          36.220617
        ]
      },
      "id": "way/1051637103"
    },
    {
      "type": "Feature",
      "properties": {
        "@id": "way/1066247412",
        "amenity": "restaurant",
        "brand": "Bob Evans",
        "brand:wikidata": "Q4932386",
        "building": "yes",
        "cuisine": "american",
        "name": "Bob Evans",
        "@geometry": "center"
      },
      "geometry": {
        "type": "Point",
        "coordinates": [
          -80.1163787,
          40.28828
        ]
      },
      "id": "way/1066247412"
    },
    {
      "type": "Feature",
      "properties": {
        "@id": "way/1075234676",
        "amenity": "restaurant",
        "brand": "Bob Evans",
        "brand:wikidata": "Q4932386",
        "building": "yes",
        "cuisine": "american",
        "name": "Bob Evans",
        "source": "microsoft/BuildingFootprints",
        "@geometry": "center"
      },
      "geometry": {
        "type": "Point",
        "coordinates": [
          -85.4957655,
          43.688053
        ]
      },
      "id": "way/1075234676"
    },
    {
      "type": "Feature",
      "properties": {
        "@id": "way/1079331375",
        "addr:city": "Indianapolis",
        "addr:housenumber": "25",
        "addr:postcode": "46241",
        "addr:state": "IN",
        "addr:street": "South High School Road",
        "amenity": "restaurant",
        "brand": "Bob Evans",
        "brand:wikidata": "Q4932386",
        "building": "yes",
        "cuisine": "american",
        "name": "Bob Evans",
        "source": "esri/Indianapolis_IN_Buildings",
        "@geometry": "center"
      },
      "geometry": {
        "type": "Point",
        "coordinates": [
          -86.2693152,
          39.764182
        ]
      },
      "id": "way/1079331375"
    },
    {
      "type": "Feature",
      "properties": {
        "@id": "way/1091138727",
        "amenity": "restaurant",
        "brand": "Bob Evans",
        "brand:wikidata": "Q4932386",
        "building": "yes",
        "cuisine": "american",
        "name": "Bob Evans",
        "source": "microsoft/BuildingFootprints",
        "@geometry": "center"
      },
      "geometry": {
        "type": "Point",
        "coordinates": [
          -90.403992,
          38.2140645
        ]
      },
      "id": "way/1091138727"
    },
    {
      "type": "Feature",
      "properties": {
        "@id": "way/1103528807",
        "amenity": "restaurant",
        "brand": "Bob Evans",
        "brand:wikidata": "Q4932386",
        "building": "yes",
        "cuisine": "american",
        "name": "Bob Evans",
        "@geometry": "center"
      },
      "geometry": {
        "type": "Point",
        "coordinates": [
          -82.368185,
          38.8822861
        ]
      },
      "id": "way/1103528807"
    },
    {
      "type": "Feature",
      "properties": {
        "@id": "way/1124667135",
        "amenity": "restaurant",
        "brand": "Bob Evans",
        "brand:wikidata": "Q4932386",
        "building": "yes",
        "cuisine": "american",
        "name": "Bob Evans",
        "source": "microsoft/BuildingFootprints",
        "@geometry": "center"
      },
      "geometry": {
        "type": "Point",
        "coordinates": [
          -82.0081014,
          28.9266916
        ]
      },
      "id": "way/1124667135"
    },
    {
      "type": "Feature",
      "properties": {
        "@id": "way/1137352324",
        "amenity": "restaurant",
        "brand": "Bob Evans",
        "brand:wikidata": "Q4932386",
        "building": "yes",
        "cuisine": "american",
        "name": "Bob Evans",
        "@geometry": "center"
      },
      "geometry": {
        "type": "Point",
        "coordinates": [
          -80.7353012,
          40.083968
        ]
      },
      "id": "way/1137352324"
    },
    {
      "type": "Feature",
      "properties": {
        "@id": "way/1159255217",
        "amenity": "restaurant",
        "brand": "Bob Evans",
        "brand:wikidata": "Q4932386",
        "building": "yes",
        "cuisine": "american",
        "name": "Bob Evans",
        "@geometry": "center"
      },
      "geometry": {
        "type": "Point",
        "coordinates": [
          -80.6656798,
          41.1518404
        ]
      },
      "id": "way/1159255217"
    },
    {
      "type": "Feature",
      "properties": {
        "@id": "way/1171324757",
        "amenity": "restaurant",
        "brand": "Bob Evans",
        "brand:wikidata": "Q4932386",
        "building": "yes",
        "cuisine": "american",
        "name": "Bob Evans",
        "@geometry": "center"
      },
      "geometry": {
        "type": "Point",
        "coordinates": [
          -80.5483711,
          40.3925645
        ]
      },
      "id": "way/1171324757"
    },
    {
      "type": "Feature",
      "properties": {
        "@id": "way/1178493811",
        "amenity": "restaurant",
        "brand": "Bob Evans",
        "brand:wikidata": "Q4932386",
        "building": "yes",
        "cuisine": "american",
        "name": "Bob Evans",
        "@geometry": "center"
      },
      "geometry": {
        "type": "Point",
        "coordinates": [
          -83.4921741,
          42.2712497
        ]
      },
      "id": "way/1178493811"
    },
    {
      "type": "Feature",
      "properties": {
        "@id": "way/1225723020",
        "addr:city": "Clarksville",
        "addr:housenumber": "1101",
        "addr:postcode": "47219",
        "addr:state": "IN",
        "addr:street": "East Lewis and Clark Parkway",
        "amenity": "restaurant",
        "brand": "Bob Evans",
        "brand:wikidata": "Q4932386",
        "building": "yes",
        "cuisine": "american",
        "name": "Bob Evans",
        "@geometry": "center"
      },
      "geometry": {
        "type": "Point",
        "coordinates": [
          -85.7551039,
          38.3182989
        ]
      },
      "id": "way/1225723020"
    },
    {
      "type": "Feature",
      "properties": {
        "@id": "way/1229711064",
        "addr:city": "Merrillville",
        "addr:housenumber": "1446",
        "addr:postcode": "46410",
        "addr:state": "IN",
        "addr:street": "East 82nd Avenue",
        "amenity": "restaurant",
        "brand": "Bob Evans",
        "brand:wikidata": "Q4932386",
        "building": "retail",
        "cuisine": "american",
        "name": "Bob Evans",
        "@geometry": "center"
      },
      "geometry": {
        "type": "Point",
        "coordinates": [
          -87.3198437,
          41.4705725
        ]
      },
      "id": "way/1229711064"
    },
    {
      "type": "Feature",
      "properties": {
        "@id": "way/1231267546",
        "addr:city": "Pikeville",
        "addr:housenumber": "4117",
        "addr:postcode": "41501",
        "addr:state": "KY",
        "addr:street": "North Mayo Trail",
        "amenity": "restaurant",
        "brand": "Bob Evans",
        "brand:wikidata": "Q4932386",
        "building": "yes",
        "cuisine": "american",
        "name": "Bob Evans",
        "opening_hours": "07:00-21:00",
        "phone": "+1 606-433-9054",
        "website": "https://www.bobevans.com/locations/pikeville",
        "@geometry": "center"
      },
      "geometry": {
        "type": "Point",
        "coordinates": [
          -82.5714221,
          37.5225265
        ]
      },
      "id": "way/1231267546"
    },
    {
      "type": "Feature",
      "properties": {
        "@id": "way/1240590785",
        "addr:city": "Celina",
        "addr:postcode": "45822",
        "addr:state": "OH",
        "addr:street": "Havemann Road",
        "amenity": "restaurant",
        "brand": "Bob Evans",
        "brand:wikidata": "Q4932386",
        "building": "yes",
        "cuisine": "american",
        "name": "Bob Evans",
        "@geometry": "center"
      },
      "geometry": {
        "type": "Point",
        "coordinates": [
          -84.5381101,
          40.5561905
        ]
      },
      "id": "way/1240590785"
    },
    {
      "type": "Feature",
      "properties": {
        "@id": "way/1255378363",
        "amenity": "restaurant",
        "brand": "Bob Evans",
        "brand:wikidata": "Q4932386",
        "building": "yes",
        "cuisine": "american",
        "name": "Bob Evans",
        "@geometry": "center"
      },
      "geometry": {
        "type": "Point",
        "coordinates": [
          -80.7349205,
          41.0242035
        ]
      },
      "id": "way/1255378363"
    },
    {
      "type": "Feature",
      "properties": {
        "@id": "node/1257246724",
        "amenity": "restaurant",
        "brand": "Bob Evans",
        "brand:wikidata": "Q4932386",
        "cuisine": "american",
        "name": "Bob Evans"
      },
      "geometry": {
        "type": "Point",
        "coordinates": [
          -83.6333737,
          41.6939234
        ]
      },
      "id": "node/1257246724"
    },
    {
      "type": "Feature",
      "properties": {
        "@id": "way/1270236120",
        "addr:city": "Van Wert",
        "addr:housenumber": "761",
        "addr:postcode": "45891",
        "addr:street": "West Ervin Road",
        "amenity": "restaurant",
        "brand": "Bob Evans",
        "brand:wikidata": "Q4932386",
        "cuisine": "american",
        "name": "Bob Evans",
        "opening_hours": "07:00-21:00",
        "phone": "+1 419 238 7191",
        "website": "https://www.bobevans.com/our-restaurants/locations/2024",
        "@geometry": "center"
      },
      "geometry": {
        "type": "Point",
        "coordinates": [
          -84.5955727,
          40.8591371
        ]
      },
      "id": "way/1270236120"
    },
    {
      "type": "Feature",
      "properties": {
        "@id": "way/1279461241",
        "amenity": "restaurant",
        "brand": "Bob Evans",
        "brand:wikidata": "Q4932386",
        "building": "yes",
        "cuisine": "american",
        "name": "Bob Evans",
        "@geometry": "center"
      },
      "geometry": {
        "type": "Point",
        "coordinates": [
          -81.4363797,
          41.0663926
        ]
      },
      "id": "way/1279461241"
    },
    {
      "type": "Feature",
      "properties": {
        "@id": "way/1281250738",
        "amenity": "restaurant",
        "brand": "Bob Evans",
        "brand:wikidata": "Q4932386",
        "building": "yes",
        "cuisine": "american",
        "name": "Bob Evans",
        "@geometry": "center"
      },
      "geometry": {
        "type": "Point",
        "coordinates": [
          -80.5998016,
          40.0611516
        ]
      },
      "id": "way/1281250738"
    },
    {
      "type": "Feature",
      "properties": {
        "@id": "node/1291648889",
        "amenity": "restaurant",
        "brand": "Bob Evans",
        "brand:wikidata": "Q4932386",
        "cuisine": "american",
        "name": "Bob Evans"
      },
      "geometry": {
        "type": "Point",
        "coordinates": [
          -81.9717085,
          27.9492508
        ]
      },
      "id": "node/1291648889"
    },
    {
      "type": "Feature",
      "properties": {
        "@id": "way/1311892179",
        "addr:city": "Amelia",
        "addr:housenumber": "1799",
        "addr:postcode": "45102",
        "addr:state": "OH",
        "addr:street": "East Ohio Pike",
        "amenity": "restaurant",
        "brand": "Bob Evans",
        "brand:wikidata": "Q4932386",
        "building": "yes",
        "cuisine": "american",
        "name": "Bob Evans",
        "website": "https://www.bobevans.com/locations/amelia",
        "@geometry": "center"
      },
      "geometry": {
        "type": "Point",
        "coordinates": [
          -84.1980521,
          39.0176983
        ]
      },
      "id": "way/1311892179"
    },
    {
      "type": "Feature",
      "properties": {
        "@id": "way/1330302743",
        "addr:city": "Cincinnati",
        "addr:housenumber": "510",
        "addr:postcode": "45255",
        "addr:state": "OH",
        "addr:street": "Ohio Pike",
        "amenity": "restaurant",
        "brand": "Bob Evans",
        "brand:wikidata": "Q4932386",
        "building": "yes",
        "cuisine": "american",
        "name": "Bob Evans",
        "website": "https://www.bobevans.com/locations/beechmont",
        "@geometry": "center"
      },
      "geometry": {
        "type": "Point",
        "coordinates": [
          -84.3056474,
          39.0716137
        ]
      },
      "id": "way/1330302743"
    },
    {
      "type": "Feature",
      "properties": {
        "@id": "way/1333949106",
        "addr:city": "Collinsville",
        "addr:housenumber": "600",
        "addr:postcode": "62234",
        "addr:state": "IL",
        "addr:street": "North Bluff Road",
        "amenity": "restaurant",
        "brand": "Bob Evans",
        "brand:wikidata": "Q4932386",
        "building": "yes",
        "cuisine": "american",
        "name": "Bob Evans",
        "opening_hours": "Mo-Su 06:30-21:00",
        "phone": "+1-618-344-1131",
        "takeaway": "yes",
        "@geometry": "center"
      },
      "geometry": {
        "type": "Point",
        "coordinates": [
          -90.0104106,
          38.6828508
        ]
      },
      "id": "way/1333949106"
    },
    {
      "type": "Feature",
      "properties": {
        "@id": "way/1383652370",
        "addr:city": "Chillicothe",
        "addr:housenumber": "1065",
        "addr:postcode": "45601",
        "addr:state": "OH",
        "addr:street": "Western Avenue",
        "amenity": "restaurant",
        "brand": "Bob Evans",
        "brand:wikidata": "Q4932386",
        "building": "commercial",
        "cuisine": "american",
        "name": "Bob Evans",
        "source": "esri_USDOT_Ohio",
        "@geometry": "center"
      },
      "geometry": {
        "type": "Point",
        "coordinates": [
          -83.0137321,
          39.3333911
        ]
      },
      "id": "way/1383652370"
    },
    {
      "type": "Feature",
      "properties": {
        "@id": "way/1408793187",
        "amenity": "restaurant",
        "brand": "Bob Evans",
        "brand:wikidata": "Q4932386",
        "building": "yes",
        "cuisine": "american",
        "name": "Bob Evans",
        "@geometry": "center"
      },
      "geometry": {
        "type": "Point",
        "coordinates": [
          -80.432579,
          37.8121889
        ]
      },
      "id": "way/1408793187"
    },
    {
      "type": "Feature",
      "properties": {
        "@id": "way/1442194484",
        "addr:city": "Hillsboro",
        "addr:housenumber": "609",
        "addr:postcode": "45133",
        "addr:state": "OH",
        "addr:street": "Harry Sauner Road",
        "amenity": "restaurant",
        "brand": "Bob Evans",
        "brand:wikidata": "Q4932386",
        "building": "yes",
        "cuisine": "american",
        "name": "Bob Evans",
        "source": "esri_USDOT_Ohio",
        "@geometry": "center"
      },
      "geometry": {
        "type": "Point",
        "coordinates": [
          -83.6220646,
          39.2255194
        ]
      },
      "id": "way/1442194484"
    },
    {
      "type": "Feature",
      "properties": {
        "@id": "way/1548014117",
        "amenity": "restaurant",
        "brand": "Bob Evans",
        "brand:wikidata": "Q4932386",
        "building": "yes",
        "cuisine": "american",
        "name": "Bob Evans",
        "@geometry": "center"
      },
      "geometry": {
        "type": "Point",
        "coordinates": [
          -79.748406,
          39.9122177
        ]
      },
      "id": "way/1548014117"
    },
    {
      "type": "Feature",
      "properties": {
        "@id": "node/1681572837",
        "addr:city": "New Castle",
        "addr:housenumber": "2635",
        "addr:postcode": "16101",
        "addr:state": "PA",
        "addr:street": "West State Street",
        "amenity": "restaurant",
        "brand": "Bob Evans",
        "brand:wikidata": "Q4932386",
        "cuisine": "american",
        "name": "Bob Evans"
      },
      "geometry": {
        "type": "Point",
        "coordinates": [
          -80.3963155,
          41.0135451
        ]
      },
      "id": "node/1681572837"
    },
    {
      "type": "Feature",
      "properties": {
        "@id": "node/1710264104",
        "addr:housenumber": "1620",
        "addr:postcode": "49442",
        "addr:street": "East Apple Avenue",
        "amenity": "restaurant",
        "brand": "Bob Evans",
        "brand:wikidata": "Q4932386",
        "cuisine": "american",
        "name": "Bob Evans",
        "source": "bobevans.com",
        "website": "https://www.bobevans.com/"
      },
      "geometry": {
        "type": "Point",
        "coordinates": [
          -86.2033915,
          43.2345343
        ]
      },
      "id": "node/1710264104"
    },
    {
      "type": "Feature",
      "properties": {
        "@id": "node/1728714332",
        "amenity": "restaurant",
        "brand": "Bob Evans",
        "brand:wikidata": "Q4932386",
        "cuisine": "american",
        "name": "Bob Evans",
        "source": "knowledge"
      },
      "geometry": {
        "type": "Point",
        "coordinates": [
          -83.4730427,
          41.6090346
        ]
      },
      "id": "node/1728714332"
    },
    {
      "type": "Feature",
      "properties": {
        "@id": "node/1837054058",
        "addr:city": "Camby",
        "addr:housenumber": "8350",
        "addr:postcode": "46113",
        "addr:state": "IN",
        "addr:street": "Windfall Lane",
        "amenity": "restaurant",
        "brand": "Bob Evans",
        "brand:wikidata": "Q4932386",
        "building": "commercial",
        "cuisine": "american",
        "name": "Bob Evans",
        "source": "esri/USA_NAD_Addresses"
      },
      "geometry": {
        "type": "Point",
        "coordinates": [
          -86.3338076,
          39.6421345
        ]
      },
      "id": "node/1837054058"
    },
    {
      "type": "Feature",
      "properties": {
        "@id": "node/2061704667",
        "addr:city": "Erie",
        "addr:housename": "Bob Evans",
        "addr:housenumber": "8041",
        "addr:postcode": "16509",
        "addr:state": "PA",
        "addr:street": "Peach Street",
        "amenity": "restaurant",
        "brand": "Bob Evans",
        "brand:wikidata": "Q4932386",
        "cuisine": "american",
        "name": "Bob Evans",
        "website": "https://www.bobevans.com/"
      },
      "geometry": {
        "type": "Point",
        "coordinates": [
          -80.0797931,
          42.0490614
        ]
      },
      "id": "node/2061704667"
    },
    {
      "type": "Feature",
      "properties": {
        "@id": "node/2104915447",
        "addr:housename": "Bob Evan's Restaurant",
        "addr:housenumber": "1224",
        "addr:postcode": "41101",
        "addr:street": "Carter Avenue",
        "amenity": "restaurant",
        "brand": "Bob Evans",
        "brand:wikidata": "Q4932386",
        "cuisine": "american",
        "name": "Bob Evans",
        "source": "Local Knowledge"
      },
      "geometry": {
        "type": "Point",
        "coordinates": [
          -82.6441199,
          38.4793566
        ]
      },
      "id": "node/2104915447"
    },
    {
      "type": "Feature",
      "properties": {
        "@id": "node/2208107418",
        "amenity": "restaurant",
        "brand": "Bob Evans",
        "brand:wikidata": "Q4932386",
        "cuisine": "american",
        "name": "Bob Evans"
      },
      "geometry": {
        "type": "Point",
        "coordinates": [
          -79.6123489,
          40.2200303
        ]
      },
      "id": "node/2208107418"
    },
    {
      "type": "Feature",
      "properties": {
        "@id": "node/2310124290",
        "amenity": "restaurant",
        "brand": "Bob Evans",
        "brand:wikidata": "Q4932386",
        "cuisine": "american",
        "name": "Bob Evans",
        "takeaway": "yes"
      },
      "geometry": {
        "type": "Point",
        "coordinates": [
          -82.503052,
          28.102439
        ]
      },
      "id": "node/2310124290"
    },
    {
      "type": "Feature",
      "properties": {
        "@id": "node/2331792553",
        "addr:city": "Mars",
        "addr:housenumber": "932",
        "addr:postcode": "16046",
        "addr:state": "PA",
        "addr:street": "Sheraton Drive",
        "amenity": "restaurant",
        "brand": "Bob Evans",
        "brand:wikidata": "Q4932386",
        "cuisine": "american",
        "name": "Bob Evans"
      },
      "geometry": {
        "type": "Point",
        "coordinates": [
          -80.0972701,
          40.6719305
        ]
      },
      "id": "node/2331792553"
    },
    {
      "type": "Feature",
      "properties": {
        "@id": "node/2349011912",
        "amenity": "restaurant",
        "brand": "Bob Evans",
        "brand:wikidata": "Q4932386",
        "cuisine": "american",
        "name": "Bob Evans"
      },
      "geometry": {
        "type": "Point",
        "coordinates": [
          -77.0794434,
          42.1529436
        ]
      },
      "id": "node/2349011912"
    },
    {
      "type": "Feature",
      "properties": {
        "@id": "node/2374908992",
        "amenity": "restaurant",
        "brand": "Bob Evans",
        "brand:wikidata": "Q4932386",
        "cuisine": "american",
        "name": "Bob Evans"
      },
      "geometry": {
        "type": "Point",
        "coordinates": [
          -81.7965062,
          41.1367404
        ]
      },
      "id": "node/2374908992"
    },
    {
      "type": "Feature",
      "properties": {
        "@id": "node/2388731826",
        "addr:housenumber": "8900",
        "addr:postcode": "44087",
        "addr:street": "Hadden Road",
        "amenity": "restaurant",
        "brand": "Bob Evans",
        "brand:wikidata": "Q4932386",
        "cuisine": "sushi",
        "name": "Sushi En Twinsburg",
        "opening_hours": "Mo-Th 11:00-15:00,16:00-21:00; Fr-Sa 11:00-22:00; Su 11:00-21:00",
        "outdoor_seating": "no",
        "phone": "+1-330-998-6888; +1-330-998-6900",
        "website": "https://sushientwinsburg.com/"
      },
      "geometry": {
        "type": "Point",
        "coordinates": [
          -81.4534404,
          41.3107587
        ]
      },
      "id": "node/2388731826"
    },
    {
      "type": "Feature",
      "properties": {
        "@id": "node/2427056347",
        "amenity": "restaurant",
        "brand": "Bob Evans",
        "brand:wikidata": "Q4932386",
        "cuisine": "american",
        "name": "Bob Evans"
      },
      "geometry": {
        "type": "Point",
        "coordinates": [
          -82.9238033,
          40.1478486
        ]
      },
      "id": "node/2427056347"
    },
    {
      "type": "Feature",
      "properties": {
        "@id": "node/2639338781",
        "amenity": "restaurant",
        "brand": "Bob Evans",
        "brand:wikidata": "Q4932386",
        "cuisine": "american",
        "name": "Bob Evans"
      },
      "geometry": {
        "type": "Point",
        "coordinates": [
          -79.8466765,
          38.8953067
        ]
      },
      "id": "node/2639338781"
    },
    {
      "type": "Feature",
      "properties": {
        "@id": "node/2687685215",
        "amenity": "restaurant",
        "brand": "Bob Evans",
        "brand:wikidata": "Q4932386",
        "cuisine": "american",
        "name": "Bob Evans"
      },
      "geometry": {
        "type": "Point",
        "coordinates": [
          -80.2751869,
          39.3044921
        ]
      },
      "id": "node/2687685215"
    },
    {
      "type": "Feature",
      "properties": {
        "@id": "node/2714341471",
        "addr:city": "Salem",
        "addr:housenumber": "2299",
        "addr:postcode": "44460",
        "addr:street": "East State Street",
        "amenity": "restaurant",
        "brand": "Bob Evans",
        "brand:wikidata": "Q4932386",
        "cuisine": "american",
        "name": "Bob Evans"
      },
      "geometry": {
        "type": "Point",
        "coordinates": [
          -80.8284648,
          40.9005489
        ]
      },
      "id": "node/2714341471"
    },
    {
      "type": "Feature",
      "properties": {
        "@id": "node/2978331355",
        "addr:housenumber": "950",
        "addr:postcode": "47374",
        "addr:street": "Mendelson Drive",
        "amenity": "restaurant",
        "brand": "Bob Evans",
        "brand:wikidata": "Q4932386",
        "cuisine": "american",
        "name": "Bob Evans"
      },
      "geometry": {
        "type": "Point",
        "coordinates": [
          -84.889074,
          39.8710166
        ]
      },
      "id": "node/2978331355"
    },
    {
      "type": "Feature",
      "properties": {
        "@id": "node/3380507416",
        "addr:city": "Harborcreek",
        "addr:housenumber": "5739",
        "addr:postcode": "16421",
        "addr:state": "PA",
        "addr:street": "Buffalo Road",
        "amenity": "restaurant",
        "brand": "Bob Evans",
        "brand:wikidata": "Q4932386",
        "cuisine": "american",
        "name": "Bob Evans",
        "source": "Bing"
      },
      "geometry": {
        "type": "Point",
        "coordinates": [
          -79.9698834,
          42.1600887
        ]
      },
      "id": "node/3380507416"
    },
    {
      "type": "Feature",
      "properties": {
        "@id": "node/3645146895",
        "amenity": "restaurant",
        "brand": "Bob Evans",
        "brand:wikidata": "Q4932386",
        "cuisine": "american",
        "name": "Bob Evans"
      },
      "geometry": {
        "type": "Point",
        "coordinates": [
          -86.03388,
          39.772268
        ]
      },
      "id": "node/3645146895"
    },
    {
      "type": "Feature",
      "properties": {
        "@id": "node/3823590384",
        "amenity": "restaurant",
        "brand": "Bob Evans",
        "brand:wikidata": "Q4932386",
        "cuisine": "american",
        "name": "Bob Evans"
      },
      "geometry": {
        "type": "Point",
        "coordinates": [
          -81.5638996,
          38.3064852
        ]
      },
      "id": "node/3823590384"
    },
    {
      "type": "Feature",
      "properties": {
        "@id": "node/3867809004",
        "addr:housenumber": "10",
        "addr:street": "Lawless Road",
        "amenity": "restaurant",
        "brand": "Bob Evans",
        "brand:wikidata": "Q4932386",
        "cuisine": "american",
        "name": "Bob Evans"
      },
      "geometry": {
        "type": "Point",
        "coordinates": [
          -79.9904645,
          39.6255173
        ]
      },
      "id": "node/3867809004"
    },
    {
      "type": "Feature",
      "properties": {
        "@id": "node/4057476926",
        "addr:city": "Mount Pleasant",
        "addr:country": "US",
        "addr:housenumber": "5670",
        "addr:postcode": "48858",
        "addr:state": "MI",
        "addr:street": "East Pickard Road",
        "amenity": "restaurant",
        "brand": "Bob Evans",
        "brand:wikidata": "Q4932386",
        "cuisine": "american",
        "name": "Bob Evans",
        "phone": "+1 989 779 2818",
        "website": "https://www.bobevans.com/"
      },
      "geometry": {
        "type": "Point",
        "coordinates": [
          -84.7359646,
          43.610996
        ]
      },
      "id": "node/4057476926"
    },
    {
      "type": "Feature",
      "properties": {
        "@id": "node/4113027890",
        "amenity": "restaurant",
        "brand": "Bob Evans",
        "brand:wikidata": "Q4932386",
        "cuisine": "american",
        "name": "Bob Evans"
      },
      "geometry": {
        "type": "Point",
        "coordinates": [
          -81.8729513,
          26.5454801
        ]
      },
      "id": "node/4113027890"
    },
    {
      "type": "Feature",
      "properties": {
        "@id": "node/4158640491",
        "amenity": "restaurant",
        "brand": "Bob Evans",
        "brand:wikidata": "Q4932386",
        "cuisine": "american",
        "name": "Bob Evans"
      },
      "geometry": {
        "type": "Point",
        "coordinates": [
          -81.8079546,
          26.6135633
        ]
      },
      "id": "node/4158640491"
    },
    {
      "type": "Feature",
      "properties": {
        "@id": "node/4326352713",
        "amenity": "restaurant",
        "brand": "Bob Evans",
        "brand:wikidata": "Q4932386",
        "check_date": "2023-01-01",
        "cuisine": "american",
        "name": "Bob Evans"
      },
      "geometry": {
        "type": "Point",
        "coordinates": [
          -87.0341156,
          41.4600739
        ]
      },
      "id": "node/4326352713"
    },
    {
      "type": "Feature",
      "properties": {
        "@id": "node/4338842767",
        "amenity": "restaurant",
        "brand": "Bob Evans",
        "brand:wikidata": "Q4932386",
        "cuisine": "american",
        "name": "Bob Evans"
      },
      "geometry": {
        "type": "Point",
        "coordinates": [
          -81.782232,
          41.4189547
        ]
      },
      "id": "node/4338842767"
    },
    {
      "type": "Feature",
      "properties": {
        "@id": "node/4588416500",
        "amenity": "restaurant",
        "brand": "Bob Evans",
        "brand:wikidata": "Q4932386",
        "cuisine": "american",
        "delivery": "no",
        "name": "Bob Evans"
      },
      "geometry": {
        "type": "Point",
        "coordinates": [
          -77.4996865,
          38.2969846
        ]
      },
      "id": "node/4588416500"
    },
    {
      "type": "Feature",
      "properties": {
        "@id": "node/4670268381",
        "addr:city": "Aurora",
        "addr:housenumber": "7105",
        "addr:postcode": "44202",
        "addr:state": "OH",
        "addr:street": "Aurora Road",
        "amenity": "restaurant",
        "brand": "Bob Evans",
        "brand:wikidata": "Q4932386",
        "cuisine": "american",
        "name": "Bob Evans"
      },
      "geometry": {
        "type": "Point",
        "coordinates": [
          -81.3879533,
          41.3540245
        ]
      },
      "id": "node/4670268381"
    },
    {
      "type": "Feature",
      "properties": {
        "@id": "node/4729952545",
        "amenity": "restaurant",
        "brand": "Bob Evans",
        "brand:wikidata": "Q4932386",
        "cuisine": "american",
        "name": "Bob Evans"
      },
      "geometry": {
        "type": "Point",
        "coordinates": [
          -81.2496981,
          37.2389654
        ]
      },
      "id": "node/4729952545"
    },
    {
      "type": "Feature",
      "properties": {
        "@id": "node/4738744821",
        "addr:housenumber": "11720",
        "addr:postcode": "33584",
        "addr:street": "Tampa Gateway Blvd.",
        "amenity": "restaurant",
        "brand": "Bob Evans",
        "brand:wikidata": "Q4932386",
        "cuisine": "american",
        "name": "Bob Evans",
        "opening_hours": "Mo-Su 07:00-21:00",
        "phone": "+1-813-740-9491",
        "website": "https://www.bobevans.com/"
      },
      "geometry": {
        "type": "Point",
        "coordinates": [
          -82.3017652,
          28.0085546
        ]
      },
      "id": "node/4738744821"
    },
    {
      "type": "Feature",
      "properties": {
        "@id": "node/4761074321",
        "addr:city": "Steubenville",
        "addr:housenumber": "1997",
        "addr:postcode": "43952",
        "addr:state": "OH",
        "addr:street": "Sunset Boulevard",
        "amenity": "restaurant",
        "brand": "Bob Evans",
        "brand:wikidata": "Q4932386",
        "cuisine": "american",
        "name": "Bob Evans"
      },
      "geometry": {
        "type": "Point",
        "coordinates": [
          -80.6351844,
          40.3700319
        ]
      },
      "id": "node/4761074321"
    },
    {
      "type": "Feature",
      "properties": {
        "@id": "node/5044875021",
        "amenity": "restaurant",
        "brand": "Bob Evans",
        "brand:wikidata": "Q4932386",
        "cuisine": "american",
        "name": "Bob Evans"
      },
      "geometry": {
        "type": "Point",
        "coordinates": [
          -81.3257476,
          40.8366814
        ]
      },
      "id": "node/5044875021"
    },
    {
      "type": "Feature",
      "properties": {
        "@id": "node/5216696247",
        "amenity": "restaurant",
        "brand": "Bob Evans",
        "brand:wikidata": "Q4932386",
        "cuisine": "american",
        "name": "Bob Evans"
      },
      "geometry": {
        "type": "Point",
        "coordinates": [
          -86.1591406,
          39.6151708
        ]
      },
      "id": "node/5216696247"
    },
    {
      "type": "Feature",
      "properties": {
        "@id": "node/5291587636",
        "addr:city": "Camden",
        "addr:housenumber": "4574",
        "addr:postcode": "19934",
        "addr:street": "South Dupont Highway",
        "amenity": "restaurant",
        "brand": "Bob Evans",
        "brand:wikidata": "Q4932386",
        "cuisine": "american",
        "name": "Bob Evans"
      },
      "geometry": {
        "type": "Point",
        "coordinates": [
          -75.5441936,
          39.1002179
        ]
      },
      "id": "node/5291587636"
    },
    {
      "type": "Feature",
      "properties": {
        "@id": "node/5844312595",
        "amenity": "restaurant",
        "brand": "Bob Evans",
        "brand:wikidata": "Q4932386",
        "cuisine": "american",
        "name": "Bob Evans"
      },
      "geometry": {
        "type": "Point",
        "coordinates": [
          -82.5351223,
          39.9390881
        ]
      },
      "id": "node/5844312595"
    },
    {
      "type": "Feature",
      "properties": {
        "@id": "node/6537438200",
        "addr:city": "Springfield",
        "addr:housenumber": "4221",
        "addr:postcode": "62711",
        "addr:state": "IL",
        "addr:street": "Conestoga Drive",
        "amenity": "restaurant",
        "brand": "Bob Evans",
        "brand:wikidata": "Q4932386",
        "cuisine": "american",
        "delivery": "yes",
        "delivery:partner": "DoorDash",
        "delivery:partner:wikidata": "Q20714323",
        "name": "Bob Evans",
        "opening_hours": "Mo-Su 07:00-20:00",
        "phone": "+1-217-698-3800",
        "source:name": "local_knowledge",
        "start_date": "2000",
        "website": "https://www.bobevans.com/locations/springfield-4"
      },
      "geometry": {
        "type": "Point",
        "coordinates": [
          -89.7050123,
          39.7387096
        ]
      },
      "id": "node/6537438200"
    },
    {
      "type": "Feature",
      "properties": {
        "@id": "node/6584540501",
        "amenity": "restaurant",
        "brand": "Bob Evans",
        "brand:wikidata": "Q4932386",
        "cuisine": "american",
        "name": "Bob Evans"
      },
      "geometry": {
        "type": "Point",
        "coordinates": [
          -80.1870161,
          39.4300056
        ]
      },
      "id": "node/6584540501"
    },
    {
      "type": "Feature",
      "properties": {
        "@id": "node/6727624043",
        "addr:city": "Elyria",
        "addr:housenumber": "503",
        "addr:postcode": "44035",
        "addr:street": "Griswold Road",
        "amenity": "restaurant",
        "brand": "Bob Evans",
        "brand:wikidata": "Q4932386",
        "cuisine": "american",
        "name": "Bob Evans"
      },
      "geometry": {
        "type": "Point",
        "coordinates": [
          -82.1133065,
          41.4012585
        ]
      },
      "id": "node/6727624043"
    },
    {
      "type": "Feature",
      "properties": {
        "@id": "node/7006775945",
        "amenity": "restaurant",
        "brand": "Bob Evans",
        "brand:wikidata": "Q4932386",
        "cuisine": "american",
        "name": "Bob Evans"
      },
      "geometry": {
        "type": "Point",
        "coordinates": [
          -82.4488474,
          40.0232632
        ]
      },
      "id": "node/7006775945"
    },
    {
      "type": "Feature",
      "properties": {
        "@id": "node/7086716367",
        "addr:housenumber": "1461",
        "addr:postcode": "43113",
        "addr:street": "S Court St",
        "amenity": "restaurant",
        "brand": "Bob Evans",
        "brand:wikidata": "Q4932386",
        "cuisine": "american",
        "name": "Bob Evans",
        "website": "https://www.bobevans.com/"
      },
      "geometry": {
        "type": "Point",
        "coordinates": [
          -82.952055,
          39.5828
        ]
      },
      "id": "node/7086716367"
    },
    {
      "type": "Feature",
      "properties": {
        "@id": "node/7641386164",
        "addr:city": "Ashtabula",
        "addr:housenumber": "3615",
        "addr:postcode": "44004",
        "addr:state": "OH",
        "addr:street": "North Ridge Road East",
        "amenity": "restaurant",
        "brand": "Bob Evans",
        "brand:wikidata": "Q4932386",
        "cuisine": "american",
        "name": "Bob Evans"
      },
      "geometry": {
        "type": "Point",
        "coordinates": [
          -80.7525732,
          41.879749
        ]
      },
      "id": "node/7641386164"
    },
    {
      "type": "Feature",
      "properties": {
        "@id": "node/7644596600",
        "addr:city": "Erie",
        "addr:housenumber": "2340",
        "addr:postcode": "16505",
        "addr:state": "PA",
        "addr:street": "West 12th Street",
        "amenity": "restaurant",
        "brand": "Bob Evans",
        "brand:wikidata": "Q4932386",
        "cuisine": "american",
        "name": "Bob Evans"
      },
      "geometry": {
        "type": "Point",
        "coordinates": [
          -80.1341575,
          42.1045358
        ]
      },
      "id": "node/7644596600"
    },
    {
      "type": "Feature",
      "properties": {
        "@id": "node/7782573664",
        "addr:city": "Warren",
        "addr:housenumber": "360",
        "addr:postcode": "16365",
        "addr:state": "PA",
        "addr:street": "Jackson Run Road",
        "amenity": "restaurant",
        "brand": "Bob Evans",
        "brand:wikidata": "Q4932386",
        "cuisine": "american",
        "name": "Bob Evans"
      },
      "geometry": {
        "type": "Point",
        "coordinates": [
          -79.152292,
          41.8763442
        ]
      },
      "id": "node/7782573664"
    },
    {
      "type": "Feature",
      "properties": {
        "@id": "node/7890931484",
        "amenity": "restaurant",
        "brand": "Bob Evans",
        "brand:wikidata": "Q4932386",
        "cuisine": "american",
        "name": "Bob Evans"
      },
      "geometry": {
        "type": "Point",
        "coordinates": [
          -81.7400243,
          26.2737929
        ]
      },
      "id": "node/7890931484"
    },
    {
      "type": "Feature",
      "properties": {
        "@id": "node/8327942324",
        "addr:city": "Jackson",
        "addr:housenumber": "3321",
        "addr:postcode": "49202",
        "addr:state": "MI",
        "addr:street": "East Michigan Avenue",
        "amenity": "restaurant",
        "brand": "Bob Evans",
        "brand:wikidata": "Q4932386",
        "cuisine": "american",
        "name": "Bob Evans",
        "opening_hours": "08:00-20:00",
        "phone": "+1 517 784 3718",
        "website": "https://www.bobevans.com/locations/jackson-michigan"
      },
      "geometry": {
        "type": "Point",
        "coordinates": [
          -84.3592514,
          42.2567494
        ]
      },
      "id": "node/8327942324"
    },
    {
      "type": "Feature",
      "properties": {
        "@id": "node/8811643068",
        "addr:city": "Mayfield Heights",
        "addr:housenumber": "1437",
        "addr:postcode": "44124",
        "addr:state": "OH",
        "addr:street": "Golden Gate Boulevard",
        "amenity": "restaurant",
        "brand": "Bob Evans",
        "brand:wikidata": "Q4932386",
        "cuisine": "american",
        "name": "Bob Evans"
      },
      "geometry": {
        "type": "Point",
        "coordinates": [
          -81.448544,
          41.5213144
        ]
      },
      "id": "node/8811643068"
    },
    {
      "type": "Feature",
      "properties": {
        "@id": "node/8828071165",
        "addr:city": "Canton",
        "addr:housenumber": "4008",
        "addr:postcode": "44708",
        "addr:state": "OH",
        "addr:street": "Tuscarawas Street West",
        "amenity": "restaurant",
        "brand": "Bob Evans",
        "brand:wikidata": "Q4932386",
        "cuisine": "american",
        "name": "Bob Evans"
      },
      "geometry": {
        "type": "Point",
        "coordinates": [
          -81.4209314,
          40.7964987
        ]
      },
      "id": "node/8828071165"
    },
    {
      "type": "Feature",
      "properties": {
        "@id": "node/8833239129",
        "addr:city": "Mentor",
        "addr:housenumber": "9235",
        "addr:postcode": "44060",
        "addr:state": "OH",
        "addr:street": "Mentor Avenue",
        "amenity": "restaurant",
        "brand": "Bob Evans",
        "brand:wikidata": "Q4932386",
        "cuisine": "american",
        "name": "Bob Evans",
        "opening_hours": "Su-Sa 06:30-21:00",
        "phone": "+1 440 205 9279",
        "website": "https://www.bobevans.com/locations/mentor-2"
      },
      "geometry": {
        "type": "Point",
        "coordinates": [
          -81.3086245,
          41.6779961
        ]
      },
      "id": "node/8833239129"
    },
    {
      "type": "Feature",
      "properties": {
        "@id": "node/8909862697",
        "addr:city": "South Euclid",
        "addr:housenumber": "13875",
        "addr:postcode": "44118",
        "addr:state": "OH",
        "addr:street": "Cedar Road",
        "amenity": "restaurant",
        "brand": "Bob Evans",
        "brand:wikidata": "Q4932386",
        "cuisine": "american",
        "name": "Bob Evans"
      },
      "geometry": {
        "type": "Point",
        "coordinates": [
          -81.5398879,
          41.501628
        ]
      },
      "id": "node/8909862697"
    },
    {
      "type": "Feature",
      "properties": {
        "@id": "node/8926993791",
        "addr:city": "Columbus",
        "addr:housenumber": "4331",
        "addr:postcode": "43228",
        "addr:state": "OH",
        "addr:street": "West Broad Street",
        "amenity": "restaurant",
        "brand": "Bob Evans",
        "brand:wikidata": "Q4932386",
        "cuisine": "american",
        "name": "Bob Evans"
      },
      "geometry": {
        "type": "Point",
        "coordinates": [
          -83.116449,
          39.9523988
        ]
      },
      "id": "node/8926993791"
    },
    {
      "type": "Feature",
      "properties": {
        "@id": "node/8944568417",
        "addr:city": "North Olmsted",
        "addr:housenumber": "25853",
        "addr:postcode": "44070",
        "addr:state": "OH",
        "addr:street": "Lorain Road",
        "amenity": "restaurant",
        "brand": "Bob Evans",
        "brand:wikidata": "Q4932386",
        "cuisine": "american",
        "name": "Bob Evans"
      },
      "geometry": {
        "type": "Point",
        "coordinates": [
          -81.9078956,
          41.4207331
        ]
      },
      "id": "node/8944568417"
    },
    {
      "type": "Feature",
      "properties": {
        "@id": "node/8994079381",
        "addr:city": "Amherst",
        "addr:housenumber": "700",
        "addr:postcode": "44001",
        "addr:state": "OH",
        "addr:street": "North Leavitt Road",
        "amenity": "restaurant",
        "brand": "Bob Evans",
        "brand:wikidata": "Q4932386",
        "cuisine": "american",
        "name": "Bob Evans"
      },
      "geometry": {
        "type": "Point",
        "coordinates": [
          -82.209573,
          41.4154789
        ]
      },
      "id": "node/8994079381"
    },
    {
      "type": "Feature",
      "properties": {
        "@id": "node/9029841678",
        "addr:city": "Noblesville",
        "addr:housenumber": "16645",
        "addr:postcode": "46060",
        "addr:state": "IN",
        "addr:street": "Mercantile Boulevard",
        "amenity": "restaurant",
        "brand": "Bob Evans",
        "brand:wikidata": "Q4932386",
        "check_date": "2024-06-05",
        "cuisine": "american",
        "name": "Bob Evans"
      },
      "geometry": {
        "type": "Point",
        "coordinates": [
          -85.9944291,
          40.0308611
        ]
      },
      "id": "node/9029841678"
    },
    {
      "type": "Feature",
      "properties": {
        "@id": "node/9107761566",
        "addr:city": "Cuyahoga Falls",
        "addr:housenumber": "175",
        "addr:postcode": "44221",
        "addr:state": "OH",
        "addr:street": "Howe Avenue",
        "amenity": "restaurant",
        "brand": "Bob Evans",
        "brand:wikidata": "Q4932386",
        "cuisine": "american",
        "name": "Bob Evans"
      },
      "geometry": {
        "type": "Point",
        "coordinates": [
          -81.4858047,
          41.119971
        ]
      },
      "id": "node/9107761566"
    },
    {
      "type": "Feature",
      "properties": {
        "@id": "node/11244809170",
        "addr:city": "Franklin",
        "addr:housenumber": "900",
        "addr:postcode": "46131",
        "addr:state": "IN",
        "addr:street": "North Morton Street",
        "amenity": "restaurant",
        "brand": "Bob Evans",
        "brand:wikidata": "Q4932386",
        "cuisine": "american",
        "name": "Bob Evans",
        "website": "https://www.bobevans.com/locations/franklin"
      },
      "geometry": {
        "type": "Point",
        "coordinates": [
          -86.064767,
          39.4879723
        ]
      },
      "id": "node/11244809170"
    },
    {
      "type": "Feature",
      "properties": {
        "@id": "node/11331195172",
        "addr:city": "Newark",
        "addr:housenumber": "1001",
        "addr:postcode": "43055",
        "addr:state": "OH",
        "addr:street": "Cherry Valley Road Southeast",
        "amenity": "restaurant",
        "brand": "Bob Evans",
        "brand:wikidata": "Q4932386",
        "cuisine": "american",
        "name": "Bob Evans",
        "opening_hours": "Mo-Su 07:00-21:00",
        "phone": "+1-740-522-3834",
        "website": "https://www.bobevans.com/locations/newark"
      },
      "geometry": {
        "type": "Point",
        "coordinates": [
          -82.4806764,
          40.0547244
        ]
      },
      "id": "node/11331195172"
    },
    {
      "type": "Feature",
      "properties": {
        "@id": "node/11396342040",
        "amenity": "restaurant",
        "brand": "Bob Evans",
        "brand:wikidata": "Q4932386",
        "cuisine": "american",
        "name": "Bob Evans"
      },
      "geometry": {
        "type": "Point",
        "coordinates": [
          -84.6251115,
          39.1466996
        ]
      },
      "id": "node/11396342040"
    },
    {
      "type": "Feature",
      "properties": {
        "@id": "node/12342747862",
        "addr:city": "Columbus",
        "addr:housenumber": "221",
        "addr:postcode": "47201",
        "addr:state": "IN",
        "addr:street": "Carrie Lane",
        "amenity": "restaurant",
        "brand": "Bob Evans",
        "brand:wikidata": "Q4932386",
        "cuisine": "american",
        "name": "Bob Evans",
        "opening_hours": "07:00-21:00",
        "phone": "+1 812-378-0442",
        "takeaway": "yes",
        "website": "https://www.bobevans.com/locations/columbus"
      },
      "geometry": {
        "type": "Point",
        "coordinates": [
          -85.9603399,
          39.1997566
        ]
      },
      "id": "node/12342747862"
    },
    {
      "type": "Feature",
      "properties": {
        "@id": "node/12851682282",
        "amenity": "restaurant",
        "brand": "Bob Evans",
        "brand:wikidata": "Q4932386",
        "check_date": "2025-05-20",
        "cuisine": "american",
        "name": "Bob Evans"
      },
      "geometry": {
        "type": "Point",
        "coordinates": [
          -81.2187827,
          37.7954439
        ]
      },
      "id": "node/12851682282"
    },
    {
      "type": "Feature",
      "properties": {
        "@id": "node/12867200505",
        "amenity": "restaurant",
        "brand": "Bob Evans",
        "brand:wikidata": "Q4932386",
        "check_date": "2025-05-27",
        "cuisine": "american",
        "name": "Bob Evans"
      },
      "geometry": {
        "type": "Point",
        "coordinates": [
          -85.8149944,
          41.2399826
        ]
      },
      "id": "node/12867200505"
    },
    {
      "type": "Feature",
      "properties": {
        "@id": "node/12974699614",
        "addr:city": "South Bloomfield",
        "addr:housenumber": "5077",
        "addr:postcode": "43103",
        "addr:state": "OH",
        "addr:street": "South Union Street",
        "amenity": "restaurant",
        "brand": "Bob Evans",
        "brand:wikidata": "Q4932386",
        "cuisine": "american",
        "name": "Bob Evans"
      },
      "geometry": {
        "type": "Point",
        "coordinates": [
          -82.9878203,
          39.7137308
        ]
      },
      "id": "node/12974699614"
    },
    {
      "type": "Feature",
      "properties": {
        "@id": "node/13065543956",
        "addr:city": "Avon",
        "addr:housenumber": "36160",
        "addr:postcode": "44011",
        "addr:state": "OH",
        "addr:street": "Detroit Road",
        "amenity": "restaurant",
        "brand": "Bob Evans",
        "brand:wikidata": "Q4932386",
        "cuisine": "american",
        "name": "Bob Evans"
      },
      "geometry": {
        "type": "Point",
        "coordinates": [
          -82.0228473,
          41.4595715
        ]
      },
      "id": "node/13065543956"
    }
  ]
}