{
  "type": "FeatureCollection",
  "generator": "overpass-turbo",
  "copyright": "The data included in this document is from www.openstreetmap.org. The data is made available under ODbL.",
  "timestamp": "2026-09-24T16:45:53Z",
  "features": [
    {
      "type": "Feature",
      "properties": {
        "@id": "way/43793522",
        "addr:city": "Myrtle Beach",
        "addr:country": "US",
        "addr:housenumber": "937",
        "addr:postcode": "29577",
        "addr:state": "SC",
        "addr:street": "Frontage Road East",
        "amenity": "fast_food",
        "brand": "Bojangles'",
        "brand:wikidata": "Q891163",
        "building": "yes",
        "cuisine": "chicken",
        "name": "Bojangles'",
        "official_name": "Bojangles' Famous Chicken 'n Biscuits",
        "phone": "+1 843-839-8880",
        "takeaway": "yes",
        "website": "https://locations.bojangles.com/sc/myrtle-beach/1957-10th-ave.html",
        "@geometry": "center"
      },
      "geometry": {
        "type": "Point",
        "coordinates": [
          -78.9000732,
          33.7132058
        ]
      },
      "id": "way/43793522"
    },
    {
      "type": "Feature",
      "properties": {
        "@id": "way/47662456",
        "addr:city": "Raleigh",
        "addr:housenumber": "2620",
        "addr:postcode": "27604",
        "addr:state": "NC",
        "addr:street": "Atlantic Avenue",
        "amenity": "fast_food",
        "brand": "Bojangles'",
        "brand:wikidata": "Q891163",
        "building": "yes",
        "building:use": "commercial",
        "cuisine": "chicken",
        "drive_through": "yes",
        "name": "Bojangles'",
        "official_name": "Bojangles' Famous Chicken 'n Biscuits",
        "phone": "+1 919-546-9701",
        "source": "WakeGIS",
        "takeaway": "yes",
        "website": "https://locations.bojangles.com/nc/raleigh/2620-atlantic-avenue.html",
        "@geometry": "center"
      },
      "geometry": {
        "type": "Point",
        "coordinates": [
          -78.6149278,
          35.8182678
        ]
      },
      "id": "way/47662456"
    },
    {
      "type": "Feature",
      "properties": {
        "@id": "way/47681381",
        "addr:city": "Raleigh",
        "addr:housenumber": "8680",
        "addr:postcode": "27617",
        "addr:state": "NC",
        "addr:street": "Glenwood Avenue",
        "amenity": "fast_food",
        "brand": "Bojangles'",
        "brand:wikidata": "Q891163",
        "building": "yes",
        "building:use": "commercial",
        "cuisine": "chicken",
        "drive_through": "yes",
        "name": "Bojangles'",
        "official_name": "Bojangles' Famous Chicken 'n Biscuits",
        "phone": "+1 919-277-0600",
        "source": "WakeGIS",
        "takeaway": "yes",
        "website": "https://locations.bojangles.com/nc/raleigh/8680-glenwood-avenue.html",
        "@geometry": "center"
      },
      "geometry": {
        "type": "Point",
        "coordinates": [
          -78.7431952,
          35.8868213
        ]
      },
      "id": "way/47681381"
    },
    {
      "type": "Feature",
      "properties": {
        "@id": "way/47731908",
        "addr:city": "Raleigh",
        "addr:housenumber": "10610",
        "addr:postcode": "27614",
        "addr:state": "NC",
        "addr:street": "Durant Road",
        "amenity": "fast_food",
        "brand": "Bojangles'",
        "brand:wikidata": "Q891163",
        "building": "yes",
        "building:use": "commercial",
        "cuisine": "chicken",
        "drive_through": "yes",
        "name": "Bojangles'",
        "official_name": "Bojangles' Famous Chicken 'n Biscuits",
        "phone": "+1 919-870-8002",
        "source": "WakeGIS",
        "takeaway": "yes",
        "website": "https://locations.bojangles.com/nc/raleigh/10610-durant-rd.html",
        "@geometry": "center"
      },
      "geometry": {
        "type": "Point",
        "coordinates": [
          -78.5912333,
          35.9058735
        ]
      },
      "id": "way/47731908"
    },
    {
      "type": "Feature",
      "properties": {
        "@id": "way/47732898",
        "addr:city": "Raleigh",
        "addr:housenumber": "5409",
        "addr:postcode": "27616",
        "addr:state": "NC",
        "addr:street": "Capital Boulevard",
        "amenity": "fast_food",
        "brand": "Bojangles'",
        "brand:wikidata": "Q891163",
        "building": "yes",
        "building:use": "commercial",
        "cuisine": "chicken",
        "drive_through": "yes",
        "name": "Bojangles'",
        "official_name": "Bojangles' Famous Chicken 'n Biscuits",
        "phone": "+1 919-872-5820",
        "source": "WakeGIS",
        "takeaway": "yes",
        "website": "https://locations.bojangles.com/nc/raleigh/5409-capital-blvd.html",
        "@geometry": "center"
      },
      "geometry": {
        "type": "Point",
        "coordinates": [
          -78.5824124,
          35.8598647
        ]
      },
      "id": "way/47732898"
    },
    {
      "type": "Feature",
      "properties": {
        "@id": "way/47759413",
        "addr:city": "Garner",
        "addr:housenumber": "3920",
        "addr:postcode": "27529",
        "addr:state": "NC",
        "addr:street": "Jones Sausage Road",
        "amenity": "fast_food",
        "brand": "Bojangles'",
        "brand:wikidata": "Q891163",
        "building": "yes",
        "building:use": "commercial",
        "cuisine": "chicken",
        "drive_through": "yes",
        "name": "Bojangles'",
        "official_name": "Bojangles' Famous Chicken 'n Biscuits",
        "opening_hours": "Su-Th 05:30-22:00; Fr-Sa 05:30-23:00",
        "opening_hours:drive_through": "Su-Th 05:30-22:00; Fr-Sa 05:30-23:00",
        "phone": "+1 919-662-1621",
        "source": "WakeGIS",
        "takeaway": "yes",
        "website": "https://locations.bojangles.com/nc/garner/3920-jones-sausage-rd.html",
        "@geometry": "center"
      },
      "geometry": {
        "type": "Point",
        "coordinates": [
          -78.5799885,
          35.7268258
        ]
      },
      "id": "way/47759413"
    },
    {
      "type": "Feature",
      "properties": {
        "@id": "way/47776541",
        "addr:city": "Raleigh",
        "addr:country": "US",
        "addr:housenumber": "1013",
        "addr:postcode": "27610",
        "addr:state": "NC",
        "addr:street": "New Bern Avenue",
        "amenity": "fast_food",
        "brand": "Bojangles'",
        "brand:wikidata": "Q891163",
        "building": "yes",
        "building:use": "commercial",
        "check_date": "2025-01-10",
        "cuisine": "chicken",
        "drive_through": "yes",
        "internet_access": "no",
        "name": "Bojangles'",
        "official_name": "Bojangles' Famous Chicken 'n Biscuits",
        "payment:cash": "yes",
        "payment:credit_cards": "yes",
        "payment:debit_cards": "yes",
        "phone": "+1 919-821-3735",
        "source": "WakeGIS",
        "takeaway": "yes",
        "website": "https://locations.bojangles.com/nc/raleigh/1013-new-bern-ave.html",
        "@geometry": "center"
      },
      "geometry": {
        "type": "Point",
        "coordinates": [
          -78.6228225,
          35.7802713
        ]
      },
      "id": "way/47776541"
    },
    {
      "type": "Feature",
      "properties": {
        "@id": "way/47917778",
        "addr:city": "Raleigh",
        "addr:country": "US",
        "addr:housenumber": "3808",
        "addr:postcode": "27606",
        "addr:state": "NC",
        "addr:street": "Western Boulevard",
        "air_conditioning": "yes",
        "amenity": "fast_food",
        "brand": "Bojangles'",
        "brand:wikidata": "Q891163",
        "building": "yes",
        "building:use": "commercial",
        "check_date": "2026-02-16",
        "check_date:opening_hours": "2026-02-16",
        "cuisine": "chicken",
        "drive_through": "yes",
        "internet_access": "wlan",
        "internet_access:fee": "no",
        "internet_access:ssid": "Bojangles",
        "name": "Bojangles'",
        "official_name": "Bojangles' Famous Chicken 'n Biscuits",
        "opening_hours": "Mo-Th,Su 05:30-22:00; Fr-Sa 05:30-23:00",
        "outdoor_seating": "no",
        "payment:cash": "yes",
        "payment:credit_cards": "yes",
        "payment:debit_cards": "yes",
        "phone": "+1 919-664-8613",
        "smoking": "no",
        "source": "WakeGIS",
        "takeaway": "yes",
        "website": "https://locations.bojangles.com/nc/raleigh/3808-western-blvd.html",
        "wheelchair": "yes",
        "@geometry": "center"
      },
      "geometry": {
        "type": "Point",
        "coordinates": [
          -78.6887476,
          35.7851913
        ]
      },
      "id": "way/47917778"
    },
    {
      "type": "Feature",
      "properties": {
        "@id": "way/47932524",
        "addr:city": "Raleigh",
        "addr:housenumber": "3301",
        "addr:postcode": "27603",
        "addr:state": "NC",
        "addr:street": "South Wilmington Street",
        "amenity": "fast_food",
        "brand": "Bojangles'",
        "brand:wikidata": "Q891163",
        "building": "commercial",
        "building:use": "commercial",
        "cuisine": "chicken",
        "drive_through": "yes",
        "name": "Bojangles'",
        "official_name": "Bojangles' Famous Chicken 'n Biscuits",
        "opening_hours": "Mo-Su 05:30-24:00",
        "outdoor_seating": "no",
        "phone": "+1 919-772-4512",
        "smoking": "no",
        "source": "WakeGIS",
        "takeaway": "yes",
        "website": "https://locations.bojangles.com/nc/raleigh/3301-s--wilmington-st.html",
        "@geometry": "center"
      },
      "geometry": {
        "type": "Point",
        "coordinates": [
          -78.6497866,
          35.7352024
        ]
      },
      "id": "way/47932524"
    },
    {
      "type": "Feature",
      "properties": {
        "@id": "way/48189282",
        "addr:city": "Sterling",
        "addr:housenumber": "46160",
        "addr:postcode": "20164",
        "addr:state": "VA",
        "addr:street": "Potomac Run Plaza",
        "amenity": "fast_food",
        "brand": "Bojangles'",
        "brand:wikidata": "Q891163",
        "building": "yes",
        "cuisine": "chicken",
        "drive_through": "yes",
        "name": "Bojangles'",
        "official_name": "Bojangles' Famous Chicken 'n Biscuits",
        "phone": "+1 571-313-0019",
        "takeaway": "yes",
        "website": "https://locations.bojangles.com/va/sterling/46160-potomac-run-plaza.html",
        "@geometry": "center"
      },
      "geometry": {
        "type": "Point",
        "coordinates": [
          -77.4021736,
          39.0252356
        ]
      },
      "id": "way/48189282"
    },
    {
      "type": "Feature",
      "properties": {
        "@id": "way/106183127",
        "addr:city": "Durham",
        "addr:housenumber": "5425",
        "addr:postcode": "27703",
        "addr:state": "NC",
        "addr:street": "South Miami Boulevard",
        "air_conditioning": "yes",
        "amenity": "fast_food",
        "brand": "Bojangles'",
        "brand:wikidata": "Q891163",
        "building": "yes",
        "cuisine": "chicken",
        "drive_through": "yes",
        "name": "Bojangles'",
        "official_name": "Bojangles' Famous Chicken 'n Biscuits",
        "opening_hours": "05:30-23:00, Fr-Sa 23:00-24:00",
        "outdoor_seating": "no",
        "phone": "+1-919-941-5620",
        "source:addr": "Durham Open Data",
        "takeaway": "yes",
        "website": "https://locations.bojangles.com/nc/durham/5425-s--miami-blvd.html",
        "@geometry": "center"
      },
      "geometry": {
        "type": "Point",
        "coordinates": [
          -78.8500207,
          35.8787879
        ]
      },
      "id": "way/106183127"
    },
    {
      "type": "Feature",
      "properties": {
        "@id": "way/128006137",
        "addr:city": "New Carrollton",
        "addr:housenumber": "8320",
        "addr:postcode": "20784",
        "addr:state": "MD",
        "addr:street": "Annapolis Road",
        "amenity": "fast_food",
        "brand": "Bojangles'",
        "brand:wikidata": "Q891163",
        "building": "commercial",
        "building:levels": "1",
        "building:material": "brick",
        "cuisine": "chicken",
        "delivery": "no",
        "drive_through": "yes",
        "name": "Bojangles'",
        "official_name": "Bojangles' Famous Chicken 'n Biscuits",
        "opening_hours": "06:00-22:00",
        "outdoor_seating": "no",
        "roof:levels": "1",
        "roof:shape": "flat",
        "smoking": "outside",
        "takeaway": "yes",
        "@geometry": "center"
      },
      "geometry": {
        "type": "Point",
        "coordinates": [
          -76.8711964,
          38.9572854
        ]
      },
      "id": "way/128006137"
    },
    {
      "type": "Feature",
      "properties": {
        "@id": "way/128191539",
        "addr:city": "Cary",
        "addr:housenumber": "3025",
        "addr:postcode": "27513",
        "addr:state": "NC",
        "addr:street": "Winston Hill Drive",
        "amenity": "fast_food",
        "brand": "Bojangles'",
        "brand:wikidata": "Q891163",
        "building": "yes",
        "cuisine": "chicken",
        "drive_through": "yes",
        "name": "Bojangles'",
        "official_name": "Bojangles' Famous Chicken 'n Biscuits",
        "opening_hours": "Su-Th 05:30-22:00; Fr-Sa 05:30-23:00",
        "phone": "+1 919-460-9224",
        "takeaway": "yes",
        "website": "https://locations.bojangles.com/nc/cary/3025-winston-hill-drive.html",
        "@geometry": "center"
      },
      "geometry": {
        "type": "Point",
        "coordinates": [
          -78.8465274,
          35.7894672
        ]
      },
      "id": "way/128191539"
    },
    {
      "type": "Feature",
      "properties": {
        "@id": "way/139589002",
        "addr:city": "Dublin",
        "addr:housenumber": "4396",
        "addr:postcode": "24084",
        "addr:state": "VA",
        "addr:street": "Cleburne Boulevard",
        "amenity": "fast_food",
        "brand": "Bojangles'",
        "brand:wikidata": "Q891163",
        "building": "yes",
        "cuisine": "chicken",
        "name": "Bojangles'",
        "official_name": "Bojangles' Famous Chicken 'n Biscuits",
        "phone": "+1 540-674-6794",
        "takeaway": "yes",
        "website": "https://locations.bojangles.com/va/dublin/4396-cleburne-blvd.html",
        "@geometry": "center"
      },
      "geometry": {
        "type": "Point",
        "coordinates": [
          -80.6942124,
          37.0742478
        ]
      },
      "id": "way/139589002"
    },
    {
      "type": "Feature",
      "properties": {
        "@id": "way/144183142",
        "addr:city": "Danville",
        "addr:housenumber": "106",
        "addr:postcode": "24541",
        "addr:state": "VA",
        "addr:street": "Sandy Court",
        "amenity": "fast_food",
        "brand": "Bojangles'",
        "brand:wikidata": "Q891163",
        "building": "yes",
        "cuisine": "chicken",
        "drive_through": "yes",
        "name": "Bojangles'",
        "official_name": "Bojangles' Famous Chicken 'n Biscuits",
        "phone": "+1 434-797-4071",
        "takeaway": "yes",
        "website": "https://locations.bojangles.com/va/danville/106-sandy-ct.html",
        "@geometry": "center"
      },
      "geometry": {
        "type": "Point",
        "coordinates": [
          -79.4289381,
          36.5915763
        ]
      },
      "id": "way/144183142"
    },
    {
      "type": "Feature",
      "properties": {
        "@id": "way/146155393",
        "addr:city": "Durham",
        "addr:country": "US",
        "addr:housenumber": "3558",
        "addr:postcode": "27705",
        "addr:state": "NC",
        "addr:street": "Hillsborough Road",
        "amenity": "fast_food",
        "brand": "Bojangles'",
        "brand:wikidata": "Q891163",
        "building": "yes",
        "cuisine": "chicken",
        "drive_through": "yes",
        "name": "Bojangles'",
        "official_name": "Bojangles' Famous Chicken 'n Biscuits",
        "phone": "+1 919-383-6797",
        "takeaway": "yes",
        "website": "https://locations.bojangles.com/nc/durham/3558-hillsborough-rd.html",
        "@geometry": "center"
      },
      "geometry": {
        "type": "Point",
        "coordinates": [
          -78.952097,
          36.0222692
        ]
      },
      "id": "way/146155393"
    },
    {
      "type": "Feature",
      "properties": {
        "@id": "way/146579106",
        "addr:city": "Durham",
        "addr:housenumber": "2801",
        "addr:postcode": "27705",
        "addr:state": "NC",
        "addr:street": "Guess Road",
        "amenity": "fast_food",
        "brand": "Bojangles'",
        "brand:wikidata": "Q891163",
        "building": "yes",
        "cuisine": "chicken",
        "drive_through": "yes",
        "name": "Bojangles'",
        "official_name": "Bojangles' Famous Chicken 'n Biscuits",
        "phone": "+1 919-477-2362",
        "takeaway": "yes",
        "website": "https://locations.bojangles.com/nc/durham/2801-guess-rd.html",
        "@geometry": "center"
      },
      "geometry": {
        "type": "Point",
        "coordinates": [
          -78.9283488,
          36.0304557
        ]
      },
      "id": "way/146579106"
    },
    {
      "type": "Feature",
      "properties": {
        "@id": "way/146661784",
        "addr:city": "Athens",
        "addr:housenumber": "3210",
        "addr:postcode": "30529",
        "addr:state": "GA",
        "addr:street": "Lexington Road",
        "amenity": "fast_food",
        "brand": "Bojangles'",
        "brand:wikidata": "Q891163",
        "building": "retail",
        "cuisine": "chicken",
        "drive_through": "yes",
        "name": "Bojangles'",
        "official_name": "Bojangles' Famous Chicken 'n Biscuits",
        "phone": "+1 706-336-5852",
        "takeaway": "yes",
        "website": "https://locations.bojangles.com/ga/commerce/30733-us-hwy-441-s.html",
        "@geometry": "center"
      },
      "geometry": {
        "type": "Point",
        "coordinates": [
          -83.4618424,
          34.2534717
        ]
      },
      "id": "way/146661784"
    },
    {
      "type": "Feature",
      "properties": {
        "@id": "way/151158198",
        "addr:city": "Durham",
        "addr:housenumber": "4600",
        "addr:postcode": "27707",
        "addr:state": "NC",
        "addr:street": "Garrett Road",
        "amenity": "fast_food",
        "brand": "Bojangles'",
        "brand:wikidata": "Q891163",
        "building": "yes",
        "cuisine": "chicken",
        "drive_through": "yes",
        "name": "Bojangles'",
        "official_name": "Bojangles' Famous Chicken 'n Biscuits",
        "phone": "+1 919-489-5942",
        "takeaway": "yes",
        "website": "https://locations.bojangles.com/nc/durham/4600-garrett-rd.html",
        "@geometry": "center"
      },
      "geometry": {
        "type": "Point",
        "coordinates": [
          -78.9779002,
          35.9618867
        ]
      },
      "id": "way/151158198"
    },
    {
      "type": "Feature",
      "properties": {
        "@id": "way/170971042",
        "addr:city": "Henderson",
        "addr:housenumber": "1518",
        "addr:postcode": "27536",
        "addr:state": "NC",
        "addr:street": "Dabney Drive",
        "amenity": "fast_food",
        "brand": "Bojangles'",
        "brand:wikidata": "Q891163",
        "building": "yes",
        "cuisine": "chicken",
        "drive_through": "yes",
        "name": "Bojangles'",
        "official_name": "Bojangles' Famous Chicken 'n Biscuits",
        "phone": "+1 252-438-8446",
        "takeaway": "yes",
        "website": "https://locations.bojangles.com/nc/henderson/1518-dabney-dr.html",
        "@geometry": "center"
      },
      "geometry": {
        "type": "Point",
        "coordinates": [
          -78.4347815,
          36.3332519
        ]
      },
      "id": "way/170971042"
    },
    {
      "type": "Feature",
      "properties": {
        "@id": "way/174531644",
        "addr:city": "Knoxville",
        "addr:housenumber": "7505",
        "addr:postcode": "37931",
        "addr:state": "TN",
        "addr:street": "Oak Ridge Highway",
        "amenity": "fast_food",
        "brand": "Bojangles'",
        "brand:wikidata": "Q891163",
        "building": "commercial",
        "check_date": "2026-07-31",
        "check_date:opening_hours": "2026-07-31",
        "cuisine": "chicken",
        "name": "Bojangles'",
        "official_name": "Bojangles' Famous Chicken 'n Biscuits",
        "opening_hours": "Mo-Sa 05:00-22:00; Su 06:00-22:00",
        "phone": "+1 865-766-5382",
        "source": "knowledge",
        "takeaway": "yes",
        "website": "https://locations.bojangles.com/tn/knoxville/7505-oak-ridge-highway.html",
        "@geometry": "center"
      },
      "geometry": {
        "type": "Point",
        "coordinates": [
          -84.0950797,
          35.981322
        ]
      },
      "id": "way/174531644"
    },
    {
      "type": "Feature",
      "properties": {
        "@id": "way/185026854",
        "addr:city": "Rock Hill",
        "addr:housenumber": "2382",
        "addr:postcode": "29732",
        "addr:state": "SC",
        "addr:street": "Cherry Road",
        "amenity": "fast_food",
        "brand": "Bojangles'",
        "brand:wikidata": "Q891163",
        "building": "yes",
        "cuisine": "chicken",
        "drive_through": "yes",
        "name": "Bojangles'",
        "official_name": "Bojangles' Famous Chicken 'n Biscuits",
        "phone": "+1 803-327-6573",
        "takeaway": "yes",
        "website": "https://locations.bojangles.com/sc/rock-hill/2382-cherry-road.html",
        "@geometry": "center"
      },
      "geometry": {
        "type": "Point",
        "coordinates": [
          -80.9942765,
          34.9688383
        ]
      },
      "id": "way/185026854"
    },
    {
      "type": "Feature",
      "properties": {
        "@id": "way/205230388",
        "addr:city": "Garner",
        "addr:housenumber": "5497",
        "addr:postcode": "27529",
        "addr:state": "NC",
        "addr:street": "NC 42 West",
        "amenity": "fast_food",
        "brand": "Bojangles'",
        "brand:wikidata": "Q891163",
        "building": "yes",
        "cuisine": "chicken",
        "drive_through": "yes",
        "name": "Bojangles'",
        "official_name": "Bojangles' Famous Chicken 'n Biscuits",
        "opening_hours": "Su-Th 05:30-22:00; Fr-Sa 05:30-23:00",
        "phone": "+1 919-773-9116",
        "takeaway": "yes",
        "website": "https://locations.bojangles.com/nc/garner/5497-hwy-42-west.html",
        "@geometry": "center"
      },
      "geometry": {
        "type": "Point",
        "coordinates": [
          -78.5674023,
          35.604646
        ]
      },
      "id": "way/205230388"
    },
    {
      "type": "Feature",
      "properties": {
        "@id": "way/212911517",
        "addr:city": "Fuquay-Varina",
        "addr:housenumber": "1400",
        "addr:postcode": "27526",
        "addr:state": "NC",
        "addr:street": "North Main Street",
        "amenity": "fast_food",
        "brand": "Bojangles'",
        "brand:wikidata": "Q891163",
        "building": "yes",
        "cuisine": "chicken",
        "drive_through": "yes",
        "name": "Bojangles'",
        "official_name": "Bojangles' Famous Chicken 'n Biscuits",
        "opening_hours": "Su-Th 05:30-22:00; Fr,Sa 05:30-23:00",
        "phone": "+1 919-557-0749",
        "takeaway": "yes",
        "website": "https://locations.bojangles.com/nc/fuquay-varina/1400-main-st.html",
        "@geometry": "center"
      },
      "geometry": {
        "type": "Point",
        "coordinates": [
          -78.773326,
          35.5922689
        ]
      },
      "id": "way/212911517"
    },
    {
      "type": "Feature",
      "properties": {
        "@id": "way/218896600",
        "addr:city": "Oxon Hill",
        "addr:housenumber": "6135",
        "addr:postcode": "20745",
        "addr:state": "MD",
        "addr:street": "Oxon Hill Road",
        "amenity": "fast_food",
        "brand": "Bojangles'",
        "brand:wikidata": "Q891163",
        "building": "yes",
        "check_date": "2025-05-19",
        "cuisine": "chicken",
        "drive_through": "yes",
        "name": "Bojangles'",
        "official_name": "Bojangles' Famous Chicken 'n Biscuits",
        "takeaway": "yes",
        "@geometry": "center"
      },
      "geometry": {
        "type": "Point",
        "coordinates": [
          -76.9817573,
          38.8047615
        ]
      },
      "id": "way/218896600"
    },
    {
      "type": "Feature",
      "properties": {
        "@id": "way/220964939",
        "addr:city": "Florence",
        "addr:housenumber": "109",
        "addr:postcode": "35630",
        "addr:state": "AL",
        "addr:street": "South Cox Creek Parkway",
        "amenity": "fast_food",
        "brand": "Bojangles'",
        "brand:wikidata": "Q891163",
        "building": "yes",
        "cuisine": "chicken",
        "drive_through": "yes",
        "name": "Bojangles'",
        "official_name": "Bojangles' Famous Chicken 'n Biscuits",
        "phone": "+1 256-765-7100",
        "takeaway": "yes",
        "website": "https://locations.bojangles.com/al/florence/109-cox-creek-pkwy.html",
        "@geometry": "center"
      },
      "geometry": {
        "type": "Point",
        "coordinates": [
          -87.6270272,
          34.8279261
        ]
      },
      "id": "way/220964939"
    },
    {
      "type": "Feature",
      "properties": {
        "@id": "way/221413434",
        "addr:city": "Clayton",
        "addr:housenumber": "11928",
        "addr:postcode": "27520",
        "addr:state": "NC",
        "addr:street": "US 70 Business West",
        "amenity": "fast_food",
        "brand": "Bojangles'",
        "brand:wikidata": "Q891163",
        "building": "yes",
        "cuisine": "chicken",
        "drive_through": "yes",
        "name": "Bojangles'",
        "official_name": "Bojangles' Famous Chicken 'n Biscuits",
        "opening_hours": "Mo-Th,Su 05:30-23:00; Fr,Sa 05:30-24:00",
        "phone": "+1 919-550-4175",
        "takeaway": "yes",
        "website": "https://locations.bojangles.com/nc/clayton/11900-us-hwy-70-west.html",
        "@geometry": "center"
      },
      "geometry": {
        "type": "Point",
        "coordinates": [
          -78.4786255,
          35.6575344
        ]
      },
      "id": "way/221413434"
    },
    {
      "type": "Feature",
      "properties": {
        "@id": "way/227244880",
        "addr:city": "Rocky Mount",
        "addr:housenumber": "908",
        "addr:postcode": "27804",
        "addr:state": "NC",
        "addr:street": "English Road",
        "amenity": "fast_food",
        "brand": "Bojangles'",
        "brand:wikidata": "Q891163",
        "building": "yes",
        "cuisine": "chicken",
        "drive_through": "yes",
        "name": "Bojangles'",
        "official_name": "Bojangles' Famous Chicken 'n Biscuits",
        "phone": "+1 252-443-7402",
        "takeaway": "yes",
        "website": "https://locations.bojangles.com/nc/rocky-mount/908-english-road.html",
        "@geometry": "center"
      },
      "geometry": {
        "type": "Point",
        "coordinates": [
          -77.8409376,
          35.9768344
        ]
      },
      "id": "way/227244880"
    },
    {
      "type": "Feature",
      "properties": {
        "@id": "way/233075802",
        "addr:city": "Upper Marlboro",
        "addr:country": "US",
        "addr:housenumber": "7571",
        "addr:postcode": "20772",
        "addr:state": "MD",
        "addr:street": "Crain Highway",
        "brand": "Bojangles'",
        "brand:wikidata": "Q891163",
        "building": "commercial",
        "building:levels": "1",
        "check_date": "2024-04-14",
        "cuisine": "chicken",
        "delivery": "no",
        "disused:amenity": "fast_food",
        "drive_through": "yes",
        "internet_access": "no",
        "name": "Bojangles'",
        "official_name": "Bojangles' Famous Chicken 'n Biscuits",
        "payment:mastercard": "yes",
        "payment:visa": "yes",
        "phone": "+1 301 952 9322",
        "takeaway": "yes",
        "wheelchair": "yes",
        "@geometry": "center"
      },
      "geometry": {
        "type": "Point",
        "coordinates": [
          -76.7934103,
          38.7854301
        ]
      },
      "id": "way/233075802"
    },
    {
      "type": "Feature",
      "properties": {
        "@id": "way/249315322",
        "addr:city": "Plymouth",
        "addr:country": "US",
        "addr:housenumber": "601",
        "addr:postcode": "27962",
        "addr:state": "NC",
        "addr:street": "US Highway 64 West",
        "amenity": "fast_food",
        "brand": "Bojangles'",
        "brand:wikidata": "Q891163",
        "building": "commercial",
        "building:levels": "1",
        "check_date": "2026-05-02",
        "cuisine": "chicken",
        "diet:vegetarian": "no",
        "drive_through": "yes",
        "name": "Bojangles'",
        "official_name": "Bojangles' Famous Chicken 'n Biscuits",
        "opening_hours": "Su-Th 05:30-22:00; Fr-Sa 05:30-23:00",
        "payment:mastercard": "yes",
        "payment:visa": "yes",
        "phone": "+1 252-793-3618",
        "roof:levels": "1",
        "roof:shape": "flat",
        "takeaway": "yes",
        "website": "https://locations.bojangles.com/nc/plymouth/601-us-highway-64-east.html",
        "wheelchair": "yes",
        "@geometry": "center"
      },
      "geometry": {
        "type": "Point",
        "coordinates": [
          -76.7555268,
          35.8502249
        ]
      },
      "id": "way/249315322"
    },
    {
      "type": "Feature",
      "properties": {
        "@id": "way/250155454",
        "addr:housenumber": "5910",
        "addr:postcode": "11203",
        "addr:street": "Church Avenue",
        "air_conditioning": "yes",
        "amenity": "fast_food",
        "branch": "Brooklyn",
        "brand": "Bojangles'",
        "brand:wikidata": "Q891163",
        "building": "retail",
        "building:levels": "1",
        "check_date": "2026-01-19",
        "cuisine": "chicken",
        "drive_through": "yes",
        "height": "5.0",
        "name": "Bojangles'",
        "nycdoitt:bin": "3103213",
        "official_name": "Bojangles' Famous Chicken 'n Biscuits",
        "opening_hours": "24/7",
        "opening_hours:drive_through": "24/7",
        "outdoor_seating": "no",
        "payment:cash": "yes",
        "payment:credit_cards": "yes",
        "payment:debit_cards": "yes",
        "phone": "+1 347-395-0360",
        "roof:shape": "flat",
        "smoking": "no",
        "start_date": "2025-01-12",
        "takeaway": "yes",
        "website": "https://locations.bojangles.com/ny/brooklyn/5910-church-avenue-1528.html",
        "wheelchair": "yes",
        "@geometry": "center"
      },
      "geometry": {
        "type": "Point",
        "coordinates": [
          -73.9213566,
          40.6522786
        ]
      },
      "id": "way/250155454"
    },
    {
      "type": "Feature",
      "properties": {
        "@id": "way/258499000",
        "addr:city": "Roanoke",
        "addr:housenumber": "4510",
        "addr:postcode": "24018",
        "addr:state": "VA",
        "addr:street": "Brambleton Avenue",
        "amenity": "fast_food",
        "brand": "Bojangles'",
        "brand:wikidata": "Q891163",
        "building": "yes",
        "cuisine": "chicken",
        "drive_through": "yes",
        "name": "Bojangles'",
        "official_name": "Bojangles' Famous Chicken 'n Biscuits",
        "phone": "+1 540-266-7524",
        "takeaway": "yes",
        "website": "https://locations.bojangles.com/va/roanoke/4510-brambleton-avenue.html",
        "@geometry": "center"
      },
      "geometry": {
        "type": "Point",
        "coordinates": [
          -80.0132236,
          37.2231084
        ]
      },
      "id": "way/258499000"
    },
    {
      "type": "Feature",
      "properties": {
        "@id": "way/264244695",
        "addr:city": "Apex",
        "addr:housenumber": "1209",
        "addr:postcode": "27502",
        "addr:state": "NC",
        "addr:street": "Laura Village Road",
        "amenity": "fast_food",
        "brand": "Bojangles'",
        "brand:wikidata": "Q891163",
        "building": "yes",
        "cuisine": "chicken",
        "drive_through": "yes",
        "internet_access": "wlan",
        "name": "Bojangles'",
        "official_name": "Bojangles' Famous Chicken 'n Biscuits",
        "opening_hours": "Su-Th 05:30-23:00, Fr-Sa 05:30-24:00",
        "phone": "+1 919-362-1416",
        "takeaway": "yes",
        "website": "https://locations.bojangles.com/nc/apex/1209-laura-village-dr.html",
        "@geometry": "center"
      },
      "geometry": {
        "type": "Point",
        "coordinates": [
          -78.8368802,
          35.7489374
        ]
      },
      "id": "way/264244695"
    },
    {
      "type": "Feature",
      "properties": {
        "@id": "way/267460229",
        "addr:city": "Greenville",
        "addr:housenumber": "3210",
        "addr:postcode": "27834",
        "addr:state": "NC",
        "addr:street": "East 10th Street",
        "amenity": "fast_food",
        "brand": "Bojangles'",
        "brand:wikidata": "Q891163",
        "building": "yes",
        "cuisine": "chicken",
        "drive_through": "yes",
        "name": "Bojangles'",
        "official_name": "Bojangles' Famous Chicken 'n Biscuits",
        "phone": "+1 252-758-6517",
        "takeaway": "yes",
        "website": "https://locations.bojangles.com/nc/greenville/3210-east-10th-street.html",
        "@geometry": "center"
      },
      "geometry": {
        "type": "Point",
        "coordinates": [
          -77.3305304,
          35.5984166
        ]
      },
      "id": "way/267460229"
    },
    {
      "type": "Feature",
      "properties": {
        "@id": "way/268951518",
        "addr:city": "Asheville",
        "addr:housenumber": "1338",
        "addr:postcode": "28805",
        "addr:state": "NC",
        "addr:street": "Tunnel Road",
        "amenity": "fast_food",
        "brand": "Bojangles'",
        "brand:wikidata": "Q891163",
        "building": "yes",
        "cuisine": "chicken",
        "drive_through": "yes",
        "name": "Bojangles'",
        "official_name": "Bojangles' Famous Chicken 'n Biscuits",
        "phone": "+1 828-298-6001",
        "takeaway": "yes",
        "website": "https://locations.bojangles.com/nc/asheville/1330-tunnel-rd.html",
        "@geometry": "center"
      },
      "geometry": {
        "type": "Point",
        "coordinates": [
          -82.469839,
          35.5844362
        ]
      },
      "id": "way/268951518"
    },
    {
      "type": "Feature",
      "properties": {
        "@id": "way/280519243",
        "addr:city": "Atlanta",
        "addr:housenumber": "5140",
        "addr:postcode": "30349",
        "addr:state": "GA",
        "addr:street": "Old National Highway",
        "amenity": "fast_food",
        "brand": "Bojangles'",
        "brand:wikidata": "Q891163",
        "building": "yes",
        "cuisine": "chicken",
        "drive_through": "yes",
        "name": "Bojangles'",
        "official_name": "Bojangles' Famous Chicken 'n Biscuits",
        "phone": "+1 404-766-1157",
        "takeaway": "yes",
        "website": "https://locations.bojangles.com/ga/college-park/5140-old-national-hwy.html",
        "@geometry": "center"
      },
      "geometry": {
        "type": "Point",
        "coordinates": [
          -84.4722411,
          33.6151207
        ]
      },
      "id": "way/280519243"
    },
    {
      "type": "Feature",
      "properties": {
        "@id": "way/281841071",
        "addr:city": "Thomasville",
        "addr:country": "US",
        "addr:housenumber": "1026",
        "addr:postcode": "27360",
        "addr:state": "NC",
        "addr:street": "Randolph Street",
        "amenity": "fast_food",
        "brand": "Bojangles'",
        "brand:wikidata": "Q891163",
        "building": "yes",
        "cuisine": "chicken",
        "drive_through": "yes",
        "name": "Bojangles'",
        "official_name": "Bojangles' Famous Chicken 'n Biscuits",
        "phone": "+1 336-475-8579",
        "takeaway": "yes",
        "website": "https://locations.bojangles.com/nc/thomasville/1030-randolph-street.html",
        "@geometry": "center"
      },
      "geometry": {
        "type": "Point",
        "coordinates": [
          -80.072699,
          35.8652654
        ]
      },
      "id": "way/281841071"
    },
    {
      "type": "Feature",
      "properties": {
        "@id": "way/284554869",
        "addr:city": "Atlantic Beach",
        "addr:housenumber": "916",
        "addr:postcode": "28512",
        "addr:state": "NC",
        "addr:street": "West Fort Macon Road",
        "amenity": "fast_food",
        "brand": "Bojangles'",
        "brand:wikidata": "Q891163",
        "building": "retail",
        "cuisine": "chicken",
        "drive_through": "yes",
        "name": "Bojangles'",
        "official_name": "Bojangles' Famous Chicken 'n Biscuits",
        "phone": "+1 252-240-3818",
        "takeaway": "yes",
        "website": "https://locations.bojangles.com/nc/atlantic-beach/916-west-fort-macon-road.html",
        "@geometry": "center"
      },
      "geometry": {
        "type": "Point",
        "coordinates": [
          -76.7522233,
          34.7012418
        ]
      },
      "id": "way/284554869"
    },
    {
      "type": "Feature",
      "properties": {
        "@id": "way/286140621",
        "addr:city": "Winston-Salem",
        "addr:country": "US",
        "addr:housenumber": "1614",
        "addr:postcode": "27104",
        "addr:state": "NC",
        "addr:street": "South Stratford Road",
        "amenity": "fast_food",
        "brand": "Bojangles'",
        "brand:wikidata": "Q891163",
        "building": "yes",
        "cuisine": "chicken",
        "drive_through": "yes",
        "name": "Bojangles'",
        "official_name": "Bojangles' Famous Chicken 'n Biscuits",
        "phone": "+1 336-765-1983",
        "takeaway": "yes",
        "website": "https://locations.bojangles.com/nc/winston-salem/1614-s--stratford.html",
        "@geometry": "center"
      },
      "geometry": {
        "type": "Point",
        "coordinates": [
          -80.3046539,
          36.0700403
        ]
      },
      "id": "way/286140621"
    },
    {
      "type": "Feature",
      "properties": {
        "@id": "way/287420098",
        "addr:city": "Monroe",
        "addr:housenumber": "555",
        "addr:postcode": "28112",
        "addr:state": "NC",
        "addr:street": "East Roosevelt Boulevard",
        "amenity": "fast_food",
        "brand": "Bojangles'",
        "brand:wikidata": "Q891163",
        "building": "yes",
        "cuisine": "chicken",
        "drive_through": "yes",
        "name": "Bojangles'",
        "official_name": "Bojangles' Famous Chicken 'n Biscuits",
        "phone": "+1 704-289-2193",
        "takeaway": "yes",
        "website": "https://locations.bojangles.com/nc/monroe/555-e-roosevelt-blvd.html",
        "@geometry": "center"
      },
      "geometry": {
        "type": "Point",
        "coordinates": [
          -80.5201005,
          34.9769413
        ]
      },
      "id": "way/287420098"
    },
    {
      "type": "Feature",
      "properties": {
        "@id": "way/288666198",
        "addr:city": "Charleston",
        "addr:housenumber": "2508",
        "addr:postcode": "29418",
        "addr:state": "SC",
        "addr:street": "Ashley Phosphate",
        "amenity": "fast_food",
        "brand": "Bojangles'",
        "brand:wikidata": "Q891163",
        "building": "yes",
        "cuisine": "chicken",
        "name": "Bojangles'",
        "official_name": "Bojangles' Famous Chicken 'n Biscuits",
        "phone": "+1 843-797-1081",
        "takeaway": "yes",
        "website": "https://locations.bojangles.com/sc/charleston/2508-ashley-phosphate.html",
        "@geometry": "center"
      },
      "geometry": {
        "type": "Point",
        "coordinates": [
          -80.0509704,
          32.9345098
        ]
      },
      "id": "way/288666198"
    },
    {
      "type": "Feature",
      "properties": {
        "@id": "way/288817195",
        "addr:city": "Weaverville",
        "addr:housenumber": "164",
        "addr:postcode": "28787",
        "addr:state": "NC",
        "addr:street": "Weaver Road",
        "amenity": "fast_food",
        "brand": "Bojangles'",
        "brand:wikidata": "Q891163",
        "building": "yes",
        "cuisine": "chicken",
        "drive_through": "yes",
        "name": "Bojangles'",
        "official_name": "Bojangles' Famous Chicken 'n Biscuits",
        "phone": "+1 828-645-7662",
        "takeaway": "yes",
        "website": "https://locations.bojangles.com/nc/weaverville/164-weaver-road.html",
        "@geometry": "center"
      },
      "geometry": {
        "type": "Point",
        "coordinates": [
          -82.5696278,
          35.7035047
        ]
      },
      "id": "way/288817195"
    },
    {
      "type": "Feature",
      "properties": {
        "@id": "way/293857545",
        "addr:city": "Daleville",
        "addr:country": "US",
        "addr:housenumber": "5",
        "addr:postcode": "24088",
        "addr:state": "VA",
        "addr:street": "Kingston Drive",
        "amenity": "fast_food",
        "brand": "Bojangles'",
        "brand:wikidata": "Q891163",
        "building": "yes",
        "cuisine": "chicken",
        "drive_through": "yes",
        "name": "Bojangles'",
        "official_name": "Bojangles' Famous Chicken 'n Biscuits",
        "phone": "+1 540-966-1440",
        "takeaway": "yes",
        "website": "https://locations.bojangles.com/va/daleville/5-kingston.html",
        "@geometry": "center"
      },
      "geometry": {
        "type": "Point",
        "coordinates": [
          -79.9097294,
          37.3974925
        ]
      },
      "id": "way/293857545"
    },
    {
      "type": "Feature",
      "properties": {
        "@id": "way/303239263",
        "addr:city": "Athens",
        "addr:housenumber": "3993",
        "addr:postcode": "30606",
        "addr:state": "GA",
        "addr:street": "Atlanta Highway",
        "amenity": "fast_food",
        "brand": "Bojangles'",
        "brand:wikidata": "Q891163",
        "building": "yes",
        "cuisine": "chicken",
        "drive_through": "yes",
        "name": "Bojangles'",
        "official_name": "Bojangles' Famous Chicken 'n Biscuits",
        "phone": "+1 706-353-0727",
        "ref:athensclarkeaddress": "26213",
        "takeaway": "yes",
        "website": "https://locations.bojangles.com/ga/bogart/3993-atlanta-highway.html",
        "@geometry": "center"
      },
      "geometry": {
        "type": "Point",
        "coordinates": [
          -83.4746253,
          33.9401402
        ]
      },
      "id": "way/303239263"
    },
    {
      "type": "Feature",
      "properties": {
        "@id": "way/303917903",
        "addr:city": "Virginia Beach",
        "addr:housenumber": "3541",
        "addr:postcode": "23452",
        "addr:state": "VA",
        "addr:street": "Holland Road",
        "amenity": "fast_food",
        "brand": "Bojangles'",
        "brand:wikidata": "Q891163",
        "building": "yes",
        "building:levels": "1",
        "cuisine": "chicken",
        "drive_through": "yes",
        "name": "Bojangles'",
        "official_name": "Bojangles' Famous Chicken 'n Biscuits",
        "phone": "+1 757-486-2668",
        "takeaway": "yes",
        "website": "https://locations.bojangles.com/va/virginia-beach/3541-holland-road.html",
        "@geometry": "center"
      },
      "geometry": {
        "type": "Point",
        "coordinates": [
          -76.0949222,
          36.8107797
        ]
      },
      "id": "way/303917903"
    },
    {
      "type": "Feature",
      "properties": {
        "@id": "way/310577878",
        "addr:city": "Elizabethtown",
        "addr:housenumber": "330",
        "addr:postcode": "28337",
        "addr:state": "NC",
        "addr:street": "South Poplar Street",
        "amenity": "fast_food",
        "brand": "Bojangles'",
        "brand:wikidata": "Q891163",
        "building": "yes",
        "cuisine": "chicken",
        "name": "Bojangles'",
        "official_name": "Bojangles' Famous Chicken 'n Biscuits",
        "phone": "+1 910-874-8175",
        "takeaway": "yes",
        "website": "https://locations.bojangles.com/nc/elizabethtown/330-south-poplar-street.html",
        "@geometry": "center"
      },
      "geometry": {
        "type": "Point",
        "coordinates": [
          -78.607491,
          34.6253847
        ]
      },
      "id": "way/310577878"
    },
    {
      "type": "Feature",
      "properties": {
        "@id": "way/310656562",
        "addr:city": "Palmetto",
        "addr:housenumber": "9135",
        "addr:postcode": "30268",
        "addr:state": "GA",
        "addr:street": "Roosevelt Highway",
        "amenity": "fast_food",
        "brand": "Bojangles'",
        "brand:wikidata": "Q891163",
        "building": "yes",
        "cuisine": "chicken",
        "drive_through": "yes",
        "name": "Bojangles'",
        "official_name": "Bojangles' Famous Chicken 'n Biscuits",
        "phone": "+1 770-463-3883",
        "takeaway": "yes",
        "website": "https://locations.bojangles.com/ga/palmetto/9135-roosevelt-hwy.html",
        "@geometry": "center"
      },
      "geometry": {
        "type": "Point",
        "coordinates": [
          -84.6599003,
          33.5292461
        ]
      },
      "id": "way/310656562"
    },
    {
      "type": "Feature",
      "properties": {
        "@id": "way/311956986",
        "addr:city": "Dunn",
        "addr:housenumber": "901",
        "addr:postcode": "28334",
        "addr:state": "NC",
        "addr:street": "East Cumberland Street",
        "amenity": "fast_food",
        "brand": "Bojangles'",
        "brand:wikidata": "Q891163",
        "building": "yes",
        "cuisine": "chicken",
        "drive_through": "yes",
        "name": "Bojangles'",
        "official_name": "Bojangles' Famous Chicken 'n Biscuits",
        "phone": "+1 910-892-0675",
        "takeaway": "yes",
        "website": "https://locations.bojangles.com/nc/dunn/901-east-cumberland-st.html",
        "@geometry": "center"
      },
      "geometry": {
        "type": "Point",
        "coordinates": [
          -78.6011221,
          35.3021261
        ]
      },
      "id": "way/311956986"
    },
    {
      "type": "Feature",
      "properties": {
        "@id": "way/313035316",
        "addr:city": "Mocksville",
        "addr:housenumber": "1468",
        "addr:postcode": "27028",
        "addr:state": "NC",
        "addr:street": "Yadkinville Road",
        "amenity": "fast_food",
        "brand": "Bojangles'",
        "brand:wikidata": "Q891163",
        "building": "yes",
        "cuisine": "chicken",
        "drive_through": "yes",
        "name": "Bojangles'",
        "official_name": "Bojangles' Famous Chicken 'n Biscuits",
        "phone": "+1 336-751-1192",
        "takeaway": "yes",
        "website": "https://locations.bojangles.com/nc/mocksville/1468-yadkinville-rd.html",
        "@geometry": "center"
      },
      "geometry": {
        "type": "Point",
        "coordinates": [
          -80.5852713,
          35.9199429
        ]
      },
      "id": "way/313035316"
    },
    {
      "type": "Feature",
      "properties": {
        "@id": "way/315954083",
        "addr:city": "Morganton",
        "addr:housenumber": "900",
        "addr:postcode": "28655",
        "addr:state": "NC",
        "addr:street": "North Green Street",
        "amenity": "fast_food",
        "brand": "Bojangles'",
        "brand:wikidata": "Q891163",
        "building": "yes",
        "cuisine": "chicken",
        "drive_through": "yes",
        "name": "Bojangles'",
        "official_name": "Bojangles' Famous Chicken 'n Biscuits",
        "phone": "+1 828-439-8741",
        "takeaway": "yes",
        "website": "https://locations.bojangles.com/nc/morganton/900-north-green-street.html",
        "@geometry": "center"
      },
      "geometry": {
        "type": "Point",
        "coordinates": [
          -81.7142431,
          35.75313
        ]
      },
      "id": "way/315954083"
    },
    {
      "type": "Feature",
      "properties": {
        "@id": "way/319341596",
        "addr:city": "Richburg",
        "addr:housenumber": "3229",
        "addr:postcode": "29729",
        "addr:state": "SC",
        "addr:street": "Lancaster Highway",
        "amenity": "fast_food",
        "brand": "Bojangles'",
        "brand:wikidata": "Q891163",
        "building": "yes",
        "cuisine": "chicken",
        "drive_through": "yes",
        "name": "Bojangles'",
        "official_name": "Bojangles' Famous Chicken 'n Biscuits",
        "phone": "+1 803-789-5573",
        "takeaway": "yes",
        "website": "https://locations.bojangles.com/sc/richburg/3229-lancaster-hwy.html",
        "@geometry": "center"
      },
      "geometry": {
        "type": "Point",
        "coordinates": [
          -81.0297604,
          34.7444322
        ]
      },
      "id": "way/319341596"
    },
    {
      "type": "Feature",
      "properties": {
        "@id": "way/322412007",
        "addr:city": "Charlotte",
        "addr:housenumber": "8720",
        "addr:postcode": "28226",
        "addr:state": "NC",
        "addr:street": "Pineville-Matthews",
        "amenity": "fast_food",
        "brand": "Bojangles'",
        "brand:wikidata": "Q891163",
        "building": "yes",
        "cuisine": "chicken",
        "drive_through": "yes",
        "name": "Bojangles'",
        "official_name": "Bojangles' Famous Chicken 'n Biscuits",
        "phone": "+1 704-541-0396",
        "takeaway": "yes",
        "website": "https://locations.bojangles.com/nc/charlotte/8720-pineville-matthews.html",
        "@geometry": "center"
      },
      "geometry": {
        "type": "Point",
        "coordinates": [
          -80.8676017,
          35.0890322
        ]
      },
      "id": "way/322412007"
    },
    {
      "type": "Feature",
      "properties": {
        "@id": "way/323576897",
        "addr:city": "Charlotte",
        "addr:housenumber": "4435",
        "addr:postcode": "28215",
        "addr:state": "NC",
        "addr:street": "The Plaza",
        "amenity": "fast_food",
        "brand": "Bojangles'",
        "brand:wikidata": "Q891163",
        "building": "yes",
        "cuisine": "chicken",
        "drive_through": "yes",
        "name": "Bojangles'",
        "official_name": "Bojangles' Famous Chicken 'n Biscuits",
        "phone": "+1 704-347-1768",
        "takeaway": "yes",
        "website": "https://locations.bojangles.com/nc/charlotte/4435-the-plaza.html",
        "@geometry": "center"
      },
      "geometry": {
        "type": "Point",
        "coordinates": [
          -80.7799016,
          35.2503118
        ]
      },
      "id": "way/323576897"
    },
    {
      "type": "Feature",
      "properties": {
        "@id": "way/324237448",
        "addr:city": "Greensboro",
        "addr:country": "US",
        "addr:housenumber": "2903",
        "addr:postcode": "27410",
        "addr:state": "NC",
        "addr:street": "Battleground Avenue",
        "amenity": "fast_food",
        "brand": "Bojangles'",
        "brand:wikidata": "Q891163",
        "building": "retail",
        "check_date": "2025-04-17",
        "cuisine": "chicken",
        "delivery": "no",
        "drive_through": "yes",
        "name": "Bojangles'",
        "official_name": "Bojangles' Famous Chicken 'n Biscuits",
        "opening_hours": "Mo-Th 05:00-22:00; Fr-Sa 05:00-23:00; Su 06:00-22:00",
        "phone": "+1 336-282-0966",
        "smoking": "no",
        "takeaway": "yes",
        "website": "https://locations.bojangles.com/nc/greensboro/2903-battleground-ave.html",
        "@geometry": "center"
      },
      "geometry": {
        "type": "Point",
        "coordinates": [
          -79.8327573,
          36.1123129
        ]
      },
      "id": "way/324237448"
    },
    {
      "type": "Feature",
      "properties": {
        "@id": "way/324598165",
        "addr:city": "Charlotte",
        "addr:housenumber": "6915",
        "addr:postcode": "28227",
        "addr:state": "NC",
        "addr:street": "Albemarle Road",
        "amenity": "fast_food",
        "brand": "Bojangles'",
        "brand:wikidata": "Q891163",
        "building": "yes",
        "cuisine": "chicken",
        "drive_through": "yes",
        "name": "Bojangles'",
        "official_name": "Bojangles' Famous Chicken 'n Biscuits",
        "phone": "+1 704-568-9770",
        "takeaway": "yes",
        "website": "https://locations.bojangles.com/nc/charlotte/6915-albemarle-rd.html",
        "@geometry": "center"
      },
      "geometry": {
        "type": "Point",
        "coordinates": [
          -80.7254976,
          35.203184
        ]
      },
      "id": "way/324598165"
    },
    {
      "type": "Feature",
      "properties": {
        "@id": "way/324608401",
        "addr:city": "Charlotte",
        "addr:housenumber": "2501",
        "addr:postcode": "28206",
        "addr:state": "NC",
        "addr:street": "North Tryon Street",
        "amenity": "fast_food",
        "brand": "Bojangles'",
        "brand:wikidata": "Q891163",
        "building": "yes",
        "cuisine": "chicken",
        "drive_through": "yes",
        "name": "Bojangles'",
        "official_name": "Bojangles' Famous Chicken 'n Biscuits",
        "phone": "+1 704-332-2022",
        "takeaway": "yes",
        "website": "https://locations.bojangles.com/nc/charlotte/2501--n--tryon-st.html",
        "@geometry": "center"
      },
      "geometry": {
        "type": "Point",
        "coordinates": [
          -80.8179842,
          35.2476437
        ]
      },
      "id": "way/324608401"
    },
    {
      "type": "Feature",
      "properties": {
        "@id": "way/330738817",
        "addr:city": "Marietta",
        "addr:housenumber": "681",
        "addr:postcode": "30062",
        "addr:state": "GA",
        "addr:street": "Cobb Parkway North",
        "amenity": "fast_food",
        "brand": "Bojangles'",
        "brand:wikidata": "Q891163",
        "building": "retail",
        "building:levels": "1",
        "check_date": "2025-11-10",
        "contact:website": "http://www.bojangles.com/",
        "cuisine": "chicken",
        "drive_through": "yes",
        "name": "Bojangles'",
        "official_name": "Bojangles' Famous Chicken 'n Biscuits",
        "opening_hours": "05:30-22:00",
        "payment:cash": "yes",
        "payment:credit_cards": "yes",
        "payment:debit_cards": "yes",
        "phone": "+1-770-422-6222",
        "takeaway": "yes",
        "website": "https://locations.bojangles.com/ga/marietta/681-cobb-pkwy-north.html",
        "wheelchair": "yes",
        "@geometry": "center"
      },
      "geometry": {
        "type": "Point",
        "coordinates": [
          -84.537821,
          33.9683218
        ]
      },
      "id": "way/330738817"
    },
    {
      "type": "Feature",
      "properties": {
        "@id": "way/332156924",
        "addr:city": "Carrollton",
        "addr:housenumber": "13549",
        "addr:postcode": "23314",
        "addr:state": "VA",
        "addr:street": "Carrollton Boulevard",
        "amenity": "fast_food",
        "brand": "Bojangles'",
        "brand:wikidata": "Q891163",
        "building": "yes",
        "cuisine": "chicken",
        "drive_through": "yes",
        "name": "Bojangles'",
        "official_name": "Bojangles' Famous Chicken 'n Biscuits",
        "phone": "+1 757-238-8188",
        "takeaway": "yes",
        "website": "https://locations.bojangles.com/va/carrollton/13549-carrollton-blvd.html",
        "@geometry": "center"
      },
      "geometry": {
        "type": "Point",
        "coordinates": [
          -76.5314894,
          36.9508765
        ]
      },
      "id": "way/332156924"
    },
    {
      "type": "Feature",
      "properties": {
        "@id": "way/332972842",
        "addr:city": "Newport News",
        "addr:housenumber": "12441",
        "addr:postcode": "23606",
        "addr:state": "VA",
        "addr:street": "Warwick Boulevard",
        "amenity": "fast_food",
        "brand": "Bojangles'",
        "brand:wikidata": "Q891163",
        "building": "yes",
        "cuisine": "chicken",
        "drive_through": "yes",
        "name": "Bojangles'",
        "official_name": "Bojangles' Famous Chicken 'n Biscuits",
        "phone": "+1 757-806-6655",
        "takeaway": "yes",
        "website": "https://locations.bojangles.com/va/newport-news/12441-warwick-blvd.html",
        "@geometry": "center"
      },
      "geometry": {
        "type": "Point",
        "coordinates": [
          -76.4939297,
          37.0715962
        ]
      },
      "id": "way/332972842"
    },
    {
      "type": "Feature",
      "properties": {
        "@id": "way/334569590",
        "addr:city": "Charlotte",
        "addr:housenumber": "1604",
        "addr:postcode": "28270",
        "addr:state": "NC",
        "addr:street": "Galleria Boulevard",
        "amenity": "fast_food",
        "brand": "Bojangles'",
        "brand:wikidata": "Q891163",
        "building": "yes",
        "cuisine": "chicken",
        "drive_through": "yes",
        "name": "Bojangles'",
        "official_name": "Bojangles' Famous Chicken 'n Biscuits",
        "phone": "+1 704-814-9091",
        "takeaway": "yes",
        "website": "https://locations.bojangles.com/nc/charlotte/1604-galleria-blvd.html",
        "@geometry": "center"
      },
      "geometry": {
        "type": "Point",
        "coordinates": [
          -80.7359608,
          35.1343141
        ]
      },
      "id": "way/334569590"
    },
    {
      "type": "Feature",
      "properties": {
        "@id": "way/335280021",
        "addr:city": "Welcome",
        "addr:housenumber": "6385",
        "addr:postcode": "27295",
        "addr:state": "NC",
        "addr:street": "Highway 52",
        "amenity": "fast_food",
        "brand": "Bojangles'",
        "brand:wikidata": "Q891163",
        "building": "yes",
        "cuisine": "chicken",
        "drive_through": "yes",
        "name": "Bojangles'",
        "official_name": "Bojangles' Famous Chicken 'n Biscuits",
        "phone": "+1 336-731-7509",
        "takeaway": "yes",
        "website": "https://locations.bojangles.com/nc/welcome/6385-hwy-52.html",
        "@geometry": "center"
      },
      "geometry": {
        "type": "Point",
        "coordinates": [
          -80.2536137,
          35.9123118
        ]
      },
      "id": "way/335280021"
    },
    {
      "type": "Feature",
      "properties": {
        "@id": "way/338871311",
        "addr:city": "Jasper",
        "addr:housenumber": "1811",
        "addr:postcode": "30143",
        "addr:state": "GA",
        "addr:street": "West Church Street",
        "amenity": "fast_food",
        "brand": "Bojangles'",
        "brand:wikidata": "Q891163",
        "building": "retail",
        "building:levels": "1",
        "contact:website": "http://www.bojangles.com/",
        "cuisine": "chicken",
        "delivery": "no",
        "drive_through": "yes",
        "name": "Bojangles'",
        "official_name": "Bojangles' Famous Chicken 'n Biscuits",
        "phone": "+1-706-253-2442",
        "takeaway": "yes",
        "website": "https://locations.bojangles.com/ga/jasper/1811-hwy-53-west.html",
        "@geometry": "center"
      },
      "geometry": {
        "type": "Point",
        "coordinates": [
          -84.4608499,
          34.464976
        ]
      },
      "id": "way/338871311"
    },
    {
      "type": "Feature",
      "properties": {
        "@id": "way/340302310",
        "addr:city": "Toccoa",
        "addr:housenumber": "1628",
        "addr:postcode": "30577",
        "addr:state": "GA",
        "addr:street": "South Big A Road",
        "amenity": "fast_food",
        "brand": "Bojangles'",
        "brand:wikidata": "Q891163",
        "building": "retail",
        "building:levels": "1",
        "contact:website": "http://www.bojangles.com/",
        "cuisine": "chicken",
        "drive_through": "yes",
        "name": "Bojangles'",
        "official_name": "Bojangles' Famous Chicken 'n Biscuits",
        "phone": "+1-706-282-0033",
        "takeaway": "yes",
        "website": "https://locations.bojangles.com/ga/toccoa/1628-south-big-a-road.html",
        "@geometry": "center"
      },
      "geometry": {
        "type": "Point",
        "coordinates": [
          -83.2995271,
          34.5652819
        ]
      },
      "id": "way/340302310"
    },
    {
      "type": "Feature",
      "properties": {
        "@id": "way/360764405",
        "addr:city": "Travelers Rest",
        "addr:housenumber": "135",
        "addr:postcode": "29690",
        "addr:state": "SC",
        "addr:street": "South End Circle",
        "amenity": "fast_food",
        "brand": "Bojangles'",
        "brand:wikidata": "Q891163",
        "building": "restaurant",
        "cuisine": "chicken",
        "drive_through": "yes",
        "name": "Bojangles'",
        "official_name": "Bojangles' Famous Chicken 'n Biscuits",
        "phone": "+1 864-834-1830",
        "takeaway": "yes",
        "website": "https://locations.bojangles.com/sc/travelers-rest/135-s-end-circle.html",
        "@geometry": "center"
      },
      "geometry": {
        "type": "Point",
        "coordinates": [
          -82.4351127,
          34.9612533
        ]
      },
      "id": "way/360764405"
    },
    {
      "type": "Feature",
      "properties": {
        "@id": "way/366318223",
        "addr:city": "Fountain Inn",
        "addr:housenumber": "200",
        "addr:postcode": "29644",
        "addr:state": "SC",
        "addr:street": "McCarter Road",
        "amenity": "fast_food",
        "brand": "Bojangles'",
        "brand:wikidata": "Q891163",
        "building": "restaurant",
        "cuisine": "chicken",
        "drive_through": "yes",
        "name": "Bojangles'",
        "official_name": "Bojangles' Famous Chicken 'n Biscuits",
        "phone": "+1 864-862-8788",
        "takeaway": "yes",
        "website": "https://locations.bojangles.com/sc/fountain-inn/200-mccarter-road.html",
        "@geometry": "center"
      },
      "geometry": {
        "type": "Point",
        "coordinates": [
          -82.1965593,
          34.6878812
        ]
      },
      "id": "way/366318223"
    },
    {
      "type": "Feature",
      "properties": {
        "@id": "way/366324625",
        "addr:city": "Mauldin",
        "addr:housenumber": "801",
        "addr:postcode": "29662",
        "addr:state": "SC",
        "addr:street": "East Butler Road",
        "amenity": "fast_food",
        "brand": "Bojangles'",
        "brand:wikidata": "Q891163",
        "building": "restaurant",
        "cuisine": "chicken",
        "drive_through": "yes",
        "name": "Bojangles'",
        "official_name": "Bojangles' Famous Chicken 'n Biscuits",
        "phone": "+1 864-288-0839",
        "takeaway": "yes",
        "website": "https://locations.bojangles.com/sc/mauldin/801-east-butler-road.html",
        "@geometry": "center"
      },
      "geometry": {
        "type": "Point",
        "coordinates": [
          -82.286131,
          34.8017551
        ]
      },
      "id": "way/366324625"
    },
    {
      "type": "Feature",
      "properties": {
        "@id": "way/370181077",
        "addr:city": "Yorktown",
        "addr:housenumber": "8017",
        "addr:postcode": "23692",
        "addr:state": "VA",
        "addr:street": "George Washington Memorial Highway",
        "amenity": "fast_food",
        "brand": "Bojangles'",
        "brand:wikidata": "Q891163",
        "building": "yes",
        "cuisine": "chicken",
        "drive_through": "yes",
        "name": "Bojangles'",
        "official_name": "Bojangles' Famous Chicken 'n Biscuits",
        "opening_hours": "Mo-Fr 05:00-22:00; Su,Sa 06:00-22:00",
        "phone": "+1 757-890-0503",
        "takeaway": "yes",
        "website": "https://locations.bojangles.com/va/yorktown/8017-george-washington-hwy.html",
        "@geometry": "center"
      },
      "geometry": {
        "type": "Point",
        "coordinates": [
          -76.4878396,
          37.1892807
        ]
      },
      "id": "way/370181077"
    },
    {
      "type": "Feature",
      "properties": {
        "@id": "way/370684768",
        "addr:city": "Chattanooga",
        "addr:housenumber": "4417",
        "addr:postcode": "37416",
        "addr:state": "TN",
        "addr:street": "Highway 58",
        "amenity": "fast_food",
        "brand": "Bojangles'",
        "brand:wikidata": "Q891163",
        "building": "yes",
        "check_date": "2026-05-21",
        "check_date:opening_hours": "2026-05-21",
        "cuisine": "chicken",
        "drive_through": "yes",
        "name": "Bojangles'",
        "official_name": "Bojangles' Famous Chicken 'n Biscuits",
        "opening_hours": "Mo-Sa 05:00-22:00; Su 06:00-22:00",
        "phone": "+1 423-760-3810",
        "takeaway": "yes",
        "website": "https://locations.bojangles.com/tn/chattanooga/4417-highway-58.html",
        "@geometry": "center"
      },
      "geometry": {
        "type": "Point",
        "coordinates": [
          -85.202281,
          35.084724
        ]
      },
      "id": "way/370684768"
    },
    {
      "type": "Feature",
      "properties": {
        "@id": "way/374476020",
        "addr:city": "Alcoa",
        "addr:housenumber": "2468",
        "addr:postcode": "37701",
        "addr:state": "TN",
        "addr:street": "Alcoa Highway",
        "amenity": "fast_food",
        "brand": "Bojangles'",
        "brand:wikidata": "Q891163",
        "building": "yes",
        "cuisine": "chicken",
        "name": "Bojangles'",
        "official_name": "Bojangles' Famous Chicken 'n Biscuits",
        "opening_hours": "Mo-Th 05:00-22:00; Fr-Sa 05:00-23:00; Su 06:00-23:00",
        "phone": "+1 865-984-4325",
        "takeaway": "yes",
        "website": "https://locations.bojangles.com/tn/alcoa/2468-alcoa-hwy.html",
        "@geometry": "center"
      },
      "geometry": {
        "type": "Point",
        "coordinates": [
          -83.9819897,
          35.8135081
        ]
      },
      "id": "way/374476020"
    },
    {
      "type": "Feature",
      "properties": {
        "@id": "way/375232171",
        "addr:city": "Columbia",
        "addr:housenumber": "7385",
        "addr:postcode": "29223",
        "addr:state": "SC",
        "addr:street": "Two Notch Road",
        "amenity": "fast_food",
        "brand": "Bojangles'",
        "brand:wikidata": "Q891163",
        "building": "yes",
        "cuisine": "chicken",
        "drive_through": "yes",
        "name": "Bojangles'",
        "official_name": "Bojangles' Famous Chicken 'n Biscuits",
        "phone": "+1 803-788-9682",
        "takeaway": "yes",
        "website": "https://locations.bojangles.com/sc/columbia/7385-two-notch-road.html",
        "@geometry": "center"
      },
      "geometry": {
        "type": "Point",
        "coordinates": [
          -80.9519576,
          34.0702194
        ]
      },
      "id": "way/375232171"
    },
    {
      "type": "Feature",
      "properties": {
        "@id": "way/376922668",
        "addr:city": "Lyman",
        "addr:housenumber": "12225",
        "addr:postcode": "29365",
        "addr:state": "SC",
        "addr:street": "Greenville Highway",
        "amenity": "fast_food",
        "brand": "Bojangles'",
        "brand:wikidata": "Q891163",
        "building": "yes",
        "cuisine": "chicken",
        "drive_through": "yes",
        "name": "Bojangles'",
        "official_name": "Bojangles' Famous Chicken 'n Biscuits",
        "phone": "+1 864-439-1364",
        "takeaway": "yes",
        "website": "https://locations.bojangles.com/sc/lyman/12227-greenville-hwy.html",
        "@geometry": "center"
      },
      "geometry": {
        "type": "Point",
        "coordinates": [
          -82.1307867,
          34.955195
        ]
      },
      "id": "way/376922668"
    },
    {
      "type": "Feature",
      "properties": {
        "@id": "way/378490050",
        "addr:city": "Mooresville",
        "addr:country": "US",
        "addr:housenumber": "625",
        "addr:postcode": "28117",
        "addr:state": "NC",
        "addr:street": "River Highway",
        "amenity": "fast_food",
        "brand": "Bojangles'",
        "brand:wikidata": "Q891163",
        "building": "yes",
        "cuisine": "chicken",
        "drive_through": "yes",
        "name": "Bojangles'",
        "official_name": "Bojangles' Famous Chicken 'n Biscuits",
        "opening_hours": "Mo-Th 05:00-22:00; Fr 05:00-23:00; Sa 05:00-23:00; Su 06:00-22:00",
        "source": "Iredell County GIS Mapping Department",
        "source:date": "2016-03-13",
        "takeaway": "yes",
        "website": "https://locations.bojangles.com/nc/mooresville/625-river-highway.html",
        "@geometry": "center"
      },
      "geometry": {
        "type": "Point",
        "coordinates": [
          -80.8742448,
          35.5952525
        ]
      },
      "id": "way/378490050"
    },
    {
      "type": "Feature",
      "properties": {
        "@id": "way/381225520",
        "addr:city": "Charlotte",
        "addr:housenumber": "5825",
        "addr:postcode": "28269",
        "addr:state": "NC",
        "addr:street": "Highland Shoppes Drive",
        "amenity": "fast_food",
        "brand": "Bojangles'",
        "brand:wikidata": "Q891163",
        "building": "yes",
        "cuisine": "chicken",
        "drive_through": "yes",
        "name": "Bojangles'",
        "official_name": "Bojangles' Famous Chicken 'n Biscuits",
        "phone": "+1 704-875-2416",
        "takeaway": "yes",
        "website": "https://locations.bojangles.com/nc/charlotte/5825-highland-shoppes-drive.html",
        "@geometry": "center"
      },
      "geometry": {
        "type": "Point",
        "coordinates": [
          -80.7842398,
          35.3709389
        ]
      },
      "id": "way/381225520"
    },
    {
      "type": "Feature",
      "properties": {
        "@id": "way/383972356",
        "addr:city": "Suffolk",
        "addr:housenumber": "3605",
        "addr:postcode": "23435",
        "addr:state": "VA",
        "addr:street": "Bridge Road",
        "amenity": "fast_food",
        "brand": "Bojangles'",
        "brand:wikidata": "Q891163",
        "building": "yes",
        "cuisine": "chicken",
        "drive_through": "yes",
        "name": "Bojangles'",
        "official_name": "Bojangles' Famous Chicken 'n Biscuits",
        "phone": "+1 757-483-8899",
        "takeaway": "yes",
        "website": "https://locations.bojangles.com/va/suffolk/3605-bridge-road.html",
        "@geometry": "center"
      },
      "geometry": {
        "type": "Point",
        "coordinates": [
          -76.4670597,
          36.86181
        ]
      },
      "id": "way/383972356"
    },
    {
      "type": "Feature",
      "properties": {
        "@id": "way/386390061",
        "addr:city": "Tallahassee",
        "addr:country": "US",
        "addr:housenumber": "2710",
        "addr:postcode": "32303",
        "addr:state": "FL",
        "addr:street": "North Monroe Street",
        "amenity": "fast_food",
        "brand": "Bojangles'",
        "brand:wikidata": "Q891163",
        "cuisine": "chicken",
        "drive_through": "yes",
        "landuse": "commercial",
        "name": "Bojangles'",
        "official_name": "Bojangles' Famous Chicken 'n Biscuits",
        "phone": "+1 850-354-8124",
        "takeaway": "yes",
        "website": "https://locations.bojangles.com/fl/tallahassee/2710-n--monroe-street.html",
        "@geometry": "center"
      },
      "geometry": {
        "type": "Point",
        "coordinates": [
          -84.3006947,
          30.4783088
        ]
      },
      "id": "way/386390061"
    },
    {
      "type": "Feature",
      "properties": {
        "@id": "way/387033809",
        "addr:city": "Canton",
        "addr:housenumber": "3010",
        "addr:postcode": "30115",
        "addr:state": "GA",
        "addr:street": "East Cherokee Drive",
        "amenity": "fast_food",
        "brand": "Bojangles'",
        "brand:wikidata": "Q891163",
        "building": "yes",
        "cuisine": "chicken",
        "delivery": "no",
        "drive_through": "yes",
        "name": "Bojangles'",
        "official_name": "Bojangles' Famous Chicken 'n Biscuits",
        "phone": "+1 770-479-0935",
        "smoking": "no",
        "takeaway": "yes",
        "website": "https://locations.bojangles.com/ga/canton/3010-e-cherokee-drive.html",
        "@geometry": "center"
      },
      "geometry": {
        "type": "Point",
        "coordinates": [
          -84.4194623,
          34.1779883
        ]
      },
      "id": "way/387033809"
    },
    {
      "type": "Feature",
      "properties": {
        "@id": "way/387384911",
        "addr:city": "Buford",
        "addr:housenumber": "4040",
        "addr:postcode": "30518",
        "addr:state": "GA",
        "addr:street": "Buford Drive North East",
        "amenity": "fast_food",
        "brand": "Bojangles'",
        "brand:wikidata": "Q891163",
        "building": "retail",
        "cuisine": "chicken",
        "drive_through": "yes",
        "name": "Bojangles'",
        "official_name": "Bojangles' Famous Chicken 'n Biscuits",
        "phone": "+1 770-945-4349",
        "takeaway": "yes",
        "website": "https://locations.bojangles.com/ga/buford/4040-buford-drive.html",
        "@geometry": "center"
      },
      "geometry": {
        "type": "Point",
        "coordinates": [
          -83.9960515,
          34.0879447
        ]
      },
      "id": "way/387384911"
    },
    {
      "type": "Feature",
      "properties": {
        "@id": "way/388109757",
        "amenity": "fast_food",
        "brand": "Bojangles'",
        "brand:wikidata": "Q891163",
        "building": "yes",
        "cuisine": "chicken",
        "drive_through": "yes",
        "name": "Bojangles'",
        "official_name": "Bojangles' Famous Chicken 'n Biscuits",
        "takeaway": "yes",
        "@geometry": "center"
      },
      "geometry": {
        "type": "Point",
        "coordinates": [
          -83.8373451,
          34.2872732
        ]
      },
      "id": "way/388109757"
    },
    {
      "type": "Feature",
      "properties": {
        "@id": "way/388539645",
        "addr:city": "Hampton",
        "addr:housenumber": "3351",
        "addr:postcode": "23666",
        "addr:state": "VA",
        "addr:street": "Commander Shepard Boulevard",
        "amenity": "fast_food",
        "brand": "Bojangles'",
        "brand:wikidata": "Q891163",
        "building": "yes",
        "cuisine": "chicken",
        "drive_through": "yes",
        "name": "Bojangles'",
        "official_name": "Bojangles' Famous Chicken 'n Biscuits",
        "phone": "+1 757-325-8256",
        "takeaway": "yes",
        "website": "https://locations.bojangles.com/va/hampton/3351-commander-shepard-blvd.html",
        "@geometry": "center"
      },
      "geometry": {
        "type": "Point",
        "coordinates": [
          -76.3925888,
          37.0928738
        ]
      },
      "id": "way/388539645"
    },
    {
      "type": "Feature",
      "properties": {
        "@id": "way/388554594",
        "addr:city": "Charlotte",
        "addr:housenumber": "5321",
        "addr:postcode": "28208",
        "addr:state": "NC",
        "addr:street": "Old Dowd Road",
        "amenity": "fast_food",
        "brand": "Bojangles'",
        "brand:wikidata": "Q891163",
        "building": "yes",
        "cuisine": "chicken",
        "drive_through": "yes",
        "name": "Bojangles'",
        "official_name": "Bojangles' Famous Chicken 'n Biscuits",
        "opening_hours": "Mo-Sa 05:00-22:00, Su 06:00-22:00",
        "takeaway": "yes",
        "website": "https://locations.bojangles.com/nc/charlotte/5321-old-dowd-road.html",
        "@geometry": "center"
      },
      "geometry": {
        "type": "Point",
        "coordinates": [
          -80.925893,
          35.2289854
        ]
      },
      "id": "way/388554594"
    },
    {
      "type": "Feature",
      "properties": {
        "@id": "way/388598117",
        "addr:city": "Hampton",
        "addr:housenumber": "1015",
        "addr:postcode": "23666",
        "addr:state": "VA",
        "addr:street": "West Mercury Boulevard",
        "amenity": "fast_food",
        "brand": "Bojangles'",
        "brand:wikidata": "Q891163",
        "building": "yes",
        "cuisine": "chicken",
        "drive_through": "yes",
        "name": "Bojangles'",
        "official_name": "Bojangles' Famous Chicken 'n Biscuits",
        "phone": "+1 757-224-7533",
        "takeaway": "yes",
        "website": "https://locations.bojangles.com/va/hampton/1015-west-mercury-blvd.html",
        "@geometry": "center"
      },
      "geometry": {
        "type": "Point",
        "coordinates": [
          -76.3783817,
          37.0432485
        ]
      },
      "id": "way/388598117"
    },
    {
      "type": "Feature",
      "properties": {
        "@id": "way/391916831",
        "addr:city": "Laurens",
        "addr:housenumber": "302",
        "addr:postcode": "29360",
        "addr:state": "SC",
        "addr:street": "Hillcrest Drive",
        "amenity": "fast_food",
        "brand": "Bojangles'",
        "brand:wikidata": "Q891163",
        "building": "restaurant",
        "cuisine": "chicken",
        "drive_through": "yes",
        "name": "Bojangles'",
        "official_name": "Bojangles' Famous Chicken 'n Biscuits",
        "phone": "+1 864-983-1096",
        "takeaway": "yes",
        "website": "https://locations.bojangles.com/sc/laurens/304-hillcrest-drive.html",
        "@geometry": "center"
      },
      "geometry": {
        "type": "Point",
        "coordinates": [
          -82.0168139,
          34.5056709
        ]
      },
      "id": "way/391916831"
    },
    {
      "type": "Feature",
      "properties": {
        "@id": "way/392503866",
        "addr:city": "Doraville",
        "addr:housenumber": "5884",
        "addr:postcode": "30340",
        "addr:state": "GA",
        "addr:street": "Buford Highway",
        "amenity": "fast_food",
        "brand": "Bojangles'",
        "brand:wikidata": "Q891163",
        "building": "yes",
        "cuisine": "chicken",
        "drive_through": "yes",
        "name": "Bojangles'",
        "official_name": "Bojangles' Famous Chicken 'n Biscuits",
        "phone": "+1 770-458-6399",
        "takeaway": "yes",
        "website": "https://locations.bojangles.com/ga/doraville/5884-buford-highway.html",
        "@geometry": "center"
      },
      "geometry": {
        "type": "Point",
        "coordinates": [
          -84.2651427,
          33.9114685
        ]
      },
      "id": "way/392503866"
    },
    {
      "type": "Feature",
      "properties": {
        "@id": "way/394887362",
        "addr:city": "Louisburg",
        "addr:housenumber": "12",
        "addr:postcode": "27549",
        "addr:state": "NC",
        "addr:street": "Golden Leaf Drive",
        "amenity": "fast_food",
        "brand": "Bojangles'",
        "brand:wikidata": "Q891163",
        "building": "yes",
        "cuisine": "chicken",
        "name": "Bojangles'",
        "official_name": "Bojangles' Famous Chicken 'n Biscuits",
        "phone": "+1 919-496-6879",
        "takeaway": "yes",
        "website": "https://locations.bojangles.com/nc/louisburg/12-golden-leaf-drive.html",
        "@geometry": "center"
      },
      "geometry": {
        "type": "Point",
        "coordinates": [
          -78.3067917,
          36.0846782
        ]
      },
      "id": "way/394887362"
    },
    {
      "type": "Feature",
      "properties": {
        "@id": "way/396101455",
        "addr:city": "Asheboro",
        "addr:housenumber": "553",
        "addr:postcode": "27203",
        "addr:state": "NC",
        "addr:street": "West Dixie Drive",
        "amenity": "fast_food",
        "brand": "Bojangles'",
        "brand:wikidata": "Q891163",
        "building": "yes",
        "cuisine": "chicken",
        "drive_through": "yes",
        "name": "Bojangles'",
        "official_name": "Bojangles' Famous Chicken 'n Biscuits",
        "phone": "+1 336-626-6500",
        "takeaway": "yes",
        "website": "https://locations.bojangles.com/nc/asheboro/553-w--dixie-drive.html",
        "@geometry": "center"
      },
      "geometry": {
        "type": "Point",
        "coordinates": [
          -79.8224688,
          35.6873299
        ]
      },
      "id": "way/396101455"
    },
    {
      "type": "Feature",
      "properties": {
        "@id": "way/397361417",
        "addr:city": "Concord",
        "addr:housenumber": "7701",
        "addr:postcode": "28027",
        "addr:state": "NC",
        "addr:street": "Gateway Lane Northwest",
        "amenity": "fast_food",
        "brand": "Bojangles'",
        "brand:wikidata": "Q891163",
        "building": "yes",
        "cuisine": "chicken",
        "drive_through": "yes",
        "name": "Bojangles'",
        "official_name": "Bojangles' Famous Chicken 'n Biscuits",
        "phone": "+1 704-979-5347",
        "takeaway": "yes",
        "website": "https://locations.bojangles.com/nc/concord/7701-gateway-lane-nw.html",
        "@geometry": "center"
      },
      "geometry": {
        "type": "Point",
        "coordinates": [
          -80.7075962,
          35.365386
        ]
      },
      "id": "way/397361417"
    },
    {
      "type": "Feature",
      "properties": {
        "@id": "way/397840058",
        "addr:city": "Bristol",
        "addr:housenumber": "1020",
        "addr:postcode": "24201",
        "addr:state": "VA",
        "addr:street": "Old Airport Road",
        "amenity": "fast_food",
        "brand": "Bojangles'",
        "brand:wikidata": "Q891163",
        "building": "yes",
        "cuisine": "chicken",
        "drive_through": "yes",
        "name": "Bojangles'",
        "official_name": "Bojangles' Famous Chicken 'n Biscuits",
        "phone": "+1 276-466-2996",
        "takeaway": "yes",
        "website": "https://locations.bojangles.com/va/bristol/1020-old-airport-road.html",
        "@geometry": "center"
      },
      "geometry": {
        "type": "Point",
        "coordinates": [
          -82.1220369,
          36.6291195
        ]
      },
      "id": "way/397840058"
    },
    {
      "type": "Feature",
      "properties": {
        "@id": "way/400655855",
        "addr:city": "Woodstock",
        "addr:housenumber": "12100",
        "addr:postcode": "30188",
        "addr:state": "GA",
        "addr:street": "GA-92",
        "air_conditioning": "yes",
        "amenity": "fast_food",
        "brand": "Bojangles'",
        "brand:wikidata": "Q891163",
        "building": "retail",
        "check_date": "2025-09-27",
        "cuisine": "chicken",
        "delivery": "no",
        "drive_through": "yes",
        "name": "Bojangles'",
        "official_name": "Bojangles' Famous Chicken 'n Biscuits",
        "opening_hours": "05:30-22:00",
        "outdoor_seating": "yes",
        "payment:cash": "yes",
        "payment:credit_cards": "yes",
        "payment:debit_cards": "yes",
        "phone": "+1 770-516-7507",
        "smoking": "no",
        "takeaway": "yes",
        "website": "https://locations.bojangles.com/ga/woodstock/12100-hwy-92.html",
        "wheelchair": "yes",
        "@geometry": "center"
      },
      "geometry": {
        "type": "Point",
        "coordinates": [
          -84.485048,
          34.0872681
        ]
      },
      "id": "way/400655855"
    },
    {
      "type": "Feature",
      "properties": {
        "@id": "way/401121944",
        "addr:city": "Durham",
        "addr:housenumber": "4831",
        "addr:postcode": "27713",
        "addr:state": "NC",
        "addr:street": "NC Highway 55",
        "amenity": "fast_food",
        "brand": "Bojangles'",
        "brand:wikidata": "Q891163",
        "building": "yes",
        "cuisine": "chicken",
        "drive_through": "yes",
        "name": "Bojangles'",
        "official_name": "Bojangles' Famous Chicken 'n Biscuits",
        "phone": "+1 919-544-7887",
        "source:addr": "Durham Open Data",
        "takeaway": "yes",
        "website": "https://locations.bojangles.com/nc/durham/4831-north-carolina-hwy-55.html",
        "@geometry": "center"
      },
      "geometry": {
        "type": "Point",
        "coordinates": [
          -78.8957439,
          35.8997699
        ]
      },
      "id": "way/401121944"
    },
    {
      "type": "Feature",
      "properties": {
        "@id": "way/401874019",
        "addr:city": "Muscle Shoals",
        "addr:housenumber": "401",
        "addr:postcode": "35661",
        "addr:state": "AL",
        "addr:street": "West Avalon Avenue",
        "amenity": "fast_food",
        "brand": "Bojangles'",
        "brand:wikidata": "Q891163",
        "building": "yes",
        "cuisine": "chicken",
        "delivery": "no",
        "drive_through": "yes",
        "name": "Bojangles'",
        "official_name": "Bojangles' Famous Chicken 'n Biscuits",
        "phone": "+1 256-381-8777",
        "takeaway": "yes",
        "website": "https://locations.bojangles.com/al/muscle-shoals/401-w--avalon-avenue.html",
        "@geometry": "center"
      },
      "geometry": {
        "type": "Point",
        "coordinates": [
          -87.6752571,
          34.7453689
        ]
      },
      "id": "way/401874019"
    },
    {
      "type": "Feature",
      "properties": {
        "@id": "way/402381279",
        "addr:city": "Virginia Beach",
        "addr:housenumber": "1948",
        "addr:postcode": "23454",
        "addr:state": "VA",
        "addr:street": "Laskin Road",
        "amenity": "fast_food",
        "brand": "Bojangles'",
        "brand:wikidata": "Q891163",
        "building": "yes",
        "cuisine": "chicken",
        "drive_through": "yes",
        "name": "Bojangles'",
        "official_name": "Bojangles' Famous Chicken 'n Biscuits",
        "phone": "+1 757-491-5001",
        "start_date": "2010",
        "takeaway": "yes",
        "website": "https://locations.bojangles.com/va/virginia-beach/1948-laskin-road.html",
        "@geometry": "center"
      },
      "geometry": {
        "type": "Point",
        "coordinates": [
          -76.0346629,
          36.8482858
        ]
      },
      "id": "way/402381279"
    },
    {
      "type": "Feature",
      "properties": {
        "@id": "way/403523087",
        "addr:city": "Lenoir",
        "addr:housenumber": "302",
        "addr:postcode": "28645",
        "addr:state": "NC",
        "addr:street": "Blowing Rock Boulevard",
        "amenity": "fast_food",
        "brand": "Bojangles'",
        "brand:wikidata": "Q891163",
        "building": "yes",
        "cuisine": "chicken",
        "drive_through": "yes",
        "name": "Bojangles'",
        "official_name": "Bojangles' Famous Chicken 'n Biscuits",
        "phone": "+1 828-754-0921",
        "takeaway": "yes",
        "website": "https://locations.bojangles.com/nc/lenoir/302-blowing-rock.html",
        "@geometry": "center"
      },
      "geometry": {
        "type": "Point",
        "coordinates": [
          -81.5240941,
          35.9177329
        ]
      },
      "id": "way/403523087"
    },
    {
      "type": "Feature",
      "properties": {
        "@id": "way/407050929",
        "addr:city": "Norfolk",
        "addr:housenumber": "7519",
        "addr:postcode": "23505",
        "addr:state": "VA",
        "addr:street": "Tidewater Drive",
        "amenity": "fast_food",
        "brand": "Bojangles'",
        "brand:wikidata": "Q891163",
        "building": "commercial",
        "cuisine": "chicken",
        "drive_through": "yes",
        "name": "Bojangles'",
        "official_name": "Bojangles' Famous Chicken 'n Biscuits",
        "phone": "+1 757-588-3773",
        "takeaway": "yes",
        "website": "https://locations.bojangles.com/va/norfolk/7519-tidewater-drive.html",
        "@geometry": "center"
      },
      "geometry": {
        "type": "Point",
        "coordinates": [
          -76.2554943,
          36.9130854
        ]
      },
      "id": "way/407050929"
    },
    {
      "type": "Feature",
      "properties": {
        "@id": "way/407411631",
        "addr:city": "Virginia Beach",
        "addr:housenumber": "5753",
        "addr:postcode": "23455",
        "addr:state": "VA",
        "addr:street": "Northampton Boulevard",
        "amenity": "fast_food",
        "brand": "Bojangles'",
        "brand:wikidata": "Q891163",
        "building": "commercial",
        "cuisine": "chicken",
        "drive_through": "yes",
        "name": "Bojangles'",
        "official_name": "Bojangles' Famous Chicken 'n Biscuits",
        "opening_hours": "Su-Th 05:30-23:00; Fr-Sa 05:30-00:00",
        "phone": "+1 757-460-3883",
        "start_date": "1981",
        "takeaway": "yes",
        "website": "https://locations.bojangles.com/va/virginia-beach/5753-northampton-blvd.html",
        "@geometry": "center"
      },
      "geometry": {
        "type": "Point",
        "coordinates": [
          -76.1825749,
          36.8833992
        ]
      },
      "id": "way/407411631"
    },
    {
      "type": "Feature",
      "properties": {
        "@id": "way/422808711",
        "addr:city": "Dothan",
        "addr:country": "US",
        "addr:housenumber": "1074",
        "addr:postcode": "36303",
        "addr:state": "AL",
        "addr:street": "Ross Clark Circle",
        "amenity": "fast_food",
        "branch": "Dothan",
        "brand": "Bojangles'",
        "brand:wikidata": "Q891163",
        "building": "yes",
        "check_date": "2026-04-11",
        "contact:facebook": "https://www.facebook.com/Bojangles/",
        "contact:twitter": "Bojangles",
        "cuisine": "chicken",
        "drive_through": "yes",
        "name": "Bojangles'",
        "official_name": "Bojangles' Famous Chicken 'n Biscuits",
        "opening_hours": "Mo-Sa 05:00-22:00; Su 06:00-22:00",
        "phone": "+1 334-479-0350",
        "takeaway": "yes",
        "website": "https://locations.bojangles.com/al/dothan/1074-ross-clark-circle-1144.html",
        "@geometry": "center"
      },
      "geometry": {
        "type": "Point",
        "coordinates": [
          -85.3616738,
          31.2181872
        ]
      },
      "id": "way/422808711"
    },
    {
      "type": "Feature",
      "properties": {
        "@id": "way/423696373",
        "addr:city": "Powhatan",
        "addr:housenumber": "1850",
        "addr:postcode": "23139",
        "addr:state": "VA",
        "addr:street": "Stavemill Crossing Lane",
        "amenity": "fast_food",
        "brand": "Bojangles'",
        "brand:wikidata": "Q891163",
        "building": "yes",
        "cuisine": "chicken",
        "drive_through": "yes",
        "name": "Bojangles'",
        "official_name": "Bojangles' Famous Chicken 'n Biscuits",
        "phone": "+1 804-794-1298",
        "takeaway": "yes",
        "website": "https://locations.bojangles.com/va/powhatan/1850-stavemill-crossing-ln.html",
        "@geometry": "center"
      },
      "geometry": {
        "type": "Point",
        "coordinates": [
          -77.7720667,
          37.510321
        ]
      },
      "id": "way/423696373"
    },
    {
      "type": "Feature",
      "properties": {
        "@id": "way/432915324",
        "addr:city": "Charlotte",
        "addr:housenumber": "300",
        "addr:postcode": "28203",
        "addr:state": "NC",
        "addr:street": "West Boulevard",
        "amenity": "fast_food",
        "brand": "Bojangles'",
        "brand:wikidata": "Q891163",
        "building": "yes",
        "cuisine": "chicken",
        "drive_through": "yes",
        "name": "Bojangles'",
        "official_name": "Bojangles' Famous Chicken 'n Biscuits",
        "phone": "+1 704-332-8924",
        "takeaway": "yes",
        "website": "https://locations.bojangles.com/nc/charlotte/300-west-blvd.html",
        "@geometry": "center"
      },
      "geometry": {
        "type": "Point",
        "coordinates": [
          -80.8621043,
          35.2144714
        ]
      },
      "id": "way/432915324"
    },
    {
      "type": "Feature",
      "properties": {
        "@id": "way/436799816",
        "addr:city": "Fayetteville",
        "addr:housenumber": "4554",
        "addr:postcode": "28304",
        "addr:state": "NC",
        "addr:street": "Raeford Road",
        "amenity": "fast_food",
        "brand": "Bojangles'",
        "brand:wikidata": "Q891163",
        "building": "yes",
        "cuisine": "chicken",
        "drive_through": "yes",
        "name": "Bojangles'",
        "official_name": "Bojangles' Famous Chicken 'n Biscuits",
        "phone": "+1 910-424-6515",
        "takeaway": "yes",
        "website": "https://locations.bojangles.com/nc/fayetteville/4554-raeford-road.html",
        "@geometry": "center"
      },
      "geometry": {
        "type": "Point",
        "coordinates": [
          -78.9559675,
          35.0436211
        ]
      },
      "id": "way/436799816"
    },
    {
      "type": "Feature",
      "properties": {
        "@id": "way/436873491",
        "addr:city": "Knoxville",
        "addr:housenumber": "2714",
        "addr:postcode": "37920",
        "addr:state": "TN",
        "addr:street": "Chapman Highway",
        "amenity": "fast_food",
        "brand": "Bojangles'",
        "brand:wikidata": "Q891163",
        "building": "yes",
        "cuisine": "chicken",
        "name": "Bojangles'",
        "official_name": "Bojangles' Famous Chicken 'n Biscuits",
        "phone": "+1 865-337-5609",
        "takeaway": "yes",
        "website": "https://locations.bojangles.com/tn/knoxville/2714-chapman-highway.html",
        "@geometry": "center"
      },
      "geometry": {
        "type": "Point",
        "coordinates": [
          -83.912841,
          35.9488485
        ]
      },
      "id": "way/436873491"
    },
    {
      "type": "Feature",
      "properties": {
        "@id": "way/439045041",
        "addr:city": "Windsor",
        "addr:housenumber": "100",
        "addr:postcode": "27983",
        "addr:state": "NC",
        "addr:street": "Carson Alley",
        "amenity": "fast_food",
        "brand": "Bojangles'",
        "brand:wikidata": "Q891163",
        "building": "yes",
        "cuisine": "chicken",
        "drive_through": "yes",
        "name": "Bojangles'",
        "official_name": "Bojangles' Famous Chicken 'n Biscuits",
        "phone": "+1 252-794-2191",
        "takeaway": "yes",
        "website": "https://locations.bojangles.com/nc/windsor/100-carson-alley.html",
        "@geometry": "center"
      },
      "geometry": {
        "type": "Point",
        "coordinates": [
          -76.9543442,
          36.0085854
        ]
      },
      "id": "way/439045041"
    },
    {
      "type": "Feature",
      "properties": {
        "@id": "way/443201919",
        "addr:city": "Athens",
        "addr:housenumber": "1316",
        "addr:postcode": "35611",
        "addr:state": "AL",
        "addr:street": "US Highway 72 East",
        "amenity": "fast_food",
        "brand": "Bojangles'",
        "brand:wikidata": "Q891163",
        "building": "yes",
        "cuisine": "chicken",
        "drive_through": "yes",
        "internet_access": "wlan",
        "name": "Bojangles'",
        "official_name": "Bojangles' Famous Chicken 'n Biscuits",
        "opening_hours": "05:30-22:00, Fr-Sa 05:30-23:00",
        "outdoor_seating": "no",
        "phone": "+1-256-216-9994",
        "smoking": "outside",
        "takeaway": "yes",
        "toilets": "yes",
        "toilets:access": "permissive",
        "toilets:for:female": "yes",
        "toilets:for:male": "yes",
        "toilets:occupancy": "multi",
        "toilets:wheelchair": "yes",
        "website": "https://locations.bojangles.com/al/athens/1316-hwy-72-east.html",
        "@geometry": "center"
      },
      "geometry": {
        "type": "Point",
        "coordinates": [
          -86.9449004,
          34.7837751
        ]
      },
      "id": "way/443201919"
    },
    {
      "type": "Feature",
      "properties": {
        "@id": "way/444958799",
        "addr:city": "Jonesborough",
        "addr:housenumber": "1196",
        "addr:postcode": "37659",
        "addr:state": "TN",
        "addr:street": "East Jackson Boulevard",
        "amenity": "fast_food",
        "brand": "Bojangles'",
        "brand:wikidata": "Q891163",
        "building": "yes",
        "cuisine": "chicken",
        "drive_through": "yes",
        "name": "Bojangles'",
        "official_name": "Bojangles' Famous Chicken 'n Biscuits",
        "phone": "+1-423-753-0641",
        "takeaway": "yes",
        "website": "https://locations.bojangles.com/tn/jonesborough/1196-east-jackson-blvd.html",
        "@geometry": "center"
      },
      "geometry": {
        "type": "Point",
        "coordinates": [
          -82.4552661,
          36.3025394
        ]
      },
      "id": "way/444958799"
    },
    {
      "type": "Feature",
      "properties": {
        "@id": "way/445615199",
        "addr:city": "Morganton",
        "addr:housenumber": "1200",
        "addr:postcode": "28655",
        "addr:state": "NC",
        "addr:street": "Burkemont Avenue",
        "amenity": "fast_food",
        "brand": "Bojangles'",
        "brand:wikidata": "Q891163",
        "building": "yes",
        "cuisine": "chicken",
        "drive_through": "yes",
        "name": "Bojangles'",
        "official_name": "Bojangles' Famous Chicken 'n Biscuits",
        "phone": "+1 828-433-5152",
        "takeaway": "yes",
        "website": "https://locations.bojangles.com/nc/morganton/1200-burkemont-ave.html",
        "@geometry": "center"
      },
      "geometry": {
        "type": "Point",
        "coordinates": [
          -81.6950942,
          35.7181154
        ]
      },
      "id": "way/445615199"
    },
    {
      "type": "Feature",
      "properties": {
        "@id": "way/454014362",
        "addr:city": "Arden",
        "addr:housenumber": "320",
        "addr:postcode": "28704",
        "addr:state": "NC",
        "addr:street": "Airport Road",
        "amenity": "fast_food",
        "brand": "Bojangles'",
        "brand:wikidata": "Q891163",
        "building": "yes",
        "cuisine": "chicken",
        "drive_through": "yes",
        "name": "Bojangles'",
        "official_name": "Bojangles' Famous Chicken 'n Biscuits",
        "phone": "+1 828-681-0004",
        "takeaway": "yes",
        "website": "https://locations.bojangles.com/nc/arden/320-airport-road.html",
        "@geometry": "center"
      },
      "geometry": {
        "type": "Point",
        "coordinates": [
          -82.5281458,
          35.4507881
        ]
      },
      "id": "way/454014362"
    },
    {
      "type": "Feature",
      "properties": {
        "@id": "way/456283759",
        "addr:city": "Murfreesboro",
        "addr:housenumber": "2895",
        "addr:postcode": "37127",
        "addr:state": "TN",
        "addr:street": "South Church Street",
        "amenity": "fast_food",
        "brand": "Bojangles'",
        "brand:wikidata": "Q891163",
        "building": "yes",
        "cuisine": "chicken",
        "drive_through": "yes",
        "name": "Bojangles'",
        "official_name": "Bojangles' Famous Chicken 'n Biscuits",
        "phone": "+1 615-410-3010",
        "takeaway": "yes",
        "website": "https://locations.bojangles.com/tn/murfreesboro/2895-south-church-street.html",
        "@geometry": "center"
      },
      "geometry": {
        "type": "Point",
        "coordinates": [
          -86.399217,
          35.7914654
        ]
      },
      "id": "way/456283759"
    },
    {
      "type": "Feature",
      "properties": {
        "@id": "way/459858549",
        "addr:city": "Moncks Corner",
        "addr:housenumber": "444",
        "addr:postcode": "29461",
        "addr:state": "SC",
        "addr:street": "North Highway 52",
        "amenity": "fast_food",
        "brand": "Bojangles'",
        "brand:wikidata": "Q891163",
        "building": "yes",
        "cuisine": "chicken",
        "name": "Bojangles'",
        "official_name": "Bojangles' Famous Chicken 'n Biscuits",
        "phone": "+1 843-899-1176",
        "takeaway": "yes",
        "website": "https://locations.bojangles.com/sc/moncks-corner/444-n-highway-52.html",
        "@geometry": "center"
      },
      "geometry": {
        "type": "Point",
        "coordinates": [
          -79.9856865,
          33.2054594
        ]
      },
      "id": "way/459858549"
    },
    {
      "type": "Feature",
      "properties": {
        "@id": "way/463282009",
        "addr:city": "Greenville",
        "addr:housenumber": "2419",
        "addr:postcode": "29607",
        "addr:state": "SC",
        "addr:street": "Laurens Road",
        "amenity": "fast_food",
        "brand": "Bojangles'",
        "brand:wikidata": "Q891163",
        "building": "yes",
        "cuisine": "chicken",
        "drive_through": "yes",
        "name": "Bojangles'",
        "official_name": "Bojangles' Famous Chicken 'n Biscuits",
        "phone": "+1 864-234-1067",
        "takeaway": "yes",
        "website": "https://locations.bojangles.com/sc/greenville/2419-laurens-road.html",
        "@geometry": "center"
      },
      "geometry": {
        "type": "Point",
        "coordinates": [
          -82.347346,
          34.8302602
        ]
      },
      "id": "way/463282009"
    },
    {
      "type": "Feature",
      "properties": {
        "@id": "way/465954812",
        "addr:city": "Richmond",
        "addr:housenumber": "8823",
        "addr:postcode": "23228",
        "addr:state": "VA",
        "addr:street": "Staples Mill Road",
        "amenity": "fast_food",
        "brand": "Bojangles'",
        "brand:wikidata": "Q891163",
        "building": "yes",
        "cuisine": "chicken",
        "drive_through": "yes",
        "name": "Bojangles'",
        "official_name": "Bojangles' Famous Chicken 'n Biscuits",
        "phone": "+1 804-447-3611",
        "takeaway": "yes",
        "website": "https://locations.bojangles.com/va/richmond/8823-staples-mill-road.html",
        "@geometry": "center"
      },
      "geometry": {
        "type": "Point",
        "coordinates": [
          -77.5085861,
          37.6344819
        ]
      },
      "id": "way/465954812"
    },
    {
      "type": "Feature",
      "properties": {
        "@id": "way/469565687",
        "addr:city": "Lynchburg",
        "addr:housenumber": "3280",
        "addr:postcode": "24501",
        "addr:state": "VA",
        "addr:street": "Old Forest Road",
        "amenity": "fast_food",
        "brand": "Bojangles'",
        "brand:wikidata": "Q891163",
        "building": "yes",
        "check_date:opening_hours": "2023-10-13",
        "cuisine": "chicken",
        "drive_through": "yes",
        "name": "Bojangles'",
        "official_name": "Bojangles' Famous Chicken 'n Biscuits",
        "opening_hours": "Mo-Su 08:00-20:00 \"Dine-in\" || Su-Th 07:00-21:00; Fr-Sa 07:00-22:00 \"Drive-through\"",
        "phone": "+1 434-316-5359",
        "source:opening_hours": "window",
        "takeaway": "yes",
        "website": "https://locations.bojangles.com/va/lynchburg/3280-old-forest-road.html",
        "@geometry": "center"
      },
      "geometry": {
        "type": "Point",
        "coordinates": [
          -79.2130097,
          37.4115336
        ]
      },
      "id": "way/469565687"
    },
    {
      "type": "Feature",
      "properties": {
        "@id": "way/469614015",
        "addr:city": "Dayton",
        "addr:housenumber": "3534",
        "addr:postcode": "37321",
        "addr:state": "TN",
        "addr:street": "Rhea County Highway",
        "amenity": "fast_food",
        "brand": "Bojangles'",
        "brand:wikidata": "Q891163",
        "building": "yes",
        "cuisine": "chicken",
        "drive_through": "yes",
        "name": "Bojangles'",
        "official_name": "Bojangles' Famous Chicken 'n Biscuits",
        "phone": "+1 423-775-1791",
        "takeaway": "yes",
        "website": "https://locations.bojangles.com/tn/dayton/3534-rhea-county-highway.html",
        "@geometry": "center"
      },
      "geometry": {
        "type": "Point",
        "coordinates": [
          -85.0423792,
          35.4644825
        ]
      },
      "id": "way/469614015"
    },
    {
      "type": "Feature",
      "properties": {
        "@id": "way/494441305",
        "addr:city": "Piedmont",
        "addr:housenumber": "7475",
        "addr:postcode": "29673",
        "addr:state": "SC",
        "addr:street": "Augusta Road",
        "amenity": "fast_food",
        "brand": "Bojangles'",
        "brand:wikidata": "Q891163",
        "building": "yes",
        "cuisine": "chicken",
        "drive_through": "yes",
        "height": "12.6",
        "name": "Bojangles'",
        "official_name": "Bojangles' Famous Chicken 'n Biscuits",
        "phone": "+1 864-299-8656",
        "takeaway": "yes",
        "website": "https://locations.bojangles.com/sc/piedmont/7475-augusta-road.html",
        "@geometry": "center"
      },
      "geometry": {
        "type": "Point",
        "coordinates": [
          -82.388601,
          34.7287409
        ]
      },
      "id": "way/494441305"
    },
    {
      "type": "Feature",
      "properties": {
        "@id": "way/497234370",
        "addr:city": "Fort Mill",
        "addr:housenumber": "9785",
        "addr:postcode": "29707",
        "addr:state": "SC",
        "addr:street": "Charlotte Highway",
        "amenity": "fast_food",
        "brand": "Bojangles'",
        "brand:wikidata": "Q891163",
        "building": "yes",
        "cuisine": "chicken",
        "drive_through": "yes",
        "name": "Bojangles'",
        "official_name": "Bojangles' Famous Chicken 'n Biscuits",
        "phone": "+1 803-547-5201",
        "takeaway": "yes",
        "website": "https://locations.bojangles.com/sc/fort-mill/9785-charlotte-hwy.html",
        "@geometry": "center"
      },
      "geometry": {
        "type": "Point",
        "coordinates": [
          -80.855767,
          35.0041436
        ]
      },
      "id": "way/497234370"
    },
    {
      "type": "Feature",
      "properties": {
        "@id": "node/499250860",
        "addr:city": "Goldsboro",
        "addr:housenumber": "1025",
        "addr:postcode": "27530",
        "addr:state": "NC",
        "addr:street": "Spence Avenue",
        "amenity": "fast_food",
        "brand": "Bojangles'",
        "brand:wikidata": "Q891163",
        "cuisine": "chicken",
        "drive_through": "yes",
        "name": "Bojangles'",
        "official_name": "Bojangles' Famous Chicken 'n Biscuits",
        "phone": "+1 919-751-0538",
        "takeaway": "yes",
        "website": "https://locations.bojangles.com/nc/goldsboro/1025-spence-ave.html"
      },
      "geometry": {
        "type": "Point",
        "coordinates": [
          -77.9481251,
          35.3872597
        ]
      },
      "id": "node/499250860"
    },
    {
      "type": "Feature",
      "properties": {
        "@id": "way/501426509",
        "addr:city": "Greenville",
        "addr:housenumber": "2545",
        "addr:postcode": "29609",
        "addr:state": "SC",
        "addr:street": "North Pleasantburg Drive",
        "amenity": "fast_food",
        "brand": "Bojangles'",
        "brand:wikidata": "Q891163",
        "building": "yes",
        "cuisine": "chicken",
        "drive_through": "yes",
        "height": "13.6",
        "name": "Bojangles'",
        "official_name": "Bojangles' Famous Chicken 'n Biscuits",
        "phone": "+1 864-558-0839",
        "takeaway": "yes",
        "website": "https://locations.bojangles.com/sc/greenville/2545-n-pleasantburg-drive.html",
        "@geometry": "center"
      },
      "geometry": {
        "type": "Point",
        "coordinates": [
          -82.3862027,
          34.887974
        ]
      },
      "id": "way/501426509"
    },
    {
      "type": "Feature",
      "properties": {
        "@id": "way/507681636",
        "addr:city": "Columbia",
        "addr:housenumber": "2800",
        "addr:postcode": "29229",
        "addr:state": "SC",
        "addr:street": "Clemson Road",
        "amenity": "fast_food",
        "brand": "Bojangles'",
        "brand:wikidata": "Q891163",
        "building": "yes",
        "cuisine": "chicken",
        "drive_through": "yes",
        "name": "Bojangles'",
        "official_name": "Bojangles' Famous Chicken 'n Biscuits",
        "phone": "+1 803-865-3076",
        "takeaway": "yes",
        "website": "https://locations.bojangles.com/sc/columbia/2800-clemson-road.html",
        "@geometry": "center"
      },
      "geometry": {
        "type": "Point",
        "coordinates": [
          -80.9402609,
          34.1425077
        ]
      },
      "id": "way/507681636"
    },
    {
      "type": "Feature",
      "properties": {
        "@id": "way/508450745",
        "addr:city": "Lexington",
        "addr:housenumber": "1045",
        "addr:postcode": "29073",
        "addr:state": "SC",
        "addr:street": "South Lake Drive",
        "amenity": "fast_food",
        "brand": "Bojangles'",
        "brand:wikidata": "Q891163",
        "building": "yes",
        "cuisine": "chicken",
        "drive_through": "yes",
        "name": "Bojangles'",
        "official_name": "Bojangles' Famous Chicken 'n Biscuits",
        "phone": "+1 803-356-8699",
        "takeaway": "yes",
        "website": "https://locations.bojangles.com/sc/lexington/1045-south-lake-blvd.html",
        "@geometry": "center"
      },
      "geometry": {
        "type": "Point",
        "coordinates": [
          -81.2322226,
          33.9551509
        ]
      },
      "id": "way/508450745"
    },
    {
      "type": "Feature",
      "properties": {
        "@id": "way/512989238",
        "addr:city": "Columbia",
        "addr:housenumber": "151",
        "addr:postcode": "29212",
        "addr:state": "SC",
        "addr:street": "Harbison Boulevard",
        "amenity": "fast_food",
        "brand": "Bojangles'",
        "brand:wikidata": "Q891163",
        "building": "yes",
        "cuisine": "chicken",
        "drive_through": "yes",
        "name": "Bojangles'",
        "official_name": "Bojangles' Famous Chicken 'n Biscuits",
        "phone": "+1 803-732-7883",
        "takeaway": "yes",
        "website": "https://locations.bojangles.com/sc/columbia/151-harbison-blvd.html",
        "@geometry": "center"
      },
      "geometry": {
        "type": "Point",
        "coordinates": [
          -81.1650262,
          34.0689296
        ]
      },
      "id": "way/512989238"
    },
    {
      "type": "Feature",
      "properties": {
        "@id": "way/514928762",
        "addr:city": "Charlotte",
        "addr:housenumber": "7735",
        "addr:postcode": "28217",
        "addr:state": "NC",
        "addr:street": "South Tryon Street",
        "amenity": "fast_food",
        "brand": "Bojangles'",
        "brand:wikidata": "Q891163",
        "building": "yes",
        "cuisine": "chicken",
        "drive_through": "yes",
        "name": "Bojangles'",
        "official_name": "Bojangles' Famous Chicken 'n Biscuits",
        "phone": "+1 704-527-1070",
        "takeaway": "yes",
        "website": "https://locations.bojangles.com/nc/charlotte/7735-s--tryon-street.html",
        "@geometry": "center"
      },
      "geometry": {
        "type": "Point",
        "coordinates": [
          -80.9253246,
          35.147638
        ]
      },
      "id": "way/514928762"
    },
    {
      "type": "Feature",
      "properties": {
        "@id": "way/515141063",
        "addr:city": "Milledgeville",
        "addr:housenumber": "1858",
        "addr:postcode": "31061",
        "addr:state": "GA",
        "addr:street": "North Columbia Street",
        "amenity": "fast_food",
        "brand": "Bojangles'",
        "brand:wikidata": "Q891163",
        "building": "retail",
        "cuisine": "chicken",
        "drive_through": "yes",
        "name": "Bojangles'",
        "official_name": "Bojangles' Famous Chicken 'n Biscuits",
        "phone": "+1 478-295-2320",
        "takeaway": "yes",
        "website": "https://locations.bojangles.com/ga/milledgeville/1858-n-columbia-street.html",
        "@geometry": "center"
      },
      "geometry": {
        "type": "Point",
        "coordinates": [
          -83.2510614,
          33.1038765
        ]
      },
      "id": "way/515141063"
    },
    {
      "type": "Feature",
      "properties": {
        "@id": "way/517039391",
        "addr:city": "Duncan",
        "addr:country": "US",
        "addr:housenumber": "1605",
        "addr:postcode": "29334",
        "addr:state": "SC",
        "addr:street": "East Main Street",
        "amenity": "fast_food",
        "brand": "Bojangles'",
        "brand:wikidata": "Q891163",
        "building": "retail",
        "building:levels": "1",
        "cuisine": "chicken",
        "diet:vegan": "no",
        "diet:vegetarian": "yes",
        "drive_through": "yes",
        "name": "Bojangles'",
        "official_name": "Bojangles' Famous Chicken 'n Biscuits",
        "outdoor_seating": "no",
        "phone": "+1 864-249-3878",
        "takeaway": "yes",
        "website": "https://locations.bojangles.com/sc/duncan/1605-e--main-street.html",
        "wheelchair": "yes",
        "@geometry": "center"
      },
      "geometry": {
        "type": "Point",
        "coordinates": [
          -82.0989951,
          34.9063934
        ]
      },
      "id": "way/517039391"
    },
    {
      "type": "Feature",
      "properties": {
        "@id": "way/518574422",
        "addr:city": "Tallahassee",
        "addr:country": "US",
        "addr:housenumber": "1350",
        "addr:postcode": "32301",
        "addr:state": "FL",
        "addr:street": "East Park Avenue",
        "amenity": "fast_food",
        "brand": "Bojangles'",
        "brand:wikidata": "Q891163",
        "cuisine": "chicken",
        "landuse": "commercial",
        "name": "Bojangles'",
        "official_name": "Bojangles' Famous Chicken 'n Biscuits",
        "phone": "+1 850-942-0022",
        "smoking": "no",
        "takeaway": "yes",
        "website": "https://locations.bojangles.com/fl/tallahassee/1350-e-park-avenue.html",
        "@geometry": "center"
      },
      "geometry": {
        "type": "Point",
        "coordinates": [
          -84.2606013,
          30.4422842
        ]
      },
      "id": "way/518574422"
    },
    {
      "type": "Feature",
      "properties": {
        "@id": "way/518617878",
        "addr:city": "Columbia",
        "addr:housenumber": "8710",
        "addr:postcode": "29203",
        "addr:state": "SC",
        "addr:street": "Legrand road",
        "amenity": "fast_food",
        "brand": "Bojangles'",
        "brand:wikidata": "Q891163",
        "building": "yes",
        "cuisine": "chicken",
        "delivery": "no",
        "drive_through": "yes",
        "name": "Bojangles'",
        "official_name": "Bojangles' Famous Chicken 'n Biscuits",
        "phone": "+1 803-419-6994",
        "takeaway": "yes",
        "toilets": "yes",
        "website": "https://locations.bojangles.com/sc/columbia/8710-farrow-road.html",
        "@geometry": "center"
      },
      "geometry": {
        "type": "Point",
        "coordinates": [
          -80.9550249,
          34.1032644
        ]
      },
      "id": "way/518617878"
    },
    {
      "type": "Feature",
      "properties": {
        "@id": "way/520443810",
        "addr:city": "Blacksburg",
        "addr:housenumber": "2211",
        "addr:postcode": "24060",
        "addr:state": "VA",
        "addr:street": "South Main Street",
        "amenity": "fast_food",
        "brand": "Bojangles'",
        "brand:wikidata": "Q891163",
        "building": "retail",
        "cuisine": "chicken",
        "name": "Bojangles'",
        "official_name": "Bojangles' Famous Chicken 'n Biscuits",
        "phone": "+1 540-953-0702",
        "takeaway": "yes",
        "website": "https://locations.bojangles.com/va/blacksburg/2111-south-main-street.html",
        "@geometry": "center"
      },
      "geometry": {
        "type": "Point",
        "coordinates": [
          -80.3987851,
          37.2013056
        ]
      },
      "id": "way/520443810"
    },
    {
      "type": "Feature",
      "properties": {
        "@id": "way/529473311",
        "addr:city": "Columbia",
        "addr:country": "US",
        "addr:housenumber": "4301",
        "addr:postcode": "29205",
        "addr:state": "SC",
        "addr:street": "Fort Jackson Boulevard",
        "amenity": "fast_food",
        "brand": "Bojangles'",
        "brand:wikidata": "Q891163",
        "building": "yes",
        "cuisine": "chicken",
        "drive_through": "yes",
        "name": "Bojangles'",
        "official_name": "Bojangles' Famous Chicken 'n Biscuits",
        "phone": "+1 803-787-9843",
        "takeaway": "yes",
        "website": "https://locations.bojangles.com/sc/columbia/4301-ft--jackson-blvd.html",
        "@geometry": "center"
      },
      "geometry": {
        "type": "Point",
        "coordinates": [
          -80.9759661,
          33.9918473
        ]
      },
      "id": "way/529473311"
    },
    {
      "type": "Feature",
      "properties": {
        "@id": "way/540474398",
        "addr:city": "Greer",
        "addr:housenumber": "1487",
        "addr:postcode": "29651",
        "addr:state": "SC",
        "addr:street": "Highway 101",
        "amenity": "fast_food",
        "brand": "Bojangles'",
        "brand:wikidata": "Q891163",
        "building": "yes",
        "cuisine": "chicken",
        "drive_through": "yes",
        "name": "Bojangles'",
        "official_name": "Bojangles' Famous Chicken 'n Biscuits",
        "phone": "+1 864-877-1172",
        "takeaway": "yes",
        "website": "https://locations.bojangles.com/sc/greer/1487-hwy-101-s.html",
        "@geometry": "center"
      },
      "geometry": {
        "type": "Point",
        "coordinates": [
          -82.1637234,
          34.8968886
        ]
      },
      "id": "way/540474398"
    },
    {
      "type": "Feature",
      "properties": {
        "@id": "way/542759953",
        "addr:city": "Chelsea",
        "addr:postcode": "35043",
        "addr:state": "AL",
        "amenity": "fast_food",
        "brand": "Bojangles'",
        "brand:wikidata": "Q891163",
        "building": "yes",
        "cuisine": "chicken",
        "drive_through": "yes",
        "name": "Bojangles'",
        "official_name": "Bojangles' Famous Chicken 'n Biscuits",
        "phone": "+1 205-678-0449",
        "takeaway": "yes",
        "website": "https://locations.bojangles.com/al/chelsea/15392-us-280.html",
        "@geometry": "center"
      },
      "geometry": {
        "type": "Point",
        "coordinates": [
          -86.6092223,
          33.3518659
        ]
      },
      "id": "way/542759953"
    },
    {
      "type": "Feature",
      "properties": {
        "@id": "way/543832925",
        "addr:city": "Fort Mill",
        "addr:housenumber": "3302",
        "addr:postcode": "29715",
        "addr:state": "SC",
        "addr:street": "Highway 21",
        "amenity": "fast_food",
        "brand": "Bojangles'",
        "brand:wikidata": "Q891163",
        "building": "yes",
        "cuisine": "chicken",
        "drive_through": "yes",
        "name": "Bojangles'",
        "official_name": "Bojangles' Famous Chicken 'n Biscuits",
        "phone": "+1 803-548-8008",
        "takeaway": "yes",
        "website": "https://locations.bojangles.com/sc/fort-mill/3302-highway-21.html",
        "@geometry": "center"
      },
      "geometry": {
        "type": "Point",
        "coordinates": [
          -80.932824,
          35.0832079
        ]
      },
      "id": "way/543832925"
    },
    {
      "type": "Feature",
      "properties": {
        "@id": "way/544021126",
        "addr:city": "Martinez",
        "addr:housenumber": "343",
        "addr:postcode": "30907",
        "addr:state": "GA",
        "addr:street": "South Belair Road",
        "amenity": "fast_food",
        "brand": "Bojangles'",
        "brand:wikidata": "Q891163",
        "building": "yes",
        "cuisine": "chicken",
        "drive_through": "yes",
        "name": "Bojangles'",
        "official_name": "Bojangles' Famous Chicken 'n Biscuits",
        "phone": "+1 706-504-4560",
        "takeaway": "yes",
        "website": "https://locations.bojangles.com/ga/martinez/343-s--belair-road.html",
        "@geometry": "center"
      },
      "geometry": {
        "type": "Point",
        "coordinates": [
          -82.1356527,
          33.4884116
        ]
      },
      "id": "way/544021126"
    },
    {
      "type": "Feature",
      "properties": {
        "@id": "way/544061031",
        "addr:city": "Fayetteville",
        "addr:housenumber": "7661",
        "addr:postcode": "28304",
        "addr:state": "NC",
        "addr:street": "Raeford Road",
        "amenity": "fast_food",
        "brand": "Bojangles'",
        "brand:wikidata": "Q891163",
        "building": "yes",
        "cuisine": "chicken",
        "drive_through": "yes",
        "name": "Bojangles'",
        "official_name": "Bojangles' Famous Chicken 'n Biscuits",
        "phone": "+1 910-864-6319",
        "takeaway": "yes",
        "website": "https://locations.bojangles.com/nc/fayetteville/7661-raeford-road.html",
        "@geometry": "center"
      },
      "geometry": {
        "type": "Point",
        "coordinates": [
          -79.0524552,
          35.0269028
        ]
      },
      "id": "way/544061031"
    },
    {
      "type": "Feature",
      "properties": {
        "@id": "way/544204455",
        "addr:city": "Fort Mill",
        "addr:housenumber": "2886",
        "addr:postcode": "29708",
        "addr:state": "SC",
        "addr:street": "Highway 160",
        "amenity": "fast_food",
        "brand": "Bojangles'",
        "brand:wikidata": "Q891163",
        "building": "yes",
        "cuisine": "chicken",
        "drive_through": "yes",
        "name": "Bojangles'",
        "official_name": "Bojangles' Famous Chicken 'n Biscuits",
        "phone": "+1 803-547-9843",
        "takeaway": "yes",
        "website": "https://locations.bojangles.com/sc/fort-mill/2886-hwy-160.html",
        "@geometry": "center"
      },
      "geometry": {
        "type": "Point",
        "coordinates": [
          -80.9911426,
          35.0604976
        ]
      },
      "id": "way/544204455"
    },
    {
      "type": "Feature",
      "properties": {
        "@id": "way/544311212",
        "addr:city": "Kingsport",
        "addr:housenumber": "3048",
        "addr:postcode": "37664",
        "addr:state": "TN",
        "addr:street": "Fort Henry Drive",
        "amenity": "fast_food",
        "brand": "Bojangles'",
        "brand:wikidata": "Q891163",
        "building": "yes",
        "cuisine": "chicken",
        "drive_through": "yes",
        "name": "Bojangles'",
        "official_name": "Bojangles' Famous Chicken 'n Biscuits",
        "phone": "+1 423-392-4464",
        "takeaway": "yes",
        "website": "https://locations.bojangles.com/tn/kingsport/3048-fort-henry-dr.html",
        "@geometry": "center"
      },
      "geometry": {
        "type": "Point",
        "coordinates": [
          -82.5187902,
          36.5118406
        ]
      },
      "id": "way/544311212"
    },
    {
      "type": "Feature",
      "properties": {
        "@id": "way/544615040",
        "addr:city": "Forest",
        "addr:housenumber": "14797",
        "addr:postcode": "24551",
        "addr:state": "VA",
        "addr:street": "Forest Road",
        "amenity": "fast_food",
        "brand": "Bojangles'",
        "brand:wikidata": "Q891163",
        "building": "yes",
        "cuisine": "chicken",
        "drive_through": "yes",
        "name": "Bojangles'",
        "official_name": "Bojangles' Famous Chicken 'n Biscuits",
        "opening_hours": "Mo-Su 05:00-22:00",
        "opening_hours:covid19": "Mo-Sa 05:30-20:00; Su 06:00-20:00",
        "phone": "+1 434-616-2271",
        "takeaway": "yes",
        "website": "https://locations.bojangles.com/va/forest/14797-forest-road.html",
        "@geometry": "center"
      },
      "geometry": {
        "type": "Point",
        "coordinates": [
          -79.2968476,
          37.3664604
        ]
      },
      "id": "way/544615040"
    },
    {
      "type": "Feature",
      "properties": {
        "@id": "way/544855150",
        "addr:city": "Dalton",
        "addr:housenumber": "1253",
        "addr:postcode": "30721",
        "addr:state": "GA",
        "addr:street": "Cleveland Highway",
        "amenity": "fast_food",
        "brand": "Bojangles'",
        "brand:wikidata": "Q891163",
        "building": "yes",
        "cuisine": "chicken",
        "drive_through": "yes",
        "name": "Bojangles'",
        "official_name": "Bojangles' Famous Chicken 'n Biscuits",
        "phone": "+1 706-226-7975",
        "takeaway": "yes",
        "website": "https://locations.bojangles.com/ga/dalton/1253-cleveland-hwy.html",
        "@geometry": "center"
      },
      "geometry": {
        "type": "Point",
        "coordinates": [
          -84.9626073,
          34.793529
        ]
      },
      "id": "way/544855150"
    },
    {
      "type": "Feature",
      "properties": {
        "@id": "way/545101383",
        "addr:city": "West Columbia",
        "addr:housenumber": "3301",
        "addr:postcode": "29170",
        "addr:state": "SC",
        "addr:street": "Platt Springs Road",
        "amenity": "fast_food",
        "brand": "Bojangles'",
        "brand:wikidata": "Q891163",
        "building": "yes",
        "cuisine": "chicken",
        "drive_through": "yes",
        "name": "Bojangles'",
        "official_name": "Bojangles' Famous Chicken 'n Biscuits",
        "phone": "+1 803-794-8987",
        "takeaway": "yes",
        "website": "https://locations.bojangles.com/sc/west-columbia/3301-platt-springs-road.html",
        "@geometry": "center"
      },
      "geometry": {
        "type": "Point",
        "coordinates": [
          -81.1185411,
          33.9553385
        ]
      },
      "id": "way/545101383"
    },
    {
      "type": "Feature",
      "properties": {
        "@id": "way/545163958",
        "addr:city": "Charlotte",
        "addr:housenumber": "9417",
        "addr:postcode": "28273",
        "addr:state": "NC",
        "addr:street": "Steele Creek Road",
        "amenity": "fast_food",
        "brand": "Bojangles'",
        "brand:wikidata": "Q891163",
        "building": "yes",
        "cuisine": "chicken",
        "drive_through": "yes",
        "name": "Bojangles'",
        "official_name": "Bojangles' Famous Chicken 'n Biscuits",
        "phone": "+1 704-588-6589",
        "takeaway": "yes",
        "website": "https://locations.bojangles.com/nc/charlotte/9417-steele-creek-road.html",
        "@geometry": "center"
      },
      "geometry": {
        "type": "Point",
        "coordinates": [
          -80.9696345,
          35.1619634
        ]
      },
      "id": "way/545163958"
    },
    {
      "type": "Feature",
      "properties": {
        "@id": "way/545363402",
        "addr:city": "Clemson",
        "addr:housenumber": "102",
        "addr:postcode": "29631",
        "addr:state": "SC",
        "addr:street": "Canoy Lane",
        "amenity": "fast_food",
        "brand": "Bojangles'",
        "brand:wikidata": "Q891163",
        "building": "yes",
        "cuisine": "chicken",
        "delivery": "no",
        "drive_through": "yes",
        "name": "Bojangles'",
        "official_name": "Bojangles' Famous Chicken 'n Biscuits",
        "outdoor_seating": "no",
        "phone": "+1 864-654-8135",
        "smoking": "outside",
        "takeaway": "yes",
        "website": "https://locations.bojangles.com/sc/clemson/102-canoy-lane.html",
        "@geometry": "center"
      },
      "geometry": {
        "type": "Point",
        "coordinates": [
          -82.8121924,
          34.6889136
        ]
      },
      "id": "way/545363402"
    },
    {
      "type": "Feature",
      "properties": {
        "@id": "way/546173874",
        "addr:city": "Lynchburg",
        "addr:housenumber": "7819",
        "addr:postcode": "24502",
        "addr:state": "VA",
        "addr:street": "Timberlake Road",
        "amenity": "fast_food",
        "brand": "Bojangles'",
        "brand:wikidata": "Q891163",
        "building": "yes",
        "cuisine": "chicken",
        "drive_through": "yes",
        "name": "Bojangles'",
        "official_name": "Bojangles' Famous Chicken 'n Biscuits",
        "opening_hours": "Mo-Sa 08:00-20:00,09:00-20:00",
        "phone": "+1 434-485-7016",
        "takeaway": "yes",
        "website": "https://locations.bojangles.com/va/lynchburg/7819-timberlake-road.html",
        "@geometry": "center"
      },
      "geometry": {
        "type": "Point",
        "coordinates": [
          -79.2275254,
          37.3524351
        ]
      },
      "id": "way/546173874"
    },
    {
      "type": "Feature",
      "properties": {
        "@id": "way/546867190",
        "addr:city": "Indian Land",
        "addr:housenumber": "8327",
        "addr:postcode": "29707",
        "addr:state": "SC",
        "addr:street": "Collins Road",
        "amenity": "fast_food",
        "brand": "Bojangles'",
        "brand:wikidata": "Q891163",
        "building": "yes",
        "cuisine": "chicken",
        "drive_through": "yes",
        "name": "Bojangles'",
        "official_name": "Bojangles' Famous Chicken 'n Biscuits",
        "phone": "+1 803-802-5002",
        "smoking": "no",
        "takeaway": "yes",
        "website": "https://locations.bojangles.com/sc/indian-land/8327-collins-road.html",
        "@geometry": "center"
      },
      "geometry": {
        "type": "Point",
        "coordinates": [
          -80.8504573,
          34.9541665
        ]
      },
      "id": "way/546867190"
    },
    {
      "type": "Feature",
      "properties": {
        "@id": "way/547082012",
        "addr:city": "Hickory",
        "addr:housenumber": "2939",
        "addr:postcode": "28601",
        "addr:state": "NC",
        "addr:street": "North Center Street",
        "amenity": "fast_food",
        "brand": "Bojangles'",
        "brand:wikidata": "Q891163",
        "building": "yes",
        "cuisine": "chicken",
        "drive_through": "yes",
        "name": "Bojangles'",
        "official_name": "Bojangles' Famous Chicken 'n Biscuits",
        "phone": "+1 828-322-2444",
        "takeaway": "yes",
        "website": "https://locations.bojangles.com/nc/hickory/2939-north-center-street.html",
        "@geometry": "center"
      },
      "geometry": {
        "type": "Point",
        "coordinates": [
          -81.3302053,
          35.7718599
        ]
      },
      "id": "way/547082012"
    },
    {
      "type": "Feature",
      "properties": {
        "@id": "way/547149649",
        "addr:city": "Irmo",
        "addr:housenumber": "7339",
        "addr:postcode": "29063",
        "addr:state": "SC",
        "addr:street": "Broad River Road",
        "amenity": "fast_food",
        "brand": "Bojangles'",
        "brand:wikidata": "Q891163",
        "building": "yes",
        "cuisine": "chicken",
        "drive_through": "yes",
        "name": "Bojangles'",
        "official_name": "Bojangles' Famous Chicken 'n Biscuits",
        "phone": "+1 803-407-4116",
        "takeaway": "yes",
        "website": "https://locations.bojangles.com/sc/columbia/7339-broad-river-road.html",
        "@geometry": "center"
      },
      "geometry": {
        "type": "Point",
        "coordinates": [
          -81.1596815,
          34.0955506
        ]
      },
      "id": "way/547149649"
    },
    {
      "type": "Feature",
      "properties": {
        "@id": "way/547542880",
        "addr:city": "Durham",
        "addr:housenumber": "176",
        "addr:postcode": "27713",
        "addr:state": "NC",
        "addr:street": "Stratford Lakes Drive",
        "amenity": "fast_food",
        "brand": "Bojangles'",
        "brand:wikidata": "Q891163",
        "building": "yes",
        "cuisine": "chicken",
        "drive_through": "yes",
        "name": "Bojangles'",
        "official_name": "Bojangles' Famous Chicken 'n Biscuits",
        "phone": "+1 919-237-2678",
        "takeaway": "yes",
        "website": "https://locations.bojangles.com/nc/durham/176-stratford-lake-drive.html",
        "@geometry": "center"
      },
      "geometry": {
        "type": "Point",
        "coordinates": [
          -78.9073302,
          35.9425071
        ]
      },
      "id": "way/547542880"
    },
    {
      "type": "Feature",
      "properties": {
        "@id": "way/547745200",
        "addr:city": "Farmville",
        "addr:housenumber": "3411",
        "addr:postcode": "27828",
        "addr:state": "NC",
        "addr:street": "Cooperative Way",
        "amenity": "fast_food",
        "brand": "Bojangles'",
        "brand:wikidata": "Q891163",
        "building": "yes",
        "cuisine": "chicken",
        "drive_through": "yes",
        "name": "Bojangles'",
        "official_name": "Bojangles' Famous Chicken 'n Biscuits",
        "phone": "+1 252-753-0004",
        "takeaway": "yes",
        "website": "https://locations.bojangles.com/nc/farmville/3411-cooperative-way.html",
        "@geometry": "center"
      },
      "geometry": {
        "type": "Point",
        "coordinates": [
          -77.6039686,
          35.6167977
        ]
      },
      "id": "way/547745200"
    },
    {
      "type": "Feature",
      "properties": {
        "@id": "way/549216080",
        "addr:city": "Lincolnton",
        "addr:housenumber": "1601",
        "addr:postcode": "28092",
        "addr:state": "NC",
        "addr:street": "East Main Street",
        "amenity": "fast_food",
        "brand": "Bojangles'",
        "brand:wikidata": "Q891163",
        "building": "yes",
        "cuisine": "chicken",
        "delivery": "no",
        "drive_through": "yes",
        "name": "Bojangles'",
        "official_name": "Bojangles' Famous Chicken 'n Biscuits",
        "outdoor_seating": "no",
        "phone": "+1 704-732-1523",
        "smoking": "no",
        "takeaway": "yes",
        "website": "https://locations.bojangles.com/nc/lincolnton/1601-east-main-street.html",
        "@geometry": "center"
      },
      "geometry": {
        "type": "Point",
        "coordinates": [
          -81.2337621,
          35.4779734
        ]
      },
      "id": "way/549216080"
    },
    {
      "type": "Feature",
      "properties": {
        "@id": "way/549317418",
        "addr:city": "Oak Ridge",
        "addr:housenumber": "8000",
        "addr:postcode": "27310",
        "addr:state": "NC",
        "addr:street": "Linville Road",
        "amenity": "fast_food",
        "brand": "Bojangles'",
        "brand:wikidata": "Q891163",
        "building": "yes",
        "cuisine": "chicken",
        "drive_through": "yes",
        "name": "Bojangles'",
        "official_name": "Bojangles' Famous Chicken 'n Biscuits",
        "phone": "+1 336-644-6888",
        "takeaway": "yes",
        "website": "https://locations.bojangles.com/nc/oak-ridge/8000-linville-road.html",
        "@geometry": "center"
      },
      "geometry": {
        "type": "Point",
        "coordinates": [
          -79.9869169,
          36.169618
        ]
      },
      "id": "way/549317418"
    },
    {
      "type": "Feature",
      "properties": {
        "@id": "way/550015354",
        "addr:city": "Raeford",
        "addr:housenumber": "116",
        "addr:postcode": "28376",
        "addr:state": "NC",
        "addr:street": "Fayetteville Road",
        "amenity": "fast_food",
        "brand": "Bojangles'",
        "brand:wikidata": "Q891163",
        "building": "yes",
        "cuisine": "chicken",
        "drive_through": "yes",
        "name": "Bojangles'",
        "official_name": "Bojangles' Famous Chicken 'n Biscuits",
        "phone": "+1 910-878-0148",
        "takeaway": "yes",
        "website": "https://locations.bojangles.com/nc/raeford/116-fayetteville-road.html",
        "@geometry": "center"
      },
      "geometry": {
        "type": "Point",
        "coordinates": [
          -79.2357541,
          34.9800928
        ]
      },
      "id": "way/550015354"
    },
    {
      "type": "Feature",
      "properties": {
        "@id": "way/550529043",
        "addr:city": "Clover",
        "addr:housenumber": "959",
        "addr:postcode": "29710",
        "addr:state": "SC",
        "addr:street": "Bethel Street",
        "amenity": "fast_food",
        "brand": "Bojangles'",
        "brand:wikidata": "Q891163",
        "building": "yes",
        "cuisine": "chicken",
        "drive_through": "yes",
        "name": "Bojangles'",
        "official_name": "Bojangles' Famous Chicken 'n Biscuits",
        "phone": "+1 803-222-6282",
        "takeaway": "yes",
        "website": "https://locations.bojangles.com/sc/clover/959-bethel-street.html",
        "@geometry": "center"
      },
      "geometry": {
        "type": "Point",
        "coordinates": [
          -81.208965,
          35.1069209
        ]
      },
      "id": "way/550529043"
    },
    {
      "type": "Feature",
      "properties": {
        "@id": "way/550938245",
        "addr:city": "Boiling Springs",
        "addr:housenumber": "211",
        "addr:postcode": "28017",
        "addr:state": "NC",
        "addr:street": "North Main Street",
        "amenity": "fast_food",
        "brand": "Bojangles'",
        "brand:wikidata": "Q891163",
        "building": "yes",
        "cuisine": "chicken",
        "delivery": "no",
        "drive_through": "yes",
        "name": "Bojangles'",
        "official_name": "Bojangles' Famous Chicken 'n Biscuits",
        "phone": "+1 704-434-7444",
        "smoking": "no",
        "takeaway": "yes",
        "website": "https://locations.bojangles.com/nc/boiling-springs/211-north-main-street.html",
        "@geometry": "center"
      },
      "geometry": {
        "type": "Point",
        "coordinates": [
          -81.6674358,
          35.2549024
        ]
      },
      "id": "way/550938245"
    },
    {
      "type": "Feature",
      "properties": {
        "@id": "way/550991305",
        "addr:city": "York",
        "addr:housenumber": "946",
        "addr:postcode": "29745",
        "addr:state": "SC",
        "addr:street": "East Liberty Street",
        "amenity": "fast_food",
        "brand": "Bojangles'",
        "brand:wikidata": "Q891163",
        "building": "yes",
        "cuisine": "chicken",
        "drive_through": "yes",
        "name": "Bojangles'",
        "official_name": "Bojangles' Famous Chicken 'n Biscuits",
        "phone": "+1 803-684-0074",
        "takeaway": "yes",
        "website": "https://locations.bojangles.com/sc/york/946-east-liberty-street.html",
        "@geometry": "center"
      },
      "geometry": {
        "type": "Point",
        "coordinates": [
          -81.2156308,
          34.9853379
        ]
      },
      "id": "way/550991305"
    },
    {
      "type": "Feature",
      "properties": {
        "@id": "way/551322497",
        "addr:city": "Charlotte",
        "addr:housenumber": "7047",
        "addr:postcode": "28217",
        "addr:state": "NC",
        "addr:street": "South Boulevard",
        "amenity": "fast_food",
        "brand": "Bojangles'",
        "brand:wikidata": "Q891163",
        "building": "yes",
        "cuisine": "chicken",
        "drive_through": "yes",
        "name": "Bojangles'",
        "official_name": "Bojangles' Famous Chicken 'n Biscuits",
        "phone": "+1 704-552-9233",
        "takeaway": "yes",
        "website": "https://locations.bojangles.com/nc/charlotte/7047--south-boulevard.html",
        "@geometry": "center"
      },
      "geometry": {
        "type": "Point",
        "coordinates": [
          -80.8761137,
          35.1386101
        ]
      },
      "id": "way/551322497"
    },
    {
      "type": "Feature",
      "properties": {
        "@id": "way/551654925",
        "addr:city": "Batesburg-Leesville",
        "addr:housenumber": "145",
        "addr:postcode": "29070",
        "addr:state": "SC",
        "addr:street": "East Columbia Avenue",
        "amenity": "fast_food",
        "brand": "Bojangles'",
        "brand:wikidata": "Q891163",
        "building": "yes",
        "cuisine": "chicken",
        "drive_through": "yes",
        "name": "Bojangles'",
        "official_name": "Bojangles' Famous Chicken 'n Biscuits",
        "phone": "+1 803-532-6781",
        "takeaway": "yes",
        "website": "https://locations.bojangles.com/sc/batesburg/145-e--columbia-ave.html",
        "@geometry": "center"
      },
      "geometry": {
        "type": "Point",
        "coordinates": [
          -81.5244725,
          33.9122942
        ]
      },
      "id": "way/551654925"
    },
    {
      "type": "Feature",
      "properties": {
        "@id": "way/552415050",
        "addr:city": "Statesville",
        "addr:country": "US",
        "addr:housenumber": "160",
        "addr:postcode": "28625",
        "addr:state": "NC",
        "addr:street": "Turnersburg Highway",
        "amenity": "fast_food",
        "brand": "Bojangles'",
        "brand:wikidata": "Q891163",
        "building": "yes",
        "cuisine": "chicken",
        "drive_through": "yes",
        "name": "Bojangles'",
        "official_name": "Bojangles' Famous Chicken 'n Biscuits",
        "opening_hours": "Mo-Sa 05:00-22:00;Su 06:00-22:00",
        "phone": "+1 704-878-0806",
        "source": "Iredell County GIS Mapping Department",
        "source:date": "2016-03-13",
        "takeaway": "yes",
        "website": "https://locations.bojangles.com/nc/statesville/160-turnersburg-hwy.html",
        "@geometry": "center"
      },
      "geometry": {
        "type": "Point",
        "coordinates": [
          -80.8751627,
          35.8110966
        ]
      },
      "id": "way/552415050"
    },
    {
      "type": "Feature",
      "properties": {
        "@id": "way/552473573",
        "addr:city": "Kingsport",
        "addr:housenumber": "2200",
        "addr:postcode": "37660",
        "addr:state": "TN",
        "addr:street": "West Stone Drive",
        "amenity": "fast_food",
        "brand": "Bojangles'",
        "brand:wikidata": "Q891163",
        "building": "yes",
        "cuisine": "chicken",
        "name": "Bojangles'",
        "official_name": "Bojangles' Famous Chicken 'n Biscuits",
        "phone": "+1 423-247-5200",
        "takeaway": "yes",
        "website": "https://locations.bojangles.com/tn/kingsport/2200-west-stone-drive.html",
        "@geometry": "center"
      },
      "geometry": {
        "type": "Point",
        "coordinates": [
          -82.5931561,
          36.5560407
        ]
      },
      "id": "way/552473573"
    },
    {
      "type": "Feature",
      "properties": {
        "@id": "way/553088102",
        "addr:city": "Charlotte",
        "addr:housenumber": "3301",
        "addr:postcode": "28208",
        "addr:state": "NC",
        "addr:street": "Wilkinson Boulevard",
        "amenity": "fast_food",
        "brand": "Bojangles'",
        "brand:wikidata": "Q891163",
        "building": "yes",
        "cuisine": "chicken",
        "drive_through": "yes",
        "name": "Bojangles'",
        "official_name": "Bojangles' Famous Chicken 'n Biscuits",
        "phone": "+1 704-395-9447",
        "takeaway": "yes",
        "website": "https://locations.bojangles.com/nc/charlotte/3301-wilkinson-blvd.html",
        "@geometry": "center"
      },
      "geometry": {
        "type": "Point",
        "coordinates": [
          -80.8946727,
          35.2240965
        ]
      },
      "id": "way/553088102"
    },
    {
      "type": "Feature",
      "properties": {
        "@id": "way/553382099",
        "addr:city": "Pendleton",
        "addr:housenumber": "7610",
        "addr:postcode": "29670",
        "addr:state": "SC",
        "addr:street": "Highway 76",
        "amenity": "fast_food",
        "brand": "Bojangles'",
        "brand:wikidata": "Q891163",
        "building": "yes",
        "cuisine": "chicken",
        "drive_through": "yes",
        "name": "Bojangles'",
        "official_name": "Bojangles' Famous Chicken 'n Biscuits",
        "phone": "+1 864-646-4680",
        "takeaway": "yes",
        "website": "https://locations.bojangles.com/sc/pendleton/7610-highway-76.html",
        "@geometry": "center"
      },
      "geometry": {
        "type": "Point",
        "coordinates": [
          -82.7817955,
          34.6313928
        ]
      },
      "id": "way/553382099"
    },
    {
      "type": "Feature",
      "properties": {
        "@id": "way/554648635",
        "addr:city": "Columbia",
        "addr:housenumber": "7756",
        "addr:postcode": "29209",
        "addr:state": "SC",
        "addr:street": "Garners Ferry Road",
        "amenity": "fast_food",
        "brand": "Bojangles'",
        "brand:wikidata": "Q891163",
        "building": "yes",
        "cuisine": "chicken",
        "drive_through": "yes",
        "name": "Bojangles'",
        "official_name": "Bojangles' Famous Chicken 'n Biscuits",
        "phone": "+1 803-776-7994",
        "takeaway": "yes",
        "website": "https://locations.bojangles.com/sc/columbia/7756-garners-ferry-road.html",
        "@geometry": "center"
      },
      "geometry": {
        "type": "Point",
        "coordinates": [
          -80.9306008,
          33.9569767
        ]
      },
      "id": "way/554648635"
    },
    {
      "type": "Feature",
      "properties": {
        "@id": "way/556914749",
        "addr:city": "Indian Trail",
        "addr:housenumber": "13812",
        "addr:postcode": "28079",
        "addr:state": "NC",
        "addr:street": "Highway 74 East",
        "amenity": "fast_food",
        "brand": "Bojangles'",
        "brand:wikidata": "Q891163",
        "building": "yes",
        "cuisine": "chicken",
        "drive_through": "yes",
        "name": "Bojangles'",
        "official_name": "Bojangles' Famous Chicken 'n Biscuits",
        "phone": "+1 704-821-3344",
        "smoking": "no",
        "takeaway": "yes",
        "website": "https://locations.bojangles.com/nc/indian-trail/13812-hwy-74-east.html",
        "@geometry": "center"
      },
      "geometry": {
        "type": "Point",
        "coordinates": [
          -80.6594301,
          35.0819795
        ]
      },
      "id": "way/556914749"
    },
    {
      "type": "Feature",
      "properties": {
        "@id": "way/557090325",
        "addr:city": "Winston Salem",
        "addr:housenumber": "5918",
        "addr:postcode": "27105",
        "addr:state": "NC",
        "addr:street": "University Parkway",
        "amenity": "fast_food",
        "brand": "Bojangles'",
        "brand:wikidata": "Q891163",
        "building": "yes",
        "cuisine": "chicken",
        "drive_through": "yes",
        "name": "Bojangles'",
        "official_name": "Bojangles' Famous Chicken 'n Biscuits",
        "phone": "+1 336-377-9908",
        "takeaway": "yes",
        "website": "https://locations.bojangles.com/nc/winston-salem/5918-university-pkwy.html",
        "@geometry": "center"
      },
      "geometry": {
        "type": "Point",
        "coordinates": [
          -80.2758635,
          36.1857576
        ]
      },
      "id": "way/557090325"
    },
    {
      "type": "Feature",
      "properties": {
        "@id": "way/558566371",
        "addr:city": "Clinton",
        "addr:housenumber": "310",
        "addr:postcode": "29325",
        "addr:state": "SC",
        "addr:street": "Springdale Drive",
        "amenity": "fast_food",
        "brand": "Bojangles'",
        "brand:wikidata": "Q891163",
        "building": "yes",
        "cuisine": "chicken",
        "drive_through": "yes",
        "name": "Bojangles'",
        "official_name": "Bojangles' Famous Chicken 'n Biscuits",
        "opening_hours": "Mo-Su 07:00-21:00",
        "phone": "+1 864-938-1082",
        "takeaway": "yes",
        "website": "https://locations.bojangles.com/sc/clinton/310-springdale-rd.html",
        "@geometry": "center"
      },
      "geometry": {
        "type": "Point",
        "coordinates": [
          -81.8764776,
          34.4533524
        ]
      },
      "id": "way/558566371"
    },
    {
      "type": "Feature",
      "properties": {
        "@id": "way/560785456",
        "addr:city": "Spartanburg",
        "addr:housenumber": "102",
        "addr:postcode": "29301",
        "addr:state": "SC",
        "addr:street": "Dorman Centre Drive",
        "amenity": "fast_food",
        "brand": "Bojangles'",
        "brand:wikidata": "Q891163",
        "building": "yes",
        "cuisine": "chicken",
        "drive_through": "yes",
        "name": "Bojangles'",
        "official_name": "Bojangles' Famous Chicken 'n Biscuits",
        "phone": "+1 864-595-8392",
        "takeaway": "yes",
        "website": "https://locations.bojangles.com/sc/spartanburg/102-dorman-center-dr.html",
        "@geometry": "center"
      },
      "geometry": {
        "type": "Point",
        "coordinates": [
          -81.9875025,
          34.9362104
        ]
      },
      "id": "way/560785456"
    },
    {
      "type": "Feature",
      "properties": {
        "@id": "way/560868594",
        "addr:city": "Smyrna",
        "addr:housenumber": "1590",
        "addr:postcode": "37167",
        "addr:state": "TN",
        "addr:street": "Lee Victory Parkway",
        "amenity": "fast_food",
        "brand": "Bojangles'",
        "brand:wikidata": "Q891163",
        "building": "yes",
        "cuisine": "chicken",
        "drive_through": "yes",
        "name": "Bojangles'",
        "official_name": "Bojangles' Famous Chicken 'n Biscuits",
        "phone": "+1 615-355-6267",
        "takeaway": "yes",
        "website": "https://locations.bojangles.com/tn/smyrna/1590-lee-victory-pkwy.html",
        "@geometry": "center"
      },
      "geometry": {
        "type": "Point",
        "coordinates": [
          -86.52642,
          35.9419788
        ]
      },
      "id": "way/560868594"
    },
    {
      "type": "Feature",
      "properties": {
        "@id": "way/561357064",
        "addr:city": "Cookeville",
        "addr:housenumber": "1033",
        "addr:postcode": "38506",
        "addr:state": "TN",
        "addr:street": "South Willow Avenue",
        "amenity": "fast_food",
        "brand": "Bojangles'",
        "brand:wikidata": "Q891163",
        "building": "yes",
        "cuisine": "chicken",
        "drive_through": "yes",
        "name": "Bojangles'",
        "official_name": "Bojangles' Famous Chicken 'n Biscuits",
        "phone": "+1 931-520-2613",
        "takeaway": "yes",
        "website": "https://locations.bojangles.com/tn/cookeville/1033-south-willow-ave.html",
        "@geometry": "center"
      },
      "geometry": {
        "type": "Point",
        "coordinates": [
          -85.5270981,
          36.1409665
        ]
      },
      "id": "way/561357064"
    },
    {
      "type": "Feature",
      "properties": {
        "@id": "way/561644040",
        "addr:city": "graham",
        "addr:country": "US",
        "addr:housenumber": "804",
        "addr:postcode": "27253",
        "addr:state": "NC",
        "addr:street": "South Main Street",
        "amenity": "fast_food",
        "brand": "Bojangles'",
        "brand:wikidata": "Q891163",
        "building": "yes",
        "cuisine": "chicken",
        "delivery": "no",
        "drive_through": "yes",
        "name": "Bojangles'",
        "official_name": "Bojangles' Famous Chicken 'n Biscuits",
        "phone": "+1 336-226-7008",
        "takeaway": "yes",
        "website": "https://locations.bojangles.com/nc/graham/804-s--main-street.html",
        "@geometry": "center"
      },
      "geometry": {
        "type": "Point",
        "coordinates": [
          -79.3997125,
          36.0579697
        ]
      },
      "id": "way/561644040"
    },
    {
      "type": "Feature",
      "properties": {
        "@id": "way/562874874",
        "addr:city": "Conover",
        "addr:housenumber": "504",
        "addr:postcode": "28613",
        "addr:state": "NC",
        "addr:street": "Conover Boulevard",
        "amenity": "fast_food",
        "brand": "Bojangles'",
        "brand:wikidata": "Q891163",
        "building": "yes",
        "cuisine": "chicken",
        "drive_through": "yes",
        "name": "Bojangles'",
        "official_name": "Bojangles' Famous Chicken 'n Biscuits",
        "phone": "+1 828-465-0362",
        "takeaway": "yes",
        "website": "https://locations.bojangles.com/nc/conover/504-conover-blvd.html",
        "@geometry": "center"
      },
      "geometry": {
        "type": "Point",
        "coordinates": [
          -81.2261123,
          35.696264
        ]
      },
      "id": "way/562874874"
    },
    {
      "type": "Feature",
      "properties": {
        "@id": "way/562939156",
        "addr:city": "Gastonia",
        "addr:housenumber": "400",
        "addr:postcode": "28052",
        "addr:state": "NC",
        "addr:street": "East Garrison Boulevard",
        "amenity": "fast_food",
        "brand": "Bojangles'",
        "brand:wikidata": "Q891163",
        "building": "yes",
        "cuisine": "chicken",
        "drive_through": "yes",
        "name": "Bojangles'",
        "official_name": "Bojangles' Famous Chicken 'n Biscuits",
        "phone": "+1 704-866-8883",
        "takeaway": "yes",
        "website": "https://locations.bojangles.com/nc/gastonia/400-e--garrison-blvd.html",
        "@geometry": "center"
      },
      "geometry": {
        "type": "Point",
        "coordinates": [
          -81.1760657,
          35.2538339
        ]
      },
      "id": "way/562939156"
    },
    {
      "type": "Feature",
      "properties": {
        "@id": "way/567601904",
        "addr:city": "Marietta",
        "addr:housenumber": "1183",
        "addr:postcode": "30067",
        "addr:state": "GA",
        "addr:street": "Franklin Gateway Southeast",
        "amenity": "fast_food",
        "brand": "Bojangles",
        "brand:wikidata": "Q891163",
        "building": "retail",
        "building:levels": "1",
        "check_date": "2026-05-14",
        "check_date:opening_hours": "2023-03-29",
        "contact:website": "https://locations.bojangles.com/ga/marietta/1183-franklin-gateway-se.html",
        "cuisine": "chicken",
        "delivery": "no",
        "drive_through": "yes",
        "name": "Bojangles",
        "official_name": "Bojangles Famous Chicken 'n Biscuits",
        "opening_hours": "Mo-Sa 05:30-22:00; Su 06:00-22:00",
        "outdoor_seating": "no",
        "payment:cash": "yes",
        "payment:credit_cards": "yes",
        "payment:debit_cards": "yes",
        "phone": "+1-678-540-3387",
        "ref": "1264",
        "short_name": "Bojangles",
        "takeaway": "yes",
        "website": "https://locations.bojangles.com/ga/marietta/1183-franklin-gateway-se.html",
        "wheelchair": "yes",
        "@geometry": "center"
      },
      "geometry": {
        "type": "Point",
        "coordinates": [
          -84.4915888,
          33.9234678
        ]
      },
      "id": "way/567601904"
    },
    {
      "type": "Feature",
      "properties": {
        "@id": "way/568744183",
        "addr:city": "Brevard",
        "addr:housenumber": "196",
        "addr:postcode": "28712",
        "addr:state": "NC",
        "addr:street": "Asheville Highway",
        "amenity": "fast_food",
        "brand": "Bojangles'",
        "brand:wikidata": "Q891163",
        "building": "yes",
        "cuisine": "chicken",
        "drive_through": "yes",
        "name": "Bojangles'",
        "official_name": "Bojangles' Famous Chicken 'n Biscuits",
        "phone": "+1 828-884-4165",
        "takeaway": "yes",
        "website": "https://locations.bojangles.com/nc/brevard/196-asheville-hwy.html",
        "@geometry": "center"
      },
      "geometry": {
        "type": "Point",
        "coordinates": [
          -82.722898,
          35.2454618
        ]
      },
      "id": "way/568744183"
    },
    {
      "type": "Feature",
      "properties": {
        "@id": "way/569087538",
        "addr:city": "Spartanburg",
        "addr:housenumber": "1800",
        "addr:postcode": "29303",
        "addr:state": "SC",
        "addr:street": "Asheville Highway",
        "amenity": "fast_food",
        "brand": "Bojangles'",
        "brand:wikidata": "Q891163",
        "building": "yes",
        "cuisine": "chicken",
        "drive_through": "yes",
        "name": "Bojangles'",
        "official_name": "Bojangles' Famous Chicken 'n Biscuits",
        "phone": "+1 864-582-3915",
        "takeaway": "yes",
        "website": "https://locations.bojangles.com/sc/spartanburg/1800-asheville-hwy.html",
        "@geometry": "center"
      },
      "geometry": {
        "type": "Point",
        "coordinates": [
          -81.9706484,
          34.9823038
        ]
      },
      "id": "way/569087538"
    },
    {
      "type": "Feature",
      "properties": {
        "@id": "way/571035549",
        "addr:city": "Troutman",
        "addr:country": "US",
        "addr:housenumber": "1046",
        "addr:postcode": "28166",
        "addr:state": "NC",
        "addr:street": "Charlotte Highway",
        "amenity": "fast_food",
        "brand": "Bojangles'",
        "brand:wikidata": "Q891163",
        "building": "yes",
        "check_date": "2026-09-03",
        "check_date:opening_hours": "2026-09-03",
        "cuisine": "chicken",
        "drive_through": "yes",
        "name": "Bojangles'",
        "official_name": "Bojangles' Famous Chicken 'n Biscuits",
        "opening_hours": "Mo-Th 05:00-22:00; Fr-Sa 05:00-12:00; Su 06:00-22:00",
        "phone": "+1 704-528-2140",
        "source": "Iredell County GIS Mapping Department",
        "source:date": "2016-03-13",
        "takeaway": "yes",
        "website": "https://locations.bojangles.com/nc/troutman/1046-charlotte-hwy.html",
        "@geometry": "center"
      },
      "geometry": {
        "type": "Point",
        "coordinates": [
          -80.8540168,
          35.6696097
        ]
      },
      "id": "way/571035549"
    },
    {
      "type": "Feature",
      "properties": {
        "@id": "way/571762820",
        "addr:city": "Greenville",
        "addr:housenumber": "1107",
        "addr:postcode": "29605",
        "addr:state": "SC",
        "addr:street": "West Faris Road",
        "amenity": "fast_food",
        "brand": "Bojangles'",
        "brand:wikidata": "Q891163",
        "building": "yes",
        "cuisine": "chicken",
        "drive_through": "yes",
        "height": "13.0",
        "name": "Bojangles'",
        "official_name": "Bojangles' Famous Chicken 'n Biscuits",
        "phone": "+1 864-220-0560",
        "takeaway": "yes",
        "website": "https://locations.bojangles.com/sc/greenville/1107-west-faris-rd.html",
        "@geometry": "center"
      },
      "geometry": {
        "type": "Point",
        "coordinates": [
          -82.4197129,
          34.8176625
        ]
      },
      "id": "way/571762820"
    },
    {
      "type": "Feature",
      "properties": {
        "@id": "way/573279913",
        "addr:city": "Columbia",
        "addr:housenumber": "1130",
        "addr:postcode": "29201",
        "addr:state": "SC",
        "addr:street": "Bluff Road",
        "amenity": "fast_food",
        "brand": "Bojangles'",
        "brand:wikidata": "Q891163",
        "building": "yes",
        "cuisine": "chicken",
        "drive_through": "yes",
        "name": "Bojangles'",
        "official_name": "Bojangles' Famous Chicken 'n Biscuits",
        "phone": "+1 803-256-6002",
        "takeaway": "yes",
        "website": "https://locations.bojangles.com/sc/columbia/1130-bluff-road.html",
        "@geometry": "center"
      },
      "geometry": {
        "type": "Point",
        "coordinates": [
          -81.0173591,
          33.9708049
        ]
      },
      "id": "way/573279913"
    },
    {
      "type": "Feature",
      "properties": {
        "@id": "way/576861442",
        "addr:city": "Henderson",
        "addr:housenumber": "1425",
        "addr:postcode": "27536",
        "addr:state": "NC",
        "addr:street": "East Andrew Avenue",
        "amenity": "fast_food",
        "brand": "Bojangles'",
        "brand:wikidata": "Q891163",
        "building": "yes",
        "cuisine": "chicken",
        "name": "Bojangles'",
        "official_name": "Bojangles' Famous Chicken 'n Biscuits",
        "phone": "+1 252-438-7529",
        "takeaway": "yes",
        "website": "https://locations.bojangles.com/nc/henderson/1425-e--andrew-ave.html",
        "@geometry": "center"
      },
      "geometry": {
        "type": "Point",
        "coordinates": [
          -78.3810217,
          36.3184396
        ]
      },
      "id": "way/576861442"
    },
    {
      "type": "Feature",
      "properties": {
        "@id": "way/577875667",
        "addr:city": "Belmont",
        "addr:housenumber": "6450",
        "addr:postcode": "28012",
        "addr:state": "NC",
        "addr:street": "West Wilkinson Boulevard",
        "amenity": "fast_food",
        "brand": "Bojangles'",
        "brand:wikidata": "Q891163",
        "building": "yes",
        "cuisine": "chicken",
        "delivery": "no",
        "drive_through": "yes",
        "name": "Bojangles'",
        "official_name": "Bojangles' Famous Chicken 'n Biscuits",
        "phone": "+1 704-825-3562",
        "smoking": "no",
        "takeaway": "yes",
        "website": "https://locations.bojangles.com/nc/belmont/6450-w--wilkinson-blvd.html",
        "@geometry": "center"
      },
      "geometry": {
        "type": "Point",
        "coordinates": [
          -81.0432128,
          35.2522584
        ]
      },
      "id": "way/577875667"
    },
    {
      "type": "Feature",
      "properties": {
        "@id": "way/582903576",
        "addr:city": "Taylors",
        "addr:housenumber": "3031",
        "addr:postcode": "29687",
        "addr:state": "SC",
        "addr:street": "Wade Hampton Boulevard",
        "amenity": "fast_food",
        "brand": "Bojangles'",
        "brand:wikidata": "Q891163",
        "building": "yes",
        "cuisine": "chicken",
        "drive_through": "yes",
        "name": "Bojangles'",
        "official_name": "Bojangles' Famous Chicken 'n Biscuits",
        "phone": "+1 864-603-3645",
        "takeaway": "yes",
        "website": "https://locations.bojangles.com/sc/taylors/3031-wade-hampton-blvd.html",
        "@geometry": "center"
      },
      "geometry": {
        "type": "Point",
        "coordinates": [
          -82.3293546,
          34.9079233
        ]
      },
      "id": "way/582903576"
    },
    {
      "type": "Feature",
      "properties": {
        "@id": "way/584045912",
        "addr:city": "Durham",
        "addr:housenumber": "1712",
        "addr:postcode": "27703",
        "addr:state": "NC",
        "addr:street": "South Miami Boulevard",
        "amenity": "fast_food",
        "brand": "Bojangles'",
        "brand:wikidata": "Q891163",
        "building": "yes",
        "cuisine": "chicken",
        "drive_through": "yes",
        "name": "Bojangles'",
        "official_name": "Bojangles' Famous Chicken 'n Biscuits",
        "phone": "+1 919-596-4330",
        "source:addr": "Durham Open Data",
        "takeaway": "yes",
        "website": "https://locations.bojangles.com/nc/durham/1712--s--miami-blvd.html",
        "@geometry": "center"
      },
      "geometry": {
        "type": "Point",
        "coordinates": [
          -78.8381383,
          35.9479608
        ]
      },
      "id": "way/584045912"
    },
    {
      "type": "Feature",
      "properties": {
        "@id": "node/585191154",
        "addr:city": "Snow Hill",
        "addr:housenumber": "1035",
        "addr:postcode": "28580",
        "addr:state": "NC",
        "addr:street": "Kingold Boulevard",
        "amenity": "fast_food",
        "brand": "Bojangles'",
        "brand:wikidata": "Q891163",
        "cuisine": "chicken",
        "name": "Bojangles'",
        "official_name": "Bojangles' Famous Chicken 'n Biscuits",
        "phone": "+1 252-747-7231",
        "takeaway": "yes",
        "website": "https://locations.bojangles.com/nc/snow-hill/1035-kingold-blvd.html"
      },
      "geometry": {
        "type": "Point",
        "coordinates": [
          -77.6622172,
          35.4406094
        ]
      },
      "id": "node/585191154"
    },
    {
      "type": "Feature",
      "properties": {
        "@id": "way/586428762",
        "addr:city": "Martinez",
        "addr:housenumber": "3852",
        "addr:postcode": "30907",
        "addr:state": "GA",
        "addr:street": "Washington Road",
        "amenity": "fast_food",
        "brand": "Bojangles'",
        "brand:wikidata": "Q891163",
        "building": "yes",
        "cuisine": "chicken",
        "drive_through": "yes",
        "name": "Bojangles'",
        "official_name": "Bojangles' Famous Chicken 'n Biscuits",
        "phone": "+1 706-860-8756",
        "takeaway": "yes",
        "website": "https://locations.bojangles.com/ga/martinez/3852-washington-road.html",
        "@geometry": "center"
      },
      "geometry": {
        "type": "Point",
        "coordinates": [
          -82.0927109,
          33.5108807
        ]
      },
      "id": "way/586428762"
    },
    {
      "type": "Feature",
      "properties": {
        "@id": "way/591700671",
        "addr:city": "Siler City",
        "addr:housenumber": "1750",
        "addr:postcode": "27344",
        "addr:state": "NC",
        "addr:street": "East Eleventh Street",
        "amenity": "fast_food",
        "brand": "Bojangles'",
        "brand:wikidata": "Q891163",
        "building": "yes",
        "cuisine": "chicken",
        "drive_through": "yes",
        "name": "Bojangles'",
        "official_name": "Bojangles' Famous Chicken 'n Biscuits",
        "opening_hours": "Mo-Sa 05:00-21:00; Su 06:00-21:00",
        "phone": "+1 919-663-4387",
        "source:addr": "Chatham County GIS",
        "takeaway": "yes",
        "website": "https://locations.bojangles.com/nc/siler-city/14629-hwy-64-west.html",
        "@geometry": "center"
      },
      "geometry": {
        "type": "Point",
        "coordinates": [
          -79.4346809,
          35.7334249
        ]
      },
      "id": "way/591700671"
    },
    {
      "type": "Feature",
      "properties": {
        "@id": "way/591700672",
        "addr:city": "Pittsboro",
        "addr:housenumber": "40",
        "addr:postcode": "27312",
        "addr:state": "NC",
        "addr:street": "Russet Run",
        "amenity": "fast_food",
        "brand": "Bojangles'",
        "brand:wikidata": "Q891163",
        "building": "yes",
        "cuisine": "chicken",
        "drive_through": "yes",
        "name": "Bojangles'",
        "official_name": "Bojangles' Famous Chicken 'n Biscuits",
        "phone": "+1 919-542-0039",
        "takeaway": "yes",
        "website": "https://locations.bojangles.com/nc/pittsboro/40-russett-run.html",
        "@geometry": "center"
      },
      "geometry": {
        "type": "Point",
        "coordinates": [
          -79.1661742,
          35.7549266
        ]
      },
      "id": "way/591700672"
    },
    {
      "type": "Feature",
      "properties": {
        "@id": "way/591701781",
        "addr:city": "Raleigh",
        "addr:housenumber": "9919",
        "addr:postcode": "27603",
        "addr:state": "NC",
        "addr:street": "Fayetteville Highway",
        "amenity": "fast_food",
        "brand": "Bojangles'",
        "brand:wikidata": "Q891163",
        "building": "yes",
        "cuisine": "chicken",
        "name": "Bojangles'",
        "official_name": "Bojangles' Famous Chicken 'n Biscuits",
        "opening_hours": "Su-Th 05:30-22:00; Fr,Sa 05:30-23:00",
        "phone": "+1 919-557-6843",
        "takeaway": "yes",
        "website": "https://locations.bojangles.com/nc/raleigh/9919-fayetteville-street.html",
        "@geometry": "center"
      },
      "geometry": {
        "type": "Point",
        "coordinates": [
          -78.714181,
          35.6341518
        ]
      },
      "id": "way/591701781"
    },
    {
      "type": "Feature",
      "properties": {
        "@id": "way/593507724",
        "addr:city": "Charlotte",
        "addr:housenumber": "3510",
        "addr:postcode": "28216",
        "addr:state": "NC",
        "addr:street": "Mount Holly-Huntersville Road",
        "amenity": "fast_food",
        "brand": "Bojangles'",
        "brand:wikidata": "Q891163",
        "building": "yes",
        "cuisine": "chicken",
        "delivery": "no",
        "drive_through": "yes",
        "name": "Bojangles'",
        "official_name": "Bojangles' Famous Chicken 'n Biscuits",
        "phone": "+1 704-398-1101",
        "smoking": "no",
        "takeaway": "yes",
        "website": "https://locations.bojangles.com/nc/charlotte/3510-mount-holly-huntersville-rd.html",
        "@geometry": "center"
      },
      "geometry": {
        "type": "Point",
        "coordinates": [
          -80.9467164,
          35.3235757
        ]
      },
      "id": "way/593507724"
    },
    {
      "type": "Feature",
      "properties": {
        "@id": "way/593943454",
        "addr:city": "Charlotte",
        "addr:housenumber": "6120",
        "addr:postcode": "28212",
        "addr:state": "NC",
        "addr:street": "East Independence Boulevard",
        "amenity": "fast_food",
        "brand": "Bojangles'",
        "brand:wikidata": "Q891163",
        "building": "yes",
        "cuisine": "chicken",
        "delivery": "no",
        "drive_through": "yes",
        "name": "Bojangles'",
        "official_name": "Bojangles' Famous Chicken 'n Biscuits",
        "phone": "+1 704-535-1020",
        "smoking": "no",
        "takeaway": "yes",
        "website": "https://locations.bojangles.com/nc/charlotte/6120-e-independence-blvd.html",
        "@geometry": "center"
      },
      "geometry": {
        "type": "Point",
        "coordinates": [
          -80.7513001,
          35.1770342
        ]
      },
      "id": "way/593943454"
    },
    {
      "type": "Feature",
      "properties": {
        "@id": "way/598220559",
        "addr:city": "Aiken",
        "addr:housenumber": "123",
        "addr:postcode": "29801",
        "addr:state": "SC",
        "addr:street": "Simple Savings Drive",
        "amenity": "fast_food",
        "brand": "Bojangles'",
        "brand:wikidata": "Q891163",
        "building": "yes",
        "cuisine": "chicken",
        "drive_through": "yes",
        "name": "Bojangles'",
        "official_name": "Bojangles' Famous Chicken 'n Biscuits",
        "takeaway": "yes",
        "@geometry": "center"
      },
      "geometry": {
        "type": "Point",
        "coordinates": [
          -81.7829717,
          33.5614233
        ]
      },
      "id": "way/598220559"
    },
    {
      "type": "Feature",
      "properties": {
        "@id": "way/601384433",
        "addr:city": "Woodruff",
        "addr:housenumber": "710",
        "addr:postcode": "29388",
        "addr:state": "SC",
        "addr:street": "North Main Street",
        "amenity": "fast_food",
        "brand": "Bojangles'",
        "brand:wikidata": "Q891163",
        "building": "yes",
        "cuisine": "chicken",
        "drive_through": "yes",
        "name": "Bojangles'",
        "official_name": "Bojangles' Famous Chicken 'n Biscuits",
        "phone": "+1 864-670-2149",
        "takeaway": "yes",
        "website": "https://locations.bojangles.com/sc/woodruff/710-n-main-st.html",
        "@geometry": "center"
      },
      "geometry": {
        "type": "Point",
        "coordinates": [
          -82.045945,
          34.7480342
        ]
      },
      "id": "way/601384433"
    },
    {
      "type": "Feature",
      "properties": {
        "@id": "way/601447918",
        "addr:city": "Sylva",
        "addr:housenumber": "64",
        "addr:postcode": "28779",
        "addr:state": "NC",
        "addr:street": "Walmart Plaza",
        "amenity": "fast_food",
        "brand": "Bojangles'",
        "brand:wikidata": "Q891163",
        "building": "yes",
        "cuisine": "chicken",
        "drive_through": "yes",
        "name": "Bojangles'",
        "official_name": "Bojangles' Famous Chicken 'n Biscuits",
        "phone": "+1 828-586-6529",
        "smoking": "no",
        "takeaway": "yes",
        "website": "https://locations.bojangles.com/nc/sylva/64-walmart-plaza.html",
        "@geometry": "center"
      },
      "geometry": {
        "type": "Point",
        "coordinates": [
          -83.2022684,
          35.3620692
        ]
      },
      "id": "way/601447918"
    },
    {
      "type": "Feature",
      "properties": {
        "@id": "way/601472305",
        "addr:city": "Sanford",
        "addr:housenumber": "733",
        "addr:postcode": "27330",
        "addr:state": "NC",
        "addr:street": "South Horner Boulevard",
        "amenity": "fast_food",
        "branch": "Bojangles'",
        "brand": "Bojangles'",
        "brand:wikidata": "Q891163",
        "building": "yes",
        "cuisine": "chicken",
        "drive_through": "yes",
        "name": "Bojangles'",
        "official_name": "Bojangles' Famous Chicken 'n Biscuits",
        "opening_hours": "Mo-Su 05:30-23:00",
        "phone": "+1 919-776-7613",
        "takeaway": "yes",
        "website": "https://locations.bojangles.com/nc/sanford/773-south-horner-blvd.html",
        "@geometry": "center"
      },
      "geometry": {
        "type": "Point",
        "coordinates": [
          -79.1728083,
          35.4716598
        ]
      },
      "id": "way/601472305"
    },
    {
      "type": "Feature",
      "properties": {
        "@id": "way/601771130",
        "addr:city": "John's Island",
        "addr:housenumber": "121",
        "addr:postcode": "29455",
        "addr:state": "SC",
        "addr:street": "Main Road",
        "amenity": "fast_food",
        "brand": "Bojangles'",
        "brand:wikidata": "Q891163",
        "building": "yes",
        "cuisine": "chicken",
        "delivery": "no",
        "drive_through": "yes",
        "name": "Bojangles'",
        "official_name": "Bojangles' Famous Chicken 'n Biscuits",
        "phone": "+1 843-766-3033",
        "takeaway": "yes",
        "website": "https://locations.bojangles.com/sc/john-s-island/121-main-road.html",
        "@geometry": "center"
      },
      "geometry": {
        "type": "Point",
        "coordinates": [
          -80.1085193,
          32.8016358
        ]
      },
      "id": "way/601771130"
    },
    {
      "type": "Feature",
      "properties": {
        "@id": "way/604081727",
        "addr:city": "Princeton",
        "addr:housenumber": "701",
        "addr:postcode": "24740",
        "addr:state": "WV",
        "addr:street": "Oakvale Road",
        "air_conditioning": "yes",
        "amenity": "fast_food",
        "brand": "Bojangles'",
        "brand:wikidata": "Q891163",
        "building": "yes",
        "cuisine": "chicken",
        "name": "Bojangles'",
        "note": "This is the GREATEST Bojangles on the EARTH.\n- pxlmastr, 2/28/2025",
        "official_name": "Bojangles' Famous Chicken 'n Biscuits",
        "phone": "+1 304-425-1404",
        "takeaway": "yes",
        "website": "https://locations.bojangles.com/wv/princeton/701-oakvale-road.html",
        "@geometry": "center"
      },
      "geometry": {
        "type": "Point",
        "coordinates": [
          -81.0592409,
          37.3630076
        ]
      },
      "id": "way/604081727"
    },
    {
      "type": "Feature",
      "properties": {
        "@id": "way/604209927",
        "addr:city": "Georgetown",
        "addr:housenumber": "1155",
        "addr:postcode": "40324",
        "addr:state": "KY",
        "addr:street": "Lexington Road",
        "amenity": "fast_food",
        "brand": "Bojangles'",
        "brand:wikidata": "Q891163",
        "building": "yes",
        "cuisine": "chicken",
        "name": "Bojangles'",
        "official_name": "Bojangles' Famous Chicken 'n Biscuits",
        "phone": "+1 502-863-9872",
        "takeaway": "yes",
        "website": "https://locations.bojangles.com/ky/georgetown/1155-lexington-road.html",
        "@geometry": "center"
      },
      "geometry": {
        "type": "Point",
        "coordinates": [
          -84.5629082,
          38.1858463
        ]
      },
      "id": "way/604209927"
    },
    {
      "type": "Feature",
      "properties": {
        "@id": "way/604741093",
        "addr:city": "Reading",
        "addr:housenumber": "3215",
        "addr:postcode": "19605",
        "addr:state": "PA",
        "addr:street": "North 5th Street Highway",
        "amenity": "fast_food",
        "brand": "Bojangles'",
        "brand:wikidata": "Q891163",
        "building": "yes",
        "check_date": "2023-10-20",
        "cuisine": "chicken",
        "drive_through": "yes",
        "name": "Bojangles'",
        "official_name": "Bojangles' Famous Chicken 'n Biscuits",
        "opening_hours": "Mo-Th,Su 09:00-22:00; Fr-Sa 09:00-22:30",
        "phone": "+1 610-929-8033",
        "takeaway": "yes",
        "website": "https://locations.bojangles.com/pa/reading/3215-n--5th-street-highway.html",
        "@geometry": "center"
      },
      "geometry": {
        "type": "Point",
        "coordinates": [
          -75.9269639,
          40.3818347
        ]
      },
      "id": "way/604741093"
    },
    {
      "type": "Feature",
      "properties": {
        "@id": "way/608457876",
        "addr:city": "Myrtle Beach",
        "addr:housenumber": "589",
        "addr:postcode": "29579",
        "addr:state": "SC",
        "addr:street": "International Drive",
        "amenity": "fast_food",
        "brand": "Bojangles'",
        "brand:wikidata": "Q891163",
        "building": "yes",
        "cuisine": "chicken",
        "drive_through": "yes",
        "name": "Bojangles'",
        "official_name": "Bojangles' Famous Chicken 'n Biscuits",
        "phone": "+1 843-903-2896",
        "takeaway": "yes",
        "website": "https://locations.bojangles.com/sc/myrtle-beach/589-international-drive.html",
        "@geometry": "center"
      },
      "geometry": {
        "type": "Point",
        "coordinates": [
          -78.8585755,
          33.7589919
        ]
      },
      "id": "way/608457876"
    },
    {
      "type": "Feature",
      "properties": {
        "@id": "way/609765446",
        "addr:city": "Aynor",
        "addr:housenumber": "2780",
        "addr:postcode": "29511",
        "addr:state": "SC",
        "addr:street": "Highway 501",
        "amenity": "fast_food",
        "brand": "Bojangles'",
        "brand:wikidata": "Q891163",
        "building": "yes",
        "cuisine": "chicken",
        "drive_through": "yes",
        "name": "Bojangles'",
        "official_name": "Bojangles' Famous Chicken 'n Biscuits",
        "phone": "+1 843-358-3060",
        "takeaway": "yes",
        "website": "https://locations.bojangles.com/sc/aynor/2780-hwy-501.html",
        "@geometry": "center"
      },
      "geometry": {
        "type": "Point",
        "coordinates": [
          -79.2038168,
          33.9950334
        ]
      },
      "id": "way/609765446"
    },
    {
      "type": "Feature",
      "properties": {
        "@id": "way/610073623",
        "addr:city": "Murphy",
        "addr:housenumber": "1563",
        "addr:postcode": "28906",
        "addr:state": "NC",
        "addr:street": "Andrews Road",
        "amenity": "fast_food",
        "brand": "Bojangles'",
        "brand:wikidata": "Q891163",
        "building": "yes",
        "cuisine": "chicken",
        "drive_through": "yes",
        "name": "Bojangles'",
        "official_name": "Bojangles' Famous Chicken 'n Biscuits",
        "phone": "+1 828-516-2105",
        "takeaway": "yes",
        "website": "https://locations.bojangles.com/nc/murphy/1563-andrews-road.html",
        "@geometry": "center"
      },
      "geometry": {
        "type": "Point",
        "coordinates": [
          -84.0098212,
          35.1095072
        ]
      },
      "id": "way/610073623"
    },
    {
      "type": "Feature",
      "properties": {
        "@id": "way/612765879",
        "addr:city": "Rolesville",
        "addr:housenumber": "900",
        "addr:postcode": "27571",
        "addr:state": "NC",
        "addr:street": "South Main Street",
        "amenity": "fast_food",
        "brand": "Bojangles'",
        "brand:wikidata": "Q891163",
        "building": "yes",
        "cuisine": "chicken",
        "drive_through": "yes",
        "name": "Bojangles'",
        "official_name": "Bojangles' Famous Chicken 'n Biscuits",
        "outdoor_seating": "no",
        "phone": "+1 919-453-6243",
        "takeaway": "yes",
        "website": "https://locations.bojangles.com/nc/rolesville/900-south-main-street.html",
        "@geometry": "center"
      },
      "geometry": {
        "type": "Point",
        "coordinates": [
          -78.4782606,
          35.9096793
        ]
      },
      "id": "way/612765879"
    },
    {
      "type": "Feature",
      "properties": {
        "@id": "way/614132156",
        "addr:city": "Fredericksburg",
        "addr:housenumber": "9815",
        "addr:postcode": "22408",
        "addr:state": "VA",
        "addr:street": "Hospital Boulevard",
        "amenity": "fast_food",
        "brand": "Bojangles'",
        "brand:wikidata": "Q891163",
        "building": "yes",
        "cuisine": "chicken",
        "drive_through": "yes",
        "name": "Bojangles'",
        "official_name": "Bojangles' Famous Chicken 'n Biscuits",
        "opening_hours": "Mo-Fr 05:30-21:00; Sa,Su 06:30-21:00",
        "phone": "+1 540-376-7158",
        "takeaway": "yes",
        "website": "https://locations.bojangles.com/va/fredericksburg/9815-hospital-blvd.html",
        "@geometry": "center"
      },
      "geometry": {
        "type": "Point",
        "coordinates": [
          -77.4920866,
          38.2216262
        ]
      },
      "id": "way/614132156"
    },
    {
      "type": "Feature",
      "properties": {
        "@id": "way/616395629",
        "addr:city": "Cary",
        "addr:housenumber": "840",
        "addr:postcode": "27511",
        "addr:state": "NC",
        "addr:street": "East Chatham Street",
        "amenity": "fast_food",
        "brand": "Bojangles'",
        "brand:wikidata": "Q891163",
        "building": "yes",
        "check_date": "2026-04-05",
        "cuisine": "chicken",
        "drive_through": "yes",
        "name": "Bojangles'",
        "official_name": "Bojangles' Famous Chicken 'n Biscuits",
        "opening_hours": "Mo-Th,Su 05:30-22:00; Fr-Sa 05:30-23:00",
        "payment:american_express": "yes",
        "payment:cash": "yes",
        "payment:discover_card": "yes",
        "payment:mastercard": "yes",
        "payment:visa": "yes",
        "phone": "+1 919-467-7030",
        "takeaway": "yes",
        "website": "https://locations.bojangles.com/nc/cary/840-east-chatham-street.html",
        "wheelchair": "yes",
        "@geometry": "center"
      },
      "geometry": {
        "type": "Point",
        "coordinates": [
          -78.7601993,
          35.7909841
        ]
      },
      "id": "way/616395629"
    },
    {
      "type": "Feature",
      "properties": {
        "@id": "way/618914100",
        "addr:city": "Chester",
        "addr:housenumber": "9841",
        "addr:postcode": "23831",
        "addr:state": "VA",
        "addr:street": "Chester Road",
        "amenity": "fast_food",
        "brand": "Bojangles'",
        "brand:wikidata": "Q891163",
        "building": "yes",
        "cuisine": "chicken",
        "drive_through": "yes",
        "name": "Bojangles'",
        "official_name": "Bojangles' Famous Chicken 'n Biscuits",
        "phone": "+1 804-748-7700",
        "takeaway": "yes",
        "website": "https://locations.bojangles.com/va/chester/9841-chester-rd.html",
        "@geometry": "center"
      },
      "geometry": {
        "type": "Point",
        "coordinates": [
          -77.4517708,
          37.3840875
        ]
      },
      "id": "way/618914100"
    },
    {
      "type": "Feature",
      "properties": {
        "@id": "way/626535741",
        "addr:city": "Spring Hill",
        "addr:housenumber": "4879",
        "addr:postcode": "37174",
        "addr:state": "TN",
        "addr:street": "Port Royal Road",
        "amenity": "fast_food",
        "brand": "Bojangles'",
        "brand:wikidata": "Q891163",
        "building": "yes",
        "cuisine": "chicken",
        "drive_through": "yes",
        "name": "Bojangles'",
        "official_name": "Bojangles' Famous Chicken 'n Biscuits",
        "phone": "+1 931-451-7660",
        "takeaway": "yes",
        "website": "https://locations.bojangles.com/tn/spring-hill/4879-port-royal-road.html",
        "@geometry": "center"
      },
      "geometry": {
        "type": "Point",
        "coordinates": [
          -86.8941624,
          35.7392861
        ]
      },
      "id": "way/626535741"
    },
    {
      "type": "Feature",
      "properties": {
        "@id": "way/628457773",
        "addr:city": "North Wilkesboro",
        "addr:housenumber": "1704",
        "addr:postcode": "28659",
        "addr:state": "NC",
        "addr:street": "2nd Street",
        "amenity": "fast_food",
        "brand": "Bojangles'",
        "brand:wikidata": "Q891163",
        "building": "yes",
        "cuisine": "chicken",
        "drive_through": "yes",
        "name": "Bojangles'",
        "official_name": "Bojangles' Famous Chicken 'n Biscuits",
        "phone": "+1 336-838-9004",
        "smoking": "no",
        "takeaway": "yes",
        "website": "https://locations.bojangles.com/nc/north-wilkesboro/1704-2nd-street.html",
        "@geometry": "center"
      },
      "geometry": {
        "type": "Point",
        "coordinates": [
          -81.1432794,
          36.1783209
        ]
      },
      "id": "way/628457773"
    },
    {
      "type": "Feature",
      "properties": {
        "@id": "way/629506841",
        "addr:city": "Nashville",
        "addr:housenumber": "15594",
        "addr:postcode": "37211",
        "addr:state": "TN",
        "addr:street": "Old Hickory Boulevard",
        "amenity": "fast_food",
        "brand": "Bojangles'",
        "brand:wikidata": "Q891163",
        "building": "yes",
        "cuisine": "chicken",
        "drive_through": "yes",
        "name": "Bojangles'",
        "official_name": "Bojangles' Famous Chicken 'n Biscuits",
        "phone": "+1 615-712-9071",
        "takeaway": "yes",
        "website": "https://locations.bojangles.com/tn/nashville/15594-old-hickory-blvd.html",
        "@geometry": "center"
      },
      "geometry": {
        "type": "Point",
        "coordinates": [
          -86.7431218,
          36.040507
        ]
      },
      "id": "way/629506841"
    },
    {
      "type": "Feature",
      "properties": {
        "@id": "way/630079319",
        "addr:city": "Sanford",
        "addr:housenumber": "149",
        "addr:postcode": "27332",
        "addr:state": "NC",
        "addr:street": "Market Street",
        "amenity": "fast_food",
        "brand": "Bojangles'",
        "brand:wikidata": "Q891163",
        "building": "yes",
        "cuisine": "chicken",
        "drive_through": "yes",
        "name": "Bojangles'",
        "official_name": "Bojangles' Famous Chicken 'n Biscuits",
        "phone": "+1 919-776-5168",
        "takeaway": "yes",
        "website": "https://locations.bojangles.com/nc/sanford/149-market-street.html",
        "@geometry": "center"
      },
      "geometry": {
        "type": "Point",
        "coordinates": [
          -79.2165485,
          35.4370117
        ]
      },
      "id": "way/630079319"
    },
    {
      "type": "Feature",
      "properties": {
        "@id": "way/635819283",
        "addr:city": "Pooler",
        "addr:housenumber": "1021",
        "addr:postcode": "31322",
        "addr:state": "GA",
        "addr:street": "East Highway 80",
        "amenity": "fast_food",
        "brand": "Bojangles'",
        "brand:wikidata": "Q891163",
        "building": "yes",
        "cuisine": "chicken",
        "drive_through": "yes",
        "name": "Bojangles'",
        "official_name": "Bojangles' Famous Chicken 'n Biscuits",
        "phone": "+1 912-226-2553",
        "takeaway": "yes",
        "website": "https://locations.bojangles.com/ga/pooler/1021-east-highway-80.html",
        "@geometry": "center"
      },
      "geometry": {
        "type": "Point",
        "coordinates": [
          -81.2329817,
          32.1096438
        ]
      },
      "id": "way/635819283"
    },
    {
      "type": "Feature",
      "properties": {
        "@id": "way/637966892",
        "addr:city": "Marshville",
        "addr:housenumber": "6503",
        "addr:postcode": "28103",
        "addr:state": "NC",
        "addr:street": "West Marshville Boulevard",
        "amenity": "fast_food",
        "brand": "Bojangles'",
        "brand:wikidata": "Q891163",
        "building": "yes",
        "cuisine": "chicken",
        "delivery": "no",
        "drive_through": "yes",
        "height": "4.6508",
        "name": "Bojangles'",
        "official_name": "Bojangles' Famous Chicken 'n Biscuits",
        "outdoor_seating": "no",
        "phone": "+1 704-624-0433",
        "smoking": "no",
        "takeaway": "yes",
        "website": "https://locations.bojangles.com/nc/marshville/6503-west-marshville-blvd.html",
        "@geometry": "center"
      },
      "geometry": {
        "type": "Point",
        "coordinates": [
          -80.3692539,
          34.9862986
        ]
      },
      "id": "way/637966892"
    },
    {
      "type": "Feature",
      "properties": {
        "@id": "way/638385524",
        "addr:city": "Northport",
        "addr:country": "US",
        "addr:housenumber": "3921",
        "addr:postcode": "35476",
        "addr:state": "AL",
        "addr:street": "McFarland Boulevard",
        "amenity": "fast_food",
        "branch": "Northport",
        "brand": "Bojangles'",
        "brand:wikidata": "Q891163",
        "building": "yes",
        "contact:facebook": "https://www.facebook.com/Bojangles/",
        "contact:twitter": "Bojangles",
        "cuisine": "chicken",
        "delivery": "yes",
        "drive_through": "yes",
        "name": "Bojangles'",
        "official_name": "Bojangles' Famous Chicken 'n Biscuits",
        "opening_hours": "Mo-Sa 05:00-22:00; Su 06:00-22:00",
        "operator": "Bojangles Restaurants, LLC.",
        "phone": "+1 659-280-1235",
        "takeaway": "yes",
        "website": "https://locations.bojangles.com/al/northport/3921-mcfarland-blvd-843.html",
        "@geometry": "center"
      },
      "geometry": {
        "type": "Point",
        "coordinates": [
          -87.5965325,
          33.2383475
        ]
      },
      "id": "way/638385524"
    },
    {
      "type": "Feature",
      "properties": {
        "@id": "way/638802846",
        "addr:city": "Wake Forest",
        "addr:housenumber": "1425",
        "addr:postcode": "27587",
        "addr:state": "NC",
        "addr:street": "Brogden Woods Drive",
        "amenity": "fast_food",
        "brand": "Bojangles'",
        "brand:wikidata": "Q891163",
        "building": "yes",
        "building:levels": "1",
        "cuisine": "chicken",
        "drive_through": "yes",
        "name": "Bojangles'",
        "official_name": "Bojangles' Famous Chicken 'n Biscuits",
        "phone": "+1 919-846-6564",
        "takeaway": "yes",
        "website": "https://locations.bojangles.com/nc/wake-forest/1425-brogden-woods-dr.html",
        "@geometry": "center"
      },
      "geometry": {
        "type": "Point",
        "coordinates": [
          -78.693417,
          35.989383
        ]
      },
      "id": "way/638802846"
    },
    {
      "type": "Feature",
      "properties": {
        "@id": "way/641072770",
        "addr:city": "Lake Wylie",
        "addr:housenumber": "4927",
        "addr:postcode": "29710",
        "addr:state": "SC",
        "addr:street": "Charlotte Highway",
        "amenity": "fast_food",
        "brand": "Bojangles'",
        "brand:wikidata": "Q891163",
        "building": "yes",
        "cuisine": "chicken",
        "drive_through": "yes",
        "name": "Bojangles'",
        "official_name": "Bojangles' Famous Chicken 'n Biscuits",
        "opening_hours": "Mo-Su 05:00-22:00",
        "phone": "+1 803-831-9346",
        "smoking": "no",
        "takeaway": "yes",
        "website": "https://locations.bojangles.com/sc/lake-wylie/4927-charlotte-hwy.html",
        "@geometry": "center"
      },
      "geometry": {
        "type": "Point",
        "coordinates": [
          -81.0715335,
          35.1154701
        ]
      },
      "id": "way/641072770"
    },
    {
      "type": "Feature",
      "properties": {
        "@id": "way/641647826",
        "addr:city": "Red Bank",
        "addr:housenumber": "2023",
        "addr:postcode": "37405",
        "addr:state": "TN",
        "addr:street": "Dayton Boulevard",
        "amenity": "fast_food",
        "brand": "Bojangles'",
        "brand:wikidata": "Q891163",
        "building": "yes",
        "cuisine": "chicken",
        "drive_through": "yes",
        "name": "Bojangles'",
        "official_name": "Bojangles' Famous Chicken 'n Biscuits",
        "phone": "+1 423-760-3470",
        "takeaway": "yes",
        "website": "https://locations.bojangles.com/tn/red-bank/2023-dayton-blvd.html",
        "@geometry": "center"
      },
      "geometry": {
        "type": "Point",
        "coordinates": [
          -85.3117576,
          35.0907894
        ]
      },
      "id": "way/641647826"
    },
    {
      "type": "Feature",
      "properties": {
        "@id": "way/642058258",
        "addr:city": "Mobile",
        "addr:country": "US",
        "addr:housenumber": "3213",
        "addr:postcode": "36606",
        "addr:state": "AL",
        "addr:street": "Dauphin Street",
        "amenity": "fast_food",
        "branch": "Mobile",
        "brand": "Bojangles'",
        "brand:wikidata": "Q891163",
        "building": "yes",
        "contact:facebook": "https://www.facebook.com/Bojangles/",
        "contact:twitter": "Bojangles",
        "cuisine": "chicken",
        "drive_through": "yes",
        "name": "Bojangles'",
        "official_name": "Bojangles' Famous Chicken 'n Biscuits",
        "opening_hours": "Mo-Su 05:00-21:00",
        "phone": "+1 251-378-5303",
        "takeaway": "yes",
        "website": "https://locations.bojangles.com/al/mobile/3213-dauphin-street-1290.html",
        "@geometry": "center"
      },
      "geometry": {
        "type": "Point",
        "coordinates": [
          -88.1215568,
          30.6884476
        ]
      },
      "id": "way/642058258"
    },
    {
      "type": "Feature",
      "properties": {
        "@id": "way/647902632",
        "addr:city": "Charlotte",
        "addr:housenumber": "1407",
        "addr:postcode": "28204",
        "addr:state": "NC",
        "addr:street": "East 3rd Street",
        "amenity": "fast_food",
        "brand": "Bojangles'",
        "brand:wikidata": "Q891163",
        "building": "yes",
        "cuisine": "chicken",
        "delivery": "no",
        "drive_through": "yes",
        "name": "Bojangles'",
        "official_name": "Bojangles' Famous Chicken 'n Biscuits",
        "phone": "+1 704-372-2670",
        "takeaway": "yes",
        "website": "https://locations.bojangles.com/nc/charlotte/1407-e--third-street.html",
        "@geometry": "center"
      },
      "geometry": {
        "type": "Point",
        "coordinates": [
          -80.8299718,
          35.2134744
        ]
      },
      "id": "way/647902632"
    },
    {
      "type": "Feature",
      "properties": {
        "@id": "way/649750128",
        "addr:city": "Jefferson",
        "addr:housenumber": "158",
        "addr:postcode": "28640",
        "addr:state": "NC",
        "addr:street": "Northview Drive",
        "amenity": "fast_food",
        "brand": "Bojangles'",
        "brand:wikidata": "Q891163",
        "building": "yes",
        "cuisine": "chicken",
        "drive_through": "yes",
        "name": "Bojangles'",
        "official_name": "Bojangles' Famous Chicken 'n Biscuits",
        "phone": "+1 336-846-3293",
        "smoking": "no",
        "takeaway": "yes",
        "website": "https://locations.bojangles.com/nc/jefferson/158-northview-drive.html",
        "@geometry": "center"
      },
      "geometry": {
        "type": "Point",
        "coordinates": [
          -81.4596633,
          36.4202071
        ]
      },
      "id": "way/649750128"
    },
    {
      "type": "Feature",
      "properties": {
        "@id": "node/650824735",
        "addr:city": "Blairs",
        "addr:housenumber": "9265",
        "addr:postcode": "24527",
        "addr:state": "VA",
        "addr:street": "US-29 South",
        "amenity": "fast_food",
        "brand": "Bojangles'",
        "brand:wikidata": "Q891163",
        "cuisine": "chicken",
        "drive_through": "yes",
        "name": "Bojangles'",
        "official_name": "Bojangles' Famous Chicken 'n Biscuits",
        "phone": "+1 434-836-3500",
        "takeaway": "yes",
        "website": "https://locations.bojangles.com/va/blairs/9265-us-hwy-29.html"
      },
      "geometry": {
        "type": "Point",
        "coordinates": [
          -79.3824746,
          36.7338639
        ]
      },
      "id": "node/650824735"
    },
    {
      "type": "Feature",
      "properties": {
        "@id": "way/651824635",
        "addr:city": "Huntsville",
        "addr:housenumber": "7049",
        "addr:postcode": "35806",
        "addr:state": "AL",
        "addr:street": "University Drive Northwest",
        "amenity": "fast_food",
        "brand": "Bojangles'",
        "brand:wikidata": "Q891163",
        "building": "yes",
        "cuisine": "chicken",
        "drive_through": "yes",
        "name": "Bojangles'",
        "official_name": "Bojangles' Famous Chicken 'n Biscuits",
        "phone": "+1 256-513-8272",
        "takeaway": "yes",
        "website": "https://locations.bojangles.com/al/huntsville/7049-hwy-72-w.html",
        "@geometry": "center"
      },
      "geometry": {
        "type": "Point",
        "coordinates": [
          -86.7107907,
          34.7535428
        ]
      },
      "id": "way/651824635"
    },
    {
      "type": "Feature",
      "properties": {
        "@id": "way/656349838",
        "addr:city": "Memphis",
        "addr:housenumber": "3852",
        "addr:state": "TN",
        "addr:street": "Hacks Cross Road",
        "amenity": "fast_food",
        "brand": "Bojangles'",
        "brand:wikidata": "Q891163",
        "building": "yes",
        "cuisine": "chicken",
        "drive_through": "yes",
        "indoor_seating": "yes",
        "name": "Bojangles'",
        "official_name": "Bojangles' Famous Chicken 'n Biscuits",
        "outdoor_seating": "no",
        "takeaway": "yes",
        "@geometry": "center"
      },
      "geometry": {
        "type": "Point",
        "coordinates": [
          -89.7966352,
          35.0441291
        ]
      },
      "id": "way/656349838"
    },
    {
      "type": "Feature",
      "properties": {
        "@id": "way/660755587",
        "addr:city": "Mooresville",
        "addr:country": "US",
        "addr:housenumber": "275",
        "addr:postcode": "28115",
        "addr:state": "NC",
        "addr:street": "East Plaza Drive",
        "amenity": "fast_food",
        "brand": "Bojangles'",
        "brand:wikidata": "Q891163",
        "building": "retail",
        "check_date": "2026-09-11",
        "check_date:opening_hours": "2026-09-11",
        "cuisine": "chicken",
        "drive_through": "yes",
        "name": "Bojangles'",
        "official_name": "Bojangles' Famous Chicken 'n Biscuits",
        "opening_hours": "Mo-Th 05:00-22:00; Su 06:00-22:00; Fr-Sa 05:00-23:00",
        "phone": "+1 704-664-5558",
        "source": "Iredell County GIS Mapping Department",
        "source:date": "2016-03-13",
        "takeaway": "yes",
        "website": "https://locations.bojangles.com/nc/mooresville/275-plaza-drive.html",
        "@geometry": "center"
      },
      "geometry": {
        "type": "Point",
        "coordinates": [
          -80.8263838,
          35.5894683
        ]
      },
      "id": "way/660755587"
    },
    {
      "type": "Feature",
      "properties": {
        "@id": "way/662780694",
        "addr:city": "East Ridge",
        "addr:housenumber": "4152",
        "addr:postcode": "37411",
        "addr:state": "TN",
        "addr:street": "Ringgold Road",
        "amenity": "fast_food",
        "brand": "Bojangles'",
        "brand:wikidata": "Q891163",
        "building": "commercial",
        "cuisine": "chicken",
        "drive_through": "yes",
        "name": "Bojangles'",
        "official_name": "Bojangles' Famous Chicken 'n Biscuits",
        "phone": "+1 423-629-1762",
        "takeaway": "yes",
        "website": "https://locations.bojangles.com/tn/east-ridge/4152-ringgold-road.html",
        "@geometry": "center"
      },
      "geometry": {
        "type": "Point",
        "coordinates": [
          -85.2444923,
          34.9971692
        ]
      },
      "id": "way/662780694"
    },
    {
      "type": "Feature",
      "properties": {
        "@id": "way/665948742",
        "addr:city": "Mars Hill",
        "addr:housenumber": "434",
        "addr:postcode": "28754",
        "addr:state": "NC",
        "addr:street": "Carl Eller Road",
        "amenity": "fast_food",
        "brand": "Bojangles'",
        "brand:wikidata": "Q891163",
        "building": "yes",
        "cuisine": "chicken",
        "drive_through": "yes",
        "name": "Bojangles'",
        "official_name": "Bojangles' Famous Chicken 'n Biscuits",
        "phone": "+1 828-680-1012",
        "takeaway": "yes",
        "website": "https://locations.bojangles.com/nc/mars-hill/434-carl-eller-road.html",
        "@geometry": "center"
      },
      "geometry": {
        "type": "Point",
        "coordinates": [
          -82.5429573,
          35.8221915
        ]
      },
      "id": "way/665948742"
    },
    {
      "type": "Feature",
      "properties": {
        "@id": "way/667274892",
        "addr:city": "Nashville",
        "addr:housenumber": "101",
        "addr:postcode": "27856",
        "addr:state": "NC",
        "addr:street": "West Nashville Drive",
        "amenity": "fast_food",
        "brand": "Bojangles'",
        "brand:wikidata": "Q891163",
        "building": "yes",
        "cuisine": "chicken",
        "name": "Bojangles'",
        "official_name": "Bojangles' Famous Chicken 'n Biscuits",
        "phone": "+1 252-459-5600",
        "takeaway": "yes",
        "website": "https://locations.bojangles.com/nc/nashville/101-west-nashville-dr.html",
        "@geometry": "center"
      },
      "geometry": {
        "type": "Point",
        "coordinates": [
          -77.9747215,
          35.9778864
        ]
      },
      "id": "way/667274892"
    },
    {
      "type": "Feature",
      "properties": {
        "@id": "way/668685451",
        "addr:city": "Mills River",
        "addr:housenumber": "3575",
        "addr:postcode": "28759",
        "addr:state": "NC",
        "addr:street": "Boylston Highway",
        "amenity": "fast_food",
        "brand": "Bojangles'",
        "brand:wikidata": "Q891163",
        "building": "yes",
        "cuisine": "chicken",
        "drive_through": "yes",
        "name": "Bojangles'",
        "official_name": "Bojangles' Famous Chicken 'n Biscuits",
        "opening_hours": "Mo-Sa 05:00-22:00; Su 06:00-22:00",
        "phone": "+1 828-891-6300",
        "takeaway": "yes",
        "website": "https://locations.bojangles.com/nc/mills-river/3575-boylston-highway.html",
        "@geometry": "center"
      },
      "geometry": {
        "type": "Point",
        "coordinates": [
          -82.5694096,
          35.4016685
        ]
      },
      "id": "way/668685451"
    },
    {
      "type": "Feature",
      "properties": {
        "@id": "way/671921985",
        "addr:city": "Salisbury",
        "addr:housenumber": "901",
        "addr:postcode": "28144",
        "addr:state": "NC",
        "addr:street": "East Innes Street",
        "amenity": "fast_food",
        "brand": "Bojangles'",
        "brand:wikidata": "Q891163",
        "building": "retail",
        "cuisine": "chicken",
        "drive_through": "yes",
        "name": "Bojangles'",
        "official_name": "Bojangles' Famous Chicken 'n Biscuits",
        "phone": "+1 704-637-2862",
        "takeaway": "yes",
        "website": "https://locations.bojangles.com/nc/salisbury/901-e--innes-street.html",
        "@geometry": "center"
      },
      "geometry": {
        "type": "Point",
        "coordinates": [
          -80.4619779,
          35.6594636
        ]
      },
      "id": "way/671921985"
    },
    {
      "type": "Feature",
      "properties": {
        "@id": "way/673509366",
        "addr:city": "Lexington",
        "addr:housenumber": "1704",
        "addr:postcode": "27292",
        "addr:state": "NC",
        "addr:street": "Cotton Grove Road",
        "amenity": "fast_food",
        "brand": "Bojangles'",
        "brand:wikidata": "Q891163",
        "building": "yes",
        "cuisine": "chicken",
        "drive_through": "yes",
        "name": "Bojangles'",
        "official_name": "Bojangles' Famous Chicken 'n Biscuits",
        "phone": "+1 336-242-9108",
        "takeaway": "yes",
        "website": "https://locations.bojangles.com/nc/lexington/1704-cotton-grove-road.html",
        "@geometry": "center"
      },
      "geometry": {
        "type": "Point",
        "coordinates": [
          -80.2591759,
          35.7776725
        ]
      },
      "id": "way/673509366"
    },
    {
      "type": "Feature",
      "properties": {
        "@id": "way/673609688",
        "addr:city": "Spartanburg",
        "addr:housenumber": "1793",
        "addr:postcode": "29307",
        "addr:state": "SC",
        "addr:street": "East Main Street",
        "amenity": "fast_food",
        "brand": "Bojangles'",
        "brand:wikidata": "Q891163",
        "building": "yes",
        "cuisine": "chicken",
        "drive_through": "yes",
        "name": "Bojangles'",
        "official_name": "Bojangles' Famous Chicken 'n Biscuits",
        "phone": "+1 864-582-3178",
        "takeaway": "yes",
        "website": "https://locations.bojangles.com/sc/spartanburg/1793-east-main-street.html",
        "@geometry": "center"
      },
      "geometry": {
        "type": "Point",
        "coordinates": [
          -81.895706,
          34.9655905
        ]
      },
      "id": "way/673609688"
    },
    {
      "type": "Feature",
      "properties": {
        "@id": "way/674679595",
        "addr:city": "Nashville",
        "addr:housenumber": "7000",
        "addr:postcode": "37209",
        "addr:state": "TN",
        "addr:street": "Charlotte Pike",
        "addr:unit": "A",
        "amenity": "fast_food",
        "brand": "Bojangles'",
        "brand:wikidata": "Q891163",
        "building": "yes",
        "cuisine": "chicken",
        "name": "Bojangles'",
        "official_name": "Bojangles' Famous Chicken 'n Biscuits",
        "opening_hours": "Mo-Sa 05:30-22:00; Su 06:00-22:00",
        "phone": "+1 615-356-3860",
        "takeaway": "yes",
        "website": "https://locations.bojangles.com/tn/nashville/7000-a-charlotte-pike.html",
        "@geometry": "center"
      },
      "geometry": {
        "type": "Point",
        "coordinates": [
          -86.9041933,
          36.1299464
        ]
      },
      "id": "way/674679595"
    },
    {
      "type": "Feature",
      "properties": {
        "@id": "way/674757242",
        "addr:city": "Spartanburg",
        "addr:housenumber": "1485",
        "addr:postcode": "29303",
        "addr:state": "SC",
        "addr:street": "Boiling Springs Road",
        "amenity": "fast_food",
        "brand": "Bojangles'",
        "brand:wikidata": "Q891163",
        "building": "yes",
        "cuisine": "chicken",
        "drive_through": "yes",
        "name": "Bojangles'",
        "official_name": "Bojangles' Famous Chicken 'n Biscuits",
        "phone": "+1 864-342-7980",
        "takeaway": "yes",
        "website": "https://locations.bojangles.com/sc/spartanburg/1485-boiling-springs-road.html",
        "@geometry": "center"
      },
      "geometry": {
        "type": "Point",
        "coordinates": [
          -81.9523532,
          35.0072584
        ]
      },
      "id": "way/674757242"
    },
    {
      "type": "Feature",
      "properties": {
        "@id": "way/675701837",
        "addr:city": "Yadkinville",
        "addr:housenumber": "624",
        "addr:postcode": "27055",
        "addr:state": "NC",
        "addr:street": "South State Street",
        "amenity": "fast_food",
        "brand": "Bojangles'",
        "brand:wikidata": "Q891163",
        "building": "yes",
        "cuisine": "chicken",
        "drive_through": "yes",
        "name": "Bojangles'",
        "official_name": "Bojangles' Famous Chicken 'n Biscuits",
        "phone": "+1 336-677-3755",
        "takeaway": "yes",
        "website": "https://locations.bojangles.com/nc/yadkinville/624-south-state-street.html",
        "@geometry": "center"
      },
      "geometry": {
        "type": "Point",
        "coordinates": [
          -80.6604444,
          36.1239945
        ]
      },
      "id": "way/675701837"
    },
    {
      "type": "Feature",
      "properties": {
        "@id": "way/675907146",
        "addr:city": "Calera",
        "addr:housenumber": "5070",
        "addr:postcode": "35040",
        "addr:state": "AL",
        "addr:street": "Highway 31",
        "amenity": "fast_food",
        "brand": "Bojangles'",
        "brand:wikidata": "Q891163",
        "building": "yes",
        "cuisine": "chicken",
        "drive_through": "yes",
        "name": "Bojangles'",
        "official_name": "Bojangles' Famous Chicken 'n Biscuits",
        "phone": "+1 205-668-0146",
        "takeaway": "yes",
        "website": "https://locations.bojangles.com/al/calera/5070-highway-31.html",
        "@geometry": "center"
      },
      "geometry": {
        "type": "Point",
        "coordinates": [
          -86.7499376,
          33.1484852
        ]
      },
      "id": "way/675907146"
    },
    {
      "type": "Feature",
      "properties": {
        "@id": "node/676011909",
        "addr:city": "Huntsville",
        "addr:country": "US",
        "addr:housenumber": "4323",
        "addr:postcode": "35816",
        "addr:state": "AL",
        "addr:street": "University Drive",
        "amenity": "fast_food",
        "branch": "Huntsville",
        "brand": "Bojangles'",
        "brand:wikidata": "Q891163",
        "contact:facebook": "https://www.facebook.com/Bojangles/",
        "contact:twitter": "Bojangles",
        "cuisine": "chicken",
        "drive_through": "yes",
        "name": "Bojangles'",
        "official_name": "Bojangles' Famous Chicken 'n Biscuits",
        "opening_hours": "Mo-Su 05:30-22:00",
        "phone": "+1 256-895-3317",
        "takeaway": "yes",
        "website": "https://locations.bojangles.com/al/huntsville/4323-university-drive-785.html"
      },
      "geometry": {
        "type": "Point",
        "coordinates": [
          -86.6356734,
          34.7344967
        ]
      },
      "id": "node/676011909"
    },
    {
      "type": "Feature",
      "properties": {
        "@id": "way/677508813",
        "addr:city": "Walterboro",
        "addr:country": "US",
        "addr:housenumber": "976",
        "addr:postcode": "29488",
        "addr:state": "SC",
        "addr:street": "Bells Highway",
        "amenity": "fast_food",
        "brand": "Bojangles'",
        "brand:wikidata": "Q891163",
        "building": "yes",
        "cuisine": "chicken",
        "drive_through": "yes",
        "name": "Bojangles'",
        "official_name": "Bojangles' Famous Chicken 'n Biscuits",
        "phone": "+1 843-782-3660",
        "takeaway": "yes",
        "website": "https://locations.bojangles.com/sc/walterboro/976-bells-highway.html",
        "@geometry": "center"
      },
      "geometry": {
        "type": "Point",
        "coordinates": [
          -80.6794512,
          32.9222553
        ]
      },
      "id": "way/677508813"
    },
    {
      "type": "Feature",
      "properties": {
        "@id": "way/679130279",
        "addr:city": "Landrum",
        "addr:housenumber": "1792",
        "addr:postcode": "29356",
        "addr:state": "SC",
        "addr:street": "Highway 14 East",
        "amenity": "fast_food",
        "brand": "Bojangles'",
        "brand:wikidata": "Q891163",
        "building": "yes",
        "cuisine": "chicken",
        "drive_through": "yes",
        "name": "Bojangles'",
        "official_name": "Bojangles' Famous Chicken 'n Biscuits",
        "phone": "+1 864-457-2207",
        "takeaway": "yes",
        "website": "https://locations.bojangles.com/sc/landrum/1792-hwy-14-east.html",
        "@geometry": "center"
      },
      "geometry": {
        "type": "Point",
        "coordinates": [
          -82.1613765,
          35.180486
        ]
      },
      "id": "way/679130279"
    },
    {
      "type": "Feature",
      "properties": {
        "@id": "way/680002498",
        "addr:city": "Thomson",
        "addr:housenumber": "1826",
        "addr:postcode": "30824",
        "addr:state": "GA",
        "addr:street": "Washington Road",
        "amenity": "fast_food",
        "brand": "Bojangles'",
        "brand:wikidata": "Q891163",
        "building": "yes",
        "changing_table": "no",
        "cuisine": "chicken",
        "delivery": "yes",
        "dog": "no",
        "drive_through": "yes",
        "handwashing:soap": "yes",
        "highchair": "yes",
        "indoor_seating": "yes",
        "internet_access": "wlan",
        "internet_access:fee": "no",
        "internet_access:ssid": "BOJ Guest",
        "kids_area": "no",
        "name": "Bojangles'",
        "official_name": "Bojangles' Famous Chicken 'n Biscuits",
        "opening_hours": "06:00-21:00",
        "outdoor_seating": "no",
        "payment:cards": "yes",
        "payment:cash": "yes",
        "payment:qr_code": "no",
        "phone": "+1 706-597-0990",
        "reservation": "no",
        "service:electricity": "limited",
        "smoking": "no",
        "takeaway": "yes",
        "toilets": "yes",
        "toilets:access": "yes",
        "toilets:disposal": "flush",
        "toilets:fee": "no",
        "toilets:gender_segregated": "yes",
        "toilets:hands_drying": "electric_hand_dryer;paper_towel",
        "toilets:handwashing": "yes",
        "toilets:paper_supplied": "yes",
        "toilets:position": "seated;urinal",
        "toilets:supervised": "no",
        "website": "https://locations.bojangles.com/ga/thomson/1826-washington-road.html",
        "wheelchair": "yes",
        "@geometry": "center"
      },
      "geometry": {
        "type": "Point",
        "coordinates": [
          -82.5023829,
          33.5060524
        ]
      },
      "id": "way/680002498"
    },
    {
      "type": "Feature",
      "properties": {
        "@id": "way/680117521",
        "addr:city": "Inman",
        "addr:housenumber": "11304",
        "addr:postcode": "29349",
        "addr:state": "SC",
        "addr:street": "Asheville Highway",
        "amenity": "fast_food",
        "brand": "Bojangles'",
        "brand:wikidata": "Q891163",
        "building": "yes",
        "cuisine": "chicken",
        "drive_through": "yes",
        "name": "Bojangles'",
        "official_name": "Bojangles' Famous Chicken 'n Biscuits",
        "phone": "+1 864-473-1130",
        "takeaway": "yes",
        "website": "https://locations.bojangles.com/sc/inman/11304-asheville-highway.html",
        "@geometry": "center"
      },
      "geometry": {
        "type": "Point",
        "coordinates": [
          -82.0807945,
          35.039624
        ]
      },
      "id": "way/680117521"
    },
    {
      "type": "Feature",
      "properties": {
        "@id": "way/680199326",
        "addr:city": "Boone",
        "addr:housenumber": "1277",
        "addr:postcode": "28607",
        "addr:state": "NC",
        "addr:street": "US Highway 421 South",
        "amenity": "fast_food",
        "brand": "Bojangles'",
        "brand:wikidata": "Q891163",
        "building": "yes",
        "cuisine": "chicken",
        "drive_through": "yes",
        "name": "Bojangles'",
        "official_name": "Bojangles' Famous Chicken 'n Biscuits",
        "opening_hours": "Mo-Sa 05:00-22:00; Su 06:00-22:00",
        "phone": "+1 828-262-9788",
        "takeaway": "yes",
        "website": "https://locations.bojangles.com/nc/boone/1277-highway-421-south.html",
        "@geometry": "center"
      },
      "geometry": {
        "type": "Point",
        "coordinates": [
          -81.6554225,
          36.2214544
        ]
      },
      "id": "way/680199326"
    },
    {
      "type": "Feature",
      "properties": {
        "@id": "way/683725544",
        "addr:city": "Denver",
        "addr:housenumber": "134",
        "addr:postcode": "28037",
        "addr:state": "NC",
        "addr:street": "Highway 16 South",
        "amenity": "fast_food",
        "brand": "Bojangles'",
        "brand:wikidata": "Q891163",
        "building": "yes",
        "check_date": "2026-06-13",
        "cuisine": "chicken",
        "drive_through": "yes",
        "name": "Bojangles'",
        "official_name": "Bojangles' Famous Chicken 'n Biscuits",
        "opening_hours": "Mo-Sa 05:00-22:00; Su 06:00-22:00",
        "opening_hours:drive_through": "Mo-Th 05:00-22:00; Fr-Sa 05:00-24:00; Su 06:00-22:00",
        "payment:american_express": "yes",
        "payment:cash": "yes",
        "payment:discover_card": "yes",
        "payment:mastercard": "yes",
        "payment:visa": "yes",
        "phone": "+1 704-827-6887",
        "takeaway": "yes",
        "website": "https://locations.bojangles.com/nc/denver/134-highway-16-south.html",
        "wheelchair": "yes",
        "@geometry": "center"
      },
      "geometry": {
        "type": "Point",
        "coordinates": [
          -80.998295,
          35.4455545
        ]
      },
      "id": "way/683725544"
    },
    {
      "type": "Feature",
      "properties": {
        "@id": "way/684634570",
        "addr:city": "Roebuck",
        "addr:housenumber": "6163",
        "addr:postcode": "29376",
        "addr:state": "SC",
        "addr:street": "Highway 221",
        "amenity": "fast_food",
        "brand": "Bojangles'",
        "brand:wikidata": "Q891163",
        "building": "yes",
        "cuisine": "chicken",
        "drive_through": "yes",
        "name": "Bojangles'",
        "official_name": "Bojangles' Famous Chicken 'n Biscuits",
        "phone": "+1 864-574-9563",
        "takeaway": "yes",
        "website": "https://locations.bojangles.com/sc/roebuck/6163-hwy-221.html",
        "@geometry": "center"
      },
      "geometry": {
        "type": "Point",
        "coordinates": [
          -81.9680618,
          34.84238
        ]
      },
      "id": "way/684634570"
    },
    {
      "type": "Feature",
      "properties": {
        "@id": "way/685072651",
        "addr:city": "Myrtle Beach",
        "addr:housenumber": "104",
        "addr:postcode": "29588",
        "addr:state": "SC",
        "addr:street": "Loyola Drive",
        "amenity": "fast_food",
        "brand": "Bojangles'",
        "brand:wikidata": "Q891163",
        "building": "yes",
        "cuisine": "chicken",
        "drive_through": "yes",
        "name": "Bojangles'",
        "official_name": "Bojangles' Famous Chicken 'n Biscuits",
        "opening_hours": "Mo-Su 06:00-21:00",
        "phone": "+1 843-650-8880",
        "takeaway": "yes",
        "website": "https://locations.bojangles.com/sc/myrtle-beach/104-loyola-drive.html",
        "@geometry": "center"
      },
      "geometry": {
        "type": "Point",
        "coordinates": [
          -78.989584,
          33.6408145
        ]
      },
      "id": "way/685072651"
    },
    {
      "type": "Feature",
      "properties": {
        "@id": "way/685130768",
        "addr:city": "King",
        "addr:housenumber": "710",
        "addr:postcode": "27021",
        "addr:state": "NC",
        "addr:street": "South Main Street",
        "amenity": "fast_food",
        "brand": "Bojangles'",
        "brand:wikidata": "Q891163",
        "building": "yes",
        "cuisine": "chicken",
        "drive_through": "yes",
        "name": "Bojangles'",
        "official_name": "Bojangles' Famous Chicken 'n Biscuits",
        "phone": "+1 336-983-2174",
        "takeaway": "yes",
        "website": "https://locations.bojangles.com/nc/king/710-south-main-st.html",
        "@geometry": "center"
      },
      "geometry": {
        "type": "Point",
        "coordinates": [
          -80.3634539,
          36.2629564
        ]
      },
      "id": "way/685130768"
    },
    {
      "type": "Feature",
      "properties": {
        "@id": "way/689026866",
        "addr:city": "Lexington",
        "addr:housenumber": "94",
        "addr:postcode": "27295",
        "addr:state": "NC",
        "addr:street": "US 64",
        "amenity": "fast_food",
        "brand": "Bojangles'",
        "brand:wikidata": "Q891163",
        "building": "yes",
        "cuisine": "chicken",
        "drive_through": "yes",
        "name": "Bojangles'",
        "official_name": "Bojangles' Famous Chicken 'n Biscuits",
        "phone": "+1 336-300-7573",
        "takeaway": "yes",
        "website": "https://locations.bojangles.com/nc/lexington/94-highway-64-west.html",
        "@geometry": "center"
      },
      "geometry": {
        "type": "Point",
        "coordinates": [
          -80.2771854,
          35.8339872
        ]
      },
      "id": "way/689026866"
    },
    {
      "type": "Feature",
      "properties": {
        "@id": "way/689530243",
        "addr:city": "Fort Oglethorpe",
        "addr:country": "US",
        "addr:housenumber": "2051",
        "addr:state": "GA",
        "addr:street": "Battlefield Parkway",
        "amenity": "fast_food",
        "brand": "Bojangles'",
        "brand:wikidata": "Q891163",
        "brand:wikipedia": "en:Bojangles (restaurant)",
        "building": "yes",
        "cuisine": "chicken",
        "name": "Bojangles'",
        "official_name": "Bojangles' Famous Chicken 'n Biscuits",
        "takeaway": "yes",
        "@geometry": "center"
      },
      "geometry": {
        "type": "Point",
        "coordinates": [
          -85.2303807,
          34.9468441
        ]
      },
      "id": "way/689530243"
    },
    {
      "type": "Feature",
      "properties": {
        "@id": "way/690556416",
        "addr:city": "Cornelia",
        "addr:housenumber": "491",
        "addr:postcode": "30531",
        "addr:state": "GA",
        "addr:street": "Historic Highway 441",
        "amenity": "fast_food",
        "brand": "Bojangles'",
        "brand:wikidata": "Q891163",
        "building": "yes",
        "cuisine": "chicken",
        "drive_through": "yes",
        "name": "Bojangles'",
        "official_name": "Bojangles' Famous Chicken 'n Biscuits",
        "phone": "+1 706-776-9222",
        "takeaway": "yes",
        "website": "https://locations.bojangles.com/ga/cornelia/491-historic-hwy-441.html",
        "@geometry": "center"
      },
      "geometry": {
        "type": "Point",
        "coordinates": [
          -83.5443603,
          34.5425853
        ]
      },
      "id": "way/690556416"
    },
    {
      "type": "Feature",
      "properties": {
        "@id": "way/690895635",
        "addr:city": "Quinton",
        "addr:housenumber": "2390",
        "addr:postcode": "23141",
        "addr:state": "VA",
        "addr:street": "Pocahontas Trail",
        "amenity": "fast_food",
        "brand": "Bojangles'",
        "brand:wikidata": "Q891163",
        "building": "commercial",
        "check_date": "2026-01-04",
        "check_date:opening_hours": "2026-01-04",
        "cuisine": "chicken",
        "drive_through": "yes",
        "name": "Bojangles'",
        "official_name": "Bojangles' Famous Chicken 'n Biscuits",
        "opening_hours": "05:30-22:00",
        "opening_hours:signed": "yes",
        "outdoor_seating": "yes",
        "phone": "+1 804-932-4206",
        "source:opening_hours": "entrance;website",
        "takeaway": "yes",
        "website": "https://locations.bojangles.com/va/quinton/2390-pocahontas-trail.html",
        "@geometry": "center"
      },
      "geometry": {
        "type": "Point",
        "coordinates": [
          -77.1899836,
          37.5097952
        ]
      },
      "id": "way/690895635"
    },
    {
      "type": "Feature",
      "properties": {
        "@id": "way/693165039",
        "addr:city": "Boone",
        "addr:housenumber": "1064",
        "addr:postcode": "28607",
        "addr:state": "NC",
        "addr:street": "Blowing Rock Road",
        "amenity": "fast_food",
        "brand": "Bojangles'",
        "brand:wikidata": "Q891163",
        "building": "yes",
        "cuisine": "chicken",
        "drive_through": "yes",
        "name": "Bojangles'",
        "official_name": "Bojangles' Famous Chicken 'n Biscuits",
        "opening_hours": "Mo-Sa 05:00-22:00; Su 06:00-22:00",
        "phone": "+1 828-262-1849",
        "takeaway": "yes",
        "website": "https://locations.bojangles.com/nc/boone/1064-blowing-rock.html",
        "@geometry": "center"
      },
      "geometry": {
        "type": "Point",
        "coordinates": [
          -81.6689549,
          36.2047449
        ]
      },
      "id": "way/693165039"
    },
    {
      "type": "Feature",
      "properties": {
        "@id": "way/693848719",
        "addr:city": "Charlottesville",
        "addr:county": "Albemarle County",
        "addr:housenumber": "3370",
        "addr:postcode": "22911",
        "addr:state": "VA",
        "addr:street": "Seminole Trail",
        "amenity": "fast_food",
        "brand": "Bojangles'",
        "brand:wikidata": "Q891163",
        "building": "yes",
        "cuisine": "chicken",
        "drive_through": "yes",
        "name": "Bojangles'",
        "official_name": "Bojangles' Famous Chicken 'n Biscuits",
        "phone": "+1 434-284-5862",
        "source": "esri_Virginia;survey",
        "start_date": "May 25, 2017",
        "takeaway": "yes",
        "website": "https://locations.bojangles.com/va/charlottesville/3370-seminole-trail.html",
        "@geometry": "center"
      },
      "geometry": {
        "type": "Point",
        "coordinates": [
          -78.4392002,
          38.1294627
        ]
      },
      "id": "way/693848719"
    },
    {
      "type": "Feature",
      "properties": {
        "@id": "way/693883366",
        "addr:city": "Portsmouth",
        "addr:housenumber": "3927",
        "addr:postcode": "23701",
        "addr:state": "VA",
        "addr:street": "Victory Boulevard",
        "amenity": "fast_food",
        "brand": "Bojangles'",
        "brand:wikidata": "Q891163",
        "building": "retail",
        "cuisine": "chicken",
        "drive_through": "yes",
        "name": "Bojangles'",
        "official_name": "Bojangles' Famous Chicken 'n Biscuits",
        "phone": "+1 757-488-2373",
        "source": "Virginia Geographic Information Network Open Data",
        "takeaway": "yes",
        "website": "https://locations.bojangles.com/va/portsmouth/3927-victory-blvd.html",
        "@geometry": "center"
      },
      "geometry": {
        "type": "Point",
        "coordinates": [
          -76.358496,
          36.8094625
        ]
      },
      "id": "way/693883366"
    },
    {
      "type": "Feature",
      "properties": {
        "@id": "way/694161010",
        "addr:city": "Loganville",
        "addr:housenumber": "4092",
        "addr:postcode": "30052",
        "addr:state": "GA",
        "addr:street": "Athens Highway",
        "amenity": "fast_food",
        "brand": "Bojangles'",
        "brand:wikidata": "Q891163",
        "building": "yes",
        "cuisine": "chicken",
        "drive_through": "yes",
        "name": "Bojangles'",
        "official_name": "Bojangles' Famous Chicken 'n Biscuits",
        "opening_hours": "Mo-Fr 05:30-22:00; Sa-Su 06:00-22:00",
        "phone": "+1-678-639-0017",
        "takeaway": "yes",
        "website": "https://locations.bojangles.com/ga/loganville/4092-atlanta-hwy.html",
        "@geometry": "center"
      },
      "geometry": {
        "type": "Point",
        "coordinates": [
          -83.9101852,
          33.8458661
        ]
      },
      "id": "way/694161010"
    },
    {
      "type": "Feature",
      "properties": {
        "@id": "way/695529710",
        "addr:city": "Charlotte",
        "addr:housenumber": "2929",
        "addr:postcode": "28208",
        "addr:state": "NC",
        "addr:street": "Freedom Drive",
        "amenity": "fast_food",
        "brand": "Bojangles'",
        "brand:wikidata": "Q891163",
        "building": "yes",
        "cuisine": "chicken",
        "drive_through": "yes",
        "name": "Bojangles'",
        "official_name": "Bojangles' Famous Chicken 'n Biscuits",
        "phone": "+1 704-394-3655",
        "takeaway": "yes",
        "website": "https://locations.bojangles.com/nc/charlotte/2929-freedom-drive.html",
        "@geometry": "center"
      },
      "geometry": {
        "type": "Point",
        "coordinates": [
          -80.8870815,
          35.240374
        ]
      },
      "id": "way/695529710"
    },
    {
      "type": "Feature",
      "properties": {
        "@id": "way/695695387",
        "amenity": "fast_food",
        "brand": "Bojangles'",
        "brand:wikidata": "Q891163",
        "building": "yes",
        "cuisine": "chicken",
        "name": "Bojangles'",
        "official_name": "Bojangles' Famous Chicken 'n Biscuits",
        "takeaway": "yes",
        "@geometry": "center"
      },
      "geometry": {
        "type": "Point",
        "coordinates": [
          -80.6174837,
          35.3951686
        ]
      },
      "id": "way/695695387"
    },
    {
      "type": "Feature",
      "properties": {
        "@id": "way/700202414",
        "addr:city": "Lexington",
        "addr:housenumber": "5165",
        "addr:postcode": "29072",
        "addr:state": "SC",
        "addr:street": "Sunset Boulevard",
        "amenity": "fast_food",
        "brand": "Bojangles'",
        "brand:wikidata": "Q891163",
        "building": "yes",
        "cuisine": "chicken",
        "drive_through": "yes",
        "name": "Bojangles'",
        "official_name": "Bojangles' Famous Chicken 'n Biscuits",
        "phone": "+1 803-957-2466",
        "takeaway": "yes",
        "website": "https://locations.bojangles.com/sc/lexington/5165-sunset-blvd.html",
        "@geometry": "center"
      },
      "geometry": {
        "type": "Point",
        "coordinates": [
          -81.1994567,
          34.0056351
        ]
      },
      "id": "way/700202414"
    },
    {
      "type": "Feature",
      "properties": {
        "@id": "way/702023167",
        "addr:city": "Williamston",
        "addr:country": "US",
        "addr:housenumber": "401",
        "addr:postcode": "27892",
        "addr:state": "NC",
        "addr:street": "East Boulevard",
        "amenity": "fast_food",
        "brand": "Bojangles'",
        "brand:wikidata": "Q891163",
        "building": "retail",
        "building:levels": "1",
        "check_date": "2024-01-28",
        "cuisine": "chicken",
        "drive_through": "yes",
        "name": "Bojangles'",
        "official_name": "Bojangles' Famous Chicken 'n Biscuits",
        "opening_hours": "Su-Th 05:30-22:00; Fr-Sa 05:30-23:00",
        "phone": "+1 252 792 7444",
        "takeaway": "yes",
        "website": "https://locations.bojangles.com/nc/williamston/401-east-boulevard.html",
        "@geometry": "center"
      },
      "geometry": {
        "type": "Point",
        "coordinates": [
          -77.0547692,
          35.8435611
        ]
      },
      "id": "way/702023167"
    },
    {
      "type": "Feature",
      "properties": {
        "@id": "way/702352594",
        "addr:city": "Ooltewah",
        "addr:housenumber": "9225",
        "addr:postcode": "37363",
        "addr:state": "TN",
        "addr:street": "Lee Highway",
        "amenity": "fast_food",
        "brand": "Bojangles'",
        "brand:wikidata": "Q891163",
        "building": "yes",
        "cuisine": "chicken",
        "drive_through": "yes",
        "name": "Bojangles'",
        "official_name": "Bojangles' Famous Chicken 'n Biscuits",
        "phone": "+1 423-238-5933",
        "takeaway": "yes",
        "website": "https://locations.bojangles.com/tn/ooltewah/9225-lee-highway.html",
        "@geometry": "center"
      },
      "geometry": {
        "type": "Point",
        "coordinates": [
          -85.0603803,
          35.0839985
        ]
      },
      "id": "way/702352594"
    },
    {
      "type": "Feature",
      "properties": {
        "@id": "way/704376618",
        "addr:city": "Piedmont",
        "addr:housenumber": "2095",
        "addr:postcode": "29673",
        "addr:state": "SC",
        "addr:street": "Highway 86",
        "amenity": "fast_food",
        "brand": "Bojangles'",
        "brand:wikidata": "Q891163",
        "building": "yes",
        "cuisine": "chicken",
        "drive_through": "yes",
        "name": "Bojangles'",
        "official_name": "Bojangles' Famous Chicken 'n Biscuits",
        "phone": "+1 864-845-7494",
        "takeaway": "yes",
        "website": "https://locations.bojangles.com/sc/piedmont/2095-south-carolina-hwy-86.html",
        "@geometry": "center"
      },
      "geometry": {
        "type": "Point",
        "coordinates": [
          -82.5026283,
          34.7094954
        ]
      },
      "id": "way/704376618"
    },
    {
      "type": "Feature",
      "properties": {
        "@id": "way/705557926",
        "addr:city": "Mechanicsville",
        "addr:housenumber": "9330",
        "addr:postcode": "23116",
        "addr:state": "VA",
        "addr:street": "Atlee Road",
        "amenity": "fast_food",
        "brand": "Bojangles'",
        "brand:wikidata": "Q891163",
        "building": "yes",
        "cuisine": "chicken",
        "drive_through": "yes",
        "name": "Bojangles'",
        "official_name": "Bojangles' Famous Chicken 'n Biscuits",
        "phone": "+1 804-730-1166",
        "takeaway": "yes",
        "website": "https://locations.bojangles.com/va/mechanicsville/9330-atlee-road.html",
        "@geometry": "center"
      },
      "geometry": {
        "type": "Point",
        "coordinates": [
          -77.399731,
          37.6526491
        ]
      },
      "id": "way/705557926"
    },
    {
      "type": "Feature",
      "properties": {
        "@id": "way/707480052",
        "addr:city": "Covington",
        "addr:housenumber": "5156",
        "addr:postcode": "30014",
        "addr:state": "GA",
        "addr:street": "Highway 278 Northwest",
        "amenity": "fast_food",
        "brand": "Bojangles'",
        "brand:wikidata": "Q891163",
        "building": "commercial",
        "cuisine": "chicken",
        "delivery": "yes",
        "drive_through": "yes",
        "name": "Bojangles'",
        "official_name": "Bojangles' Famous Chicken 'n Biscuits",
        "opening_hours": "Mo-Fr 05:00-22:00; Sa-Su 06:00-22:00",
        "phone": "+1-678-625-7102",
        "takeaway": "yes",
        "website": "https://locations.bojangles.com/ga/covington/5156-hwy--278.html",
        "@geometry": "center"
      },
      "geometry": {
        "type": "Point",
        "coordinates": [
          -83.8711723,
          33.6053203
        ]
      },
      "id": "way/707480052"
    },
    {
      "type": "Feature",
      "properties": {
        "@id": "way/708731127",
        "addr:city": "Richmond",
        "addr:housenumber": "11",
        "addr:postcode": "23223",
        "addr:state": "VA",
        "addr:street": "South Laburnum Avenue",
        "amenity": "fast_food",
        "brand": "Bojangles'",
        "brand:wikidata": "Q891163",
        "building": "yes",
        "cuisine": "chicken",
        "drive_through": "yes",
        "name": "Bojangles'",
        "official_name": "Bojangles' Famous Chicken 'n Biscuits",
        "phone": "+1 804-222-0883",
        "takeaway": "yes",
        "website": "https://locations.bojangles.com/va/richmond/11-s--laburnum-ave.html",
        "@geometry": "center"
      },
      "geometry": {
        "type": "Point",
        "coordinates": [
          -77.3691983,
          37.5441376
        ]
      },
      "id": "way/708731127"
    },
    {
      "type": "Feature",
      "properties": {
        "@id": "way/711567066",
        "addr:city": "Monroe",
        "addr:housenumber": "1104",
        "addr:postcode": "30656",
        "addr:state": "GA",
        "addr:street": "North Broad Street",
        "amenity": "fast_food",
        "brand": "Bojangles'",
        "brand:wikidata": "Q891163",
        "building": "yes",
        "cuisine": "chicken",
        "drive_through": "yes",
        "name": "Bojangles'",
        "official_name": "Bojangles' Famous Chicken 'n Biscuits",
        "phone": "+1 678-635-3355",
        "takeaway": "yes",
        "website": "https://locations.bojangles.com/ga/monroe/1104-north-broad-street.html",
        "@geometry": "center"
      },
      "geometry": {
        "type": "Point",
        "coordinates": [
          -83.7291335,
          33.8166316
        ]
      },
      "id": "way/711567066"
    },
    {
      "type": "Feature",
      "properties": {
        "@id": "way/713758687",
        "addr:city": "Fayetteville",
        "addr:housenumber": "1945",
        "addr:postcode": "28312",
        "addr:state": "NC",
        "addr:street": "Cedar Creek Road",
        "amenity": "fast_food",
        "brand": "Bojangles'",
        "brand:wikidata": "Q891163",
        "building": "yes",
        "cuisine": "chicken",
        "drive_through": "yes",
        "name": "Bojangles'",
        "official_name": "Bojangles' Famous Chicken 'n Biscuits",
        "phone": "+1 910-491-7988",
        "takeaway": "yes",
        "website": "https://locations.bojangles.com/nc/fayetteville/1945-cedar-creek-rd.html",
        "@geometry": "center"
      },
      "geometry": {
        "type": "Point",
        "coordinates": [
          -78.8248694,
          35.0086593
        ]
      },
      "id": "way/713758687"
    },
    {
      "type": "Feature",
      "properties": {
        "@id": "way/719070741",
        "addr:city": "Midlothian",
        "addr:housenumber": "10845",
        "addr:postcode": "23112",
        "addr:state": "VA",
        "addr:street": "Hull Street Road",
        "amenity": "fast_food",
        "brand": "Bojangles'",
        "brand:wikidata": "Q891163",
        "building": "yes",
        "cuisine": "chicken",
        "drive_through": "yes",
        "name": "Bojangles'",
        "official_name": "Bojangles' Famous Chicken 'n Biscuits",
        "phone": "+1 804-716-1776",
        "takeaway": "yes",
        "website": "https://locations.bojangles.com/va/midlothian/10845-hull-street-road.html",
        "@geometry": "center"
      },
      "geometry": {
        "type": "Point",
        "coordinates": [
          -77.5974808,
          37.4377576
        ]
      },
      "id": "way/719070741"
    },
    {
      "type": "Feature",
      "properties": {
        "@id": "way/719608824",
        "addr:city": "Richmond",
        "addr:housenumber": "7413",
        "addr:postcode": "23225",
        "addr:state": "VA",
        "addr:street": "Midlothian Turnpike",
        "amenity": "fast_food",
        "brand": "Bojangles'",
        "brand:wikidata": "Q891163",
        "building": "yes",
        "cuisine": "chicken",
        "drive_through": "yes",
        "name": "Bojangles'",
        "official_name": "Bojangles' Famous Chicken 'n Biscuits",
        "phone": "+1 804-525-4878",
        "takeaway": "yes",
        "website": "https://locations.bojangles.com/va/richmond/7413-midlothian-turnpike.html",
        "@geometry": "center"
      },
      "geometry": {
        "type": "Point",
        "coordinates": [
          -77.5334844,
          37.4992716
        ]
      },
      "id": "way/719608824"
    },
    {
      "type": "Feature",
      "properties": {
        "@id": "way/720462375",
        "amenity": "fast_food",
        "brand": "Bojangles'",
        "brand:wikidata": "Q891163",
        "building": "yes",
        "cuisine": "chicken",
        "drive_through": "yes",
        "name": "Bojangles'",
        "official_name": "Bojangles' Famous Chicken 'n Biscuits",
        "takeaway": "yes",
        "@geometry": "center"
      },
      "geometry": {
        "type": "Point",
        "coordinates": [
          -81.1126205,
          32.0290299
        ]
      },
      "id": "way/720462375"
    },
    {
      "type": "Feature",
      "properties": {
        "@id": "way/720506673",
        "addr:city": "Chester",
        "addr:housenumber": "12121",
        "addr:postcode": "23831",
        "addr:state": "VA",
        "addr:street": "Bermuda Crossroad Lane",
        "amenity": "fast_food",
        "brand": "Bojangles'",
        "brand:wikidata": "Q891163",
        "building": "yes",
        "cuisine": "chicken",
        "drive_through": "yes",
        "name": "Bojangles'",
        "official_name": "Bojangles' Famous Chicken 'n Biscuits",
        "phone": "+1 804-748-5044",
        "takeaway": "yes",
        "website": "https://locations.bojangles.com/va/chester/12121-bermuda-crossroad-ln.html",
        "@geometry": "center"
      },
      "geometry": {
        "type": "Point",
        "coordinates": [
          -77.4162156,
          37.3607303
        ]
      },
      "id": "way/720506673"
    },
    {
      "type": "Feature",
      "properties": {
        "@id": "way/720517562",
        "addr:city": "North Chesterfield",
        "addr:housenumber": "2600",
        "addr:postcode": "23237",
        "addr:state": "VA",
        "addr:street": "Bensley Commons Boulevard",
        "amenity": "fast_food",
        "brand": "Bojangles'",
        "brand:wikidata": "Q891163",
        "building": "yes",
        "cuisine": "chicken",
        "drive_through": "yes",
        "name": "Bojangles'",
        "official_name": "Bojangles' Famous Chicken 'n Biscuits",
        "phone": "+1 804-271-0107",
        "takeaway": "yes",
        "website": "https://locations.bojangles.com/va/north-chesterfield/2600-bensley-commons-blvd.html",
        "@geometry": "center"
      },
      "geometry": {
        "type": "Point",
        "coordinates": [
          -77.4392409,
          37.4248678
        ]
      },
      "id": "way/720517562"
    },
    {
      "type": "Feature",
      "properties": {
        "@id": "way/722749108",
        "addr:city": "Ashland",
        "addr:housenumber": "11635",
        "addr:postcode": "23005",
        "addr:state": "VA",
        "addr:street": "Lakeridge Parkway",
        "amenity": "fast_food",
        "brand": "Bojangles'",
        "brand:wikidata": "Q891163",
        "building": "yes",
        "cuisine": "chicken",
        "drive_through": "yes",
        "name": "Bojangles'",
        "official_name": "Bojangles' Famous Chicken 'n Biscuits",
        "phone": "+1 804-368-0872",
        "takeaway": "yes",
        "website": "https://locations.bojangles.com/va/ashland/11635-lakeridge-pkwy.html",
        "@geometry": "center"
      },
      "geometry": {
        "type": "Point",
        "coordinates": [
          -77.4520504,
          37.7175097
        ]
      },
      "id": "way/722749108"
    },
    {
      "type": "Feature",
      "properties": {
        "@id": "node/723232106",
        "addr:city": "Huntsville",
        "addr:housenumber": "11375",
        "addr:postcode": "35803",
        "addr:state": "AL",
        "addr:street": "South Memorial Parkway",
        "amenity": "fast_food",
        "brand": "Bojangles'",
        "brand:wikidata": "Q891163",
        "cuisine": "chicken",
        "drive_through": "yes",
        "ele": "173.1",
        "name": "Bojangles'",
        "official_name": "Bojangles' Famous Chicken 'n Biscuits",
        "phone": "+1 256-881-6469",
        "takeaway": "yes",
        "website": "https://locations.bojangles.com/al/huntsville/11375-south-memorial-pkwy.html"
      },
      "geometry": {
        "type": "Point",
        "coordinates": [
          -86.566242,
          34.6313706
        ]
      },
      "id": "node/723232106"
    },
    {
      "type": "Feature",
      "properties": {
        "@id": "way/723898343",
        "addr:city": "Gaffney",
        "addr:housenumber": "940",
        "addr:postcode": "29341",
        "addr:state": "SC",
        "addr:street": "Hyatt Street",
        "amenity": "fast_food",
        "brand": "Bojangles'",
        "brand:wikidata": "Q891163",
        "building": "yes",
        "cuisine": "chicken",
        "drive_through": "yes",
        "name": "Bojangles'",
        "official_name": "Bojangles' Famous Chicken 'n Biscuits",
        "phone": "+1 864-488-4337",
        "takeaway": "yes",
        "website": "https://locations.bojangles.com/sc/gaffney/940-hyatt-street.html",
        "@geometry": "center"
      },
      "geometry": {
        "type": "Point",
        "coordinates": [
          -81.7036092,
          35.0806251
        ]
      },
      "id": "way/723898343"
    },
    {
      "type": "Feature",
      "properties": {
        "@id": "way/727875329",
        "addr:city": "Aberdeen",
        "addr:housenumber": "1897",
        "addr:postcode": "28315",
        "addr:state": "NC",
        "addr:street": "Sandhill Boulevard",
        "amenity": "fast_food",
        "brand": "Bojangles'",
        "brand:wikidata": "Q891163",
        "building": "yes",
        "cuisine": "chicken",
        "drive_through": "yes",
        "name": "Bojangles'",
        "official_name": "Bojangles' Famous Chicken 'n Biscuits",
        "phone": "+1 910-692-5050",
        "takeaway": "yes",
        "website": "https://locations.bojangles.com/nc/aberdeen/1897-sandhill-blvd.html",
        "@geometry": "center"
      },
      "geometry": {
        "type": "Point",
        "coordinates": [
          -79.4151255,
          35.1555555
        ]
      },
      "id": "way/727875329"
    },
    {
      "type": "Feature",
      "properties": {
        "@id": "way/728864608",
        "addr:city": "Newnan",
        "addr:housenumber": "2800",
        "addr:postcode": "30265",
        "addr:state": "GA",
        "addr:street": "Highway 34 East",
        "amenity": "fast_food",
        "brand": "Bojangles'",
        "brand:wikidata": "Q891163",
        "building": "yes",
        "cuisine": "chicken",
        "drive_through": "yes",
        "name": "Bojangles'",
        "official_name": "Bojangles' Famous Chicken 'n Biscuits",
        "phone": "+1 678-633-6200",
        "takeaway": "yes",
        "website": "https://locations.bojangles.com/ga/newnan/2800-hwy-34-east.html",
        "@geometry": "center"
      },
      "geometry": {
        "type": "Point",
        "coordinates": [
          -84.6904873,
          33.4089583
        ]
      },
      "id": "way/728864608"
    },
    {
      "type": "Feature",
      "properties": {
        "@id": "way/731980313",
        "addr:city": "Rome",
        "addr:housenumber": "2915",
        "addr:postcode": "30165",
        "addr:state": "GA",
        "addr:street": "Martha Berry Highway",
        "amenity": "fast_food",
        "brand": "Bojangles'",
        "brand:wikidata": "Q891163",
        "building": "yes",
        "cuisine": "chicken",
        "drive_through": "yes",
        "name": "Bojangles'",
        "official_name": "Bojangles' Famous Chicken 'n Biscuits",
        "phone": "+1 706-238-9111",
        "takeaway": "yes",
        "website": "https://locations.bojangles.com/ga/rome/2915-martha-berry.html",
        "@geometry": "center"
      },
      "geometry": {
        "type": "Point",
        "coordinates": [
          -85.1745279,
          34.3060547
        ]
      },
      "id": "way/731980313"
    },
    {
      "type": "Feature",
      "properties": {
        "@id": "way/732800476",
        "addr:city": "Salisbury",
        "addr:housenumber": "1939",
        "addr:postcode": "28417",
        "addr:state": "NC",
        "addr:street": "Jake Alexander Boulevard West",
        "amenity": "fast_food",
        "brand": "Bojangles'",
        "brand:wikidata": "Q891163",
        "building": "yes",
        "cuisine": "chicken",
        "drive_through": "yes",
        "name": "Bojangles'",
        "official_name": "Bojangles' Famous Chicken 'n Biscuits",
        "phone": "+1 704-633-7268",
        "takeaway": "yes",
        "website": "https://locations.bojangles.com/nc/salisbury/1939-w-jake-alexander-blvd.html",
        "@geometry": "center"
      },
      "geometry": {
        "type": "Point",
        "coordinates": [
          -80.5127047,
          35.691994
        ]
      },
      "id": "way/732800476"
    },
    {
      "type": "Feature",
      "properties": {
        "@id": "way/734738323",
        "addr:city": "Rome",
        "addr:housenumber": "708",
        "addr:postcode": "30161",
        "addr:state": "GA",
        "addr:street": "Martha Berry Boulevard",
        "amenity": "fast_food",
        "brand": "Bojangles'",
        "brand:wikidata": "Q891163",
        "building": "yes",
        "cuisine": "chicken",
        "drive_through": "yes",
        "name": "Bojangles'",
        "official_name": "Bojangles' Famous Chicken 'n Biscuits",
        "phone": "+1 706-295-2442",
        "takeaway": "yes",
        "website": "https://locations.bojangles.com/ga/rome/708-martha-berry-blvd.html",
        "@geometry": "center"
      },
      "geometry": {
        "type": "Point",
        "coordinates": [
          -85.1802257,
          34.2611231
        ]
      },
      "id": "way/734738323"
    },
    {
      "type": "Feature",
      "properties": {
        "@id": "way/737402706",
        "addr:city": "Winchester",
        "addr:housenumber": "130",
        "addr:postcode": "22603",
        "addr:state": "VA",
        "addr:street": "Crock Wells Mill Drive",
        "amenity": "fast_food",
        "brand": "Bojangles'",
        "brand:wikidata": "Q891163",
        "building": "yes",
        "cuisine": "chicken",
        "drive_through": "yes",
        "name": "Bojangles'",
        "official_name": "Bojangles' Famous Chicken 'n Biscuits",
        "phone": "+1 540-450-8708",
        "takeaway": "yes",
        "website": "https://locations.bojangles.com/va/winchester/130-crock-wells-mill-road.html",
        "@geometry": "center"
      },
      "geometry": {
        "type": "Point",
        "coordinates": [
          -78.2080239,
          39.1921361
        ]
      },
      "id": "way/737402706"
    },
    {
      "type": "Feature",
      "properties": {
        "@id": "way/747183866",
        "addr:city": "Onley",
        "addr:housenumber": "26206",
        "addr:postcode": "23418",
        "addr:state": "VA",
        "addr:street": "Lankford Highway",
        "amenity": "fast_food",
        "brand": "Bojangles'",
        "brand:wikidata": "Q891163",
        "building": "yes",
        "cuisine": "chicken",
        "drive_through": "yes",
        "name": "Bojangles'",
        "official_name": "Bojangles' Famous Chicken 'n Biscuits",
        "opening_hours": "Mo-Sa 06:00-21:00; Su 09:00-21:00",
        "phone": "+1 757-789-3300",
        "takeaway": "yes",
        "website": "https://locations.bojangles.com/va/onley/26206-lankford-hwy.html",
        "@geometry": "center"
      },
      "geometry": {
        "type": "Point",
        "coordinates": [
          -75.7236561,
          37.6822935
        ]
      },
      "id": "way/747183866"
    },
    {
      "type": "Feature",
      "properties": {
        "@id": "way/749818858",
        "addr:city": "Pickens",
        "addr:housenumber": "605",
        "addr:postcode": "29671",
        "addr:state": "SC",
        "addr:street": "Ann Street",
        "amenity": "fast_food",
        "brand": "Bojangles'",
        "brand:wikidata": "Q891163",
        "building": "yes",
        "cuisine": "chicken",
        "drive_through": "yes",
        "name": "Bojangles'",
        "official_name": "Bojangles' Famous Chicken 'n Biscuits",
        "phone": "+1 864-878-4311",
        "takeaway": "yes",
        "website": "https://locations.bojangles.com/sc/pickens/605-ann-street.html",
        "@geometry": "center"
      },
      "geometry": {
        "type": "Point",
        "coordinates": [
          -82.7107082,
          34.8952251
        ]
      },
      "id": "way/749818858"
    },
    {
      "type": "Feature",
      "properties": {
        "@id": "way/751683123",
        "addr:city": "Benson",
        "addr:housenumber": "12355",
        "addr:postcode": "27504",
        "addr:state": "NC",
        "addr:street": "NC-210",
        "amenity": "fast_food",
        "brand": "Bojangles'",
        "brand:wikidata": "Q891163",
        "building": "yes",
        "cuisine": "chicken",
        "drive_through": "yes",
        "name": "Bojangles'",
        "official_name": "Bojangles' Famous Chicken 'n Biscuits",
        "phone": "+1 919-209-0322",
        "takeaway": "yes",
        "website": "https://locations.bojangles.com/nc/benson/12355-nc-hwy-210.html",
        "@geometry": "center"
      },
      "geometry": {
        "type": "Point",
        "coordinates": [
          -78.5625409,
          35.5160751
        ]
      },
      "id": "way/751683123"
    },
    {
      "type": "Feature",
      "properties": {
        "@id": "way/754475217",
        "addr:city": "Newberry",
        "addr:housenumber": "2980",
        "addr:postcode": "29108",
        "addr:state": "SC",
        "addr:street": "Main Street",
        "amenity": "fast_food",
        "brand": "Bojangles'",
        "brand:wikidata": "Q891163",
        "building": "yes",
        "cuisine": "chicken",
        "drive_through": "yes",
        "name": "Bojangles'",
        "official_name": "Bojangles' Famous Chicken 'n Biscuits",
        "phone": "+1 803-321-0110",
        "takeaway": "yes",
        "website": "https://locations.bojangles.com/sc/newberry/2980-main-street.html",
        "@geometry": "center"
      },
      "geometry": {
        "type": "Point",
        "coordinates": [
          -81.5915785,
          34.282149
        ]
      },
      "id": "way/754475217"
    },
    {
      "type": "Feature",
      "properties": {
        "@id": "way/755270213",
        "addr:city": "Kennesaw",
        "addr:housenumber": "4071",
        "addr:postcode": "30144",
        "addr:state": "GA",
        "addr:street": "Cherokee Street Northwest",
        "amenity": "fast_food",
        "brand": "Bojangles'",
        "brand:wikidata": "Q891163",
        "building": "yes",
        "check_date": "2024-05-12",
        "cuisine": "chicken",
        "drive_through": "yes",
        "name": "Bojangles",
        "official_name": "Bojangles' Famous Chicken 'n Biscuits",
        "opening_hours": "Mo-Sa 05:30-22:00; Su 06:00-22:00",
        "payment:cash": "yes",
        "payment:credit_cards": "yes",
        "payment:debit_cards": "yes",
        "phone": "+1 678-401-6168",
        "takeaway": "yes",
        "website": "https://locations.bojangles.com/ga/kennesaw/4071-cherokee-street.html",
        "wheelchair": "yes",
        "@geometry": "center"
      },
      "geometry": {
        "type": "Point",
        "coordinates": [
          -84.59674,
          34.050544
        ]
      },
      "id": "way/755270213"
    },
    {
      "type": "Feature",
      "properties": {
        "@id": "way/758811469",
        "addr:city": "Enterprise",
        "addr:country": "US",
        "addr:housenumber": "901",
        "addr:postcode": "36330",
        "addr:state": "AL",
        "addr:street": "East Lee Street",
        "amenity": "fast_food",
        "branch": "Enterprise",
        "brand": "Bojangles'",
        "brand:wikidata": "Q891163",
        "building": "yes",
        "contact:facebook": "https://www.facebook.com/Bojangles/",
        "contact:twitter": "Bojangles",
        "cuisine": "chicken",
        "drive_through": "yes",
        "name": "Bojangles'",
        "official_name": "Bojangles' Famous Chicken 'n Biscuits",
        "opening_hours": "Mo-Sa 05:00-22:00; Su 06:00-22:00",
        "phone": "+1 334-475-3206",
        "takeaway": "yes",
        "website": "https://locations.bojangles.com/al/enterprise/901-east-lee-street-1119.html",
        "@geometry": "center"
      },
      "geometry": {
        "type": "Point",
        "coordinates": [
          -85.8386774,
          31.3301644
        ]
      },
      "id": "way/758811469"
    },
    {
      "type": "Feature",
      "properties": {
        "@id": "way/760571923",
        "addr:city": "Forest City",
        "addr:housenumber": "127",
        "addr:postcode": "28043",
        "addr:state": "NC",
        "addr:street": "Sparks Crossing",
        "amenity": "fast_food",
        "brand": "Bojangles'",
        "brand:wikidata": "Q891163",
        "building": "yes",
        "cuisine": "chicken",
        "drive_through": "yes",
        "name": "Bojangles'",
        "official_name": "Bojangles' Famous Chicken 'n Biscuits",
        "phone": "+1 828-287-0032",
        "takeaway": "yes",
        "website": "https://locations.bojangles.com/nc/forest-city/127-sparks-crossing.html",
        "@geometry": "center"
      },
      "geometry": {
        "type": "Point",
        "coordinates": [
          -81.8989921,
          35.339373
        ]
      },
      "id": "way/760571923"
    },
    {
      "type": "Feature",
      "properties": {
        "@id": "way/764516611",
        "addr:city": "Charlotte",
        "addr:housenumber": "231",
        "addr:postcode": "28210",
        "addr:state": "NC",
        "addr:street": "East Woodlawn",
        "amenity": "fast_food",
        "brand": "Bojangles'",
        "brand:wikidata": "Q891163",
        "building": "yes",
        "cuisine": "chicken",
        "drive_through": "yes",
        "name": "Bojangles'",
        "official_name": "Bojangles' Famous Chicken 'n Biscuits",
        "phone": "+1 704-523-3678",
        "takeaway": "yes",
        "website": "https://locations.bojangles.com/nc/charlotte/231-e-woodlawn.html",
        "@geometry": "center"
      },
      "geometry": {
        "type": "Point",
        "coordinates": [
          -80.8806536,
          35.1786119
        ]
      },
      "id": "way/764516611"
    },
    {
      "type": "Feature",
      "properties": {
        "@id": "way/765267164",
        "addr:city": "Goldsboro",
        "addr:housenumber": "811",
        "addr:postcode": "27530",
        "addr:state": "NC",
        "addr:street": "West Grantham Street",
        "amenity": "fast_food",
        "brand": "Bojangles'",
        "brand:wikidata": "Q891163",
        "building": "yes",
        "cuisine": "chicken",
        "drive_through": "yes",
        "name": "Bojangles'",
        "official_name": "Bojangles' Famous Chicken 'n Biscuits",
        "phone": "+1 919-583-9808",
        "takeaway": "yes",
        "website": "https://locations.bojangles.com/nc/goldsboro/811-w--grantham-st.html",
        "@geometry": "center"
      },
      "geometry": {
        "type": "Point",
        "coordinates": [
          -78.0045938,
          35.3987433
        ]
      },
      "id": "way/765267164"
    },
    {
      "type": "Feature",
      "properties": {
        "@id": "way/765701313",
        "addr:city": "Greenville",
        "addr:housenumber": "7830",
        "addr:postcode": "29611",
        "addr:state": "SC",
        "addr:street": "White Horse Road",
        "amenity": "fast_food",
        "brand": "Bojangles'",
        "brand:wikidata": "Q891163",
        "building": "yes",
        "cuisine": "chicken",
        "drive_through": "yes",
        "name": "Bojangles'",
        "official_name": "Bojangles' Famous Chicken 'n Biscuits",
        "phone": "+1 864-246-5757",
        "takeaway": "yes",
        "website": "https://locations.bojangles.com/sc/greenville/7830-white-horse-road.html",
        "@geometry": "center"
      },
      "geometry": {
        "type": "Point",
        "coordinates": [
          -82.4685085,
          34.8879053
        ]
      },
      "id": "way/765701313"
    },
    {
      "type": "Feature",
      "properties": {
        "@id": "way/766411302",
        "addr:city": "Ringgold",
        "addr:country": "US",
        "addr:housenumber": "5861",
        "addr:postcode": "30736",
        "addr:state": "GA",
        "addr:street": "Alabama Highway",
        "amenity": "fast_food",
        "brand": "Bojangles'",
        "brand:wikidata": "Q891163",
        "building": "yes",
        "cuisine": "chicken",
        "drive_through": "yes",
        "name": "Bojangles'",
        "official_name": "Bojangles' Famous Chicken 'n Biscuits",
        "phone": "+1 706-937-3350",
        "takeaway": "yes",
        "website": "https://locations.bojangles.com/ga/ringgold/5861-alabama-highway.html",
        "@geometry": "center"
      },
      "geometry": {
        "type": "Point",
        "coordinates": [
          -85.1280103,
          34.9080724
        ]
      },
      "id": "way/766411302"
    },
    {
      "type": "Feature",
      "properties": {
        "@id": "way/775661173",
        "addr:city": "Chattanooga",
        "addr:housenumber": "7987",
        "addr:postcode": "37421",
        "addr:state": "TN",
        "addr:street": "East Brainerd Road",
        "amenity": "fast_food",
        "brand": "Bojangles'",
        "brand:wikidata": "Q891163",
        "building": "yes",
        "cuisine": "chicken",
        "drive_through": "yes",
        "name": "Bojangles'",
        "official_name": "Bojangles' Famous Chicken 'n Biscuits",
        "phone": "+1 423-531-0062",
        "takeaway": "yes",
        "website": "https://locations.bojangles.com/tn/chattanooga/7987-e-brainerd-road.html",
        "@geometry": "center"
      },
      "geometry": {
        "type": "Point",
        "coordinates": [
          -85.1516643,
          35.0052428
        ]
      },
      "id": "way/775661173"
    },
    {
      "type": "Feature",
      "properties": {
        "@id": "way/778838925",
        "addr:city": "Norwood",
        "addr:housenumber": "411",
        "addr:postcode": "28128",
        "addr:state": "NC",
        "addr:street": "North Main Street",
        "amenity": "fast_food",
        "brand": "Bojangles'",
        "brand:wikidata": "Q891163",
        "building": "yes",
        "cuisine": "chicken",
        "drive_through": "yes",
        "name": "Bojangles'",
        "official_name": "Bojangles' Famous Chicken 'n Biscuits",
        "phone": "+1 704-474-0495",
        "source": "microsoft/BuildingFootprints",
        "takeaway": "yes",
        "website": "https://locations.bojangles.com/nc/norwood/411-n--main-street.html",
        "@geometry": "center"
      },
      "geometry": {
        "type": "Point",
        "coordinates": [
          -80.1248055,
          35.227102
        ]
      },
      "id": "way/778838925"
    },
    {
      "type": "Feature",
      "properties": {
        "@id": "way/779939274",
        "addr:city": "Sumter",
        "addr:housenumber": "1020",
        "addr:postcode": "29150",
        "addr:state": "SC",
        "addr:street": "Broad Street",
        "amenity": "fast_food",
        "brand": "Bojangles'",
        "brand:wikidata": "Q891163",
        "building": "yes",
        "cuisine": "chicken",
        "drive_through": "yes",
        "name": "Bojangles'",
        "official_name": "Bojangles' Famous Chicken 'n Biscuits",
        "phone": "+1 803-775-0963",
        "takeaway": "yes",
        "website": "https://locations.bojangles.com/sc/sumter/1020-broad-street.html",
        "@geometry": "center"
      },
      "geometry": {
        "type": "Point",
        "coordinates": [
          -80.3740907,
          33.9466472
        ]
      },
      "id": "way/779939274"
    },
    {
      "type": "Feature",
      "properties": {
        "@id": "way/782248927",
        "addr:city": "Petersburg",
        "addr:housenumber": "3475",
        "addr:postcode": "23805",
        "addr:state": "VA",
        "addr:street": "South Crater Road",
        "amenity": "fast_food",
        "brand": "Bojangles'",
        "brand:wikidata": "Q891163",
        "building": "yes",
        "cuisine": "chicken",
        "drive_through": "yes",
        "name": "Bojangles'",
        "official_name": "Bojangles' Famous Chicken 'n Biscuits",
        "phone": "+1 804-732-4443",
        "takeaway": "yes",
        "website": "https://locations.bojangles.com/va/petersburg/3475-s-crater-road.html",
        "@geometry": "center"
      },
      "geometry": {
        "type": "Point",
        "coordinates": [
          -77.3646738,
          37.1812962
        ]
      },
      "id": "way/782248927"
    },
    {
      "type": "Feature",
      "properties": {
        "@id": "way/783012283",
        "addr:city": "Troy",
        "addr:housenumber": "422",
        "addr:postcode": "27371",
        "addr:state": "NC",
        "addr:street": "Albemarle Road",
        "amenity": "fast_food",
        "brand": "Bojangles'",
        "brand:wikidata": "Q891163",
        "building": "yes",
        "cuisine": "chicken",
        "drive_through": "yes",
        "name": "Bojangles'",
        "official_name": "Bojangles' Famous Chicken 'n Biscuits",
        "phone": "+1 910-572-8160",
        "source": "microsoft/BuildingFootprints",
        "takeaway": "yes",
        "website": "https://locations.bojangles.com/nc/troy/422-albemarle-rd.html",
        "@geometry": "center"
      },
      "geometry": {
        "type": "Point",
        "coordinates": [
          -79.9012523,
          35.3557086
        ]
      },
      "id": "way/783012283"
    },
    {
      "type": "Feature",
      "properties": {
        "@id": "way/783526671",
        "addr:city": "Warsaw",
        "addr:housenumber": "2714",
        "addr:postcode": "28365",
        "addr:state": "NC",
        "addr:street": "NC-24",
        "amenity": "fast_food",
        "brand": "Bojangles'",
        "brand:wikidata": "Q891163",
        "building": "yes",
        "cuisine": "chicken",
        "name": "Bojangles'",
        "official_name": "Bojangles' Famous Chicken 'n Biscuits",
        "phone": "+1 910-293-3414",
        "takeaway": "yes",
        "website": "https://locations.bojangles.com/nc/warsaw/2714-n-c--24-west.html",
        "@geometry": "center"
      },
      "geometry": {
        "type": "Point",
        "coordinates": [
          -78.1394068,
          34.993965
        ]
      },
      "id": "way/783526671"
    },
    {
      "type": "Feature",
      "properties": {
        "@id": "way/786006875",
        "addr:city": "Shelby",
        "addr:housenumber": "600",
        "addr:postcode": "28150",
        "addr:state": "NC",
        "addr:street": "East Grover Street",
        "amenity": "fast_food",
        "brand": "Bojangles'",
        "brand:wikidata": "Q891163",
        "building": "yes",
        "cuisine": "chicken",
        "drive_through": "yes",
        "name": "Bojangles'",
        "official_name": "Bojangles' Famous Chicken 'n Biscuits",
        "phone": "+1 704-484-1616",
        "takeaway": "yes",
        "website": "https://locations.bojangles.com/nc/shelby/600-east-grover-street.html",
        "@geometry": "center"
      },
      "geometry": {
        "type": "Point",
        "coordinates": [
          -81.5294186,
          35.3033439
        ]
      },
      "id": "way/786006875"
    },
    {
      "type": "Feature",
      "properties": {
        "@id": "way/789116639",
        "amenity": "fast_food",
        "brand": "Bojangles'",
        "brand:wikidata": "Q891163",
        "building": "yes",
        "cuisine": "chicken",
        "drive_through": "yes",
        "name": "Bojangles'",
        "official_name": "Bojangles' Famous Chicken 'n Biscuits",
        "takeaway": "yes",
        "@geometry": "center"
      },
      "geometry": {
        "type": "Point",
        "coordinates": [
          -80.5633214,
          35.0089322
        ]
      },
      "id": "way/789116639"
    },
    {
      "type": "Feature",
      "properties": {
        "@id": "way/791349071",
        "amenity": "fast_food",
        "brand": "Bojangles'",
        "brand:wikidata": "Q891163",
        "building": "retail",
        "cuisine": "chicken",
        "drive_through": "yes",
        "name": "Bojangles'",
        "official_name": "Bojangles' Famous Chicken 'n Biscuits",
        "takeaway": "yes",
        "@geometry": "center"
      },
      "geometry": {
        "type": "Point",
        "coordinates": [
          -84.0641207,
          33.8395317
        ]
      },
      "id": "way/791349071"
    },
    {
      "type": "Feature",
      "properties": {
        "@id": "way/791948825",
        "addr:city": "Easley",
        "addr:housenumber": "6505",
        "addr:postcode": "29640",
        "addr:state": "SC",
        "addr:street": "Calhoun Memorial Highway",
        "amenity": "fast_food",
        "brand": "Bojangles'",
        "brand:wikidata": "Q891163",
        "building": "yes",
        "cuisine": "chicken",
        "drive_through": "yes",
        "name": "Bojangles'",
        "official_name": "Bojangles' Famous Chicken 'n Biscuits",
        "phone": "+1 864-859-7545",
        "takeaway": "yes",
        "website": "https://locations.bojangles.com/sc/easley/6505-calhoun-memorial-hwy.html",
        "@geometry": "center"
      },
      "geometry": {
        "type": "Point",
        "coordinates": [
          -82.5856663,
          34.8213869
        ]
      },
      "id": "way/791948825"
    },
    {
      "type": "Feature",
      "properties": {
        "@id": "way/792257526",
        "addr:city": "Temple",
        "addr:housenumber": "102",
        "addr:postcode": "30179",
        "addr:state": "GA",
        "addr:street": "West Perrenial Drive",
        "amenity": "fast_food",
        "brand": "Bojangles'",
        "brand:wikidata": "Q891163",
        "building": "retail",
        "building:levels": "1",
        "contact:website": "https://locations.bojangles.com/ga/temple/102-west-perennial-drive.html",
        "cuisine": "chicken",
        "drive_through": "yes",
        "name": "Bojangles'",
        "official_name": "Bojangles' Famous Chicken 'n Biscuits",
        "opening_hours": "Mo-Su 06:00-22:00",
        "phone": "+1-678-506-4193",
        "ref": "1274",
        "takeaway": "yes",
        "website": "https://locations.bojangles.com/ga/temple/102-west-perennial-drive.html",
        "@geometry": "center"
      },
      "geometry": {
        "type": "Point",
        "coordinates": [
          -85.0282639,
          33.7237043
        ]
      },
      "id": "way/792257526"
    },
    {
      "type": "Feature",
      "properties": {
        "@id": "way/792409495",
        "addr:city": "Orangeburg",
        "addr:housenumber": "3624",
        "addr:postcode": "29118",
        "addr:state": "SC",
        "addr:street": "Saint Matthews Road",
        "amenity": "fast_food",
        "brand": "Bojangles'",
        "brand:wikidata": "Q891163",
        "building": "yes",
        "cuisine": "chicken",
        "drive_through": "yes",
        "name": "Bojangles'",
        "official_name": "Bojangles' Famous Chicken 'n Biscuits",
        "phone": "+1 803-535-8301",
        "takeaway": "yes",
        "website": "https://locations.bojangles.com/sc/orangeburg/3624-st--matthews-road.html",
        "@geometry": "center"
      },
      "geometry": {
        "type": "Point",
        "coordinates": [
          -80.8261528,
          33.5535666
        ]
      },
      "id": "way/792409495"
    },
    {
      "type": "Feature",
      "properties": {
        "@id": "way/796311225",
        "addr:city": "Wytheville",
        "addr:housenumber": "210",
        "addr:postcode": "24382",
        "addr:state": "VA",
        "addr:street": "East Commonwealth Drive",
        "amenity": "fast_food",
        "brand": "Bojangles'",
        "brand:wikidata": "Q891163",
        "building": "yes",
        "cuisine": "chicken",
        "drive_through": "yes",
        "name": "Bojangles'",
        "official_name": "Bojangles' Famous Chicken 'n Biscuits",
        "opening_hours": "Mo-Sa 05:30-23:00; Su 06:00-23:00",
        "phone": "+1 276-223-0050",
        "takeaway": "yes",
        "website": "https://locations.bojangles.com/va/wytheville/210-east-commonwealth-dr.html",
        "@geometry": "center"
      },
      "geometry": {
        "type": "Point",
        "coordinates": [
          -81.0945773,
          36.9599927
        ]
      },
      "id": "way/796311225"
    },
    {
      "type": "Feature",
      "properties": {
        "@id": "way/797609411",
        "addr:city": "Cumming",
        "addr:country": "US",
        "addr:housenumber": "3285",
        "addr:postcode": "30040",
        "addr:state": "GA",
        "addr:street": "Keith Bridge Road",
        "amenity": "fast_food",
        "brand": "Bojangles'",
        "brand:wikidata": "Q891163",
        "building": "yes",
        "cuisine": "chicken",
        "drive_through": "yes",
        "name": "Bojangles'",
        "official_name": "Bojangles' Famous Chicken 'n Biscuits",
        "opening_hours": "Mo-Sa 05:00-22:00; Su 06:00-22:00",
        "operator": "Cedertown Chicken",
        "phone": "+1 770-889-7920",
        "takeaway": "yes",
        "website": "https://locations.bojangles.com/ga/cumming/3285-keith-bridge-road.html",
        "@geometry": "center"
      },
      "geometry": {
        "type": "Point",
        "coordinates": [
          -84.0759861,
          34.2581771
        ]
      },
      "id": "way/797609411"
    },
    {
      "type": "Feature",
      "properties": {
        "@id": "way/798492345",
        "addr:city": "Dacula",
        "addr:housenumber": "625",
        "addr:postcode": "30019",
        "addr:state": "GA",
        "addr:street": "dacula highway",
        "amenity": "fast_food",
        "brand": "Bojangles'",
        "brand:wikidata": "Q891163",
        "building": "yes",
        "cuisine": "chicken",
        "drive_through": "yes",
        "name": "Bojangles'",
        "official_name": "Bojangles' Famous Chicken 'n Biscuits",
        "opening_hours": "Mo-Su 05:00-22:00",
        "phone": "+1 770-338-8423",
        "takeaway": "yes",
        "website": "https://locations.bojangles.com/ga/dacula/625-dacula-highway.html",
        "@geometry": "center"
      },
      "geometry": {
        "type": "Point",
        "coordinates": [
          -83.9105368,
          34.0021046
        ]
      },
      "id": "way/798492345"
    },
    {
      "type": "Feature",
      "properties": {
        "@id": "way/802343298",
        "addr:city": "Jefferson",
        "addr:housenumber": "4836",
        "addr:postcode": "30549",
        "addr:state": "GA",
        "addr:street": "Highway 129N",
        "amenity": "fast_food",
        "brand": "Bojangles'",
        "brand:wikidata": "Q891163",
        "building": "yes",
        "cuisine": "chicken",
        "drive_through": "yes",
        "name": "Bojangles'",
        "official_name": "Bojangles' Famous Chicken 'n Biscuits",
        "phone": "+1 706-367-4300",
        "takeaway": "yes",
        "website": "https://locations.bojangles.com/ga/jefferson/4836-highway-129n.html",
        "@geometry": "center"
      },
      "geometry": {
        "type": "Point",
        "coordinates": [
          -83.6417648,
          34.1525724
        ]
      },
      "id": "way/802343298"
    },
    {
      "type": "Feature",
      "properties": {
        "@id": "way/803093695",
        "addr:city": "McCalla",
        "addr:housenumber": "4780",
        "addr:postcode": "35111",
        "addr:state": "AL",
        "addr:street": "Eastern Valley Road",
        "amenity": "fast_food",
        "brand": "Bojangles'",
        "brand:wikidata": "Q891163",
        "building": "yes",
        "cuisine": "chicken",
        "drive_through": "yes",
        "name": "Bojangles'",
        "official_name": "Bojangles' Famous Chicken 'n Biscuits",
        "phone": "+1 205-477-7140",
        "takeaway": "yes",
        "website": "https://locations.bojangles.com/al/mccalla/4780-eastern-valley-road.html",
        "@geometry": "center"
      },
      "geometry": {
        "type": "Point",
        "coordinates": [
          -87.0005828,
          33.3291879
        ]
      },
      "id": "way/803093695"
    },
    {
      "type": "Feature",
      "properties": {
        "@id": "way/812847788",
        "addr:city": "Concord",
        "addr:housenumber": "374",
        "addr:postcode": "28027",
        "addr:state": "NC",
        "addr:street": "George W Liles Parkway",
        "amenity": "fast_food",
        "brand": "Bojangles'",
        "brand:wikidata": "Q891163",
        "building": "yes",
        "cuisine": "chicken",
        "drive_through": "yes",
        "name": "Bojangles'",
        "official_name": "Bojangles' Famous Chicken 'n Biscuits",
        "phone": "+1-704-262-9004",
        "takeaway": "yes",
        "website": "https://locations.bojangles.com/nc/concord/374-george-liles-pkwy.html",
        "@geometry": "center"
      },
      "geometry": {
        "type": "Point",
        "coordinates": [
          -80.6665001,
          35.4140402
        ]
      },
      "id": "way/812847788"
    },
    {
      "type": "Feature",
      "properties": {
        "@id": "way/813695791",
        "addr:city": "Reidsville",
        "addr:housenumber": "1633",
        "addr:postcode": "27320",
        "addr:state": "NC",
        "addr:street": "Freeway Drive",
        "amenity": "fast_food",
        "brand": "Bojangles'",
        "brand:wikidata": "Q891163",
        "building": "yes",
        "cuisine": "chicken",
        "name": "Bojangles'",
        "official_name": "Bojangles' Famous Chicken 'n Biscuits",
        "phone": "+1 336-634-0227",
        "takeaway": "yes",
        "website": "https://locations.bojangles.com/nc/reidsville/1633-freeway-drive.html",
        "@geometry": "center"
      },
      "geometry": {
        "type": "Point",
        "coordinates": [
          -79.6934653,
          36.3495656
        ]
      },
      "id": "way/813695791"
    },
    {
      "type": "Feature",
      "properties": {
        "@id": "way/815729070",
        "addr:city": "Lavonia",
        "addr:housenumber": "13870",
        "addr:postcode": "30553",
        "addr:state": "GA",
        "addr:street": "Jones Street",
        "amenity": "fast_food",
        "brand": "Bojangles'",
        "brand:wikidata": "Q891163",
        "building": "yes",
        "cuisine": "chicken",
        "drive_through": "yes",
        "name": "Bojangles'",
        "official_name": "Bojangles' Famous Chicken 'n Biscuits",
        "phone": "+1 706-356-7371",
        "takeaway": "yes",
        "website": "https://locations.bojangles.com/ga/lavonia/13870-jones-street.html",
        "@geometry": "center"
      },
      "geometry": {
        "type": "Point",
        "coordinates": [
          -83.1206554,
          34.4466724
        ]
      },
      "id": "way/815729070"
    },
    {
      "type": "Feature",
      "properties": {
        "@id": "way/815988536",
        "addr:city": "Hoover",
        "addr:housenumber": "485",
        "addr:postcode": "35226",
        "addr:state": "AL",
        "addr:street": "Southland Drive",
        "amenity": "fast_food",
        "brand": "Bojangles'",
        "brand:wikidata": "Q891163",
        "building": "yes",
        "cuisine": "chicken",
        "delivery": "yes",
        "drive_through": "yes",
        "name": "Bojangles'",
        "official_name": "Bojangles' Famous Chicken 'n Biscuits",
        "opening_hours": "Mo-Sa 05:00-22:00; Su 06:00-22:00",
        "phone": "+1-205-978-0565",
        "takeaway": "yes",
        "website": "https://locations.bojangles.com/al/hoover/485-southland-drive.html",
        "@geometry": "center"
      },
      "geometry": {
        "type": "Point",
        "coordinates": [
          -86.8075315,
          33.4101157
        ]
      },
      "id": "way/815988536"
    },
    {
      "type": "Feature",
      "properties": {
        "@id": "way/816054743",
        "addr:city": "Wake Forest",
        "addr:housenumber": "12109",
        "addr:postcode": "27587",
        "addr:state": "NC",
        "addr:street": "Cloverleaf Drive",
        "amenity": "fast_food",
        "brand": "Bojangles'",
        "brand:wikidata": "Q891163",
        "building": "yes",
        "cuisine": "chicken",
        "drive_through": "yes",
        "name": "Bojangles'",
        "official_name": "Bojangles' Famous Chicken 'n Biscuits",
        "phone": "+1 919-554-2243",
        "source": "microsoft/BuildingFootprints",
        "takeaway": "yes",
        "website": "https://locations.bojangles.com/nc/wake-forest/12109-cloverleaf-drive.html",
        "@geometry": "center"
      },
      "geometry": {
        "type": "Point",
        "coordinates": [
          -78.5409965,
          35.97678
        ]
      },
      "id": "way/816054743"
    },
    {
      "type": "Feature",
      "properties": {
        "@id": "way/819839199",
        "addr:city": "Simpsonville",
        "addr:housenumber": "208",
        "addr:postcode": "29680",
        "addr:state": "SC",
        "addr:street": "Harrison Bridge Road",
        "amenity": "fast_food",
        "brand": "Bojangles'",
        "brand:wikidata": "Q891163",
        "building": "yes",
        "cuisine": "chicken",
        "drive_through": "yes",
        "name": "Bojangles'",
        "official_name": "Bojangles' Famous Chicken 'n Biscuits",
        "phone": "+1 864-962-0414",
        "takeaway": "yes",
        "website": "https://locations.bojangles.com/sc/simpsonville/208-harrison-bridge-road.html",
        "@geometry": "center"
      },
      "geometry": {
        "type": "Point",
        "coordinates": [
          -82.2429127,
          34.7048757
        ]
      },
      "id": "way/819839199"
    },
    {
      "type": "Feature",
      "properties": {
        "@id": "way/821725087",
        "addr:city": "Durham",
        "addr:housenumber": "4521",
        "addr:postcode": "27704",
        "addr:state": "NC",
        "addr:street": "North Roxboro Street;N Roxboro Street",
        "amenity": "fast_food",
        "brand": "Bojangles'",
        "brand:wikidata": "Q891163",
        "building": "yes",
        "cuisine": "chicken",
        "description": "Chicken & biscuits",
        "drive_through": "yes",
        "name": "Bojangles'",
        "official_name": "Bojangles' Famous Chicken 'n Biscuits",
        "phone": "+1 919-471-0581",
        "source": "microsoft/BuildingFootprints",
        "source:addr": "Durham Open Data",
        "takeaway": "yes",
        "website": "https://locations.bojangles.com/nc/durham/4521-roxboro-rd--north.html",
        "@geometry": "center"
      },
      "geometry": {
        "type": "Point",
        "coordinates": [
          -78.9035555,
          36.058175
        ]
      },
      "id": "way/821725087"
    },
    {
      "type": "Feature",
      "properties": {
        "@id": "way/827802325",
        "addr:city": "Rockmart",
        "addr:housenumber": "999",
        "addr:postcode": "30153",
        "addr:state": "GA",
        "addr:street": "Nathan Dean Parkway",
        "amenity": "fast_food",
        "brand": "Bojangles'",
        "brand:wikidata": "Q891163",
        "building": "retail",
        "building:levels": "1",
        "contact:website": "https://www.bojangles.com/",
        "cuisine": "chicken",
        "drive_through": "yes",
        "name": "Bojangles'",
        "official_name": "Bojangles' Famous Chicken 'n Biscuits",
        "opening_hours": "Mo-Sa 05:30-21:00; Su 06:00-21:00",
        "phone": "+1-678-757-1156",
        "takeaway": "yes",
        "website": "https://locations.bojangles.com/ga/rockmart/999-nathan-dean-pkwy.html",
        "@geometry": "center"
      },
      "geometry": {
        "type": "Point",
        "coordinates": [
          -85.0452815,
          34.011524
        ]
      },
      "id": "way/827802325"
    },
    {
      "type": "Feature",
      "properties": {
        "@id": "way/830137923",
        "addr:city": "Zebulon",
        "addr:housenumber": "1513",
        "addr:postcode": "27597",
        "addr:state": "NC",
        "addr:street": "North Arendell Avenue",
        "amenity": "fast_food",
        "brand": "Bojangles'",
        "brand:wikidata": "Q891163",
        "building": "yes",
        "cuisine": "chicken",
        "drive_through": "yes",
        "name": "Bojangles'",
        "official_name": "Bojangles' Famous Chicken 'n Biscuits",
        "phone": "+1 919-404-2272",
        "takeaway": "yes",
        "website": "https://locations.bojangles.com/nc/zebulon/1513-n--arendell-avenue.html",
        "@geometry": "center"
      },
      "geometry": {
        "type": "Point",
        "coordinates": [
          -78.3265262,
          35.8398351
        ]
      },
      "id": "way/830137923"
    },
    {
      "type": "Feature",
      "properties": {
        "@id": "way/830426190",
        "addr:city": "Dalton",
        "addr:housenumber": "884",
        "addr:postcode": "30720",
        "addr:state": "GA",
        "addr:street": "College Drive",
        "amenity": "fast_food",
        "brand": "Bojangles'",
        "brand:wikidata": "Q891163",
        "building": "yes",
        "cuisine": "chicken",
        "drive_through": "yes",
        "name": "Bojangles'",
        "official_name": "Bojangles' Famous Chicken 'n Biscuits",
        "phone": "+1 706-529-6695",
        "takeaway": "yes",
        "website": "https://locations.bojangles.com/ga/dalton/884-college-drive.html",
        "@geometry": "center"
      },
      "geometry": {
        "type": "Point",
        "coordinates": [
          -85.004311,
          34.7624159
        ]
      },
      "id": "way/830426190"
    },
    {
      "type": "Feature",
      "properties": {
        "@id": "way/832045764",
        "addr:city": "Southport",
        "addr:housenumber": "5160",
        "addr:postcode": "28461",
        "addr:state": "NC",
        "addr:street": "Southport-Supply Road Southeast",
        "amenity": "fast_food",
        "brand": "Bojangles'",
        "brand:wikidata": "Q891163",
        "building": "retail",
        "cuisine": "chicken",
        "drive_through": "yes",
        "name": "Bojangles'",
        "official_name": "Bojangles' Famous Chicken 'n Biscuits",
        "phone": "+1 910-457-9607",
        "takeaway": "yes",
        "website": "https://locations.bojangles.com/nc/southport/5160-southport-supply-road.html",
        "@geometry": "center"
      },
      "geometry": {
        "type": "Point",
        "coordinates": [
          -78.0426467,
          33.9516099
        ]
      },
      "id": "way/832045764"
    },
    {
      "type": "Feature",
      "properties": {
        "@id": "way/833697150",
        "addr:city": "Charlotte",
        "addr:housenumber": "1101",
        "addr:postcode": "28213",
        "addr:state": "NC",
        "addr:street": "West Sugar Creek Road",
        "amenity": "fast_food",
        "brand": "Bojangles'",
        "brand:wikidata": "Q891163",
        "building": "yes",
        "cuisine": "chicken",
        "drive_through": "yes",
        "name": "Bojangles'",
        "official_name": "Bojangles' Famous Chicken 'n Biscuits",
        "source": "microsoft/BuildingFootprints",
        "takeaway": "yes",
        "@geometry": "center"
      },
      "geometry": {
        "type": "Point",
        "coordinates": [
          -80.7938805,
          35.2755893
        ]
      },
      "id": "way/833697150"
    },
    {
      "type": "Feature",
      "properties": {
        "@id": "way/836535367",
        "addr:city": "Charlotte",
        "addr:housenumber": "3129",
        "addr:postcode": "28205",
        "addr:state": "NC",
        "addr:street": "Monroe Road",
        "amenity": "fast_food",
        "brand": "Bojangles'",
        "brand:wikidata": "Q891163",
        "building": "yes",
        "cuisine": "chicken",
        "drive_through": "yes",
        "name": "Bojangles'",
        "official_name": "Bojangles' Famous Chicken 'n Biscuits",
        "phone": "+1 704-332-6911",
        "source": "microsoft/BuildingFootprints",
        "takeaway": "yes",
        "website": "https://locations.bojangles.com/nc/charlotte/3129-monroe-road.html",
        "@geometry": "center"
      },
      "geometry": {
        "type": "Point",
        "coordinates": [
          -80.8024621,
          35.2045248
        ]
      },
      "id": "way/836535367"
    },
    {
      "type": "Feature",
      "properties": {
        "@id": "way/837562032",
        "addr:city": "Burgaw",
        "addr:housenumber": "831",
        "addr:postcode": "28425",
        "addr:state": "NC",
        "addr:street": "NC 53 East",
        "amenity": "fast_food",
        "brand": "Bojangles'",
        "brand:wikidata": "Q891163",
        "building": "yes",
        "cuisine": "chicken",
        "drive_through": "yes",
        "name": "Bojangles'",
        "official_name": "Bojangles' Famous Chicken 'n Biscuits",
        "phone": "+1 910-259-0672",
        "takeaway": "yes",
        "website": "https://locations.bojangles.com/nc/burgaw/831-nc-highway-53-east.html",
        "@geometry": "center"
      },
      "geometry": {
        "type": "Point",
        "coordinates": [
          -77.9175484,
          34.5604169
        ]
      },
      "id": "way/837562032"
    },
    {
      "type": "Feature",
      "properties": {
        "@id": "way/838387364",
        "addr:city": "Charlotte",
        "addr:housenumber": "6308",
        "addr:postcode": "28277",
        "addr:state": "NC",
        "addr:street": "Providence Farm Lane",
        "amenity": "fast_food",
        "brand": "Bojangles'",
        "brand:wikidata": "Q891163",
        "building": "yes",
        "cuisine": "chicken",
        "drive_through": "yes",
        "name": "Bojangles'",
        "official_name": "Bojangles' Famous Chicken 'n Biscuits",
        "opening_hours": "Su 06:00-22:00; Mo-Sa 05:00-22:00",
        "operator": "Bojangles Restaurants, LLC.",
        "phone": "+1-980-287-2522",
        "takeaway": "yes",
        "website": "https://locations.bojangles.com/nc/charlotte/6308-providence-farm-lane.html",
        "@geometry": "center"
      },
      "geometry": {
        "type": "Point",
        "coordinates": [
          -80.7690859,
          35.0556014
        ]
      },
      "id": "way/838387364"
    },
    {
      "type": "Feature",
      "properties": {
        "@id": "way/846803555",
        "addr:city": "La Grange",
        "addr:housenumber": "7858",
        "addr:postcode": "28551",
        "addr:state": "NC",
        "addr:street": "US Highway 70",
        "amenity": "fast_food",
        "brand": "Bojangles'",
        "brand:wikidata": "Q891163",
        "building": "yes",
        "cuisine": "chicken",
        "drive_through": "yes",
        "name": "Bojangles'",
        "official_name": "Bojangles' Famous Chicken 'n Biscuits",
        "phone": "+1 252-566-3425",
        "source": "microsoft/BuildingFootprints",
        "takeaway": "yes",
        "website": "https://locations.bojangles.com/nc/la-grange/7858-us-70.html",
        "@geometry": "center"
      },
      "geometry": {
        "type": "Point",
        "coordinates": [
          -77.7568565,
          35.2868435
        ]
      },
      "id": "way/846803555"
    },
    {
      "type": "Feature",
      "properties": {
        "@id": "way/852706694",
        "addr:city": "Montgomery",
        "addr:country": "US",
        "addr:housenumber": "9066",
        "addr:postcode": "36117",
        "addr:state": "AL",
        "addr:street": "Eastchase Parkway",
        "amenity": "fast_food",
        "branch": "Montgomery",
        "brand": "Bojangles'",
        "brand:wikidata": "Q891163",
        "building": "yes",
        "contact:facebook": "https://www.facebook.com/Bojangles/",
        "contact:twitter": "Bojangles",
        "cuisine": "chicken",
        "name": "Bojangles'",
        "official_name": "Bojangles' Famous Chicken 'n Biscuits",
        "opening_hours": "Mo-Sa 05:00-22:00; Su 06:00-22:00",
        "phone": "+1 334-356-7375",
        "takeaway": "yes",
        "website": "https://locations.bojangles.com/al/montgomery/9066-eastchase-pkwy-1301.html",
        "@geometry": "center"
      },
      "geometry": {
        "type": "Point",
        "coordinates": [
          -86.1391999,
          32.36237
        ]
      },
      "id": "way/852706694"
    },
    {
      "type": "Feature",
      "properties": {
        "@id": "way/856880163",
        "addr:city": "Hopewell City",
        "addr:housenumber": "3519",
        "addr:postcode": "23860",
        "addr:state": "VA",
        "addr:street": "Oaklawn Boulevard",
        "amenity": "fast_food",
        "brand": "Bojangles'",
        "brand:wikidata": "Q891163",
        "building": "yes",
        "cuisine": "chicken",
        "drive_through": "yes",
        "name": "Bojangles'",
        "official_name": "Bojangles' Famous Chicken 'n Biscuits",
        "phone": "+1-804-452-4443",
        "source": "esri_USDOT_Virgina;microsoft/BuildingFootprints",
        "takeaway": "yes",
        "website": "https://locations.bojangles.com/va/hopewell/3519-oaklawn-blvd.html",
        "@geometry": "center"
      },
      "geometry": {
        "type": "Point",
        "coordinates": [
          -77.3128,
          37.275085
        ]
      },
      "id": "way/856880163"
    },
    {
      "type": "Feature",
      "properties": {
        "@id": "way/857405686",
        "addr:city": "Charlotte",
        "addr:housenumber": "10329",
        "addr:postcode": "28269",
        "addr:state": "NC",
        "addr:street": "Mallard Creek Road",
        "amenity": "fast_food",
        "brand": "Bojangles'",
        "brand:wikidata": "Q891163",
        "building": "yes",
        "cuisine": "chicken",
        "drive_through": "yes",
        "name": "Bojangles'",
        "official_name": "Bojangles' Famous Chicken 'n Biscuits",
        "phone": "+1 704-503-4648",
        "source": "microsoft/BuildingFootprints",
        "takeaway": "yes",
        "website": "https://locations.bojangles.com/nc/charlotte/10329-mallard-creek-road.html",
        "@geometry": "center"
      },
      "geometry": {
        "type": "Point",
        "coordinates": [
          -80.769502,
          35.34143
        ]
      },
      "id": "way/857405686"
    },
    {
      "type": "Feature",
      "properties": {
        "@id": "way/858663154",
        "addr:city": "Matthews",
        "addr:housenumber": "11137",
        "addr:postcode": "28105",
        "addr:state": "NC",
        "addr:street": "East Independence Boulevard",
        "amenity": "fast_food",
        "brand": "Bojangles'",
        "brand:wikidata": "Q891163",
        "building": "yes",
        "cuisine": "chicken",
        "drive_through": "yes",
        "name": "Bojangles'",
        "official_name": "Bojangles' Famous Chicken 'n Biscuits",
        "phone": "+1 704-847-2502",
        "source": "microsoft/BuildingFootprints",
        "takeaway": "yes",
        "website": "https://locations.bojangles.com/nc/matthews/11137-e--ind-blvd.html",
        "@geometry": "center"
      },
      "geometry": {
        "type": "Point",
        "coordinates": [
          -80.69792,
          35.119823
        ]
      },
      "id": "way/858663154"
    },
    {
      "type": "Feature",
      "properties": {
        "@id": "way/863436257",
        "addr:city": "Hendersonville",
        "addr:housenumber": "1901",
        "addr:postcode": "28792",
        "addr:state": "NC",
        "addr:street": "Four Seasons Boulevard",
        "amenity": "fast_food",
        "brand": "Bojangles'",
        "brand:wikidata": "Q891163",
        "building": "yes",
        "cuisine": "chicken",
        "drive_through": "yes",
        "name": "Bojangles'",
        "official_name": "Bojangles' Famous Chicken 'n Biscuits",
        "phone": "+1 828-692-4514",
        "takeaway": "yes",
        "website": "https://locations.bojangles.com/nc/hendersonville/1901-four-seasons-blvd.html",
        "@geometry": "center"
      },
      "geometry": {
        "type": "Point",
        "coordinates": [
          -82.4456505,
          35.337373
        ]
      },
      "id": "way/863436257"
    },
    {
      "type": "Feature",
      "properties": {
        "@id": "way/871495833",
        "addr:city": "Charlotte",
        "addr:housenumber": "4435",
        "addr:postcode": "28211",
        "addr:state": "NC",
        "addr:street": "Randolph Road",
        "amenity": "fast_food",
        "brand": "Bojangles'",
        "brand:wikidata": "Q891163",
        "building": "yes",
        "cuisine": "chicken",
        "drive_through": "yes",
        "name": "Bojangles'",
        "official_name": "Bojangles' Famous Chicken 'n Biscuits",
        "phone": "+1 704-366-1018",
        "source": "microsoft/BuildingFootprints",
        "takeaway": "yes",
        "website": "https://locations.bojangles.com/nc/charlotte/4435-randolph-rd.html",
        "@geometry": "center"
      },
      "geometry": {
        "type": "Point",
        "coordinates": [
          -80.7985955,
          35.176793
        ]
      },
      "id": "way/871495833"
    },
    {
      "type": "Feature",
      "properties": {
        "@id": "way/881477850",
        "addr:city": "Mint Hill",
        "addr:housenumber": "9075",
        "addr:postcode": "28227",
        "addr:state": "NC",
        "addr:street": "Lawyers Road",
        "amenity": "fast_food",
        "brand": "Bojangles'",
        "brand:wikidata": "Q891163",
        "building": "yes",
        "cuisine": "chicken",
        "drive_through": "yes",
        "name": "Bojangles'",
        "official_name": "Bojangles' Famous Chicken 'n Biscuits",
        "opening_hours": "Mo-Sa 05:00-22:00; Su 06:00-22:00",
        "phone": "+17045730432",
        "takeaway": "yes",
        "website": "https://locations.bojangles.com/nc/mint-hill/9075-lawyers-rd.html",
        "website:menu": "https://www.bojangles.com/menu/",
        "@geometry": "center"
      },
      "geometry": {
        "type": "Point",
        "coordinates": [
          -80.6906739,
          35.1885463
        ]
      },
      "id": "way/881477850"
    },
    {
      "type": "Feature",
      "properties": {
        "@id": "way/885665970",
        "addr:city": "Fultondale",
        "addr:housenumber": "1600",
        "addr:postcode": "35068",
        "addr:state": "AL",
        "addr:street": "Morris Avenue",
        "amenity": "fast_food",
        "brand": "Bojangles'",
        "brand:wikidata": "Q891163",
        "building": "yes",
        "cuisine": "chicken",
        "drive_through": "yes",
        "name": "Bojangles'",
        "official_name": "Bojangles' Famous Chicken 'n Biscuits",
        "phone": "+1 205-841-4118",
        "takeaway": "yes",
        "website": "https://locations.bojangles.com/al/fultondale/1600-morris-avenue.html",
        "@geometry": "center"
      },
      "geometry": {
        "type": "Point",
        "coordinates": [
          -86.8028116,
          33.6083223
        ]
      },
      "id": "way/885665970"
    },
    {
      "type": "Feature",
      "properties": {
        "@id": "way/886579620",
        "addr:city": "Loris",
        "addr:housenumber": "4207",
        "addr:postcode": "29569",
        "addr:state": "SC",
        "addr:street": "Main Street",
        "amenity": "fast_food",
        "brand": "Bojangles'",
        "brand:wikidata": "Q891163",
        "building": "yes",
        "cuisine": "chicken",
        "drive_through": "yes",
        "name": "Bojangles'",
        "official_name": "Bojangles' Famous Chicken 'n Biscuits",
        "phone": "+1 843-716-2700",
        "takeaway": "yes",
        "website": "https://locations.bojangles.com/sc/loris/4207-main-street.html",
        "@geometry": "center"
      },
      "geometry": {
        "type": "Point",
        "coordinates": [
          -78.8880793,
          34.0557434
        ]
      },
      "id": "way/886579620"
    },
    {
      "type": "Feature",
      "properties": {
        "@id": "way/886820927",
        "addr:city": "Greenwood",
        "addr:housenumber": "573",
        "addr:postcode": "29649",
        "addr:state": "SC",
        "addr:street": "Bypass 72 North West",
        "amenity": "fast_food",
        "brand": "Bojangles'",
        "brand:wikidata": "Q891163",
        "building": "yes",
        "cuisine": "chicken",
        "drive_through": "yes",
        "name": "Bojangles'",
        "official_name": "Bojangles' Famous Chicken 'n Biscuits",
        "phone": "+1 864-943-4388",
        "takeaway": "yes",
        "website": "https://locations.bojangles.com/sc/greenwood/573-bypass-72-n-west.html",
        "@geometry": "center"
      },
      "geometry": {
        "type": "Point",
        "coordinates": [
          -82.1971663,
          34.2030183
        ]
      },
      "id": "way/886820927"
    },
    {
      "type": "Feature",
      "properties": {
        "@id": "way/893138611",
        "addr:city": "Arden",
        "addr:housenumber": "241",
        "addr:postcode": "28704",
        "addr:state": "NC",
        "addr:street": "Long Shoals Road",
        "amenity": "fast_food",
        "brand": "Bojangles'",
        "brand:wikidata": "Q891163",
        "building": "yes",
        "cuisine": "chicken",
        "drive_through": "yes",
        "name": "Bojangles'",
        "official_name": "Bojangles' Famous Chicken 'n Biscuits",
        "phone": "+1 828-585-2248",
        "takeaway": "yes",
        "website": "https://locations.bojangles.com/nc/arden/241-long-shoals-road.html",
        "@geometry": "center"
      },
      "geometry": {
        "type": "Point",
        "coordinates": [
          -82.5441457,
          35.4799232
        ]
      },
      "id": "way/893138611"
    },
    {
      "type": "Feature",
      "properties": {
        "@id": "way/895545072",
        "addr:city": "Cary",
        "addr:housenumber": "5856",
        "addr:postcode": "27518",
        "addr:state": "NC",
        "addr:street": "Tryon Road",
        "air_conditioning": "yes",
        "amenity": "fast_food",
        "brand": "Bojangles'",
        "brand:wikidata": "Q891163",
        "building": "yes",
        "check_date": "2024-11-02",
        "cuisine": "chicken",
        "drive_through": "yes",
        "internet_access": "no",
        "name": "Bojangles'",
        "official_name": "Bojangles' Famous Chicken 'n Biscuits",
        "opening_hours": "Mo-Th,Su 05:30-22:00; Fr-Sa 05:30-23:00",
        "payment:cash": "yes",
        "payment:credit_cards": "yes",
        "payment:debit_cards": "yes",
        "phone": "+1-919-424-7922",
        "source": "survey",
        "takeaway": "yes",
        "website": "https://www.bojanglesrdu.com/locations/cary-tryon-road/",
        "wheelchair": "yes",
        "@geometry": "center"
      },
      "geometry": {
        "type": "Point",
        "coordinates": [
          -78.740125,
          35.7463428
        ]
      },
      "id": "way/895545072"
    },
    {
      "type": "Feature",
      "properties": {
        "@id": "way/895692196",
        "addr:city": "Tifton",
        "addr:housenumber": "303",
        "addr:postcode": "31794",
        "addr:state": "GA",
        "addr:street": "Magnolia Drive South",
        "amenity": "fast_food",
        "brand": "Bojangles'",
        "brand:wikidata": "Q891163",
        "building": "yes",
        "cuisine": "chicken",
        "drive_through": "yes",
        "name": "Bojangles'",
        "official_name": "Bojangles' Famous Chicken 'n Biscuits",
        "opening_hours": "05:30-21:00",
        "phone": "+1 229-382-9041",
        "takeaway": "yes",
        "website": "https://locations.bojangles.com/ga/tifton/303-s--magnolia-street.html",
        "@geometry": "center"
      },
      "geometry": {
        "type": "Point",
        "coordinates": [
          -83.5249496,
          31.4513203
        ]
      },
      "id": "way/895692196"
    },
    {
      "type": "Feature",
      "properties": {
        "@id": "way/897396355",
        "addr:city": "Cedar Point",
        "addr:housenumber": "1194",
        "addr:postcode": "28584",
        "addr:state": "NC",
        "addr:street": "Cedar Point Boulevard",
        "amenity": "fast_food",
        "brand": "Bojangles'",
        "brand:wikidata": "Q891163",
        "building": "commercial",
        "cuisine": "chicken",
        "drive_through": "yes",
        "name": "Bojangles'",
        "official_name": "Bojangles' Famous Chicken 'n Biscuits",
        "phone": "+1 252-764-2456",
        "takeaway": "yes",
        "website": "https://locations.bojangles.com/nc/cedar-point/1194-cedar-point-blvd.html",
        "@geometry": "center"
      },
      "geometry": {
        "type": "Point",
        "coordinates": [
          -77.0722059,
          34.6870207
        ]
      },
      "id": "way/897396355"
    },
    {
      "type": "Feature",
      "properties": {
        "@id": "way/898009994",
        "addr:city": "Erwin",
        "addr:housenumber": "508",
        "addr:postcode": "37650",
        "addr:state": "TN",
        "addr:street": "Jonesborough Road",
        "amenity": "fast_food",
        "brand": "Bojangles'",
        "brand:wikidata": "Q891163",
        "building": "yes",
        "cuisine": "chicken",
        "name": "Bojangles'",
        "official_name": "Bojangles' Famous Chicken 'n Biscuits",
        "phone": "+1 423-330-6072",
        "takeaway": "yes",
        "website": "https://locations.bojangles.com/tn/erwin/508-jonesborough-rd.html",
        "@geometry": "center"
      },
      "geometry": {
        "type": "Point",
        "coordinates": [
          -82.4172378,
          36.1494503
        ]
      },
      "id": "way/898009994"
    },
    {
      "type": "Feature",
      "properties": {
        "@id": "way/902067813",
        "addr:city": "Aylett",
        "addr:county": "King William County",
        "addr:housenumber": "4921",
        "addr:postcode": "23009",
        "addr:state": "VA",
        "addr:street": "Richmond Tappahannock Highway",
        "amenity": "fast_food",
        "brand": "Bojangles'",
        "brand:wikidata": "Q891163",
        "building": "yes",
        "cuisine": "chicken",
        "drive_through": "yes",
        "name": "Bojangles'",
        "official_name": "Bojangles' Famous Chicken 'n Biscuits",
        "phone": "+1 804-769-2534",
        "source": "esri_Virginia",
        "takeaway": "yes",
        "website": "https://locations.bojangles.com/va/aylett/4921-richmond-tappahannock-hwy.html",
        "@geometry": "center"
      },
      "geometry": {
        "type": "Point",
        "coordinates": [
          -77.1354116,
          37.742419
        ]
      },
      "id": "way/902067813"
    },
    {
      "type": "Feature",
      "properties": {
        "@id": "way/903603103",
        "addr:city": "Myrtle Beach",
        "addr:country": "US",
        "addr:housenumber": "3710",
        "addr:postcode": "29579",
        "addr:state": "SC",
        "addr:street": "Renee Drive",
        "amenity": "fast_food",
        "brand": "Bojangles'",
        "brand:wikidata": "Q891163",
        "building": "yes",
        "cuisine": "chicken",
        "drive_through": "yes",
        "name": "Bojangles'",
        "official_name": "Bojangles' Famous Chicken 'n Biscuits",
        "phone": "+1 843-903-7000",
        "takeaway": "yes",
        "website": "https://locations.bojangles.com/sc/myrtle-beach/3710-renee-drive.html",
        "@geometry": "center"
      },
      "geometry": {
        "type": "Point",
        "coordinates": [
          -78.9680538,
          33.7597996
        ]
      },
      "id": "way/903603103"
    },
    {
      "type": "Feature",
      "properties": {
        "@id": "way/904467144",
        "addr:city": "Ramseur",
        "addr:housenumber": "6893",
        "addr:postcode": "27316",
        "addr:state": "NC",
        "addr:street": "Jordan Road",
        "amenity": "fast_food",
        "brand": "Bojangles'",
        "brand:wikidata": "Q891163",
        "building": "yes",
        "cuisine": "chicken",
        "drive_through": "yes",
        "name": "Bojangles'",
        "official_name": "Bojangles' Famous Chicken 'n Biscuits",
        "opening_hours": "Mo-Sa 05:00-22:00; Su 05:00-21:00",
        "phone": "+1 336-824-1410",
        "takeaway": "yes",
        "website": "https://locations.bojangles.com/nc/ramseur/6893-jordan-road.html",
        "@geometry": "center"
      },
      "geometry": {
        "type": "Point",
        "coordinates": [
          -79.6497495,
          35.7399713
        ]
      },
      "id": "way/904467144"
    },
    {
      "type": "Feature",
      "properties": {
        "@id": "way/913295711",
        "addr:city": "Roanoke Rapids",
        "addr:housenumber": "1626",
        "addr:postcode": "27870",
        "addr:state": "NC",
        "addr:street": "East 10th Street",
        "amenity": "fast_food",
        "brand": "Bojangles'",
        "brand:wikidata": "Q891163",
        "building": "yes",
        "cuisine": "chicken;regional",
        "diet:local": "yes",
        "drive_through": "yes",
        "name": "Bojangles'",
        "official_name": "Bojangles' Famous Chicken 'n Biscuits",
        "opening_hours": "Mo-Su 05:00-11:00",
        "phone": "+12523081875",
        "takeaway": "yes",
        "website": "https://www.bojangles.com/menu/",
        "@geometry": "center"
      },
      "geometry": {
        "type": "Point",
        "coordinates": [
          -77.6420355,
          36.4409734
        ]
      },
      "id": "way/913295711"
    },
    {
      "type": "Feature",
      "properties": {
        "@id": "way/914558745",
        "addr:city": "Atlanta",
        "addr:housenumber": "3971",
        "addr:postcode": "30345",
        "addr:state": "GA",
        "addr:street": "Buford Highway",
        "amenity": "fast_food",
        "brand": "Bojangles'",
        "brand:wikidata": "Q891163",
        "building": "yes",
        "cuisine": "chicken",
        "drive_through": "yes",
        "name": "Bojangles'",
        "official_name": "Bojangles' Famous Chicken 'n Biscuits",
        "phone": "+1 404-320-1039",
        "takeaway": "yes",
        "website": "https://locations.bojangles.com/ga/atlanta/3971-buford-highway.html",
        "@geometry": "center"
      },
      "geometry": {
        "type": "Point",
        "coordinates": [
          -84.3103158,
          33.8587904
        ]
      },
      "id": "way/914558745"
    },
    {
      "type": "Feature",
      "properties": {
        "@id": "way/915635947",
        "addr:city": "Waxhaw",
        "addr:country": "US",
        "addr:housenumber": "2933",
        "addr:postcode": "28173",
        "addr:state": "NC",
        "addr:street": "Providence Road South",
        "amenity": "fast_food",
        "brand": "Bojangles'",
        "brand:wikidata": "Q891163",
        "building": "yes",
        "cuisine": "chicken",
        "delivery": "yes",
        "drive_through": "yes",
        "name": "Bojangles",
        "official_name": "Bojangles' Famous Chicken 'n Biscuits",
        "opening_hours": "Su 06:00-22:00; Mo-Sa 05:00-22:00",
        "operator": "Bojangles Restaurants, INC.",
        "phone": "+1 704-627-2203",
        "takeaway": "yes",
        "website": "https://locations.bojangles.com/nc/waxhaw/2933-providence-road-south.html",
        "@geometry": "center"
      },
      "geometry": {
        "type": "Point",
        "coordinates": [
          -80.7608399,
          34.9616293
        ]
      },
      "id": "way/915635947"
    },
    {
      "type": "Feature",
      "properties": {
        "@id": "way/915684202",
        "addr:city": "Greenwood",
        "addr:housenumber": "1127",
        "addr:postcode": "29649",
        "addr:state": "SC",
        "addr:street": "Bypass 72 Northeast",
        "amenity": "fast_food",
        "brand": "Bojangles'",
        "brand:wikidata": "Q891163",
        "building": "yes",
        "cuisine": "chicken",
        "drive_through": "yes",
        "name": "Bojangles'",
        "official_name": "Bojangles' Famous Chicken 'n Biscuits",
        "phone": "+1 864-227-1941",
        "takeaway": "yes",
        "website": "https://locations.bojangles.com/sc/greenwood/1127-bypass-72-n-e.html",
        "@geometry": "center"
      },
      "geometry": {
        "type": "Point",
        "coordinates": [
          -82.1470377,
          34.2088214
        ]
      },
      "id": "way/915684202"
    },
    {
      "type": "Feature",
      "properties": {
        "@id": "way/916501272",
        "addr:city": "Winston Salem",
        "addr:housenumber": "585",
        "addr:postcode": "27104",
        "addr:state": "NC",
        "addr:street": "Northwest Boulevard",
        "amenity": "fast_food",
        "brand": "Bojangles'",
        "brand:wikidata": "Q891163",
        "building": "yes",
        "cuisine": "chicken",
        "drive_through": "yes",
        "name": "Bojangles'",
        "official_name": "Bojangles' Famous Chicken 'n Biscuits",
        "phone": "+1 336-722-4282",
        "takeaway": "yes",
        "website": "https://locations.bojangles.com/nc/winston-salem/585-northwest-blvd.html",
        "@geometry": "center"
      },
      "geometry": {
        "type": "Point",
        "coordinates": [
          -80.2520674,
          36.1084103
        ]
      },
      "id": "way/916501272"
    },
    {
      "type": "Feature",
      "properties": {
        "@id": "way/916536540",
        "addr:city": "Greenville",
        "addr:housenumber": "3775",
        "addr:postcode": "27834",
        "addr:state": "NC",
        "addr:street": "Martin Luther King Junior Highway",
        "amenity": "fast_food",
        "brand": "Bojangles'",
        "brand:wikidata": "Q891163",
        "building": "yes",
        "cuisine": "chicken",
        "drive_through": "yes",
        "name": "Bojangles'",
        "official_name": "Bojangles' Famous Chicken 'n Biscuits",
        "phone": "+1 252-413-0478",
        "takeaway": "yes",
        "website": "https://locations.bojangles.com/nc/greenville/3775-martin-luther-king-jr-hwy.html",
        "@geometry": "center"
      },
      "geometry": {
        "type": "Point",
        "coordinates": [
          -77.3286079,
          35.627464
        ]
      },
      "id": "way/916536540"
    },
    {
      "type": "Feature",
      "properties": {
        "@id": "way/933079327",
        "addr:city": "Simpsonville",
        "addr:housenumber": "2527",
        "addr:postcode": "29681",
        "addr:state": "SC",
        "addr:street": "Woodruff Road",
        "amenity": "fast_food",
        "brand": "Bojangles'",
        "brand:wikidata": "Q891163",
        "building": "yes",
        "cuisine": "chicken",
        "drive_through": "yes",
        "name": "Bojangles'",
        "official_name": "Bojangles' Famous Chicken 'n Biscuits",
        "phone": "+1 864-627-7725",
        "takeaway": "yes",
        "website": "https://locations.bojangles.com/sc/simpsonville/2527-woodruff-road.html",
        "@geometry": "center"
      },
      "geometry": {
        "type": "Point",
        "coordinates": [
          -82.2345785,
          34.8084851
        ]
      },
      "id": "way/933079327"
    },
    {
      "type": "Feature",
      "properties": {
        "@id": "way/940786940",
        "addr:city": "Mayodan",
        "addr:housenumber": "6820",
        "addr:postcode": "27027",
        "addr:state": "NC",
        "addr:street": "NC 135",
        "amenity": "fast_food",
        "brand": "Bojangles'",
        "brand:wikidata": "Q891163",
        "building": "yes",
        "cuisine": "chicken",
        "drive_through": "yes",
        "name": "Bojangles'",
        "official_name": "Bojangles' Famous Chicken 'n Biscuits",
        "phone": "+1-336-427-3097",
        "takeaway": "yes",
        "website": "https://locations.bojangles.com/nc/mayodan/6820-nc-135.html",
        "@geometry": "center"
      },
      "geometry": {
        "type": "Point",
        "coordinates": [
          -79.9396359,
          36.4155578
        ]
      },
      "id": "way/940786940"
    },
    {
      "type": "Feature",
      "properties": {
        "@id": "way/940788688",
        "addr:city": "Oxford",
        "addr:country": "US",
        "addr:housenumber": "31",
        "addr:postcode": "36203",
        "addr:state": "AL",
        "addr:street": "Holmes Drive",
        "amenity": "fast_food",
        "branch": "Oxford",
        "brand": "Bojangles'",
        "brand:wikidata": "Q891163",
        "building": "retail",
        "contact:facebook": "https://www.facebook.com/Bojangles/",
        "contact:twitter": "Bojangles",
        "cuisine": "chicken",
        "drive_through": "yes",
        "name": "Bojangles'",
        "official_name": "Bojangles' Famous Chicken 'n Biscuits",
        "opening_hours": "Mo-Sa 05:00-22:00; Su 06:00-22:00",
        "phone": "+1 256-831-9883",
        "takeaway": "yes",
        "website": "https://locations.bojangles.com/al/oxford/31-holmes-drive-914.html",
        "@geometry": "center"
      },
      "geometry": {
        "type": "Point",
        "coordinates": [
          -85.8264173,
          33.6094616
        ]
      },
      "id": "way/940788688"
    },
    {
      "type": "Feature",
      "properties": {
        "@id": "way/942539344",
        "addr:city": "Port Wentworth",
        "addr:housenumber": "7111",
        "addr:postcode": "31407",
        "addr:state": "GA",
        "addr:street": "Highway 21",
        "amenity": "fast_food",
        "brand": "Bojangles'",
        "brand:wikidata": "Q891163",
        "building": "yes",
        "cuisine": "chicken",
        "drive_through": "yes",
        "name": "Bojangles'",
        "official_name": "Bojangles' Famous Chicken 'n Biscuits",
        "phone": "+1 912-226-2550",
        "source": "microsoft/BuildingFootprints",
        "takeaway": "yes",
        "website": "https://locations.bojangles.com/ga/port-wentworth/7111-highway-21.html",
        "@geometry": "center"
      },
      "geometry": {
        "type": "Point",
        "coordinates": [
          -81.1967015,
          32.1938025
        ]
      },
      "id": "way/942539344"
    },
    {
      "type": "Feature",
      "properties": {
        "@id": "way/944347313",
        "addr:city": "Savannah",
        "addr:housenumber": "4401",
        "addr:postcode": "31405",
        "addr:state": "GA",
        "addr:street": "Ogeechee Road",
        "amenity": "fast_food",
        "brand": "Bojangles'",
        "brand:wikidata": "Q891163",
        "building": "yes",
        "cuisine": "chicken",
        "name": "Bojangles'",
        "official_name": "Bojangles' Famous Chicken 'n Biscuits",
        "phone": "+1 912-777-5468",
        "takeaway": "yes",
        "website": "https://locations.bojangles.com/ga/savannah/4401-ogeechee-rd.html",
        "@geometry": "center"
      },
      "geometry": {
        "type": "Point",
        "coordinates": [
          -81.1697577,
          32.0468196
        ]
      },
      "id": "way/944347313"
    },
    {
      "type": "Feature",
      "properties": {
        "@id": "way/948321751",
        "addr:city": "Woodstock",
        "addr:housenumber": "2072",
        "addr:postcode": "30189",
        "addr:state": "GA",
        "addr:street": "Eagle Drive",
        "amenity": "fast_food",
        "brand": "Bojangles'",
        "brand:wikidata": "Q891163",
        "building": "yes",
        "check_date": "2025-12-16",
        "cuisine": "chicken",
        "drive_through": "yes",
        "name": "Bojangles'",
        "official_name": "Bojangles' Famous Chicken 'n Biscuits",
        "opening_hours": "06:00-22:00",
        "payment:cash": "yes",
        "payment:credit_cards": "yes",
        "payment:debit_cards": "yes",
        "phone": "+1 770-485-5404",
        "takeaway": "yes",
        "website": "https://locations.bojangles.com/ga/woodstock/2072-eagle-drive.html",
        "wheelchair": "yes",
        "@geometry": "center"
      },
      "geometry": {
        "type": "Point",
        "coordinates": [
          -84.56266,
          34.112655
        ]
      },
      "id": "way/948321751"
    },
    {
      "type": "Feature",
      "properties": {
        "@id": "way/949893213",
        "addr:city": "Morrow",
        "addr:housenumber": "7340",
        "addr:postcode": "30260",
        "addr:state": "GA",
        "addr:street": "Jonesboro Road",
        "amenity": "fast_food",
        "brand": "Bojangles'",
        "brand:wikidata": "Q891163",
        "building": "yes",
        "cuisine": "chicken",
        "drive_through": "yes",
        "name": "Bojangles'",
        "official_name": "Bojangles' Famous Chicken 'n Biscuits",
        "phone": "+1 770-629-6848",
        "takeaway": "yes",
        "website": "https://locations.bojangles.com/ga/morrow/7340-jonesboro-road.html",
        "@geometry": "center"
      },
      "geometry": {
        "type": "Point",
        "coordinates": [
          -84.3462416,
          33.5545306
        ]
      },
      "id": "way/949893213"
    },
    {
      "type": "Feature",
      "properties": {
        "@id": "way/955462042",
        "addr:city": "Dothan",
        "addr:housenumber": "2794",
        "addr:postcode": "36301",
        "addr:state": "AL",
        "addr:street": "Ross Clark Circle",
        "amenity": "fast_food",
        "brand": "Bojangles'",
        "brand:wikidata": "Q891163",
        "building": "yes",
        "cuisine": "chicken",
        "drive_through": "yes",
        "name": "Bojangles'",
        "official_name": "Bojangles' Famous Chicken 'n Biscuits",
        "phone": "+1 334-699-6828",
        "takeaway": "yes",
        "website": "https://locations.bojangles.com/al/dothan/2794-ross-clark-circle.html",
        "@geometry": "center"
      },
      "geometry": {
        "type": "Point",
        "coordinates": [
          -85.428026,
          31.2127978
        ]
      },
      "id": "way/955462042"
    },
    {
      "type": "Feature",
      "properties": {
        "@id": "way/955579100",
        "addr:city": "Loudon",
        "addr:housenumber": "12300",
        "addr:postcode": "37774",
        "addr:state": "TN",
        "addr:street": "State Route 72",
        "amenity": "fast_food",
        "brand": "Bojangles'",
        "brand:wikidata": "Q891163",
        "building": "yes",
        "check_date": "2026-06-29",
        "check_date:opening_hours": "2026-06-29",
        "cuisine": "chicken",
        "name": "Bojangles'",
        "official_name": "Bojangles' Famous Chicken 'n Biscuits",
        "opening_hours": "Mo-Th 04:00-22:00; Fr-Sa 04:00-23:00; Su 05:00-23:00",
        "phone": "+1 865-458-0474",
        "takeaway": "yes",
        "website": "https://locations.bojangles.com/tn/loudon/12300-state-road-72-n.html",
        "@geometry": "center"
      },
      "geometry": {
        "type": "Point",
        "coordinates": [
          -84.3894747,
          35.7321356
        ]
      },
      "id": "way/955579100"
    },
    {
      "type": "Feature",
      "properties": {
        "@id": "way/958085331",
        "addr:city": "Columbus",
        "addr:housenumber": "2883",
        "addr:postcode": "31909",
        "addr:state": "GA",
        "addr:street": "Airport Thruway",
        "amenity": "fast_food",
        "brand": "Bojangles'",
        "brand:wikidata": "Q891163",
        "building": "yes",
        "cuisine": "chicken",
        "drive_through": "yes",
        "name": "Bojangles'",
        "official_name": "Bojangles' Famous Chicken 'n Biscuits",
        "phone": "+1-706-257-4564",
        "source": "microsoft/BuildingFootprints",
        "takeaway": "yes",
        "@geometry": "center"
      },
      "geometry": {
        "type": "Point",
        "coordinates": [
          -84.9479011,
          32.5210954
        ]
      },
      "id": "way/958085331"
    },
    {
      "type": "Feature",
      "properties": {
        "@id": "way/972518575",
        "addr:city": "Tucker",
        "addr:housenumber": "3336",
        "addr:postcode": "30084",
        "addr:state": "GA",
        "addr:street": "Lawrenceville Highway",
        "amenity": "fast_food",
        "brand": "Bojangles'",
        "brand:wikidata": "Q891163",
        "building": "yes",
        "cuisine": "chicken",
        "drive_through": "yes",
        "name": "Bojangles'",
        "official_name": "Bojangles' Famous Chicken 'n Biscuits",
        "phone": "+1 770-934-5455",
        "source": "microsoft/BuildingFootprints",
        "takeaway": "yes",
        "website": "https://locations.bojangles.com/ga/tucker/3336-lawrenceville-hwy.html",
        "@geometry": "center"
      },
      "geometry": {
        "type": "Point",
        "coordinates": [
          -84.2391683,
          33.8374417
        ]
      },
      "id": "way/972518575"
    },
    {
      "type": "Feature",
      "properties": {
        "@id": "way/979431420",
        "addr:city": "Piney Flats",
        "addr:housenumber": "6547",
        "addr:postcode": "37686",
        "addr:state": "TN",
        "addr:street": "Highway 11 E",
        "amenity": "fast_food",
        "brand": "Bojangles'",
        "brand:wikidata": "Q891163",
        "building": "yes",
        "cuisine": "chicken",
        "drive_through": "yes",
        "name": "Bojangles'",
        "official_name": "Bojangles' Famous Chicken 'n Biscuits",
        "opening_hours": "Mo-Sa 05:00-22:00; Su 06:00-22:00",
        "phone": "+1-423-391-1200",
        "takeaway": "yes",
        "website": "https://locations.bojangles.com/tn/piney-flats/6547-hwy-11-e.html",
        "@geometry": "center"
      },
      "geometry": {
        "type": "Point",
        "coordinates": [
          -82.3192935,
          36.4243949
        ]
      },
      "id": "way/979431420"
    },
    {
      "type": "Feature",
      "properties": {
        "@id": "way/979565384",
        "addr:city": "Pageland",
        "addr:housenumber": "535",
        "addr:postcode": "29728",
        "addr:state": "SC",
        "addr:street": "East McGregor Street",
        "amenity": "fast_food",
        "brand": "Bojangles'",
        "brand:wikidata": "Q891163",
        "building": "yes",
        "cuisine": "chicken",
        "drive_through": "yes",
        "name": "Bojangles'",
        "official_name": "Bojangles' Famous Chicken 'n Biscuits",
        "opening_hours": "Mo-Sa 05:30-22:00; Su 06:00-22:00",
        "operator": "Camp-Bo",
        "phone": "+1-843-672-7500",
        "source": "microsoft/BuildingFootprints",
        "takeaway": "yes",
        "website": "https://locations.bojangles.com/sc/pageland/608-east-mcgregor.html",
        "@geometry": "center"
      },
      "geometry": {
        "type": "Point",
        "coordinates": [
          -80.3832788,
          34.7734573
        ]
      },
      "id": "way/979565384"
    },
    {
      "type": "Feature",
      "properties": {
        "@id": "way/979746300",
        "addr:city": "Columbus",
        "addr:housenumber": "3264",
        "addr:postcode": "31903",
        "addr:state": "GA",
        "addr:street": "Victory Drive",
        "amenity": "fast_food",
        "brand": "Bojangles'",
        "brand:wikidata": "Q891163",
        "building": "yes",
        "cuisine": "chicken",
        "drive_through": "yes",
        "name": "Bojangles'",
        "official_name": "Bojangles' Famous Chicken 'n Biscuits",
        "phone": "+1 762-821-1264",
        "takeaway": "yes",
        "website": "https://locations.bojangles.com/ga/columbus/3264-victory-drive.html",
        "@geometry": "center"
      },
      "geometry": {
        "type": "Point",
        "coordinates": [
          -84.9543657,
          32.4308692
        ]
      },
      "id": "way/979746300"
    },
    {
      "type": "Feature",
      "properties": {
        "@id": "way/982244043",
        "addr:city": "Cedartown",
        "addr:housenumber": "135",
        "addr:postcode": "30125",
        "addr:state": "GA",
        "addr:street": "North Main Street",
        "amenity": "fast_food",
        "brand": "Bojangles'",
        "brand:wikidata": "Q891163",
        "building": "yes",
        "cuisine": "chicken",
        "drive_through": "yes",
        "name": "Bojangles'",
        "official_name": "Bojangles' Famous Chicken 'n Biscuits",
        "phone": "+1 678-861-5223",
        "takeaway": "yes",
        "website": "https://locations.bojangles.com/ga/cedartown/135-north-main-street.html",
        "@geometry": "center"
      },
      "geometry": {
        "type": "Point",
        "coordinates": [
          -85.2546536,
          34.0162027
        ]
      },
      "id": "way/982244043"
    },
    {
      "type": "Feature",
      "properties": {
        "@id": "way/983308674",
        "addr:city": "Rome",
        "addr:housenumber": "1507",
        "addr:postcode": "30161",
        "addr:state": "GA",
        "addr:street": "Turner McCall Parkway",
        "amenity": "fast_food",
        "brand": "Bojangles'",
        "brand:wikidata": "Q891163",
        "building": "yes",
        "cuisine": "chicken",
        "drive_through": "yes",
        "name": "Bojangles'",
        "official_name": "Bojangles' Famous Chicken 'n Biscuits",
        "phone": "+1 706-235-2442",
        "source": "microsoft/BuildingFootprints",
        "takeaway": "yes",
        "website": "https://locations.bojangles.com/ga/rome/1507-turner-mccall-pkwy.html",
        "@geometry": "center"
      },
      "geometry": {
        "type": "Point",
        "coordinates": [
          -85.160834,
          34.2460495
        ]
      },
      "id": "way/983308674"
    },
    {
      "type": "Feature",
      "properties": {
        "@id": "way/983668765",
        "addr:city": "Charlotte",
        "addr:housenumber": "1402",
        "addr:postcode": "28216",
        "addr:state": "NC",
        "addr:street": "West Trade Street",
        "amenity": "fast_food",
        "brand": "Bojangles'",
        "brand:wikidata": "Q891163",
        "building": "yes",
        "cuisine": "chicken",
        "drive_through": "yes",
        "name": "Bojangles'",
        "official_name": "Bojangles' Famous Chicken 'n Biscuits",
        "phone": "+1 704-334-0158",
        "takeaway": "yes",
        "website": "https://locations.bojangles.com/nc/charlotte/1402-w--trade-st.html",
        "@geometry": "center"
      },
      "geometry": {
        "type": "Point",
        "coordinates": [
          -80.8584165,
          35.2363423
        ]
      },
      "id": "way/983668765"
    },
    {
      "type": "Feature",
      "properties": {
        "@id": "way/984568620",
        "addr:city": "Summerville",
        "addr:housenumber": "11277",
        "addr:postcode": "30747",
        "addr:state": "GA",
        "addr:street": "Highway 27",
        "amenity": "fast_food",
        "brand": "Bojangles'",
        "brand:wikidata": "Q891163",
        "building": "yes",
        "cuisine": "chicken",
        "drive_through": "yes",
        "name": "Bojangles'",
        "official_name": "Bojangles' Famous Chicken 'n Biscuits",
        "phone": "+1 706-808-0191",
        "source": "microsoft/BuildingFootprints",
        "takeaway": "yes",
        "website": "https://locations.bojangles.com/ga/summerville/11277-highway-27.html",
        "@geometry": "center"
      },
      "geometry": {
        "type": "Point",
        "coordinates": [
          -85.336141,
          34.4949675
        ]
      },
      "id": "way/984568620"
    },
    {
      "type": "Feature",
      "properties": {
        "@id": "way/987495792",
        "addr:city": "Columbus",
        "addr:housenumber": "7660",
        "addr:postcode": "31909",
        "addr:state": "GA",
        "addr:street": "Schomburg Road",
        "amenity": "fast_food",
        "brand": "Bojangles'",
        "brand:wikidata": "Q891163",
        "building": "yes",
        "cuisine": "chicken",
        "drive_through": "yes",
        "name": "Bojangles'",
        "official_name": "Bojangles' Famous Chicken 'n Biscuits",
        "phone": "+1 706-561-0218",
        "takeaway": "yes",
        "website": "https://locations.bojangles.com/ga/columbus/7660-schomburg-road.html",
        "@geometry": "center"
      },
      "geometry": {
        "type": "Point",
        "coordinates": [
          -84.9058433,
          32.5596792
        ]
      },
      "id": "way/987495792"
    },
    {
      "type": "Feature",
      "properties": {
        "@id": "way/988089083",
        "addr:city": "Chatsworth",
        "addr:housenumber": "1119",
        "addr:postcode": "30705",
        "addr:state": "GA",
        "addr:street": "North 3rd Avenue",
        "amenity": "fast_food",
        "brand": "Bojangles'",
        "brand:wikidata": "Q891163",
        "building": "yes",
        "cuisine": "chicken",
        "drive_through": "yes",
        "name": "Bojangles'",
        "official_name": "Bojangles' Famous Chicken 'n Biscuits",
        "phone": "+1 706-695-2590",
        "takeaway": "yes",
        "website": "https://locations.bojangles.com/ga/chatsworth/1119-north-3rd-avenue.html",
        "@geometry": "center"
      },
      "geometry": {
        "type": "Point",
        "coordinates": [
          -84.7731993,
          34.7889443
        ]
      },
      "id": "way/988089083"
    },
    {
      "type": "Feature",
      "properties": {
        "@id": "way/989242873",
        "addr:city": "Clemmons",
        "addr:housenumber": "1423",
        "addr:postcode": "27012",
        "addr:state": "NC",
        "addr:street": "Lewisville Clemmons Road",
        "amenity": "fast_food",
        "brand": "Bojangles'",
        "brand:wikidata": "Q891163",
        "building": "retail",
        "cuisine": "chicken",
        "drive_through": "yes",
        "indoor_seating": "yes",
        "name": "Bojangles'",
        "official_name": "Bojangles' Famous Chicken 'n Biscuits",
        "outdoor_seating": "no",
        "phone": "+1 336-778-0414",
        "takeaway": "yes",
        "website": "https://locations.bojangles.com/nc/clemmons/1423-lewisville-clemmons-rd.html",
        "@geometry": "center"
      },
      "geometry": {
        "type": "Point",
        "coordinates": [
          -80.3891832,
          36.0750833
        ]
      },
      "id": "way/989242873"
    },
    {
      "type": "Feature",
      "properties": {
        "@id": "way/991892798",
        "addr:city": "Kinston",
        "addr:housenumber": "1028",
        "addr:postcode": "28501",
        "addr:state": "NC",
        "addr:street": "West New Bern Road",
        "amenity": "fast_food",
        "brand": "Bojangles'",
        "brand:wikidata": "Q891163",
        "building": "yes",
        "cuisine": "chicken",
        "drive_through": "yes",
        "name": "Bojangles'",
        "official_name": "Bojangles' Famous Chicken 'n Biscuits",
        "phone": "+1 252-527-1664",
        "takeaway": "yes",
        "website": "https://locations.bojangles.com/nc/kinston/1028-w--new-bern-rd.html",
        "@geometry": "center"
      },
      "geometry": {
        "type": "Point",
        "coordinates": [
          -77.6011636,
          35.2530683
        ]
      },
      "id": "way/991892798"
    },
    {
      "type": "Feature",
      "properties": {
        "@id": "way/992481867",
        "addr:city": "Elgin",
        "addr:housenumber": "2513",
        "addr:postcode": "29045",
        "addr:state": "SC",
        "addr:street": "Main Street",
        "amenity": "fast_food",
        "brand": "Bojangles'",
        "brand:wikidata": "Q891163",
        "building": "yes",
        "cuisine": "chicken",
        "drive_through": "yes",
        "name": "Bojangles'",
        "official_name": "Bojangles' Famous Chicken 'n Biscuits",
        "phone": "+1 803-438-2296",
        "takeaway": "yes",
        "website": "https://locations.bojangles.com/sc/elgin/2513-main-street.html",
        "@geometry": "center"
      },
      "geometry": {
        "type": "Point",
        "coordinates": [
          -80.7953555,
          34.1685815
        ]
      },
      "id": "way/992481867"
    },
    {
      "type": "Feature",
      "properties": {
        "@id": "way/992962944",
        "addr:city": "Clarksville",
        "addr:housenumber": "1836",
        "addr:postcode": "37042",
        "addr:state": "TN",
        "addr:street": "Tiny Town Road",
        "amenity": "fast_food",
        "brand": "Bojangles'",
        "brand:wikidata": "Q891163",
        "building": "yes",
        "cuisine": "chicken",
        "drive_through": "yes",
        "name": "Bojangles'",
        "official_name": "Bojangles' Famous Chicken 'n Biscuits",
        "phone": "+1 931-647-2405",
        "takeaway": "yes",
        "website": "https://locations.bojangles.com/tn/clarksville/1836-tiny-town-road.html",
        "@geometry": "center"
      },
      "geometry": {
        "type": "Point",
        "coordinates": [
          -87.3246848,
          36.6253197
        ]
      },
      "id": "way/992962944"
    },
    {
      "type": "Feature",
      "properties": {
        "@id": "way/995061893",
        "addr:city": "Flat Rock",
        "addr:housenumber": "700",
        "addr:postcode": "28731",
        "addr:state": "NC",
        "addr:street": "Upward Road",
        "amenity": "fast_food",
        "brand": "Bojangles'",
        "brand:wikidata": "Q891163",
        "building": "yes",
        "cuisine": "chicken",
        "drive_through": "yes",
        "name": "Bojangles'",
        "official_name": "Bojangles' Famous Chicken 'n Biscuits",
        "phone": "+1 828-696-9126",
        "takeaway": "yes",
        "website": "https://locations.bojangles.com/nc/flat-rock/700-upward-road.html",
        "@geometry": "center"
      },
      "geometry": {
        "type": "Point",
        "coordinates": [
          -82.4095897,
          35.2976747
        ]
      },
      "id": "way/995061893"
    },
    {
      "type": "Feature",
      "properties": {
        "@id": "way/997521459",
        "addr:city": "Concord",
        "addr:housenumber": "3451",
        "addr:postcode": "28025",
        "addr:state": "NC",
        "addr:street": "Highway 601 South",
        "amenity": "fast_food",
        "brand": "Bojangles'",
        "brand:wikidata": "Q891163",
        "building": "yes",
        "cuisine": "chicken",
        "drive_through": "yes",
        "name": "Bojangles'",
        "official_name": "Bojangles' Famous Chicken 'n Biscuits",
        "phone": "+1 704-782-8603",
        "source": "microsoft/BuildingFootprints",
        "takeaway": "yes",
        "website": "https://locations.bojangles.com/nc/concord/3451-us-hwy-601-s.html",
        "@geometry": "center"
      },
      "geometry": {
        "type": "Point",
        "coordinates": [
          -80.5489915,
          35.3708615
        ]
      },
      "id": "way/997521459"
    },
    {
      "type": "Feature",
      "properties": {
        "@id": "way/999025899",
        "addr:city": "Conyers",
        "addr:housenumber": "1970",
        "addr:postcode": "30013",
        "addr:state": "GA",
        "addr:street": "Highway 138",
        "amenity": "fast_food",
        "brand": "Bojangles'",
        "brand:wikidata": "Q891163",
        "building": "yes",
        "cuisine": "chicken",
        "drive_through": "yes",
        "name": "Bojangles'",
        "official_name": "Bojangles' Famous Chicken 'n Biscuits",
        "phone": "+1 678-413-4997",
        "takeaway": "yes",
        "website": "https://locations.bojangles.com/ga/conyers/1970-hwy-138.html",
        "@geometry": "center"
      },
      "geometry": {
        "type": "Point",
        "coordinates": [
          -83.982735,
          33.672486
        ]
      },
      "id": "way/999025899"
    },
    {
      "type": "Feature",
      "properties": {
        "@id": "way/999241240",
        "amenity": "fast_food",
        "brand": "Bojangles'",
        "brand:wikidata": "Q891163",
        "building": "yes",
        "cuisine": "chicken",
        "drive_through": "yes",
        "name": "Bojangles'",
        "official_name": "Bojangles' Famous Chicken 'n Biscuits",
        "takeaway": "yes",
        "@geometry": "center"
      },
      "geometry": {
        "type": "Point",
        "coordinates": [
          -87.0126762,
          32.4319529
        ]
      },
      "id": "way/999241240"
    },
    {
      "type": "Feature",
      "properties": {
        "@id": "way/1000699691",
        "addr:city": "Clemmons",
        "addr:housenumber": "2468",
        "addr:postcode": "27012",
        "addr:state": "NC",
        "addr:street": "Market Center Drive",
        "amenity": "fast_food",
        "brand": "Bojangles'",
        "brand:wikidata": "Q891163",
        "building": "retail",
        "cuisine": "chicken",
        "drive_through": "yes",
        "name": "Bojangles'",
        "official_name": "Bojangles' Famous Chicken 'n Biscuits",
        "phone": "+1 336-766-0168",
        "source": "survey",
        "takeaway": "yes",
        "website": "https://locations.bojangles.com/nc/clemmons/2468-market-center-drive.html",
        "@geometry": "center"
      },
      "geometry": {
        "type": "Point",
        "coordinates": [
          -80.382411,
          36.0314417
        ]
      },
      "id": "way/1000699691"
    },
    {
      "type": "Feature",
      "properties": {
        "@id": "way/1002194902",
        "addr:city": "Knoxville",
        "addr:housenumber": "3813",
        "addr:postcode": "37917",
        "addr:state": "TN",
        "addr:street": "North Broadway",
        "amenity": "fast_food",
        "brand": "Bojangles'",
        "brand:wikidata": "Q891163",
        "building": "yes",
        "cuisine": "chicken",
        "name": "Bojangles'",
        "official_name": "Bojangles' Famous Chicken 'n Biscuits",
        "phone": "+1 865-312-9571",
        "takeaway": "yes",
        "website": "https://locations.bojangles.com/tn/knoxville/3813-north-broadway.html",
        "@geometry": "center"
      },
      "geometry": {
        "type": "Point",
        "coordinates": [
          -83.9270802,
          36.0068346
        ]
      },
      "id": "way/1002194902"
    },
    {
      "type": "Feature",
      "properties": {
        "@id": "way/1003919065",
        "addr:city": "Smyrna",
        "addr:housenumber": "5220",
        "addr:postcode": "30080",
        "addr:state": "GA",
        "addr:street": "South Cobb Drive",
        "amenity": "fast_food",
        "brand": "Bojangles'",
        "brand:wikidata": "Q891163",
        "cuisine": "chicken",
        "drive_through": "yes",
        "name": "Bojangles'",
        "official_name": "Bojangles' Famous Chicken 'n Biscuits",
        "phone": "+1 470-407-7108",
        "takeaway": "yes",
        "website": "https://locations.bojangles.com/ga/smyrna/5220-south-cobb-drive.html",
        "@geometry": "center"
      },
      "geometry": {
        "type": "Point",
        "coordinates": [
          -84.4918789,
          33.8263995
        ]
      },
      "id": "way/1003919065"
    },
    {
      "type": "Feature",
      "properties": {
        "@id": "way/1006976156",
        "addr:city": "Augusta",
        "addr:housenumber": "1457",
        "addr:postcode": "30904",
        "addr:state": "GA",
        "addr:street": "Walton Way",
        "amenity": "fast_food",
        "brand": "Bojangles'",
        "brand:wikidata": "Q891163",
        "building": "yes",
        "cuisine": "chicken",
        "drive_through": "yes",
        "name": "Bojangles'",
        "official_name": "Bojangles' Famous Chicken 'n Biscuits",
        "phone": "+1 706-722-1380",
        "takeaway": "yes",
        "website": "https://locations.bojangles.com/ga/augusta/1457-walton-way.html",
        "@geometry": "center"
      },
      "geometry": {
        "type": "Point",
        "coordinates": [
          -81.9845905,
          33.4746885
        ]
      },
      "id": "way/1006976156"
    },
    {
      "type": "Feature",
      "properties": {
        "@id": "way/1006981476",
        "addr:city": "Augusta",
        "addr:housenumber": "3360",
        "addr:postcode": "30909",
        "addr:state": "GA",
        "addr:street": "Wrightsboro Road",
        "amenity": "fast_food",
        "brand": "Bojangles'",
        "brand:wikidata": "Q891163",
        "building": "yes",
        "cuisine": "chicken",
        "drive_through": "yes",
        "name": "Bojangles'",
        "official_name": "Bojangles' Famous Chicken 'n Biscuits",
        "phone": "+1 706-364-4754",
        "takeaway": "yes",
        "website": "https://locations.bojangles.com/ga/augusta/3360-wrightsboro-road.html",
        "@geometry": "center"
      },
      "geometry": {
        "type": "Point",
        "coordinates": [
          -82.0736255,
          33.4680852
        ]
      },
      "id": "way/1006981476"
    },
    {
      "type": "Feature",
      "properties": {
        "@id": "way/1007901520",
        "addr:city": "Cleveland",
        "addr:housenumber": "1410",
        "addr:postcode": "37312",
        "addr:state": "TN",
        "addr:street": "25th Street Northwest",
        "amenity": "fast_food",
        "brand": "Bojangles'",
        "brand:wikidata": "Q891163",
        "building": "yes",
        "cuisine": "chicken",
        "drive_through": "yes",
        "name": "Bojangles'",
        "official_name": "Bojangles' Famous Chicken 'n Biscuits",
        "opening_hours": "Mo-Sa 05:00-22:00; Su 06:00-22:00",
        "phone": "+1 423-472-2602",
        "takeaway": "yes",
        "website": "https://locations.bojangles.com/tn/cleveland/1410-25th-street-nw.html",
        "@geometry": "center"
      },
      "geometry": {
        "type": "Point",
        "coordinates": [
          -84.8810403,
          35.1901701
        ]
      },
      "id": "way/1007901520"
    },
    {
      "type": "Feature",
      "properties": {
        "@id": "way/1010441734",
        "addr:city": "Villa Rica",
        "addr:housenumber": "750",
        "addr:postcode": "30180",
        "addr:state": "GA",
        "addr:street": "GA-61",
        "amenity": "fast_food",
        "brand": "Bojangles'",
        "brand:wikidata": "Q891163",
        "building": "yes",
        "cuisine": "chicken",
        "drive_through": "yes",
        "name": "Bojangles'",
        "official_name": "Bojangles' Famous Chicken 'n Biscuits",
        "opening_hours": "Mo-Sa 05:30-22:00; Su 06:00-22:00",
        "phone": "+1-770-459-5624",
        "takeaway": "yes",
        "website": "https://locations.bojangles.com/ga/villa-rica/750-highway-61.html",
        "@geometry": "center"
      },
      "geometry": {
        "type": "Point",
        "coordinates": [
          -84.936069,
          33.7119705
        ]
      },
      "id": "way/1010441734"
    },
    {
      "type": "Feature",
      "properties": {
        "@id": "way/1010620243",
        "addr:city": "Hiram",
        "addr:housenumber": "2017",
        "addr:postcode": "30141",
        "addr:state": "GA",
        "addr:street": "Lake Road",
        "amenity": "fast_food",
        "brand": "Bojangles'",
        "brand:wikidata": "Q891163",
        "building": "yes",
        "cuisine": "chicken",
        "drive_through": "yes",
        "name": "Bojangles'",
        "official_name": "Bojangles' Famous Chicken 'n Biscuits",
        "phone": "+1 770-222-5409",
        "takeaway": "yes",
        "website": "https://locations.bojangles.com/ga/hiram/2017-lake-road.html",
        "@geometry": "center"
      },
      "geometry": {
        "type": "Point",
        "coordinates": [
          -84.750539,
          33.890739
        ]
      },
      "id": "way/1010620243"
    },
    {
      "type": "Feature",
      "properties": {
        "@id": "way/1010680950",
        "addr:city": "Lithia Springs",
        "addr:housenumber": "885",
        "addr:postcode": "30122",
        "addr:state": "GA",
        "addr:street": "Thornton Road",
        "amenity": "fast_food",
        "brand": "Bojangles'",
        "brand:wikidata": "Q891163",
        "building": "yes",
        "cuisine": "chicken",
        "drive_through": "yes",
        "name": "Bojangles'",
        "official_name": "Bojangles' Famous Chicken 'n Biscuits",
        "phone": "+1 770-745-9090",
        "takeaway": "yes",
        "website": "https://locations.bojangles.com/ga/lithia-springs/885-thornton-road.html",
        "@geometry": "center"
      },
      "geometry": {
        "type": "Point",
        "coordinates": [
          -84.608288,
          33.7801099
        ]
      },
      "id": "way/1010680950"
    },
    {
      "type": "Feature",
      "properties": {
        "@id": "way/1015367660",
        "addr:city": "Lillington",
        "addr:housenumber": "1536",
        "addr:postcode": "27546",
        "addr:state": "NC",
        "addr:street": "North Main Street",
        "amenity": "fast_food",
        "brand": "Bojangles'",
        "brand:wikidata": "Q891163",
        "building": "yes",
        "cuisine": "chicken",
        "drive_through": "yes",
        "name": "Bojangles'",
        "official_name": "Bojangles' Famous Chicken 'n Biscuits",
        "opening_hours": "Mo-Th,Su 05:30-22:00; Fr-Sa 05:30-23:00",
        "phone": "+1 910-814-3700",
        "takeaway": "yes",
        "website": "https://locations.bojangles.com/nc/lillington/1536-n--main-street.html",
        "@geometry": "center"
      },
      "geometry": {
        "type": "Point",
        "coordinates": [
          -78.802248,
          35.4187242
        ]
      },
      "id": "way/1015367660"
    },
    {
      "type": "Feature",
      "properties": {
        "@id": "way/1016099581",
        "addr:city": "Valdosta",
        "addr:housenumber": "1725",
        "addr:postcode": "31601",
        "addr:state": "GA",
        "addr:street": "West Hill Avenue",
        "amenity": "fast_food",
        "brand": "Bojangles'",
        "brand:wikidata": "Q891163",
        "building": "yes",
        "cuisine": "chicken",
        "drive_through": "yes",
        "official_name": "Bojangles' Famous Chicken 'n Biscuits",
        "phone": "+1 229-242-4202",
        "takeaway": "yes",
        "website": "https://locations.bojangles.com/ga/valdosta/1725-west-hill-ave.html",
        "@geometry": "center"
      },
      "geometry": {
        "type": "Point",
        "coordinates": [
          -83.309192,
          30.8212905
        ]
      },
      "id": "way/1016099581"
    },
    {
      "type": "Feature",
      "properties": {
        "@id": "way/1016101170",
        "addr:city": "Valdosta",
        "addr:housenumber": "3661",
        "addr:postcode": "31602",
        "addr:state": "GA",
        "addr:street": "Inner Perimeter Road",
        "amenity": "fast_food",
        "brand": "Bojangles'",
        "brand:wikidata": "Q891163",
        "building": "retail",
        "cuisine": "chicken",
        "name": "Bojangles'",
        "official_name": "Bojangles' Famous Chicken 'n Biscuits",
        "phone": "+1 229-249-7985",
        "takeaway": "yes",
        "website": "https://locations.bojangles.com/ga/valdosta/3661-inner-perimeter-rd.html",
        "@geometry": "center"
      },
      "geometry": {
        "type": "Point",
        "coordinates": [
          -83.272635,
          30.8832665
        ]
      },
      "id": "way/1016101170"
    },
    {
      "type": "Feature",
      "properties": {
        "@id": "way/1020160604",
        "addr:city": "Albemarle",
        "addr:housenumber": "818",
        "addr:postcode": "28001",
        "addr:state": "NC",
        "addr:street": "Highway 24-27",
        "amenity": "fast_food",
        "brand": "Bojangles'",
        "brand:wikidata": "Q891163",
        "building": "retail",
        "cuisine": "chicken",
        "drive_through": "yes",
        "name": "Bojangles'",
        "official_name": "Bojangles' Famous Chicken 'n Biscuits",
        "phone": "+1 704-983-6868",
        "takeaway": "yes",
        "website": "https://locations.bojangles.com/nc/albemarle/818-hwy--24-27.html",
        "@geometry": "center"
      },
      "geometry": {
        "type": "Point",
        "coordinates": [
          -80.1679277,
          35.3462148
        ]
      },
      "id": "way/1020160604"
    },
    {
      "type": "Feature",
      "properties": {
        "@id": "way/1021248560",
        "addr:city": "Lake City",
        "addr:housenumber": "700",
        "addr:postcode": "29560",
        "addr:state": "SC",
        "addr:street": "Highway 52",
        "amenity": "fast_food",
        "brand": "Bojangles'",
        "brand:wikidata": "Q891163",
        "building": "yes",
        "cuisine": "chicken",
        "drive_through": "yes",
        "name": "Bojangles'",
        "official_name": "Bojangles' Famous Chicken 'n Biscuits",
        "phone": "+1 843-374-1089",
        "takeaway": "yes",
        "website": "https://locations.bojangles.com/sc/lake-city/700-us-hwy-52.html",
        "@geometry": "center"
      },
      "geometry": {
        "type": "Point",
        "coordinates": [
          -79.7551162,
          33.8905096
        ]
      },
      "id": "way/1021248560"
    },
    {
      "type": "Feature",
      "properties": {
        "@id": "way/1023541486",
        "addr:city": "Athens",
        "addr:housenumber": "755",
        "addr:postcode": "30601",
        "addr:street": "US 29 Highway North",
        "amenity": "fast_food",
        "brand": "Bojangles'",
        "brand:wikidata": "Q891163",
        "building": "yes",
        "cuisine": "chicken",
        "drive_through": "yes",
        "name": "Bojangles'",
        "official_name": "Bojangles' Famous Chicken 'n Biscuits",
        "ref:athensclarkeaddress": "70378",
        "takeaway": "yes",
        "@geometry": "center"
      },
      "geometry": {
        "type": "Point",
        "coordinates": [
          -83.3373786,
          33.9965193
        ]
      },
      "id": "way/1023541486"
    },
    {
      "type": "Feature",
      "properties": {
        "@id": "way/1026729872",
        "addr:city": "Hartsville",
        "addr:housenumber": "1125",
        "addr:postcode": "29550",
        "addr:state": "SC",
        "addr:street": "South 4th Street",
        "amenity": "fast_food",
        "brand": "Bojangles'",
        "brand:wikidata": "Q891163",
        "building": "yes",
        "cuisine": "chicken",
        "drive_through": "yes",
        "name": "Bojangles'",
        "official_name": "Bojangles' Famous Chicken 'n Biscuits",
        "phone": "+1 843-309-9144",
        "takeaway": "yes",
        "website": "https://locations.bojangles.com/sc/hartsville/1125-south-4th-street.html",
        "@geometry": "center"
      },
      "geometry": {
        "type": "Point",
        "coordinates": [
          -80.0610086,
          34.3603066
        ]
      },
      "id": "way/1026729872"
    },
    {
      "type": "Feature",
      "properties": {
        "@id": "way/1029063216",
        "addr:city": "Athens",
        "addr:housenumber": "3210",
        "addr:postcode": "30605",
        "addr:state": "GA",
        "addr:street": "Lexington Road",
        "amenity": "fast_food",
        "brand": "Bojangles'",
        "brand:wikidata": "Q891163",
        "building": "yes",
        "cuisine": "chicken",
        "drive_through": "yes",
        "name": "Bojangles'",
        "official_name": "Bojangles' Famous Chicken 'n Biscuits",
        "phone": "+1 706-850-0316",
        "ref:athensclarkeaddress": "26355",
        "takeaway": "yes",
        "website": "https://locations.bojangles.com/ga/athens/3210-lexington-road.html",
        "@geometry": "center"
      },
      "geometry": {
        "type": "Point",
        "coordinates": [
          -83.3246707,
          33.939308
        ]
      },
      "id": "way/1029063216"
    },
    {
      "type": "Feature",
      "properties": {
        "@id": "way/1030514427",
        "addr:city": "Boiling Springs",
        "addr:housenumber": "4011",
        "addr:postcode": "29316",
        "addr:state": "SC",
        "addr:street": "Highway 9",
        "amenity": "fast_food",
        "brand": "Bojangles'",
        "brand:wikidata": "Q891163",
        "building": "yes",
        "cuisine": "chicken",
        "drive_through": "yes",
        "name": "Bojangles'",
        "official_name": "Bojangles' Famous Chicken 'n Biscuits",
        "phone": "+1 864-814-2280",
        "takeaway": "yes",
        "website": "https://locations.bojangles.com/sc/boiling-springs/4011-hwy-9.html",
        "@geometry": "center"
      },
      "geometry": {
        "type": "Point",
        "coordinates": [
          -81.9880008,
          35.0502629
        ]
      },
      "id": "way/1030514427"
    },
    {
      "type": "Feature",
      "properties": {
        "@id": "way/1030747025",
        "addr:city": "McDonough",
        "addr:housenumber": "1390",
        "addr:postcode": "30253",
        "addr:state": "GA",
        "addr:street": "Jonesboro Road",
        "amenity": "fast_food",
        "brand": "Bojangles'",
        "brand:wikidata": "Q891163",
        "building": "retail",
        "cuisine": "chicken",
        "drive_through": "yes",
        "name": "Bojangles'",
        "official_name": "Bojangles' Famous Chicken 'n Biscuits",
        "phone": "+1 770-914-9490",
        "takeaway": "yes",
        "website": "https://locations.bojangles.com/ga/mcdonough/1390-jonesboro-road.html",
        "@geometry": "center"
      },
      "geometry": {
        "type": "Point",
        "coordinates": [
          -84.201357,
          33.4619615
        ]
      },
      "id": "way/1030747025"
    },
    {
      "type": "Feature",
      "properties": {
        "@id": "way/1037320854",
        "addr:city": "Cordele",
        "addr:housenumber": "1525",
        "addr:postcode": "31015",
        "addr:state": "GA",
        "addr:street": "East 8th Avenue",
        "amenity": "fast_food",
        "brand": "Bojangles'",
        "brand:wikidata": "Q891163",
        "building": "retail",
        "cuisine": "chicken",
        "drive_through": "yes",
        "name": "Bojangles'",
        "official_name": "Bojangles' Famous Chicken 'n Biscuits",
        "phone": "+1 229-276-1280",
        "takeaway": "yes",
        "website": "https://locations.bojangles.com/ga/cordele/1525-east-8th-avenue.html",
        "@geometry": "center"
      },
      "geometry": {
        "type": "Point",
        "coordinates": [
          -83.7579887,
          31.9759785
        ]
      },
      "id": "way/1037320854"
    },
    {
      "type": "Feature",
      "properties": {
        "@id": "way/1039689503",
        "addr:city": "Fredericksburg",
        "addr:housenumber": "20",
        "addr:postcode": "22406",
        "addr:state": "VA",
        "addr:street": "Bojangles' Way",
        "amenity": "fast_food",
        "brand": "Bojangles'",
        "brand:wikidata": "Q891163",
        "building": "commercial",
        "cuisine": "chicken",
        "drive_through": "yes",
        "name": "Bojangles'",
        "official_name": "Bojangles' Famous Chicken 'n Biscuits",
        "phone": "+1 540-479-6055",
        "takeaway": "yes",
        "website": "https://locations.bojangles.com/va/fredericksburg/20-bojangles--way.html",
        "@geometry": "center"
      },
      "geometry": {
        "type": "Point",
        "coordinates": [
          -77.5170478,
          38.3575339
        ]
      },
      "id": "way/1039689503"
    },
    {
      "type": "Feature",
      "properties": {
        "@id": "way/1041559112",
        "addr:city": "Wilson",
        "addr:housenumber": "5033",
        "addr:postcode": "27896",
        "addr:state": "NC",
        "addr:street": "Raleigh Road Parkway;US 264 Alternate West",
        "amenity": "fast_food",
        "brand": "Bojangles'",
        "brand:wikidata": "Q891163",
        "building": "yes",
        "cuisine": "chicken",
        "drive_through": "yes",
        "name": "Bojangles'",
        "official_name": "Bojangles' Famous Chicken 'n Biscuits",
        "phone": "+1 252-237-0026",
        "takeaway": "yes",
        "website": "https://locations.bojangles.com/nc/wilson/5033-raleigh-rd-pkwy-w.html",
        "wheelchair": "yes",
        "@geometry": "center"
      },
      "geometry": {
        "type": "Point",
        "coordinates": [
          -78.0087743,
          35.7632173
        ]
      },
      "id": "way/1041559112"
    },
    {
      "type": "Feature",
      "properties": {
        "@id": "way/1053470948",
        "addr:city": "Cartersville",
        "addr:housenumber": "1371",
        "addr:postcode": "30120",
        "addr:state": "GA",
        "addr:street": "Joe Frank Harris Parkway Southeast",
        "amenity": "fast_food",
        "brand": "Bojangles'",
        "brand:wikidata": "Q891163",
        "building": "retail",
        "building:levels": "1",
        "contact:website": "https://www.bojangles.com/",
        "cuisine": "chicken",
        "drive_through": "yes",
        "name": "Bojangles'",
        "official_name": "Bojangles' Famous Chicken 'n Biscuits",
        "opening_hours": "Mo-Su 05:00-21:00",
        "phone": "+1-770-382-8984",
        "takeaway": "yes",
        "website": "https://locations.bojangles.com/ga/cartersville/1371-joe-frank-harris.html",
        "@geometry": "center"
      },
      "geometry": {
        "type": "Point",
        "coordinates": [
          -84.8198743,
          34.2067536
        ]
      },
      "id": "way/1053470948"
    },
    {
      "type": "Feature",
      "properties": {
        "@id": "way/1054028426",
        "amenity": "fast_food",
        "brand": "Bojangles'",
        "brand:wikidata": "Q891163",
        "building": "yes",
        "cuisine": "chicken",
        "drive_through": "yes",
        "name": "Bojangles'",
        "official_name": "Bojangles' Famous Chicken 'n Biscuits",
        "source": "microsoft/BuildingFootprints",
        "takeaway": "yes",
        "@geometry": "center"
      },
      "geometry": {
        "type": "Point",
        "coordinates": [
          -83.707972,
          34.002764
        ]
      },
      "id": "way/1054028426"
    },
    {
      "type": "Feature",
      "properties": {
        "@id": "way/1056637281",
        "addr:city": "Advance",
        "addr:housenumber": "5296",
        "addr:postcode": "27006",
        "addr:state": "NC",
        "addr:street": "US-158",
        "amenity": "fast_food",
        "brand": "Bojangles'",
        "brand:wikidata": "Q891163",
        "building": "yes",
        "cuisine": "chicken",
        "drive_through": "yes",
        "name": "Bojangles'",
        "official_name": "Bojangles' Famous Chicken 'n Biscuits",
        "phone": "+1 336-998-9220",
        "takeaway": "yes",
        "website": "https://locations.bojangles.com/nc/advance/5296-hwy-158.html",
        "@geometry": "center"
      },
      "geometry": {
        "type": "Point",
        "coordinates": [
          -80.4396756,
          36.0044381
        ]
      },
      "id": "way/1056637281"
    },
    {
      "type": "Feature",
      "properties": {
        "@id": "way/1060402024",
        "addr:city": "Ocala",
        "addr:housenumber": "4828",
        "addr:postcode": "34474",
        "addr:state": "FL",
        "addr:street": "Southwest College Road",
        "amenity": "fast_food",
        "brand": "Bojangles'",
        "brand:wikidata": "Q891163",
        "building": "yes",
        "cuisine": "chicken",
        "drive_through": "yes",
        "name": "Bojangles'",
        "official_name": "Bojangles' Famous Chicken 'n Biscuits",
        "phone": "+1 352-789-6000",
        "takeaway": "yes",
        "website": "https://locations.bojangles.com/fl/ocala/4828-sw-college-road.html",
        "@geometry": "center"
      },
      "geometry": {
        "type": "Point",
        "coordinates": [
          -82.1998667,
          29.1347729
        ]
      },
      "id": "way/1060402024"
    },
    {
      "type": "Feature",
      "properties": {
        "@id": "way/1066733087",
        "addr:city": "Whiteville",
        "addr:housenumber": "1406",
        "addr:postcode": "28472",
        "addr:state": "NC",
        "addr:street": "Powell Boulevard",
        "amenity": "fast_food",
        "brand": "Bojangles'",
        "brand:wikidata": "Q891163",
        "building": "yes",
        "cuisine": "chicken",
        "drive_through": "yes",
        "name": "Bojangles'",
        "official_name": "Bojangles' Famous Chicken 'n Biscuits",
        "phone": "+1 910-640-2661",
        "takeaway": "yes",
        "website": "https://locations.bojangles.com/nc/whiteville/1406-n-jk-powell-blvd.html",
        "@geometry": "center"
      },
      "geometry": {
        "type": "Point",
        "coordinates": [
          -78.7088234,
          34.3470265
        ]
      },
      "id": "way/1066733087"
    },
    {
      "type": "Feature",
      "properties": {
        "@id": "way/1068059648",
        "addr:city": "Clintion",
        "addr:housenumber": "19005",
        "addr:postcode": "29325",
        "addr:state": "SC",
        "addr:street": "Highway 72 East",
        "amenity": "fast_food",
        "brand": "Bojangles'",
        "brand:wikidata": "Q891163",
        "building": "yes",
        "cuisine": "chicken",
        "drive_through": "yes",
        "name": "Bojangles'",
        "official_name": "Bojangles' Famous Chicken 'n Biscuits",
        "phone": "+1 864-808-1377",
        "takeaway": "yes",
        "website": "https://locations.bojangles.com/sc/clinton/19005-hwy-72-e.html",
        "@geometry": "center"
      },
      "geometry": {
        "type": "Point",
        "coordinates": [
          -81.8460428,
          34.4960712
        ]
      },
      "id": "way/1068059648"
    },
    {
      "type": "Feature",
      "properties": {
        "@id": "way/1069320878",
        "addr:city": "Bryson City",
        "addr:housenumber": "65",
        "addr:postcode": "28713",
        "addr:state": "NC",
        "addr:street": "Veterans Boulevard",
        "amenity": "fast_food",
        "brand": "Bojangles'",
        "brand:wikidata": "Q891163",
        "building": "yes",
        "cuisine": "chicken",
        "drive_through": "yes",
        "name": "Bojangles'",
        "official_name": "Bojangles' Famous Chicken 'n Biscuits",
        "phone": "+1 828-488-0861",
        "takeaway": "yes",
        "website": "https://locations.bojangles.com/nc/bryson-city/65-veterans-blvd.html",
        "@geometry": "center"
      },
      "geometry": {
        "type": "Point",
        "coordinates": [
          -83.446636,
          35.4253124
        ]
      },
      "id": "way/1069320878"
    },
    {
      "type": "Feature",
      "properties": {
        "@id": "way/1071276531",
        "addr:city": "Charlotte",
        "addr:housenumber": "11420",
        "addr:postcode": "28227",
        "addr:state": "NC",
        "addr:street": "Beaver Farms Road",
        "amenity": "fast_food",
        "brand": "Bojangles'",
        "brand:wikidata": "Q891163",
        "building": "yes",
        "cuisine": "chicken",
        "drive_through": "yes",
        "name": "Bojangles'",
        "official_name": "Bojangles' Famous Chicken 'n Biscuits",
        "phone": "+1 704-545-3036",
        "takeaway": "yes",
        "website": "https://locations.bojangles.com/nc/charlotte/11420-beaver-farms-road.html",
        "@geometry": "center"
      },
      "geometry": {
        "type": "Point",
        "coordinates": [
          -80.6318316,
          35.2239772
        ]
      },
      "id": "way/1071276531"
    },
    {
      "type": "Feature",
      "properties": {
        "@id": "way/1071677279",
        "addr:city": "Madison",
        "addr:housenumber": "1840",
        "addr:postcode": "30650",
        "addr:state": "GA",
        "addr:street": "Eatonton Highway",
        "amenity": "fast_food",
        "brand": "Bojangles'",
        "brand:wikidata": "Q891163",
        "building": "retail",
        "cuisine": "chicken",
        "drive_through": "yes",
        "indoor_seating": "yes",
        "name": "Bojangles'",
        "official_name": "Bojangles' Famous Chicken 'n Biscuits",
        "opening_hours": "Mo-Sa 05:00-22:00, Su 06:00-22:00",
        "outdoor_seating": "no",
        "phone": "+1-706-438-1377",
        "takeaway": "yes",
        "website": "https://locations.bojangles.com/ga/madison/1840-eatonton-road.html",
        "@geometry": "center"
      },
      "geometry": {
        "type": "Point",
        "coordinates": [
          -83.4777019,
          33.5624479
        ]
      },
      "id": "way/1071677279"
    },
    {
      "type": "Feature",
      "properties": {
        "@id": "way/1074933775",
        "addr:city": "Griffin",
        "addr:country": "US",
        "addr:housenumber": "828",
        "addr:postcode": "30223-2722",
        "addr:state": "GA",
        "addr:street": "West Taylor Street",
        "amenity": "fast_food",
        "brand": "Bojangles'",
        "brand:wikidata": "Q891163",
        "building": "yes",
        "cuisine": "chicken",
        "drive_through": "yes",
        "name": "Bojangles'",
        "official_name": "Bojangles' Famous Chicken 'n Biscuits",
        "phone": "+1-678-572-4897",
        "takeaway": "yes",
        "website": "https://locations.bojangles.com/ga/griffin/828-west-taylor-street.html",
        "@geometry": "center"
      },
      "geometry": {
        "type": "Point",
        "coordinates": [
          -84.276384,
          33.2468733
        ]
      },
      "id": "way/1074933775"
    },
    {
      "type": "Feature",
      "properties": {
        "@id": "way/1077082602",
        "addr:city": "Sumter",
        "addr:housenumber": "1701",
        "addr:postcode": "29150",
        "addr:state": "SC",
        "addr:street": "Summerton Highway",
        "amenity": "fast_food",
        "brand": "Bojangles'",
        "brand:wikidata": "Q891163",
        "building": "yes",
        "cuisine": "chicken",
        "drive_through": "yes",
        "name": "Bojangles'",
        "official_name": "Bojangles' Famous Chicken 'n Biscuits",
        "opening_hours": "Su 06:00-22:00; Mo-Sa 05:00-22:00",
        "operator": "Bojangles Restaurants, LLC.",
        "phone": "+1-803-481-0157",
        "takeaway": "yes",
        "website": "https://locations.bojangles.com/sc/sumter/1701-hwy-15-south.html",
        "@geometry": "center"
      },
      "geometry": {
        "type": "Point",
        "coordinates": [
          -80.3537273,
          33.8713382
        ]
      },
      "id": "way/1077082602"
    },
    {
      "type": "Feature",
      "properties": {
        "@id": "way/1077861463",
        "addr:city": "Burnsville",
        "addr:housenumber": "606",
        "addr:postcode": "28714",
        "addr:state": "NC",
        "addr:street": "US 19E",
        "amenity": "fast_food",
        "branch": "Burnsville",
        "brand": "Bojangles'",
        "brand:wikidata": "Q891163",
        "building": "yes",
        "cuisine": "chicken",
        "drive_through": "yes",
        "name": "Bojangles'",
        "official_name": "Bojangles' Famous Chicken 'n Biscuits",
        "opening_hours": "Mo-Sa 05:00-19:00; Su 06:00-19:00",
        "phone": "+1-828-536-2061",
        "takeaway": "yes",
        "website": "https://locations.bojangles.com/nc/burnsville/606-west-us-highway-19-bypass.html",
        "@geometry": "center"
      },
      "geometry": {
        "type": "Point",
        "coordinates": [
          -82.3074414,
          35.9146274
        ]
      },
      "id": "way/1077861463"
    },
    {
      "type": "Feature",
      "properties": {
        "@id": "way/1079893619",
        "addr:city": "Murrell's Inlet",
        "addr:housenumber": "12005",
        "addr:postcode": "29576",
        "addr:state": "SC",
        "addr:street": "Highway 707",
        "amenity": "fast_food",
        "brand": "Bojangles'",
        "brand:wikidata": "Q891163",
        "building": "yes",
        "check_date": "2025-12-20",
        "cuisine": "chicken",
        "name": "Bojangles'",
        "official_name": "Bojangles' Famous Chicken 'n Biscuits",
        "opening_hours": "Mo-Tu,Fr-Su 06:00-21:00; We 06:00-14:00; Th off",
        "phone": "+1 843-357-0707",
        "takeaway": "yes",
        "website": "https://locations.bojangles.com/sc/murrell-s-inlet/12005-hwy-707.html",
        "@geometry": "center"
      },
      "geometry": {
        "type": "Point",
        "coordinates": [
          -79.05178,
          33.5855144
        ]
      },
      "id": "way/1079893619"
    },
    {
      "type": "Feature",
      "properties": {
        "@id": "way/1084553674",
        "addr:city": "Candler",
        "addr:housenumber": "1507",
        "addr:postcode": "28715",
        "addr:state": "NC",
        "addr:street": "Smokey Park Highway",
        "amenity": "fast_food",
        "brand": "Bojangles'",
        "brand:wikidata": "Q891163",
        "building": "yes",
        "cuisine": "chicken",
        "drive_through": "yes",
        "name": "Bojangles'",
        "official_name": "Bojangles' Famous Chicken 'n Biscuits",
        "phone": "+1 828-670-6829",
        "takeaway": "yes",
        "website": "https://locations.bojangles.com/nc/candler/1507-smokey-park-hwy.html",
        "@geometry": "center"
      },
      "geometry": {
        "type": "Point",
        "coordinates": [
          -82.6846448,
          35.5447034
        ]
      },
      "id": "way/1084553674"
    },
    {
      "type": "Feature",
      "properties": {
        "@id": "way/1085119019",
        "addr:city": "Elgin",
        "addr:housenumber": "903",
        "addr:postcode": "29045",
        "addr:state": "SC",
        "addr:street": "Spears Creek Court",
        "amenity": "fast_food",
        "brand": "Bojangles'",
        "brand:wikidata": "Q891163",
        "building": "yes",
        "cuisine": "chicken",
        "drive_through": "yes",
        "name": "Bojangles'",
        "official_name": "Bojangles' Famous Chicken 'n Biscuits",
        "phone": "+1 803-667-9802",
        "takeaway": "yes",
        "website": "https://locations.bojangles.com/sc/elgin/903-spears-creek-ct.html",
        "@geometry": "center"
      },
      "geometry": {
        "type": "Point",
        "coordinates": [
          -80.8314184,
          34.1062412
        ]
      },
      "id": "way/1085119019"
    },
    {
      "type": "Feature",
      "properties": {
        "@id": "way/1087543580",
        "addr:housenumber": "1920",
        "addr:street": "West Emory Road",
        "amenity": "fast_food",
        "brand": "Bojangles'",
        "brand:wikidata": "Q891163",
        "building": "yes",
        "cuisine": "chicken",
        "name": "Bojangles'",
        "official_name": "Bojangles' Famous Chicken 'n Biscuits",
        "takeaway": "yes",
        "@geometry": "center"
      },
      "geometry": {
        "type": "Point",
        "coordinates": [
          -84.0292901,
          36.030112
        ]
      },
      "id": "way/1087543580"
    },
    {
      "type": "Feature",
      "properties": {
        "@id": "way/1087718195",
        "addr:city": "Aiken",
        "addr:country": "US",
        "addr:housenumber": "1362",
        "addr:postcode": "29803",
        "addr:state": "SC",
        "addr:street": "Whiskey Road",
        "amenity": "restaurant",
        "brand": "Bojangles",
        "brand:wikidata": "Q891163",
        "building": "retail",
        "cuisine": "chicken",
        "drive_through": "yes",
        "name": "Bojangles",
        "website": "https://locations.bojangles.com/sc/aiken/1362-whiskey-road-s.e..html",
        "@geometry": "center"
      },
      "geometry": {
        "type": "Point",
        "coordinates": [
          -81.7239655,
          33.5347024
        ]
      },
      "id": "way/1087718195"
    },
    {
      "type": "Feature",
      "properties": {
        "@id": "way/1089950472",
        "addr:city": "Huntersville",
        "addr:housenumber": "335",
        "addr:postcode": "28078",
        "addr:state": "NC",
        "addr:street": "Huntersville Gateway Boulevard",
        "amenity": "fast_food",
        "brand": "Bojangles'",
        "brand:wikidata": "Q891163",
        "building": "yes",
        "cuisine": "chicken",
        "drive_through": "yes",
        "name": "Bojangles'",
        "official_name": "Bojangles' Famous Chicken 'n Biscuits",
        "phone": "+1 704-948-0079",
        "takeaway": "yes",
        "website": "https://locations.bojangles.com/nc/huntersville/335-huntersville-gateway-blvd.html",
        "@geometry": "center"
      },
      "geometry": {
        "type": "Point",
        "coordinates": [
          -80.856264,
          35.4125147
        ]
      },
      "id": "way/1089950472"
    },
    {
      "type": "Feature",
      "properties": {
        "@id": "way/1091402960",
        "addr:city": "Spartanburg",
        "addr:housenumber": "2290",
        "addr:postcode": "29303",
        "addr:state": "SC",
        "addr:street": "Chesnee Highway",
        "amenity": "fast_food",
        "brand": "Bojangles'",
        "brand:wikidata": "Q891163",
        "building": "yes",
        "cuisine": "chicken",
        "drive_through": "yes",
        "name": "Bojangles'",
        "official_name": "Bojangles' Famous Chicken 'n Biscuits",
        "phone": "+18645970196",
        "takeaway": "yes",
        "website": "https://locations.bojangles.com/sc/spartanburg/2290-chesnee-highway.html",
        "@geometry": "center"
      },
      "geometry": {
        "type": "Point",
        "coordinates": [
          -81.8948807,
          35.0236061
        ]
      },
      "id": "way/1091402960"
    },
    {
      "type": "Feature",
      "properties": {
        "@id": "way/1093145249",
        "addr:city": "Rocky Mount",
        "addr:housenumber": "590",
        "addr:postcode": "27804",
        "addr:state": "NC",
        "addr:street": "North Wesleyan Boulevard",
        "amenity": "fast_food",
        "brand": "Bojangles'",
        "brand:wikidata": "Q891163",
        "building": "commercial",
        "cuisine": "chicken",
        "name": "Bojangles'",
        "official_name": "Bojangles' Famous Chicken 'n Biscuits",
        "phone": "+1 252-451-1990",
        "takeaway": "yes",
        "website": "https://locations.bojangles.com/nc/rocky-mount/590-n-wesleyan-blvd.html",
        "wheelchair": "yes",
        "@geometry": "center"
      },
      "geometry": {
        "type": "Point",
        "coordinates": [
          -77.8215434,
          35.9613907
        ]
      },
      "id": "way/1093145249"
    },
    {
      "type": "Feature",
      "properties": {
        "@id": "way/1093170536",
        "addr:city": "Rocky Mount",
        "addr:housenumber": "1834",
        "addr:postcode": "27801",
        "addr:state": "NC",
        "addr:street": "East Raleigh Boulevard",
        "amenity": "fast_food",
        "brand": "Bojangles'",
        "brand:wikidata": "Q891163",
        "building": "commercial",
        "cuisine": "chicken",
        "drive_through": "yes",
        "name": "Bojangles'",
        "official_name": "Bojangles' Famous Chicken 'n Biscuits",
        "phone": "+1 252-212-5150",
        "takeaway": "yes",
        "website": "https://locations.bojangles.com/nc/rocky-mount/1834-e--raleigh-blvd.html",
        "@geometry": "center"
      },
      "geometry": {
        "type": "Point",
        "coordinates": [
          -77.7641488,
          35.9463986
        ]
      },
      "id": "way/1093170536"
    },
    {
      "type": "Feature",
      "properties": {
        "@id": "way/1094655703",
        "amenity": "fast_food",
        "brand": "Bojangles'",
        "brand:wikidata": "Q891163",
        "building": "yes",
        "cuisine": "chicken",
        "drive_through": "yes",
        "name": "Bojangles'",
        "official_name": "Bojangles' Famous Chicken 'n Biscuits",
        "opening_hours": "Su 06:00-22:00; Mo-Th 05:00-22:00; Fr-Sa 05:00-00:00",
        "phone": "+1-980-689-2630",
        "takeaway": "yes",
        "@geometry": "center"
      },
      "geometry": {
        "type": "Point",
        "coordinates": [
          -80.7643844,
          35.4416629
        ]
      },
      "id": "way/1094655703"
    },
    {
      "type": "Feature",
      "properties": {
        "@id": "way/1098933777",
        "addr:city": "Suffolk",
        "addr:housenumber": "2912",
        "addr:postcode": "23434",
        "addr:state": "VA",
        "addr:street": "Godwin Boulevard",
        "amenity": "fast_food",
        "brand": "Bojangles'",
        "brand:wikidata": "Q891163",
        "building": "yes",
        "cuisine": "chicken",
        "drive_through": "yes",
        "name": "Bojangles'",
        "official_name": "Bojangles' Famous Chicken 'n Biscuits",
        "phone": "+1 757-809-0598",
        "source": "esri/USA_NAD_Addresses",
        "takeaway": "yes",
        "website": "https://locations.bojangles.com/va/suffolk/2912-godwin-blvd.html",
        "@geometry": "center"
      },
      "geometry": {
        "type": "Point",
        "coordinates": [
          -76.5820676,
          36.7771359
        ]
      },
      "id": "way/1098933777"
    },
    {
      "type": "Feature",
      "properties": {
        "@id": "way/1101323719",
        "addr:city": "Harrisonburg",
        "addr:housenumber": "1880",
        "addr:postcode": "22801",
        "addr:state": "VA",
        "addr:street": "Port Republic Road",
        "amenity": "fast_food",
        "brand": "Bojangles'",
        "brand:wikidata": "Q891163",
        "building": "yes",
        "cuisine": "chicken",
        "drive_through": "yes",
        "name": "Bojangles'",
        "official_name": "Bojangles' Famous Chicken 'n Biscuits",
        "phone": "+1 540-208-7945",
        "takeaway": "yes",
        "website": "https://locations.bojangles.com/va/harrisonburg/1880-port-republic-road.html",
        "@geometry": "center"
      },
      "geometry": {
        "type": "Point",
        "coordinates": [
          -78.8649744,
          38.4070963
        ]
      },
      "id": "way/1101323719"
    },
    {
      "type": "Feature",
      "properties": {
        "@id": "way/1103699295",
        "addr:city": "Rockingham",
        "addr:housenumber": "1706",
        "addr:postcode": "28379",
        "addr:state": "NC",
        "addr:street": "East Broad Avenue",
        "amenity": "fast_food",
        "brand": "Bojangles'",
        "brand:wikidata": "Q891163",
        "building": "yes",
        "cuisine": "chicken",
        "drive_through": "yes",
        "name": "Bojangles'",
        "official_name": "Bojangles' Famous Chicken 'n Biscuits",
        "phone": "+1 910-895-9320",
        "takeaway": "yes",
        "website": "https://locations.bojangles.com/nc/rockingham/1706-east-broad-avenue.html",
        "@geometry": "center"
      },
      "geometry": {
        "type": "Point",
        "coordinates": [
          -79.7457575,
          34.9186546
        ]
      },
      "id": "way/1103699295"
    },
    {
      "type": "Feature",
      "properties": {
        "@id": "way/1105533574",
        "addr:city": "Soddy-Daisy",
        "addr:postcode": "37379",
        "addr:state": "TN",
        "addr:street": "Dayton Pike",
        "amenity": "fast_food",
        "brand": "Bojangles'",
        "brand:wikidata": "Q891163",
        "building": "yes",
        "check_date": "2026-04-15",
        "check_date:opening_hours": "2026-04-15",
        "cuisine": "chicken",
        "drive_through": "yes",
        "internet_access": "wlan",
        "internet_access:fee": "no",
        "name": "Bojangles'",
        "official_name": "Bojangles' Famous Chicken 'n Biscuits",
        "opening_hours": "Mo-Sa 05:00-22:00; Su 06:00-22:00",
        "payment:cash": "yes",
        "payment:credit_cards": "yes",
        "payment:debit_cards": "yes",
        "takeaway": "yes",
        "wheelchair": "yes",
        "@geometry": "center"
      },
      "geometry": {
        "type": "Point",
        "coordinates": [
          -85.1998503,
          35.237319
        ]
      },
      "id": "way/1105533574"
    },
    {
      "type": "Feature",
      "properties": {
        "@id": "way/1106824125",
        "addr:city": "Waynesville",
        "addr:housenumber": "1119",
        "addr:postcode": "28786",
        "addr:state": "NC",
        "addr:street": "Delwood Road",
        "amenity": "fast_food",
        "brand": "Bojangles'",
        "brand:wikidata": "Q891163",
        "building": "yes",
        "cuisine": "chicken",
        "drive_through": "yes",
        "name": "Bojangles'",
        "official_name": "Bojangles' Famous Chicken 'n Biscuits",
        "phone": "+1 828-454-5584",
        "takeaway": "yes",
        "website": "https://locations.bojangles.com/nc/waynesville/1119-delwood-road.html",
        "@geometry": "center"
      },
      "geometry": {
        "type": "Point",
        "coordinates": [
          -82.9848275,
          35.52431
        ]
      },
      "id": "way/1106824125"
    },
    {
      "type": "Feature",
      "properties": {
        "@id": "way/1108038648",
        "addr:city": "Camden",
        "addr:housenumber": "60",
        "addr:postcode": "29020",
        "addr:state": "SC",
        "addr:street": "East Dekalb Street",
        "amenity": "fast_food",
        "brand": "Bojangles'",
        "brand:wikidata": "Q891163",
        "building": "yes",
        "cuisine": "chicken",
        "drive_through": "yes",
        "name": "Bojangles'",
        "official_name": "Bojangles' Famous Chicken 'n Biscuits",
        "phone": "+1 803-713-9130",
        "takeaway": "yes",
        "website": "https://locations.bojangles.com/sc/camden/60-east-dekalb-st.html",
        "@geometry": "center"
      },
      "geometry": {
        "type": "Point",
        "coordinates": [
          -80.5931757,
          34.2477147
        ]
      },
      "id": "way/1108038648"
    },
    {
      "type": "Feature",
      "properties": {
        "@id": "way/1108274822",
        "addr:city": "Maryville",
        "addr:housenumber": "1913",
        "addr:postcode": "37801",
        "addr:state": "TN",
        "addr:street": "W Broadway Ave",
        "air_conditioning": "yes",
        "amenity": "fast_food",
        "brand": "Bojangles'",
        "brand:wikidata": "Q891163",
        "building": "yes",
        "cuisine": "chicken",
        "delivery": "yes",
        "drive_through": "yes",
        "name": "Bojangles'",
        "official_name": "Bojangles' Famous Chicken 'n Biscuits",
        "payment:american_express": "yes",
        "payment:cash": "yes",
        "payment:cheque": "no",
        "payment:credit_cards": "yes",
        "payment:cryptocurrencies": "no",
        "payment:debit_cards": "yes",
        "payment:mastercard": "yes",
        "payment:visa": "yes",
        "payment:visa_debit": "yes",
        "phone": "+1-865-233-6755",
        "takeaway": "yes",
        "website": "https://locations.bojangles.com/tn/maryville/1913-w--broadway-ave.html",
        "@geometry": "center"
      },
      "geometry": {
        "type": "Point",
        "coordinates": [
          -83.9987292,
          35.7283613
        ]
      },
      "id": "way/1108274822"
    },
    {
      "type": "Feature",
      "properties": {
        "@id": "way/1110640157",
        "addr:city": "Burlington",
        "addr:housenumber": "2403",
        "addr:postcode": "27215",
        "addr:state": "NC",
        "addr:street": "Maple Avenue",
        "amenity": "fast_food",
        "brand": "Bojangles'",
        "brand:wikidata": "Q891163",
        "building": "yes",
        "cuisine": "chicken",
        "drive_through": "yes",
        "name": "Bojangles'",
        "official_name": "Bojangles' Famous Chicken 'n Biscuits",
        "phone": "+1 336-227-8750",
        "takeaway": "yes",
        "website": "https://locations.bojangles.com/nc/burlington/2403-maple-avenue.html",
        "@geometry": "center"
      },
      "geometry": {
        "type": "Point",
        "coordinates": [
          -79.4298525,
          36.0663506
        ]
      },
      "id": "way/1110640157"
    },
    {
      "type": "Feature",
      "properties": {
        "@id": "way/1116128378",
        "addr:city": "Spartanburg",
        "addr:housenumber": "2097",
        "addr:postcode": "29306",
        "addr:state": "SC",
        "addr:street": "Southport Road",
        "amenity": "fast_food",
        "brand": "Bojangles'",
        "brand:wikidata": "Q891163",
        "building": "yes",
        "cuisine": "chicken",
        "drive_through": "yes",
        "name": "Bojangles'",
        "official_name": "Bojangles' Famous Chicken 'n Biscuits",
        "phone": "+1 704-527-2675",
        "takeaway": "yes",
        "website": "https://locations.bojangles.com/sc/spartanburg/2095-southport-road.html",
        "@geometry": "center"
      },
      "geometry": {
        "type": "Point",
        "coordinates": [
          -81.8909243,
          34.9204885
        ]
      },
      "id": "way/1116128378"
    },
    {
      "type": "Feature",
      "properties": {
        "@id": "way/1132045316",
        "addr:city": "Richmond",
        "addr:housenumber": "5441",
        "addr:postcode": "23231",
        "addr:state": "VA",
        "addr:street": "South Laburnum Avenue",
        "amenity": "fast_food",
        "brand": "Bojangles'",
        "brand:wikidata": "Q891163",
        "building": "yes",
        "cuisine": "chicken",
        "drive_through": "yes",
        "name": "Bojangles'",
        "official_name": "Bojangles' Famous Chicken 'n Biscuits",
        "phone": "+1 804-269-3934",
        "takeaway": "yes",
        "website": "https://locations.bojangles.com/va/richmond/5441-south-laburnum-avenue.html",
        "@geometry": "center"
      },
      "geometry": {
        "type": "Point",
        "coordinates": [
          -77.3489366,
          37.509974
        ]
      },
      "id": "way/1132045316"
    },
    {
      "type": "Feature",
      "properties": {
        "@id": "way/1135576564",
        "addr:city": "Walhalla",
        "addr:housenumber": "3701",
        "addr:postcode": "29691",
        "addr:state": "SC",
        "addr:street": "Blue Ridge Boulevard",
        "amenity": "fast_food",
        "brand": "Bojangles'",
        "brand:wikidata": "Q891163",
        "building": "yes",
        "capacity": "100",
        "cuisine": "chicken",
        "drive_through": "yes",
        "name": "Bojangles'",
        "official_name": "Bojangles' Famous Chicken 'n Biscuits",
        "phone": "+1 864-916-4371",
        "takeaway": "yes",
        "website": "https://locations.bojangles.com/sc/walhalla/3701-blue-ridge-blvd.html",
        "@geometry": "center"
      },
      "geometry": {
        "type": "Point",
        "coordinates": [
          -83.0539189,
          34.7600556
        ]
      },
      "id": "way/1135576564"
    },
    {
      "type": "Feature",
      "properties": {
        "@id": "way/1135992364",
        "addr:city": "Lancaster",
        "addr:housenumber": "760",
        "addr:postcode": "75146",
        "addr:state": "TX",
        "addr:street": "North Interstate 35E",
        "amenity": "fast_food",
        "brand": "Bojangles'",
        "brand:wikidata": "Q891163",
        "building": "yes",
        "cuisine": "chicken",
        "drive_through": "yes",
        "name": "Bojangles'",
        "official_name": "Bojangles' Famous Chicken 'n Biscuits",
        "opening_hours": "05:00-22:00",
        "phone": "+1 704-519-2157",
        "source": "microsoft/BuildingFootprints",
        "takeaway": "yes",
        "website": "https://locations.bojangles.com/tx/lancaster/760-n-interstate-35-e-rd.html",
        "@geometry": "center"
      },
      "geometry": {
        "type": "Point",
        "coordinates": [
          -96.8216648,
          32.5971458
        ]
      },
      "id": "way/1135992364"
    },
    {
      "type": "Feature",
      "properties": {
        "@id": "node/1143856514",
        "addr:city": "Darlington",
        "addr:housenumber": "1524",
        "addr:postcode": "29532",
        "addr:state": "SC",
        "addr:street": "South Main Street",
        "amenity": "fast_food",
        "brand": "Bojangles'",
        "brand:wikidata": "Q891163",
        "cuisine": "chicken",
        "name": "Bojangles'",
        "official_name": "Bojangles' Famous Chicken 'n Biscuits",
        "takeaway": "yes"
      },
      "geometry": {
        "type": "Point",
        "coordinates": [
          -79.8548847,
          34.2781194
        ]
      },
      "id": "node/1143856514"
    },
    {
      "type": "Feature",
      "properties": {
        "@id": "way/1147731834",
        "addr:city": "Hope Mills",
        "addr:housenumber": "5750",
        "addr:postcode": "28348",
        "addr:state": "NC",
        "addr:street": "Corporation Drive",
        "air_conditioning": "yes",
        "amenity": "fast_food",
        "brand": "Bojangles'",
        "brand:wikidata": "Q891163",
        "building": "yes",
        "check_date": "2023-08-19",
        "cuisine": "chicken",
        "delivery": "no",
        "drive_through": "yes",
        "highchair": "yes",
        "internet_access": "wlan",
        "internet_access:fee": "customers",
        "name": "Bojangles'",
        "name:en": "Bojangle's",
        "official_name": "Bojangles' Famous Chicken 'n Biscuits",
        "opening_hours": "Mo-Th 05:00-22:00; Fr-Sa 05:00-23:00; Su 06:00-22:00",
        "outdoor_seating": "no",
        "payment:mastercard": "yes",
        "payment:visa": "yes",
        "phone": "+1 910-426-3343",
        "smoking": "no",
        "source": "microsoft/BuildingFootprints",
        "takeaway": "yes",
        "website": "https://locations.bojangles.com/nc/hope-mills/5750-corporation-drive.html",
        "wheelchair": "yes",
        "@geometry": "center"
      },
      "geometry": {
        "type": "Point",
        "coordinates": [
          -78.9210936,
          34.9367729
        ]
      },
      "id": "way/1147731834"
    },
    {
      "type": "Feature",
      "properties": {
        "@id": "way/1152786331",
        "addr:city": "Richmond",
        "addr:housenumber": "5207",
        "addr:postcode": "23227",
        "addr:state": "VA",
        "addr:street": "Brook Road",
        "amenity": "fast_food",
        "brand": "Bojangles'",
        "brand:wikidata": "Q891163",
        "building": "yes",
        "cuisine": "chicken",
        "drive_through": "yes",
        "name": "Bojangles'",
        "official_name": "Bojangles' Famous Chicken 'n Biscuits",
        "opening_hours:signed": "no",
        "phone": "+1 804-264-6180",
        "takeaway": "yes",
        "website": "https://locations.bojangles.com/va/richmond/5207-brook-road.html",
        "@geometry": "center"
      },
      "geometry": {
        "type": "Point",
        "coordinates": [
          -77.453649,
          37.6026587
        ]
      },
      "id": "way/1152786331"
    },
    {
      "type": "Feature",
      "properties": {
        "@id": "way/1156841303",
        "addr:city": "Braselton",
        "addr:housenumber": "5650",
        "addr:postcode": "30517",
        "addr:state": "GA",
        "addr:street": "Green Street",
        "amenity": "fast_food",
        "brand": "Bojangles'",
        "brand:wikidata": "Q891163",
        "building": "retail",
        "cuisine": "chicken",
        "drive_through": "yes",
        "name": "Bojangles'",
        "official_name": "Bojangles' Famous Chicken 'n Biscuits",
        "opening_hours": "05:00-21:00",
        "phone": "+1 706-654-8438",
        "takeaway": "yes",
        "website": "https://locations.bojangles.com/ga/braselton/5650-green-street.html",
        "@geometry": "center"
      },
      "geometry": {
        "type": "Point",
        "coordinates": [
          -83.7621673,
          34.1152065
        ]
      },
      "id": "way/1156841303"
    },
    {
      "type": "Feature",
      "properties": {
        "@id": "way/1158435564",
        "addr:city": "Staunton",
        "addr:housenumber": "105",
        "addr:postcode": "24401",
        "addr:state": "VA",
        "addr:street": "George Moffett Cochran Parkway",
        "amenity": "fast_food",
        "brand": "Bojangles'",
        "brand:wikidata": "Q891163",
        "building": "yes",
        "check_date": "2025-12-06",
        "cuisine": "chicken",
        "drive_through": "yes",
        "landuse": "commercial",
        "name": "Bojangles'",
        "official_name": "Bojangles' Famous Chicken 'n Biscuits",
        "opening_hours": "Mo-Th,Su 05:30-22:00; Fr-Sa 05:30-23:00",
        "operator": "Staunton Frontier",
        "phone": "+1 540-885-0260",
        "takeaway": "yes",
        "website": "https://locations.bojangles.com/va/staunton/105-george-cochran-parkway.html",
        "@geometry": "center"
      },
      "geometry": {
        "type": "Point",
        "coordinates": [
          -79.0414763,
          38.1319447
        ]
      },
      "id": "way/1158435564"
    },
    {
      "type": "Feature",
      "properties": {
        "@id": "way/1172877896",
        "addr:city": "Greer",
        "addr:housenumber": "112",
        "addr:postcode": "29650",
        "addr:state": "SC",
        "addr:street": "West Wade Hampton Boulevard",
        "amenity": "fast_food",
        "brand": "Bojangles'",
        "brand:wikidata": "Q891163",
        "building": "commercial",
        "cuisine": "chicken",
        "drive_through": "yes",
        "name": "Bojangles'",
        "official_name": "Bojangles' Famous Chicken 'n Biscuits",
        "phone": "+1 864-877-4677",
        "ref": "594",
        "takeaway": "yes",
        "website": "https://locations.bojangles.com/sc/greer/112-west-wade-hampton-blvd.html",
        "@geometry": "center"
      },
      "geometry": {
        "type": "Point",
        "coordinates": [
          -82.2269826,
          34.9489028
        ]
      },
      "id": "way/1172877896"
    },
    {
      "type": "Feature",
      "properties": {
        "@id": "way/1176366025",
        "addr:city": "Supply",
        "addr:country": "US",
        "addr:housenumber": "11",
        "addr:postcode": "28462",
        "addr:state": "NC",
        "addr:street": "Ocean Highway East",
        "amenity": "fast_food",
        "brand": "Bojangles'",
        "brand:wikidata": "Q891163",
        "building": "commercial",
        "cuisine": "chicken",
        "drive_through": "yes",
        "name": "Bojangles'",
        "official_name": "Bojangles' Famous Chicken 'n Biscuits",
        "opening_hours": "Mo-Sa 05:30-22:00; Su 06:00-22:00",
        "operator": "Melanbo Opco LLC",
        "phone": "+1 910-755-5577",
        "takeaway": "yes",
        "website": "https://locations.bojangles.com/nc/supply/11-ocean-highway-east.html",
        "@geometry": "center"
      },
      "geometry": {
        "type": "Point",
        "coordinates": [
          -78.2721739,
          34.0182078
        ]
      },
      "id": "way/1176366025"
    },
    {
      "type": "Feature",
      "properties": {
        "@id": "way/1180667637",
        "addr:city": "Goldsboro",
        "addr:country": "US",
        "addr:housenumber": "3451",
        "addr:postcode": "27534",
        "addr:state": "NC",
        "addr:street": "Wayne Memorial Drive",
        "amenity": "fast_food",
        "brand": "Bojangles'",
        "brand:wikidata": "Q891163",
        "building": "commercial",
        "cuisine": "chicken",
        "delivery": "yes",
        "name": "Bojangles'",
        "official_name": "Bojangles' Famous Chicken 'n Biscuits",
        "opening_hours": "Su-Th 05:30-22:00; Fr,Sa 05:30-23:00",
        "operator": "Tands Bojangles'",
        "phone": "+1 919 947 1760",
        "takeaway": "yes",
        "website": "https://locations.bojangles.com/nc/goldsboro/3451-wayne-memorial-dr.html",
        "@geometry": "center"
      },
      "geometry": {
        "type": "Point",
        "coordinates": [
          -77.9387531,
          35.4160926
        ]
      },
      "id": "way/1180667637"
    },
    {
      "type": "Feature",
      "properties": {
        "@id": "way/1181781077",
        "addr:city": "Columbus",
        "addr:country": "US",
        "addr:housenumber": "84",
        "addr:postcode": "28722",
        "addr:state": "NC",
        "addr:street": "West Mills Street",
        "amenity": "fast_food",
        "brand": "Bojangles'",
        "brand:wikidata": "Q891163",
        "building": "yes",
        "cuisine": "chicken",
        "drive_through": "yes",
        "name": "Bojangles'",
        "official_name": "Bojangles' Famous Chicken 'n Biscuits",
        "opening_hours": "05:30-22:00",
        "operator": "BOJ OF WESTERN NORTH CAROLINA",
        "phone": "+1 828-351-3170",
        "takeaway": "yes",
        "website": "https://locations.bojangles.com/nc/columbus/84-west-mills-street.html",
        "@geometry": "center"
      },
      "geometry": {
        "type": "Point",
        "coordinates": [
          -82.2014183,
          35.2505381
        ]
      },
      "id": "way/1181781077"
    },
    {
      "type": "Feature",
      "properties": {
        "@id": "way/1182060612",
        "addr:city": "Florence",
        "addr:country": "US",
        "addr:housenumber": "4025",
        "addr:postcode": "29506",
        "addr:state": "SC",
        "addr:street": "East Palmetto Street",
        "amenity": "fast_food",
        "brand": "Bojangles'",
        "brand:wikidata": "Q891163",
        "building": "commercial",
        "cuisine": "chicken",
        "drive_through": "yes",
        "name": "Bojangles'",
        "official_name": "Bojangles' Famous Chicken 'n Biscuits",
        "opening_hours": "Mo-Sa 05:30-22:00; Su 06:00-22:00",
        "operator": "MELANBO OPCO LLC",
        "phone": "+1 843-667-9996",
        "takeaway": "yes",
        "website": "https://locations.bojangles.com/sc/florence/4025-e--palmetto-street.html",
        "@geometry": "center"
      },
      "geometry": {
        "type": "Point",
        "coordinates": [
          -79.6820949,
          34.1973856
        ]
      },
      "id": "way/1182060612"
    },
    {
      "type": "Feature",
      "properties": {
        "@id": "way/1183471264",
        "addr:city": "Columbia",
        "addr:housenumber": "91",
        "addr:postcode": "29229",
        "addr:state": "SC",
        "addr:street": "Clemson Road",
        "amenity": "fast_food",
        "brand": "Bojangles'",
        "brand:wikidata": "Q891163",
        "building": "yes",
        "cuisine": "chicken",
        "drive_through": "yes",
        "name": "Bojangles'",
        "official_name": "Bojangles' Famous Chicken 'n Biscuits",
        "phone": "+1 803-699-8761",
        "takeaway": "yes",
        "website": "https://locations.bojangles.com/sc/columbia/91-clemson-road.html",
        "@geometry": "center"
      },
      "geometry": {
        "type": "Point",
        "coordinates": [
          -80.856919,
          34.0977773
        ]
      },
      "id": "way/1183471264"
    },
    {
      "type": "Feature",
      "properties": {
        "@id": "way/1185533000",
        "addr:city": "Charlotte",
        "addr:housenumber": "8521",
        "addr:postcode": "28262",
        "addr:state": "NC",
        "addr:street": "North Tryon Street",
        "amenity": "fast_food",
        "brand": "Bojangles'",
        "brand:wikidata": "Q891163",
        "building": "retail",
        "cuisine": "chicken",
        "delivery": "no",
        "drive_through": "yes",
        "name": "Bojangles'",
        "official_name": "Bojangles' Famous Chicken 'n Biscuits",
        "phone": "+1 704-510-1194",
        "smoking": "no",
        "takeaway": "yes",
        "website": "https://locations.bojangles.com/nc/charlotte/8521-n--tryon-st.html",
        "@geometry": "center"
      },
      "geometry": {
        "type": "Point",
        "coordinates": [
          -80.7511746,
          35.3045248
        ]
      },
      "id": "way/1185533000"
    },
    {
      "type": "Feature",
      "properties": {
        "@id": "way/1190230859",
        "addr:city": "Hickory",
        "addr:country": "US",
        "addr:housenumber": "1160",
        "addr:postcode": "28602",
        "addr:state": "NC",
        "addr:street": "Lenoir Rhyne Boulevard Southeast",
        "amenity": "fast_food",
        "brand": "Bojangles'",
        "brand:wikidata": "Q891163",
        "building": "commercial",
        "cuisine": "chicken",
        "delivery": "yes",
        "drive_through": "yes",
        "name": "Bojangles'",
        "official_name": "Bojangles' Famous Chicken 'n Biscuits",
        "opening_hours": "Su 06:00-22:00; Mo-Sa 05:00-22:00",
        "operator": "Bojangles Restaurants, INC.",
        "phone": "+1 828-324-2226",
        "takeaway": "yes",
        "website": "https://locations.bojangles.com/nc/hickory/1160-lenoir-rhyne.html",
        "@geometry": "center"
      },
      "geometry": {
        "type": "Point",
        "coordinates": [
          -81.3144638,
          35.7171766
        ]
      },
      "id": "way/1190230859"
    },
    {
      "type": "Feature",
      "properties": {
        "@id": "way/1190671164",
        "addr:city": "Shepherdsville",
        "addr:housenumber": "215",
        "addr:postcode": "40165",
        "addr:state": "KY",
        "addr:street": "Conestoga Parkway",
        "amenity": "fast_food",
        "brand": "Bojangles'",
        "brand:wikidata": "Q891163",
        "building": "yes",
        "cuisine": "chicken",
        "name": "Bojangles'",
        "official_name": "Bojangles' Famous Chicken 'n Biscuits",
        "phone": "+1 502-543-3480",
        "takeaway": "yes",
        "website": "https://locations.bojangles.com/ky/shepherdsville/215-conestoga-parkway.html",
        "@geometry": "center"
      },
      "geometry": {
        "type": "Point",
        "coordinates": [
          -85.7091545,
          37.9946994
        ]
      },
      "id": "way/1190671164"
    },
    {
      "type": "Feature",
      "properties": {
        "@id": "way/1192691042",
        "addr:city": "Lancaster",
        "addr:housenumber": "1209",
        "addr:postcode": "29720",
        "addr:state": "SC",
        "addr:street": "North Main Street",
        "amenity": "fast_food",
        "brand": "Bojangles'",
        "brand:wikidata": "Q891163",
        "building": "yes",
        "cuisine": "chicken",
        "drive_through": "yes",
        "name": "Bojangles'",
        "official_name": "Bojangles' Famous Chicken 'n Biscuits",
        "opening_hours": "Su 06:00-22:00; Mo-Sa 05:00-22:00",
        "operator": "Bojangles Restaurants, LLC.",
        "phone": "+1 803-286-1365",
        "takeaway": "yes",
        "website": "https://locations.bojangles.com/sc/lancaster/1209-n--main-street.html",
        "@geometry": "center"
      },
      "geometry": {
        "type": "Point",
        "coordinates": [
          -80.7776428,
          34.7370636
        ]
      },
      "id": "way/1192691042"
    },
    {
      "type": "Feature",
      "properties": {
        "@id": "way/1198023959",
        "addr:city": "Hampstead",
        "addr:housenumber": "22913",
        "addr:postcode": "28443",
        "addr:state": "NC",
        "addr:street": "US Highway 17",
        "amenity": "fast_food",
        "brand": "Bojangles'",
        "brand:wikidata": "Q891163",
        "building": "commercial",
        "cuisine": "chicken",
        "delivery": "yes",
        "drive_through": "yes",
        "name": "Bojangles'",
        "official_name": "Bojangles' Famous Chicken 'n Biscuits",
        "opening_hours": "Su 06:00-22:00; Mo-Sa 05:00-22:00",
        "phone": "+1 910-329-0707",
        "takeaway": "yes",
        "website": "https://locations.bojangles.com/nc/hampstead/22913-us-hwy-17.html",
        "@geometry": "center"
      },
      "geometry": {
        "type": "Point",
        "coordinates": [
          -77.6120213,
          34.4530976
        ]
      },
      "id": "way/1198023959"
    },
    {
      "type": "Feature",
      "properties": {
        "@id": "way/1198963907",
        "addr:city": "Shelbyville",
        "addr:housenumber": "1736",
        "addr:postcode": "37160",
        "addr:state": "TN",
        "addr:street": "North Main Street",
        "amenity": "fast_food",
        "brand": "Bojangles'",
        "brand:wikidata": "Q891163",
        "building": "yes",
        "cuisine": "chicken",
        "drive_through": "yes",
        "name": "Bojangles'",
        "official_name": "Bojangles' Famous Chicken 'n Biscuits",
        "phone": "+1 931-735-6383",
        "takeaway": "yes",
        "website": "https://locations.bojangles.com/tn/shelbyville/1736-north-main-street.html",
        "@geometry": "center"
      },
      "geometry": {
        "type": "Point",
        "coordinates": [
          -86.4556998,
          35.5096111
        ]
      },
      "id": "way/1198963907"
    },
    {
      "type": "Feature",
      "properties": {
        "@id": "way/1200024344",
        "addr:city": "Anderson",
        "addr:housenumber": "4397",
        "addr:postcode": "29626",
        "addr:state": "SC",
        "addr:street": "Highway 24",
        "amenity": "fast_food",
        "brand": "Bojangles'",
        "brand:wikidata": "Q891163",
        "building": "yes",
        "cuisine": "chicken",
        "drive_through": "yes",
        "height": "12.6",
        "name": "Bojangles'",
        "official_name": "Bojangles' Famous Chicken 'n Biscuits",
        "phone": "+1 864-642-0600",
        "takeaway": "yes",
        "website": "https://locations.bojangles.com/sc/anderson/4397-highway-24.html",
        "@geometry": "center"
      },
      "geometry": {
        "type": "Point",
        "coordinates": [
          -82.7603567,
          34.5105375
        ]
      },
      "id": "way/1200024344"
    },
    {
      "type": "Feature",
      "properties": {
        "@id": "way/1201539573",
        "addr:city": "Wendell",
        "addr:housenumber": "2236",
        "addr:postcode": "27591",
        "addr:state": "NC",
        "addr:street": "Wendell Falls Parkway",
        "amenity": "fast_food",
        "brand": "Bojangles'",
        "brand:wikidata": "Q891163",
        "building": "yes",
        "cuisine": "chicken",
        "name": "Bojangles'",
        "official_name": "Bojangles' Famous Chicken 'n Biscuits",
        "phone": "+1 919-366-6598",
        "takeaway": "yes",
        "website": "https://locations.bojangles.com/nc/wendell/2236-wendell-falls-pkwy.html",
        "@geometry": "center"
      },
      "geometry": {
        "type": "Point",
        "coordinates": [
          -78.4324242,
          35.7759717
        ]
      },
      "id": "way/1201539573"
    },
    {
      "type": "Feature",
      "properties": {
        "@id": "way/1205576787",
        "addr:city": "Jacksonville",
        "addr:housenumber": "620",
        "addr:postcode": "28540",
        "addr:state": "NC",
        "addr:street": "North Marine Boulevard",
        "amenity": "fast_food",
        "brand": "Bojangles'",
        "brand:wikidata": "Q891163",
        "building": "yes",
        "cuisine": "chicken",
        "drive_through": "yes",
        "name": "Bojangles'",
        "official_name": "Bojangles' Famous Chicken 'n Biscuits",
        "phone": "+1 910-346-3012",
        "source": "microsoft/BuildingFootprints",
        "takeaway": "yes",
        "website": "https://locations.bojangles.com/nc/jacksonville/620-n-marine-blvd.html",
        "@geometry": "center"
      },
      "geometry": {
        "type": "Point",
        "coordinates": [
          -77.4158389,
          34.7597783
        ]
      },
      "id": "way/1205576787"
    },
    {
      "type": "Feature",
      "properties": {
        "@id": "way/1206760180",
        "addr:city": "Quakertown",
        "addr:housenumber": "85",
        "addr:postcode": "18951",
        "addr:state": "PA",
        "addr:street": "South West End Boulevard",
        "amenity": "fast_food",
        "brand": "Bojangles'",
        "brand:wikidata": "Q891163",
        "building": "yes",
        "check_date": "2026-01-29",
        "cuisine": "chicken",
        "drive_through": "yes",
        "name": "Bojangles'",
        "official_name": "Bojangles' Famous Chicken 'n Biscuits",
        "opening_hours": "Mo-We 07:00-22:00; Th-Su 07:00-23:00",
        "phone": "+1 267-227-3070",
        "takeaway": "yes",
        "website": "https://locations.bojangles.com/pa/quakertown/85-s-west-end-blvd.html",
        "@geometry": "center"
      },
      "geometry": {
        "type": "Point",
        "coordinates": [
          -75.3564038,
          40.441354
        ]
      },
      "id": "way/1206760180"
    },
    {
      "type": "Feature",
      "properties": {
        "@id": "way/1208843719",
        "addr:city": "Myrtle Beach",
        "addr:housenumber": "8209",
        "addr:postcode": "29572",
        "addr:state": "SC",
        "addr:street": "North Kings Highway",
        "amenity": "fast_food",
        "brand": "Bojangles'",
        "brand:wikidata": "Q891163",
        "building": "retail",
        "cuisine": "chicken",
        "name": "Bojangles'",
        "official_name": "Bojangles' Famous Chicken 'n Biscuits",
        "phone": "+1 843-839-0693",
        "takeaway": "yes",
        "website": "https://locations.bojangles.com/sc/myrtle-beach/8209-n-kings-hwy.html",
        "@geometry": "center"
      },
      "geometry": {
        "type": "Point",
        "coordinates": [
          -78.8131764,
          33.7523372
        ]
      },
      "id": "way/1208843719"
    },
    {
      "type": "Feature",
      "properties": {
        "@id": "way/1209156266",
        "amenity": "fast_food",
        "brand": "Bojangles'",
        "brand:wikidata": "Q891163",
        "building": "yes",
        "cuisine": "chicken",
        "name": "Bojangles'",
        "official_name": "Bojangles' Famous Chicken 'n Biscuits",
        "source": "microsoft/BuildingFootprints",
        "takeaway": "yes",
        "@geometry": "center"
      },
      "geometry": {
        "type": "Point",
        "coordinates": [
          -86.5898895,
          36.2155005
        ]
      },
      "id": "way/1209156266"
    },
    {
      "type": "Feature",
      "properties": {
        "@id": "way/1211338047",
        "addr:city": "Hampstead",
        "addr:housenumber": "15125",
        "addr:postcode": "28443",
        "addr:state": "NC",
        "addr:street": "US 17 NC 210",
        "amenity": "fast_food",
        "brand": "Bojangles'",
        "brand:wikidata": "Q891163",
        "building": "yes",
        "cuisine": "chicken",
        "drive_through": "yes",
        "name": "Bojangles'",
        "official_name": "Bojangles' Famous Chicken 'n Biscuits",
        "opening_hours": "Su 06:00-22:00; Mo-Sa 05:00-22:00",
        "operator": "Bojangles Restaurants, LLC",
        "phone": "+1 910-903-7220",
        "source": "microsoft/BuildingFootprints",
        "takeaway": "yes",
        "website": "https://locations.bojangles.com/nc/hampstead/15125-hwy-17.html",
        "@geometry": "center"
      },
      "geometry": {
        "type": "Point",
        "coordinates": [
          -77.706538,
          34.3722177
        ]
      },
      "id": "way/1211338047"
    },
    {
      "type": "Feature",
      "properties": {
        "@id": "way/1215630248",
        "addr:city": "North Charleston",
        "addr:housenumber": "5490",
        "addr:postcode": "29406",
        "addr:state": "SC",
        "addr:street": "North Rhett Avenue",
        "amenity": "fast_food",
        "brand": "Bojangles'",
        "brand:wikidata": "Q891163",
        "building": "yes",
        "cuisine": "chicken",
        "name": "Bojangles'",
        "official_name": "Bojangles' Famous Chicken 'n Biscuits",
        "phone": "+1 843-554-9475",
        "takeaway": "yes",
        "website": "https://locations.bojangles.com/sc/north-charleston/5490-north-rhett-avenue.html",
        "@geometry": "center"
      },
      "geometry": {
        "type": "Point",
        "coordinates": [
          -79.9850237,
          32.8983774
        ]
      },
      "id": "way/1215630248"
    },
    {
      "type": "Feature",
      "properties": {
        "@id": "way/1216065591",
        "addr:city": "San Antonio",
        "addr:country": "US",
        "addr:housenumber": "8730",
        "addr:postcode": "78251",
        "addr:state": "TX",
        "addr:street": "Potranco Road",
        "air_conditioning": "yes",
        "amenity": "fast_food",
        "bar": "no",
        "brand": "Bojangles'",
        "brand:wikidata": "Q891163",
        "building": "yes",
        "building:levels": "1",
        "contact:phone": "+1-210-267-8765",
        "contact:website": "https://locations.bojangles.com/tx/san-antonio/8730-potranco-rd.html",
        "cuisine": "chicken",
        "drive_through": "yes",
        "name": "Bojangles'",
        "official_name": "Bojangles' Famous Chicken 'n Biscuits",
        "opening_hours": "Mo-Su 05:00-22:00",
        "takeaway": "yes",
        "@geometry": "center"
      },
      "geometry": {
        "type": "Point",
        "coordinates": [
          -98.6577286,
          29.4448893
        ]
      },
      "id": "way/1216065591"
    },
    {
      "type": "Feature",
      "properties": {
        "@id": "way/1216366935",
        "addr:city": "Knoxville",
        "addr:housenumber": "505",
        "addr:postcode": "37932",
        "addr:state": "TN",
        "addr:street": "Lovell Road",
        "amenity": "fast_food",
        "brand": "Bojangles'",
        "brand:wikidata": "Q891163",
        "building": "yes",
        "cuisine": "chicken",
        "name": "Bojangles'",
        "official_name": "Bojangles' Famous Chicken 'n Biscuits",
        "takeaway": "yes",
        "@geometry": "center"
      },
      "geometry": {
        "type": "Point",
        "coordinates": [
          -84.1472361,
          35.9071821
        ]
      },
      "id": "way/1216366935"
    },
    {
      "type": "Feature",
      "properties": {
        "@id": "way/1218113356",
        "addr:city": "Athens",
        "addr:housenumber": "1888",
        "addr:postcode": "37303",
        "addr:state": "TN",
        "addr:street": "South Congress Parkway",
        "amenity": "fast_food",
        "brand": "Bojangles'",
        "brand:wikidata": "Q891163",
        "building": "yes",
        "cuisine": "chicken",
        "drive_through": "yes",
        "name": "Bojangles'",
        "official_name": "Bojangles' Famous Chicken 'n Biscuits",
        "phone": "+1 423-744-5292",
        "takeaway": "yes",
        "website": "https://locations.bojangles.com/tn/athens/1888-s-congress-parkway.html",
        "@geometry": "center"
      },
      "geometry": {
        "type": "Point",
        "coordinates": [
          -84.6299271,
          35.4463307
        ]
      },
      "id": "way/1218113356"
    },
    {
      "type": "Feature",
      "properties": {
        "@id": "way/1218851742",
        "addr:city": "Maryville",
        "addr:housenumber": "2009",
        "addr:postcode": "37804",
        "addr:state": "TN",
        "addr:street": "East Lamar Alexander Parkway",
        "amenity": "fast_food",
        "brand": "Bojangles'",
        "brand:wikidata": "Q891163",
        "building": "yes",
        "check_date": "2026-06-08",
        "check_date:opening_hours": "2026-06-08",
        "cuisine": "chicken",
        "name": "Bojangles'",
        "official_name": "Bojangles' Famous Chicken 'n Biscuits",
        "opening_hours": "Mo-Sa 05:00-22:00; Su 06:00-22:00",
        "phone": "+1 865-233-5062",
        "takeaway": "yes",
        "website": "https://locations.bojangles.com/tn/maryville/2009-east-lamar-alexander-pkwy.html",
        "@geometry": "center"
      },
      "geometry": {
        "type": "Point",
        "coordinates": [
          -83.9427777,
          35.755985
        ]
      },
      "id": "way/1218851742"
    },
    {
      "type": "Feature",
      "properties": {
        "@id": "way/1220094695",
        "addr:city": "Vanceboro",
        "addr:housenumber": "380",
        "addr:postcode": "28586",
        "addr:state": "NC",
        "addr:street": "NC-43",
        "amenity": "fast_food",
        "brand": "Bojangles'",
        "brand:wikidata": "Q891163",
        "building": "yes",
        "cuisine": "chicken",
        "drive_through": "yes",
        "name": "Bojangles'",
        "official_name": "Bojangles' Famous Chicken 'n Biscuits",
        "phone": "+1 252-244-0269",
        "takeaway": "yes",
        "website": "https://locations.bojangles.com/nc/vanceboro/380-nc-hwy-43.html",
        "@geometry": "center"
      },
      "geometry": {
        "type": "Point",
        "coordinates": [
          -77.1604026,
          35.312137
        ]
      },
      "id": "way/1220094695"
    },
    {
      "type": "Feature",
      "properties": {
        "@id": "way/1220553374",
        "addr:city": "Lithonia",
        "addr:housenumber": "2695",
        "addr:postcode": "30058",
        "addr:state": "GA",
        "addr:street": "Panola Road",
        "amenity": "fast_food",
        "brand": "Bojangles'",
        "brand:wikidata": "Q891163",
        "building": "yes",
        "cuisine": "chicken",
        "drive_through": "yes",
        "name": "Bojangles'",
        "official_name": "Bojangles' Famous Chicken 'n Biscuits",
        "phone": "+1 770-322-0065",
        "takeaway": "yes",
        "website": "https://locations.bojangles.com/ga/lithonia/2695-panola-road.html",
        "@geometry": "center"
      },
      "geometry": {
        "type": "Point",
        "coordinates": [
          -84.1683971,
          33.7095814
        ]
      },
      "id": "way/1220553374"
    },
    {
      "type": "Feature",
      "properties": {
        "@id": "node/1224432574",
        "addr:city": "Cherryville",
        "addr:housenumber": "1020",
        "addr:postcode": "28021",
        "addr:state": "NC",
        "addr:street": "East 1st Street",
        "amenity": "fast_food",
        "brand": "Bojangles'",
        "brand:wikidata": "Q891163",
        "cuisine": "chicken",
        "drive_through": "yes",
        "name": "Bojangles'",
        "official_name": "Bojangles' Famous Chicken 'n Biscuits",
        "phone": "+1 704-445-0999",
        "takeaway": "yes",
        "website": "https://locations.bojangles.com/nc/cherryville/1020-east-1st-street.html"
      },
      "geometry": {
        "type": "Point",
        "coordinates": [
          -81.365803,
          35.3853464
        ]
      },
      "id": "node/1224432574"
    },
    {
      "type": "Feature",
      "properties": {
        "@id": "way/1228640933",
        "addr:city": "Roanoke",
        "addr:housenumber": "6065",
        "addr:postcode": "24019",
        "addr:state": "VA",
        "addr:street": "Peters Creek Road",
        "amenity": "fast_food",
        "brand": "Bojangles'",
        "brand:wikidata": "Q891163",
        "building": "yes",
        "cuisine": "chicken",
        "drive_through": "yes",
        "name": "Bojangles'",
        "official_name": "Bojangles' Famous Chicken 'n Biscuits",
        "phone": "+1 540-204-4292",
        "takeaway": "yes",
        "website": "https://locations.bojangles.com/va/roanoke/6065-peters-creek-road.html",
        "@geometry": "center"
      },
      "geometry": {
        "type": "Point",
        "coordinates": [
          -79.9685879,
          37.3411558
        ]
      },
      "id": "way/1228640933"
    },
    {
      "type": "Feature",
      "properties": {
        "@id": "way/1229447238",
        "addr:city": "Lebanon",
        "addr:housenumber": "906",
        "addr:postcode": "37090",
        "addr:state": "TN",
        "addr:street": "South Hartmann Drive",
        "amenity": "fast_food",
        "brand": "Bojangles'",
        "brand:wikidata": "Q891163",
        "building": "yes",
        "cuisine": "chicken",
        "drive_through": "yes",
        "name": "Bojangles'",
        "official_name": "Bojangles' Famous Chicken 'n Biscuits",
        "opening_hours": "Mo-Su 05:00-22:00",
        "phone": "+1 615-443-7572",
        "takeaway": "yes",
        "website": "https://locations.bojangles.com/tn/lebanon/906-s--hartmann-dr.html",
        "@geometry": "center"
      },
      "geometry": {
        "type": "Point",
        "coordinates": [
          -86.3269108,
          36.18825
        ]
      },
      "id": "way/1229447238"
    },
    {
      "type": "Feature",
      "properties": {
        "@id": "way/1232059403",
        "addr:city": "Darlington",
        "addr:housenumber": "1524",
        "addr:postcode": "29532",
        "addr:state": "SC",
        "addr:street": "South Main Street",
        "amenity": "fast_food",
        "brand": "Bojangles'",
        "brand:wikidata": "Q891163",
        "building": "yes",
        "cuisine": "chicken",
        "drive_through": "yes",
        "name": "Bojangles'",
        "official_name": "Bojangles' Famous Chicken 'n Biscuits",
        "phone": "+1 843-393-3500",
        "takeaway": "yes",
        "website": "https://locations.bojangles.com/sc/darlington/1524-s--main-street.html",
        "@geometry": "center"
      },
      "geometry": {
        "type": "Point",
        "coordinates": [
          -79.8562359,
          34.2797383
        ]
      },
      "id": "way/1232059403"
    },
    {
      "type": "Feature",
      "properties": {
        "@id": "way/1232302672",
        "addr:city": "Elberton",
        "addr:housenumber": "231",
        "addr:postcode": "30635",
        "addr:state": "GA",
        "addr:street": "Elbert Street",
        "amenity": "fast_food",
        "brand": "Bojangles'",
        "brand:wikidata": "Q891163",
        "building": "retail",
        "cuisine": "chicken",
        "drive_through": "yes",
        "name": "Bojangles'",
        "official_name": "Bojangles' Famous Chicken 'n Biscuits",
        "phone": "+1 706-522-2998",
        "takeaway": "yes",
        "website": "https://locations.bojangles.com/ga/elberton/231-elbert-street.html",
        "@geometry": "center"
      },
      "geometry": {
        "type": "Point",
        "coordinates": [
          -82.8621343,
          34.1096339
        ]
      },
      "id": "way/1232302672"
    },
    {
      "type": "Feature",
      "properties": {
        "@id": "way/1232303092",
        "addr:city": "Chester",
        "addr:housenumber": "1759",
        "addr:postcode": "29706",
        "addr:state": "SC",
        "addr:street": "J.A. Cochran Bypass",
        "amenity": "fast_food",
        "brand": "Bojangles'",
        "brand:wikidata": "Q891163",
        "building": "yes",
        "cuisine": "chicken",
        "drive_through": "yes",
        "name": "Bojangles'",
        "official_name": "Bojangles' Famous Chicken 'n Biscuits",
        "phone": "+1 803-581-8120",
        "takeaway": "yes",
        "website": "https://locations.bojangles.com/sc/chester/1759-j-a--cochran-bypass.html",
        "@geometry": "center"
      },
      "geometry": {
        "type": "Point",
        "coordinates": [
          -81.1914362,
          34.7035319
        ]
      },
      "id": "way/1232303092"
    },
    {
      "type": "Feature",
      "properties": {
        "@id": "way/1232303404",
        "addr:city": "Taylorsville",
        "addr:housenumber": "500",
        "addr:postcode": "28681",
        "addr:state": "NC",
        "addr:street": "NC Highway 16 South",
        "amenity": "fast_food",
        "brand": "Bojangles'",
        "brand:wikidata": "Q891163",
        "building": "yes",
        "cuisine": "chicken",
        "drive_through": "yes",
        "name": "Bojangles'",
        "official_name": "Bojangles' Famous Chicken 'n Biscuits",
        "phone": "+1 828-632-0310",
        "takeaway": "yes",
        "website": "https://locations.bojangles.com/nc/taylorsville/500-nc-hwy-16-s.html",
        "@geometry": "center"
      },
      "geometry": {
        "type": "Point",
        "coordinates": [
          -81.1783996,
          35.9147146
        ]
      },
      "id": "way/1232303404"
    },
    {
      "type": "Feature",
      "properties": {
        "@id": "way/1232697789",
        "addr:city": "Connelly Springs",
        "addr:housenumber": "130",
        "addr:postcode": "28612",
        "addr:state": "NC",
        "addr:street": "Malcolm Boulevard",
        "amenity": "fast_food",
        "brand": "Bojangles'",
        "brand:wikidata": "Q891163",
        "building": "yes",
        "cuisine": "chicken",
        "drive_through": "yes",
        "name": "Bojangles'",
        "official_name": "Bojangles' Famous Chicken 'n Biscuits",
        "phone": "+1 828-874-1020",
        "takeaway": "yes",
        "website": "https://locations.bojangles.com/nc/connelly-springs/130-malcolm-blvd.html",
        "@geometry": "center"
      },
      "geometry": {
        "type": "Point",
        "coordinates": [
          -81.527307,
          35.7365048
        ]
      },
      "id": "way/1232697789"
    },
    {
      "type": "Feature",
      "properties": {
        "@id": "node/1240272142",
        "addr:city": "Selma",
        "addr:housenumber": "275",
        "addr:postcode": "27576",
        "addr:state": "NC",
        "addr:street": "US 70 Highway East",
        "amenity": "fast_food",
        "brand": "Bojangles'",
        "brand:wikidata": "Q891163",
        "cuisine": "chicken",
        "drive_through": "yes",
        "name": "Bojangles'",
        "official_name": "Bojangles' Famous Chicken 'n Biscuits",
        "opening_hours": "Mo-Su 05:30-21:00",
        "phone": "+1 919-965-6890",
        "takeaway": "yes",
        "website": "https://locations.bojangles.com/nc/selma/275-us-hwy-70-e.html"
      },
      "geometry": {
        "type": "Point",
        "coordinates": [
          -78.2945598,
          35.5221848
        ]
      },
      "id": "node/1240272142"
    },
    {
      "type": "Feature",
      "properties": {
        "@id": "node/1243723719",
        "addr:city": "Charleston",
        "addr:housenumber": "2941",
        "addr:postcode": "29418",
        "addr:state": "SC",
        "addr:street": "West Montague Avenue",
        "amenity": "fast_food",
        "brand": "Bojangles'",
        "brand:wikidata": "Q891163",
        "cuisine": "chicken",
        "drive_through": "yes",
        "name": "Bojangles'",
        "official_name": "Bojangles' Famous Chicken 'n Biscuits",
        "phone": "+1 843-554-7422",
        "takeaway": "yes",
        "website": "https://locations.bojangles.com/sc/charleston/2941-w--montague-avenue.html"
      },
      "geometry": {
        "type": "Point",
        "coordinates": [
          -80.0119245,
          32.868952
        ]
      },
      "id": "node/1243723719"
    },
    {
      "type": "Feature",
      "properties": {
        "@id": "node/1244573192",
        "addr:city": "Wando",
        "addr:housenumber": "2514",
        "addr:postcode": "29492",
        "addr:state": "SC",
        "addr:street": "Clements Ferry Road",
        "amenity": "fast_food",
        "brand": "Bojangles'",
        "brand:wikidata": "Q891163",
        "cuisine": "chicken",
        "drive_through": "yes",
        "name": "Bojangles'",
        "official_name": "Bojangles' Famous Chicken 'n Biscuits",
        "phone": "+1 843-849-7857",
        "takeaway": "yes",
        "website": "https://locations.bojangles.com/sc/wando/2514-clements-ferry-road.html"
      },
      "geometry": {
        "type": "Point",
        "coordinates": [
          -79.9237567,
          32.8947388
        ]
      },
      "id": "node/1244573192"
    },
    {
      "type": "Feature",
      "properties": {
        "@id": "node/1246587483",
        "addr:city": "Jacksonville",
        "addr:country": "US",
        "addr:housenumber": "1061",
        "addr:postcode": "36265",
        "addr:state": "AL",
        "addr:street": "JD&L Drive Southwest",
        "amenity": "fast_food",
        "branch": "Jacksonville",
        "brand": "Bojangles'",
        "brand:wikidata": "Q891163",
        "contact:facebook": "https://www.facebook.com/Bojangles/",
        "contact:twitter": "Bojangles",
        "cuisine": "chicken",
        "drive_through": "yes",
        "name": "Bojangles'",
        "official_name": "Bojangles' Famous Chicken 'n Biscuits",
        "opening_hours": "Mo-Sa 05:00-22:00; Su 06:00-22:00",
        "phone": "+1 256-940-9247",
        "takeaway": "yes",
        "website": "https://locations.bojangles.com/al/jacksonville/1061-j.d.-and-l.-drive-sw-872.html"
      },
      "geometry": {
        "type": "Point",
        "coordinates": [
          -85.7619646,
          33.8004488
        ]
      },
      "id": "node/1246587483"
    },
    {
      "type": "Feature",
      "properties": {
        "@id": "way/1266332258",
        "addr:city": "Wylie",
        "addr:housenumber": "3008",
        "addr:postcode": "75094",
        "addr:state": "TX",
        "addr:street": "FM 544",
        "amenity": "fast_food",
        "brand": "Bojangles'",
        "brand:wikidata": "Q891163",
        "building": "yes",
        "cuisine": "chicken",
        "drive_through": "yes",
        "name": "Bojangles'",
        "official_name": "Bojangles' Famous Chicken 'n Biscuits",
        "opening_hours": "Mo-Sa 06:00-22:00; Su 07:00-22:00",
        "operator": "Bojangles'",
        "phone": "+1 469-304-0416",
        "takeaway": "yes",
        "website": "https://locations.bojangles.com/tx/wylie/3008-e-farm-to-market-544.html",
        "@geometry": "center"
      },
      "geometry": {
        "type": "Point",
        "coordinates": [
          -96.5859157,
          33.0107225
        ]
      },
      "id": "way/1266332258"
    },
    {
      "type": "Feature",
      "properties": {
        "@id": "way/1268488475",
        "addr:city": "Christiansburg",
        "addr:housenumber": "2195",
        "addr:postcode": "24073",
        "addr:state": "VA",
        "addr:street": "North Franklin Street",
        "amenity": "fast_food",
        "brand": "Bojangles'",
        "brand:wikidata": "Q891163",
        "building": "yes",
        "check_date": "2026-03-21",
        "cuisine": "chicken",
        "drive_through": "yes",
        "name": "Bojangles'",
        "official_name": "Bojangles' Famous Chicken 'n Biscuits",
        "opening_hours": "Mo-Su 06:00-22:00",
        "payment:cash": "yes",
        "payment:credit_cards": "yes",
        "payment:debit_cards": "yes",
        "phone": "+1 540-449-5743",
        "takeaway": "yes",
        "website": "https://locations.bojangles.com/va/christiansburg/2195-n-franklin-st.html",
        "wheelchair": "yes",
        "@geometry": "center"
      },
      "geometry": {
        "type": "Point",
        "coordinates": [
          -80.4198694,
          37.1597405
        ]
      },
      "id": "way/1268488475"
    },
    {
      "type": "Feature",
      "properties": {
        "@id": "way/1271059789",
        "addr:city": "Harriman",
        "addr:housenumber": "1917",
        "addr:postcode": "37748",
        "addr:state": "TN",
        "addr:street": "Roane State Highway",
        "amenity": "fast_food",
        "brand": "Bojangles'",
        "brand:wikidata": "Q891163",
        "building": "yes",
        "cuisine": "chicken",
        "drive_through": "yes",
        "name": "Bojangles'",
        "official_name": "Bojangles' Famous Chicken 'n Biscuits",
        "phone": "+1 865-376-8996",
        "takeaway": "yes",
        "website": "https://locations.bojangles.com/tn/harriman/1917-roane-state-highway.html",
        "@geometry": "center"
      },
      "geometry": {
        "type": "Point",
        "coordinates": [
          -84.5468493,
          35.8907774
        ]
      },
      "id": "way/1271059789"
    },
    {
      "type": "Feature",
      "properties": {
        "@id": "way/1284547426",
        "addr:city": "Moncks Corner",
        "addr:housenumber": "2711",
        "addr:postcode": "29461",
        "addr:state": "SC",
        "addr:street": "Highway 52",
        "amenity": "fast_food",
        "brand": "Bojangles'",
        "brand:wikidata": "Q891163",
        "building": "yes",
        "cuisine": "chicken",
        "drive_through": "yes",
        "name": "Bojangles'",
        "official_name": "Bojangles' Famous Chicken 'n Biscuits",
        "phone": "+1 704-527-2675",
        "takeaway": "yes",
        "website": "https://locations.bojangles.com/sc/moncks-corner/2711-us-highway-52.html",
        "@geometry": "center"
      },
      "geometry": {
        "type": "Point",
        "coordinates": [
          -80.0316545,
          33.0948463
        ]
      },
      "id": "way/1284547426"
    },
    {
      "type": "Feature",
      "properties": {
        "@id": "way/1287178089",
        "addr:city": "Hickory",
        "addr:housenumber": "1816",
        "addr:postcode": "28601",
        "addr:state": "NC",
        "addr:street": "12th Avenue Northeast",
        "air_conditioning": "yes",
        "amenity": "fast_food",
        "brand": "Bojangles'",
        "brand:wikidata": "Q891163",
        "building": "yes",
        "cuisine": "chicken",
        "delivery": "yes",
        "drive_through": "yes",
        "name": "Bojangles'",
        "official_name": "Bojangles' Famous Chicken 'n Biscuits",
        "opening_hours": "Mo-Tu 06:30-22:00; Fr-Sa 06:30-23:00; Su 06:30-22:00",
        "outdoor_seating": "no",
        "phone": "+1-828-324-4596",
        "source": "microsoft/BuildingFootprints",
        "takeaway": "yes",
        "website": "https://www.bojangles.com",
        "website:menu": "https://www.bojangles.com/order",
        "@geometry": "center"
      },
      "geometry": {
        "type": "Point",
        "coordinates": [
          -81.3027441,
          35.7423939
        ]
      },
      "id": "way/1287178089"
    },
    {
      "type": "Feature",
      "properties": {
        "@id": "way/1287912873",
        "amenity": "fast_food",
        "brand": "Bojangles'",
        "brand:wikidata": "Q891163",
        "building": "yes",
        "cuisine": "chicken",
        "name": "Bojangles'",
        "official_name": "Bojangles' Famous Chicken 'n Biscuits",
        "source": "microsoft/BuildingFootprints",
        "takeaway": "yes",
        "@geometry": "center"
      },
      "geometry": {
        "type": "Point",
        "coordinates": [
          -80.9377635,
          35.7945808
        ]
      },
      "id": "way/1287912873"
    },
    {
      "type": "Feature",
      "properties": {
        "@id": "node/1289511888",
        "addr:city": "Santee",
        "addr:housenumber": "9044",
        "addr:postcode": "29142",
        "addr:state": "SC",
        "addr:street": "Old Number Six Highway",
        "amenity": "fast_food",
        "brand": "Bojangles'",
        "brand:wikidata": "Q891163",
        "cuisine": "chicken",
        "drive_through": "yes",
        "name": "Bojangles'",
        "official_name": "Bojangles' Famous Chicken 'n Biscuits",
        "phone": "+1 803-854-0285",
        "takeaway": "yes",
        "website": "https://locations.bojangles.com/sc/santee/9044-old-st--matthews-rd.html"
      },
      "geometry": {
        "type": "Point",
        "coordinates": [
          -80.4691749,
          33.4838683
        ]
      },
      "id": "node/1289511888"
    },
    {
      "type": "Feature",
      "properties": {
        "@id": "way/1293740616",
        "addr:city": "Columbus",
        "addr:housenumber": "891",
        "addr:postcode": "43228",
        "addr:state": "OH",
        "addr:street": "Hilliard-Rome Road",
        "amenity": "fast_food",
        "brand": "Bojangles'",
        "brand:wikidata": "Q891163",
        "building": "yes",
        "cuisine": "chicken",
        "drive_through": "yes",
        "name": "Bojangles'",
        "official_name": "Bojangles' Famous Chicken 'n Biscuits",
        "phone": "+13802030326",
        "takeaway": "yes",
        "website": "https://locations.bojangles.com/oh/columbus/891-hilliard-rome-road.html",
        "@geometry": "center"
      },
      "geometry": {
        "type": "Point",
        "coordinates": [
          -83.1493857,
          39.9696842
        ]
      },
      "id": "way/1293740616"
    },
    {
      "type": "Feature",
      "properties": {
        "@id": "way/1299876926",
        "addr:city": "Oneonta",
        "addr:country": "US",
        "addr:housenumber": "724",
        "addr:postcode": "35121",
        "addr:state": "AL",
        "addr:street": "2nd Avenue East",
        "air_conditioning": "yes",
        "amenity": "fast_food",
        "branch": "Oneonta",
        "brand": "Bojangles'",
        "brand:wikidata": "Q891163",
        "building": "yes",
        "check_date": "2025-10-02",
        "contact:facebook": "https://www.facebook.com/Bojangles/",
        "contact:twitter": "Bojangles",
        "cuisine": "chicken",
        "delivery": "yes",
        "drive_through": "yes",
        "name": "Bojangles'",
        "official_name": "Bojangles' Famous Chicken 'n Biscuits",
        "opening_hours": "Mo-Sa 05:00-22:00; Su 06:00-22:00",
        "outdoor_seating": "yes",
        "payment:cards": "yes",
        "payment:cash": "yes",
        "payment:qr_code": "no",
        "phone": "+1 205-395-3227",
        "reservation": "no",
        "smoking": "no",
        "takeaway": "yes",
        "website": "https://locations.bojangles.com/al/oneonta/724-2nd-avenue-east-1408.html",
        "wheelchair": "yes",
        "@geometry": "center"
      },
      "geometry": {
        "type": "Point",
        "coordinates": [
          -86.470031,
          33.9506441
        ]
      },
      "id": "way/1299876926"
    },
    {
      "type": "Feature",
      "properties": {
        "@id": "way/1305028802",
        "addr:city": "Farmville",
        "addr:housenumber": "1501",
        "addr:postcode": "23901",
        "addr:state": "VA",
        "addr:street": "South Main Street",
        "amenity": "fast_food",
        "brand": "Bojangles'",
        "brand:wikidata": "Q891163",
        "building": "yes",
        "cuisine": "chicken",
        "drive_through": "yes",
        "name": "Bojangles'",
        "official_name": "Bojangles' Famous Chicken 'n Biscuits",
        "takeaway": "yes",
        "@geometry": "center"
      },
      "geometry": {
        "type": "Point",
        "coordinates": [
          -78.3963213,
          37.2842647
        ]
      },
      "id": "way/1305028802"
    },
    {
      "type": "Feature",
      "properties": {
        "@id": "way/1308886315",
        "addr:housenumber": "4192",
        "addr:street": "Jiles Road",
        "amenity": "fast_food",
        "brand": "Bojangles'",
        "brand:wikidata": "Q891163",
        "building": "retail",
        "cuisine": "chicken",
        "drive_through": "yes",
        "name": "Bojangles'",
        "official_name": "Bojangles' Famous Chicken 'n Biscuits",
        "takeaway": "yes",
        "@geometry": "center"
      },
      "geometry": {
        "type": "Point",
        "coordinates": [
          -84.6037579,
          34.0475422
        ]
      },
      "id": "way/1308886315"
    },
    {
      "type": "Feature",
      "properties": {
        "@id": "way/1312105555",
        "amenity": "fast_food",
        "brand": "Bojangles'",
        "brand:wikidata": "Q891163",
        "building": "retail",
        "building:levels": "1",
        "cuisine": "chicken",
        "drive_through": "yes",
        "name": "Bojangles'",
        "official_name": "Bojangles' Famous Chicken 'n Biscuits",
        "roof:levels": "0",
        "roof:shape": "flat",
        "source": "microsoft/BuildingFootprints",
        "takeaway": "yes",
        "@geometry": "center"
      },
      "geometry": {
        "type": "Point",
        "coordinates": [
          -76.2317965,
          36.2950526
        ]
      },
      "id": "way/1312105555"
    },
    {
      "type": "Feature",
      "properties": {
        "@id": "way/1312706607",
        "addr:city": "Cary",
        "addr:housenumber": "3900",
        "addr:postcode": "27518",
        "addr:state": "NC",
        "addr:street": "Highway 55",
        "amenity": "fast_food",
        "brand": "Bojangles'",
        "brand:wikidata": "Q891163",
        "building": "restaurant",
        "cuisine": "chicken",
        "drive_through": "yes",
        "name": "Bojangles'",
        "official_name": "Bojangles' Famous Chicken 'n Biscuits",
        "opening_hours": "Su-Sa 05:30-22:00",
        "phone": "+1-919-234-1118",
        "takeaway": "yes",
        "website": "https://locations.bojangles.com/nc/cary/3900-highway-55.html",
        "@geometry": "center"
      },
      "geometry": {
        "type": "Point",
        "coordinates": [
          -78.8728152,
          35.8193267
        ]
      },
      "id": "way/1312706607"
    },
    {
      "type": "Feature",
      "properties": {
        "@id": "way/1312845715",
        "amenity": "fast_food",
        "brand": "Bojangles'",
        "brand:wikidata": "Q891163",
        "building": "yes",
        "cuisine": "chicken",
        "name": "Bojangles'",
        "official_name": "Bojangles' Famous Chicken 'n Biscuits",
        "source": "microsoft/BuildingFootprints",
        "takeaway": "yes",
        "@geometry": "center"
      },
      "geometry": {
        "type": "Point",
        "coordinates": [
          -80.1348802,
          36.1637271
        ]
      },
      "id": "way/1312845715"
    },
    {
      "type": "Feature",
      "properties": {
        "@id": "way/1321475358",
        "addr:city": "Richmond",
        "addr:housenumber": "19230",
        "addr:postcode": "77406",
        "addr:state": "TX",
        "addr:street": "West Bellfort Street",
        "amenity": "fast_food",
        "brand": "Bojangles'",
        "brand:wikidata": "Q891163",
        "building": "yes",
        "cuisine": "chicken",
        "drive_through": "yes",
        "name": "Bojangles'",
        "official_name": "Bojangles' Famous Chicken 'n Biscuits",
        "takeaway": "yes",
        "@geometry": "center"
      },
      "geometry": {
        "type": "Point",
        "coordinates": [
          -95.7196282,
          29.6619728
        ]
      },
      "id": "way/1321475358"
    },
    {
      "type": "Feature",
      "properties": {
        "@id": "way/1322383005",
        "addr:city": "Newland",
        "addr:housenumber": "205",
        "addr:postcode": "28657",
        "addr:state": "NC",
        "addr:street": "Cranberry Street",
        "amenity": "fast_food",
        "brand": "Bojangles'",
        "brand:wikidata": "Q891163",
        "building": "yes",
        "cuisine": "chicken",
        "drive_through": "yes",
        "name": "Bojangles'",
        "official_name": "Bojangles' Famous Chicken 'n Biscuits",
        "opening_hours": "Mo-Sa 05:30-22:00; Su 06:00-22:00",
        "phone": "+1-828-469-7026",
        "takeaway": "yes",
        "website": "https://locations.bojangles.com/nc/newland/205-cranberry-street.html",
        "@geometry": "center"
      },
      "geometry": {
        "type": "Point",
        "coordinates": [
          -81.9277347,
          36.0883759
        ]
      },
      "id": "way/1322383005"
    },
    {
      "type": "Feature",
      "properties": {
        "@id": "way/1327400828",
        "addr:city": "Asheville",
        "addr:housenumber": "127",
        "addr:postcode": "28804",
        "addr:state": "NC",
        "addr:street": "Weaverville Road",
        "amenity": "fast_food",
        "brand": "Bojangles'",
        "brand:wikidata": "Q891163",
        "building": "yes",
        "cuisine": "chicken",
        "drive_through": "yes",
        "name": "Bojangles'",
        "official_name": "Bojangles' Famous Chicken 'n Biscuits",
        "phone": "+1 828-412-4119",
        "takeaway": "yes",
        "website": "https://locations.bojangles.com/nc/woodfin/127-weaverville-road.html",
        "@geometry": "center"
      },
      "geometry": {
        "type": "Point",
        "coordinates": [
          -82.5798253,
          35.6449427
        ]
      },
      "id": "way/1327400828"
    },
    {
      "type": "Feature",
      "properties": {
        "@id": "way/1335048027",
        "addr:city": "Grantsboro",
        "addr:housenumber": "10765",
        "addr:postcode": "28529",
        "addr:state": "NC",
        "addr:street": "NC Highway 55 East",
        "amenity": "fast_food",
        "brand": "Bojangles'",
        "brand:wikidata": "Q891163",
        "building": "yes",
        "cuisine": "chicken",
        "drive_through": "yes",
        "name": "Bojangles'",
        "official_name": "Bojangles' Famous Chicken 'n Biscuits",
        "opening_hours": "Mo-Su 07:00-19:00",
        "phone": "+1 252-745-2027",
        "takeaway": "yes",
        "website": "https://locations.bojangles.com/nc/grantsboro/10765-nc-55-hwy-east.html",
        "@geometry": "center"
      },
      "geometry": {
        "type": "Point",
        "coordinates": [
          -76.8445259,
          35.1407226
        ]
      },
      "id": "way/1335048027"
    },
    {
      "type": "Feature",
      "properties": {
        "@id": "way/1352816940",
        "addr:city": "Winchester",
        "addr:county": "Frederick County",
        "addr:housenumber": "191",
        "addr:postcode": "22603",
        "addr:state": "VA",
        "addr:street": "Gateway Drive",
        "amenity": "fast_food",
        "brand": "Bojangles'",
        "brand:wikidata": "Q891163",
        "building": "yes",
        "cuisine": "chicken",
        "dish": "chicken",
        "drive_through": "yes",
        "name": "Bojangles'",
        "official_name": "Bojangles' Famous Chicken 'n Biscuits",
        "phone": "+1 540-450-8646",
        "source": "esri/Virginia_building",
        "takeaway": "yes",
        "website": "https://locations.bojangles.com/va/winchester/191-gateway-drive.html",
        "@geometry": "center"
      },
      "geometry": {
        "type": "Point",
        "coordinates": [
          -78.1325393,
          39.1858322
        ]
      },
      "id": "way/1352816940"
    },
    {
      "type": "Feature",
      "properties": {
        "@id": "way/1390847550",
        "amenity": "fast_food",
        "brand": "Bojangles'",
        "brand:wikidata": "Q891163",
        "building": "yes",
        "cuisine": "chicken",
        "name": "Bojangles'",
        "official_name": "Bojangles' Famous Chicken 'n Biscuits",
        "takeaway": "yes",
        "@geometry": "center"
      },
      "geometry": {
        "type": "Point",
        "coordinates": [
          -87.3144424,
          36.5143597
        ]
      },
      "id": "way/1390847550"
    },
    {
      "type": "Feature",
      "properties": {
        "@id": "way/1416521165",
        "amenity": "fast_food",
        "brand": "Bojangles'",
        "brand:wikidata": "Q891163",
        "building": "yes",
        "cuisine": "chicken",
        "drive_through": "yes",
        "name": "Bojangles'",
        "official_name": "Bojangles' Famous Chicken 'n Biscuits",
        "takeaway": "yes",
        "@geometry": "center"
      },
      "geometry": {
        "type": "Point",
        "coordinates": [
          -83.0047955,
          35.4689061
        ]
      },
      "id": "way/1416521165"
    },
    {
      "type": "Feature",
      "properties": {
        "@id": "way/1419752489",
        "addr:city": "Mount Pleasant",
        "addr:housenumber": "1644",
        "addr:postcode": "29464",
        "addr:state": "SC",
        "addr:street": "North Highway 17",
        "amenity": "fast_food",
        "brand": "Bojangles'",
        "brand:wikidata": "Q891163",
        "building": "yes",
        "cuisine": "chicken",
        "name": "Bojangles'",
        "official_name": "Bojangles' Famous Chicken 'n Biscuits",
        "opening_hours": "Su 06:00-22:00; Mo-Sa 05:00-22:00",
        "operator": "Bojangles Restaurants, LLC.",
        "phone": "+1-843-216-1398",
        "source": "microsoft/BuildingFootprints",
        "takeaway": "yes",
        "website": "https://locations.bojangles.com/sc/mt--pleasant/1644-hwy-17-north.html",
        "@geometry": "center"
      },
      "geometry": {
        "type": "Point",
        "coordinates": [
          -79.8406449,
          32.8233466
        ]
      },
      "id": "way/1419752489"
    },
    {
      "type": "Feature",
      "properties": {
        "@id": "way/1420251198",
        "amenity": "fast_food",
        "brand": "Bojangles'",
        "brand:wikidata": "Q891163",
        "building": "yes",
        "cuisine": "chicken",
        "name": "Bojangles'",
        "official_name": "Bojangles' Famous Chicken 'n Biscuits",
        "takeaway": "yes",
        "@geometry": "center"
      },
      "geometry": {
        "type": "Point",
        "coordinates": [
          -96.8751659,
          33.218353
        ]
      },
      "id": "way/1420251198"
    },
    {
      "type": "Feature",
      "properties": {
        "@id": "way/1426682842",
        "amenity": "fast_food",
        "brand": "Bojangles'",
        "brand:wikidata": "Q891163",
        "building": "yes",
        "cuisine": "chicken",
        "drive_through": "yes",
        "name": "Bojangles'",
        "official_name": "Bojangles' Famous Chicken 'n Biscuits",
        "takeaway": "yes",
        "@geometry": "center"
      },
      "geometry": {
        "type": "Point",
        "coordinates": [
          -83.5450407,
          35.8649538
        ]
      },
      "id": "way/1426682842"
    },
    {
      "type": "Feature",
      "properties": {
        "@id": "way/1441670895",
        "amenity": "fast_food",
        "brand": "Bojangles'",
        "brand:wikidata": "Q891163",
        "building": "yes",
        "cuisine": "chicken",
        "drive_through": "yes",
        "name": "Bojangles'",
        "official_name": "Bojangles' Famous Chicken 'n Biscuits",
        "takeaway": "yes",
        "@geometry": "center"
      },
      "geometry": {
        "type": "Point",
        "coordinates": [
          -97.1340652,
          32.8377361
        ]
      },
      "id": "way/1441670895"
    },
    {
      "type": "Feature",
      "properties": {
        "@id": "way/1443724066",
        "addr:city": "Graniteville",
        "addr:housenumber": "546",
        "addr:postcode": "29829",
        "addr:state": "SC",
        "addr:street": "Bettis Academy Road",
        "amenity": "fast_food",
        "brand": "Bojangles'",
        "brand:wikidata": "Q891163",
        "building": "yes",
        "cuisine": "chicken",
        "drive_through": "yes",
        "name": "Bojangles'",
        "official_name": "Bojangles' Famous Chicken 'n Biscuits",
        "opening_hours": "Mo-Su 05:00-22:00",
        "phone": "+1 803-845-2020",
        "takeaway": "yes",
        "website": "https://locations.bojangles.com/sc/graniteville/546-bettis-academy-road.html",
        "@geometry": "center"
      },
      "geometry": {
        "type": "Point",
        "coordinates": [
          -81.8415935,
          33.6030376
        ]
      },
      "id": "way/1443724066"
    },
    {
      "type": "Feature",
      "properties": {
        "@id": "way/1469639675",
        "addr:city": "Fayetteville",
        "addr:housenumber": "6301",
        "addr:postcode": "28311",
        "addr:state": "NC",
        "addr:street": "Ramsey Street",
        "amenity": "fast_food",
        "brand": "Bojangles'",
        "brand:wikidata": "Q891163",
        "building": "yes",
        "cuisine": "chicken",
        "drive_through": "yes",
        "name": "Bojangles'",
        "official_name": "Bojangles' Famous Chicken 'n Biscuits",
        "opening_hours": "Mo-Th 05:00-22:00; Fr,Sa 05:00-23:00; Su 06:00-22:00",
        "phone": "+19105000310",
        "takeaway": "yes",
        "website": "https://locations.bojangles.com/nc/fayetteville/6301-ramsey-street.html",
        "@geometry": "center"
      },
      "geometry": {
        "type": "Point",
        "coordinates": [
          -78.8709286,
          35.1524983
        ]
      },
      "id": "way/1469639675"
    },
    {
      "type": "Feature",
      "properties": {
        "@id": "way/1481263257",
        "addr:city": "Holly Springs",
        "addr:housenumber": "151",
        "addr:postcode": "27540",
        "addr:state": "NC",
        "addr:street": "Collings Crossing Road",
        "amenity": "fast_food",
        "brand": "Bojangles'",
        "brand:wikidata": "Q891163",
        "building": "yes",
        "cuisine": "chicken",
        "drive_through": "yes",
        "name": "Bojangles'",
        "official_name": "Bojangles' Famous Chicken 'n Biscuits",
        "opening_hours": "Su-Th 05:30-22:00; Fr-Sa 05:30-23:00",
        "takeaway": "yes",
        "@geometry": "center"
      },
      "geometry": {
        "type": "Point",
        "coordinates": [
          -78.8304474,
          35.6337096
        ]
      },
      "id": "way/1481263257"
    },
    {
      "type": "Feature",
      "properties": {
        "@id": "way/1488961707",
        "addr:city": "Clermont",
        "addr:housenumber": "4721",
        "addr:postcode": "34711",
        "addr:state": "FL",
        "addr:street": "Collina Terrace",
        "amenity": "fast_food",
        "brand": "Bojangles'",
        "brand:wikidata": "Q891163",
        "building": "yes",
        "cuisine": "chicken",
        "name": "Bojangles'",
        "official_name": "Bojangles' Famous Chicken 'n Biscuits",
        "takeaway": "yes",
        "@geometry": "center"
      },
      "geometry": {
        "type": "Point",
        "coordinates": [
          -81.6635157,
          28.5469425
        ]
      },
      "id": "way/1488961707"
    },
    {
      "type": "Feature",
      "properties": {
        "@id": "way/1492008383",
        "amenity": "fast_food",
        "brand": "Bojangles'",
        "brand:wikidata": "Q891163",
        "building": "yes",
        "cuisine": "chicken",
        "name": "Bojangles'",
        "official_name": "Bojangles' Famous Chicken 'n Biscuits",
        "takeaway": "yes",
        "@geometry": "center"
      },
      "geometry": {
        "type": "Point",
        "coordinates": [
          -82.9515267,
          39.5873915
        ]
      },
      "id": "way/1492008383"
    },
    {
      "type": "Feature",
      "properties": {
        "@id": "way/1494565755",
        "addr:city": "Fort Mill",
        "addr:country": "US",
        "addr:housenumber": "314",
        "addr:postcode": "29708",
        "addr:state": "SC",
        "addr:street": "South Sutton Road",
        "amenity": "fast_food",
        "brand": "Bojangles'",
        "brand:wikidata": "Q891163",
        "building": "yes",
        "cuisine": "chicken",
        "drive_through": "yes",
        "name": "Bojangles'",
        "official_name": "Bojangles' Famous Chicken 'n Biscuits",
        "opening_hours": "Mo-Sa 05:00-22:00; Su 06:00-22:00",
        "operator": "Bo-Ventures LLC",
        "phone": "+1 704-527-2675",
        "takeaway": "yes",
        "website": "https://locations.bojangles.com/sc/fort-mill/314-s-sutton-rd.html",
        "@geometry": "center"
      },
      "geometry": {
        "type": "Point",
        "coordinates": [
          -80.978691,
          35.0010178
        ]
      },
      "id": "way/1494565755"
    },
    {
      "type": "Feature",
      "properties": {
        "@id": "way/1510952013",
        "addr:city": "Ruston",
        "addr:housenumber": "2202",
        "addr:postcode": "71270",
        "addr:state": "LA",
        "addr:street": "Farmerville Highway",
        "air_conditioning": "yes",
        "amenity": "fast_food",
        "brand": "Bojangles'",
        "brand:wikidata": "Q891163",
        "building": "yes",
        "building:levels": "1",
        "check_date": "2026-08-24",
        "check_date:opening_hours": "2026-04-11",
        "cuisine": "chicken",
        "drive_through": "yes",
        "highchair": "yes",
        "internet_access": "wlan",
        "internet_access:fee": "customers",
        "internet_access:ssid": "Bojangles Guest",
        "level": "0",
        "name": "Bojangles'",
        "official_name": "Bojangles' Famous Chicken 'n Biscuits",
        "opening_hours": "Su-Th 06:00-22:00; Fr-Sa 06:00-23:00",
        "outdoor_seating": "no",
        "payment:cash": "yes",
        "payment:credit_cards": "yes",
        "payment:debit_cards": "yes",
        "phone": "+1-318-202-5100",
        "smoking": "no",
        "takeaway": "yes",
        "toilets": "yes",
        "website": "https://locations.bojangles.com/la/ruston/2202-farmerville-hwy.html",
        "wheelchair": "yes",
        "@geometry": "center"
      },
      "geometry": {
        "type": "Point",
        "coordinates": [
          -92.6089517,
          32.5516708
        ]
      },
      "id": "way/1510952013"
    },
    {
      "type": "Feature",
      "properties": {
        "@id": "way/1512413444",
        "amenity": "fast_food",
        "brand": "Bojangles'",
        "brand:wikidata": "Q891163",
        "building": "yes",
        "cuisine": "chicken",
        "name": "Bojangles'",
        "official_name": "Bojangles' Famous Chicken 'n Biscuits",
        "takeaway": "yes",
        "@geometry": "center"
      },
      "geometry": {
        "type": "Point",
        "coordinates": [
          -84.072224,
          37.1054526
        ]
      },
      "id": "way/1512413444"
    },
    {
      "type": "Feature",
      "properties": {
        "@id": "node/1518942735",
        "addr:city": "Radford",
        "addr:housenumber": "7455",
        "addr:postcode": "24141",
        "addr:state": "VA",
        "addr:street": "Lee Highway",
        "amenity": "fast_food",
        "brand": "Bojangles'",
        "brand:wikidata": "Q891163",
        "cuisine": "chicken",
        "name": "Bojangles'",
        "official_name": "Bojangles' Famous Chicken 'n Biscuits",
        "phone": "+1 540-838-2017",
        "takeaway": "yes",
        "website": "https://locations.bojangles.com/va/radford/7455-lee-highway.html"
      },
      "geometry": {
        "type": "Point",
        "coordinates": [
          -80.5792634,
          37.1430775
        ]
      },
      "id": "node/1518942735"
    },
    {
      "type": "Feature",
      "properties": {
        "@id": "way/1527905321",
        "amenity": "fast_food",
        "brand": "Bojangles'",
        "brand:wikidata": "Q891163",
        "building": "yes",
        "cuisine": "chicken",
        "name": "Bojangles'",
        "official_name": "Bojangles' Famous Chicken 'n Biscuits",
        "takeaway": "yes",
        "@geometry": "center"
      },
      "geometry": {
        "type": "Point",
        "coordinates": [
          -78.8772872,
          35.0578541
        ]
      },
      "id": "way/1527905321"
    },
    {
      "type": "Feature",
      "properties": {
        "@id": "way/1536218549",
        "addr:city": "Melbourne",
        "addr:country": "US",
        "addr:housenumber": "5155",
        "addr:postcode": "32935",
        "addr:state": "FL",
        "addr:street": "North Wickham Road",
        "air_conditioning": "yes",
        "amenity": "fast_food",
        "branch": "Melbourne",
        "brand": "Bojangles'",
        "brand:wikidata": "Q891163",
        "changing_table": "yes",
        "contact:facebook": "https://www.facebook.com/Bojangles/",
        "cuisine": "chicken",
        "currency:USD": "yes",
        "delivery": "yes",
        "drive_through": "yes",
        "highchair": "yes",
        "indoor": "room",
        "indoor_seating": "yes",
        "level": "0",
        "name": "Bojangles'",
        "official_name": "Bojangles' Famous Chicken 'n Biscuits",
        "opening_hours": "Mo-Th 05:00-22:00; Fr-Sa 05:00-23:00; Su 06:00-22:00",
        "outdoor_seating": "yes",
        "payment:app": "yes",
        "payment:cash": "yes",
        "payment:contactless": "yes",
        "payment:credit_cards": "yes",
        "payment:debit_cards": "yes",
        "phone": "+1 615-232-2618",
        "smoking": "outside",
        "stroller": "yes",
        "takeaway": "yes",
        "toilets": "yes",
        "toilets:wheelchair": "yes",
        "website": "https://locations.bojangles.com/fl/melbourne/5155-north-wickham-road-2092.html",
        "website:menu": "https://www.bojangles.com/order/",
        "wheelchair": "yes",
        "@geometry": "center"
      },
      "geometry": {
        "type": "Point",
        "coordinates": [
          -80.6713151,
          28.1921199
        ]
      },
      "id": "way/1536218549"
    },
    {
      "type": "Feature",
      "properties": {
        "@id": "way/1536686437",
        "addr:city": "Elizabethton",
        "addr:housenumber": "1006",
        "addr:postcode": "37643",
        "addr:state": "TN",
        "addr:street": "Overmountain Drive",
        "amenity": "fast_food",
        "brand": "Bojangles'",
        "brand:wikidata": "Q891163",
        "building": "yes",
        "cuisine": "chicken",
        "drive_through": "yes",
        "name": "Bojangles'",
        "official_name": "Bojangles' Famous Chicken 'n Biscuits",
        "opening_hours": "Mo-Su 06:00-22:00",
        "phone": "+1 423-542-3500",
        "takeaway": "yes",
        "website": "https://locations.bojangles.com/tn/elizabethton/1006-overmountain-road.html",
        "@geometry": "center"
      },
      "geometry": {
        "type": "Point",
        "coordinates": [
          -82.2450944,
          36.3470836
        ]
      },
      "id": "way/1536686437"
    },
    {
      "type": "Feature",
      "properties": {
        "@id": "way/1536941549",
        "amenity": "fast_food",
        "brand": "Bojangles'",
        "brand:wikidata": "Q891163",
        "building": "yes",
        "cuisine": "chicken",
        "name": "Bojangles'",
        "official_name": "Bojangles' Famous Chicken 'n Biscuits",
        "takeaway": "yes",
        "@geometry": "center"
      },
      "geometry": {
        "type": "Point",
        "coordinates": [
          -84.4563839,
          33.4329364
        ]
      },
      "id": "way/1536941549"
    },
    {
      "type": "Feature",
      "properties": {
        "@id": "way/1552442514",
        "amenity": "fast_food",
        "brand": "Bojangles'",
        "brand:wikidata": "Q891163",
        "building": "yes",
        "cuisine": "chicken",
        "name": "Bojangles'",
        "official_name": "Bojangles' Famous Chicken 'n Biscuits",
        "takeaway": "yes",
        "@geometry": "center"
      },
      "geometry": {
        "type": "Point",
        "coordinates": [
          -83.6974324,
          32.6166579
        ]
      },
      "id": "way/1552442514"
    },
    {
      "type": "Feature",
      "properties": {
        "@id": "node/1744531422",
        "addr:city": "Hope Mills",
        "addr:housenumber": "3008",
        "addr:postcode": "28348",
        "addr:state": "NC",
        "addr:street": "North Main Street",
        "amenity": "fast_food",
        "brand": "Bojangles'",
        "brand:wikidata": "Q891163",
        "cuisine": "chicken",
        "drive_through": "yes",
        "name": "Bojangles'",
        "official_name": "Bojangles' Famous Chicken 'n Biscuits",
        "phone": "+1 910-423-8002",
        "takeaway": "yes",
        "website": "https://locations.bojangles.com/nc/hope-mills/3008-n--main-street.html"
      },
      "geometry": {
        "type": "Point",
        "coordinates": [
          -78.9650764,
          34.9847451
        ]
      },
      "id": "node/1744531422"
    },
    {
      "type": "Feature",
      "properties": {
        "@id": "node/1757984889",
        "addr:city": "Florence",
        "addr:housename": "Bojangles",
        "addr:housenumber": "1224",
        "addr:postcode": "29501",
        "addr:state": "SC",
        "addr:street": "Celebration Boulevard",
        "amenity": "fast_food",
        "brand": "Bojangles'",
        "brand:wikidata": "Q891163",
        "cuisine": "chicken",
        "drive_through": "yes",
        "name": "Bojangles'",
        "official_name": "Bojangles' Famous Chicken 'n Biscuits",
        "phone": "+1 843-676-1091",
        "source": "Bing, personal knowledge",
        "takeaway": "yes",
        "website": "https://locations.bojangles.com/sc/florence/1224-celebration-blvd.html"
      },
      "geometry": {
        "type": "Point",
        "coordinates": [
          -79.8336461,
          34.1740491
        ]
      },
      "id": "node/1757984889"
    },
    {
      "type": "Feature",
      "properties": {
        "@id": "node/1806309462",
        "addr:city": "Fayetteville",
        "addr:housenumber": "1901",
        "addr:postcode": "28304",
        "addr:state": "NC",
        "addr:street": "Owen Drive",
        "amenity": "fast_food",
        "brand": "Bojangles'",
        "brand:wikidata": "Q891163",
        "cuisine": "chicken",
        "drive_through": "yes",
        "level": "1",
        "name": "Bojangles'",
        "official_name": "Bojangles' Famous Chicken 'n Biscuits",
        "phone": "+1 910-483-1913",
        "takeaway": "yes",
        "website": "https://locations.bojangles.com/nc/fayetteville/1901-owen-drive.html"
      },
      "geometry": {
        "type": "Point",
        "coordinates": [
          -78.9275289,
          35.0281951
        ]
      },
      "id": "node/1806309462"
    },
    {
      "type": "Feature",
      "properties": {
        "@id": "node/2006628147",
        "addr:city": "Leland",
        "addr:housenumber": "109",
        "addr:postcode": "28451",
        "addr:state": "NC",
        "addr:street": "Village Road Northeast",
        "amenity": "fast_food",
        "brand": "Bojangles'",
        "brand:wikidata": "Q891163",
        "cuisine": "chicken",
        "drive_through": "yes",
        "name": "Bojangles'",
        "official_name": "Bojangles' Famous Chicken 'n Biscuits",
        "phone": "+1 910-371-9778",
        "takeaway": "yes",
        "website": "https://locations.bojangles.com/nc/leland/109-village-road.html"
      },
      "geometry": {
        "type": "Point",
        "coordinates": [
          -77.9964277,
          34.2330526
        ]
      },
      "id": "node/2006628147"
    },
    {
      "type": "Feature",
      "properties": {
        "@id": "node/2078644839",
        "addr:city": "Eden",
        "addr:housenumber": "631",
        "addr:postcode": "27288",
        "addr:state": "NC",
        "addr:street": "South Van Buren Road",
        "amenity": "fast_food",
        "brand": "Bojangles'",
        "brand:wikidata": "Q891163",
        "cuisine": "chicken",
        "name": "Bojangles'",
        "official_name": "Bojangles' Famous Chicken 'n Biscuits",
        "phone": "+1 336-623-6404",
        "takeaway": "yes",
        "website": "https://locations.bojangles.com/nc/eden/631-s-van-buren-road.html"
      },
      "geometry": {
        "type": "Point",
        "coordinates": [
          -79.7403636,
          36.491144
        ]
      },
      "id": "node/2078644839"
    },
    {
      "type": "Feature",
      "properties": {
        "@id": "node/2188702449",
        "amenity": "fast_food",
        "brand": "Bojangles'",
        "brand:wikidata": "Q891163",
        "cuisine": "chicken",
        "drive_through": "yes",
        "name": "Bojangles'",
        "official_name": "Bojangles' Famous Chicken 'n Biscuits",
        "takeaway": "yes"
      },
      "geometry": {
        "type": "Point",
        "coordinates": [
          -85.2482791,
          35.1242465
        ]
      },
      "id": "node/2188702449"
    },
    {
      "type": "Feature",
      "properties": {
        "@id": "node/2390754977",
        "addr:city": "Hillcrest Heights",
        "addr:housenumber": "3727",
        "addr:postcode": "20748",
        "addr:state": "MD",
        "addr:street": "Branch Avenue",
        "amenity": "fast_food",
        "brand": "Bojangles'",
        "brand:wikidata": "Q891163",
        "cuisine": "chicken",
        "drive_through": "yes",
        "name": "Bojangles'",
        "official_name": "Bojangles' Famous Chicken 'n Biscuits",
        "takeaway": "yes"
      },
      "geometry": {
        "type": "Point",
        "coordinates": [
          -76.9476115,
          38.8396513
        ]
      },
      "id": "node/2390754977"
    },
    {
      "type": "Feature",
      "properties": {
        "@id": "node/2503331101",
        "addr:city": "Anderson",
        "addr:housenumber": "2041",
        "addr:postcode": "29621",
        "addr:state": "SC",
        "addr:street": "East Greenville Street",
        "amenity": "fast_food",
        "brand": "Bojangles'",
        "brand:wikidata": "Q891163",
        "cuisine": "chicken",
        "drive_through": "yes",
        "name": "Bojangles'",
        "official_name": "Bojangles' Famous Chicken 'n Biscuits",
        "phone": "+1 864-226-3899",
        "takeaway": "yes",
        "website": "https://locations.bojangles.com/sc/anderson/2041-e-greenville-street.html"
      },
      "geometry": {
        "type": "Point",
        "coordinates": [
          -82.6315319,
          34.5484084
        ]
      },
      "id": "node/2503331101"
    },
    {
      "type": "Feature",
      "properties": {
        "@id": "node/2694672157",
        "addr:city": "West Columbia",
        "addr:housenumber": "1200",
        "addr:postcode": "29169",
        "addr:state": "SC",
        "addr:street": "Augusta Road",
        "amenity": "fast_food",
        "brand": "Bojangles'",
        "brand:wikidata": "Q891163",
        "cuisine": "chicken",
        "drive_through": "yes",
        "name": "Bojangles'",
        "official_name": "Bojangles' Famous Chicken 'n Biscuits",
        "phone": "+1 803-791-3767",
        "takeaway": "yes",
        "website": "https://locations.bojangles.com/sc/w--columbia/1200-augusta-road.html"
      },
      "geometry": {
        "type": "Point",
        "coordinates": [
          -81.0735244,
          33.9879001
        ]
      },
      "id": "node/2694672157"
    },
    {
      "type": "Feature",
      "properties": {
        "@id": "node/2709626922",
        "addr:city": "Conway",
        "addr:housenumber": "1766",
        "addr:postcode": "29526",
        "addr:state": "SC",
        "addr:street": "SC 544",
        "amenity": "fast_food",
        "brand": "Bojangles'",
        "brand:wikidata": "Q891163",
        "cuisine": "chicken",
        "drive_through": "yes",
        "name": "Bojangles'",
        "official_name": "Bojangles' Famous Chicken 'n Biscuits",
        "phone": "+1 843-349-7000",
        "takeaway": "yes",
        "website": "https://locations.bojangles.com/sc/conway/1766-hwy--544.html"
      },
      "geometry": {
        "type": "Point",
        "coordinates": [
          -79.0211431,
          33.7693029
        ]
      },
      "id": "node/2709626922"
    },
    {
      "type": "Feature",
      "properties": {
        "@id": "node/2778613148",
        "addr:city": "Newport",
        "addr:housenumber": "7085",
        "addr:postcode": "28570",
        "addr:state": "NC",
        "addr:street": "US Highway 70 East",
        "amenity": "fast_food",
        "brand": "Bojangles'",
        "brand:wikidata": "Q891163",
        "cuisine": "chicken",
        "drive_through": "yes",
        "name": "Bojangles'",
        "official_name": "Bojangles' Famous Chicken 'n Biscuits",
        "phone": "+1-252-223-3592",
        "takeaway": "yes",
        "website": "https://locations.bojangles.com/nc/newport/7085-highway-70-east.html"
      },
      "geometry": {
        "type": "Point",
        "coordinates": [
          -76.8774722,
          34.7904332
        ]
      },
      "id": "node/2778613148"
    },
    {
      "type": "Feature",
      "properties": {
        "@id": "node/2858957233",
        "addr:city": "Greensboro",
        "addr:country": "US",
        "addr:housenumber": "4409",
        "addr:postcode": "27407",
        "addr:state": "NC",
        "addr:street": "Landover Road",
        "amenity": "fast_food",
        "brand": "Bojangles'",
        "brand:wikidata": "Q891163",
        "cuisine": "chicken",
        "drive_through": "yes",
        "name": "Bojangles'",
        "official_name": "Bojangles' Famous Chicken 'n Biscuits",
        "phone": "+1 336-855-5905",
        "takeaway": "yes",
        "website": "https://locations.bojangles.com/nc/greensboro/4409-landover-road.html"
      },
      "geometry": {
        "type": "Point",
        "coordinates": [
          -79.8948795,
          36.0548245
        ]
      },
      "id": "node/2858957233"
    },
    {
      "type": "Feature",
      "properties": {
        "@id": "node/2862066316",
        "addr:city": "Greensboro",
        "addr:country": "US",
        "addr:housenumber": "3707",
        "addr:postcode": "27406",
        "addr:state": "NC",
        "addr:street": "Elmsley Court",
        "amenity": "fast_food",
        "brand": "Bojangles'",
        "brand:wikidata": "Q891163",
        "cuisine": "chicken",
        "drive_through": "yes",
        "name": "Bojangles'",
        "official_name": "Bojangles' Famous Chicken 'n Biscuits",
        "phone": "+1 336-273-7616",
        "takeaway": "yes",
        "website": "https://locations.bojangles.com/nc/greensboro/3707-elmsley-square.html"
      },
      "geometry": {
        "type": "Point",
        "coordinates": [
          -79.7925506,
          36.0030587
        ]
      },
      "id": "node/2862066316"
    },
    {
      "type": "Feature",
      "properties": {
        "@id": "node/2862066321",
        "addr:city": "Denton",
        "addr:country": "US",
        "addr:housenumber": "18073",
        "addr:postcode": "27239",
        "addr:state": "NC",
        "addr:street": "Glenn Street",
        "amenity": "fast_food",
        "brand": "Bojangles'",
        "brand:wikidata": "Q891163",
        "cuisine": "chicken",
        "drive_through": "yes",
        "name": "Bojangles'",
        "official_name": "Bojangles' Famous Chicken 'n Biscuits",
        "phone": "+1 336-859-5118",
        "takeaway": "yes",
        "website": "https://locations.bojangles.com/nc/denton/18073-hwy-109.html"
      },
      "geometry": {
        "type": "Point",
        "coordinates": [
          -80.1081895,
          35.6305194
        ]
      },
      "id": "node/2862066321"
    },
    {
      "type": "Feature",
      "properties": {
        "@id": "node/2942760474",
        "addr:city": "Manning",
        "addr:floor": "G",
        "addr:housenumber": "2004",
        "addr:postcode": "29102",
        "addr:state": "SC",
        "addr:street": "Paxville Highway",
        "amenity": "fast_food",
        "brand": "Bojangles'",
        "brand:wikidata": "Q891163",
        "check_date": "2025-11-30",
        "cuisine": "chicken",
        "drive_through": "yes",
        "level": "0",
        "name": "Bojangles'",
        "official_name": "Bojangles' Famous Chicken 'n Biscuits",
        "opening_hours": "Mo-Sa 05:00-22:00; Su 06:00-22:00",
        "phone": "+1 803-433-0014",
        "takeaway": "yes",
        "website": "https://locations.bojangles.com/sc/manning/2004-paxville-hwy.html",
        "wheelchair": "yes"
      },
      "geometry": {
        "type": "Point",
        "coordinates": [
          -80.2269555,
          33.6980854
        ]
      },
      "id": "node/2942760474"
    },
    {
      "type": "Feature",
      "properties": {
        "@id": "node/2990877785",
        "addr:city": "Charlotte",
        "addr:housenumber": "9501",
        "addr:postcode": "28215",
        "addr:state": "NC",
        "addr:street": "Stafford Road",
        "amenity": "fast_food",
        "brand": "Bojangles'",
        "brand:wikidata": "Q891163",
        "cuisine": "chicken",
        "drive_through": "yes",
        "name": "Bojangles'",
        "official_name": "Bojangles' Famous Chicken 'n Biscuits",
        "phone": "+1 704-494-3262",
        "smoking": "no",
        "takeaway": "yes",
        "website": "https://locations.bojangles.com/nc/charlotte/9501-stafford-road.html"
      },
      "geometry": {
        "type": "Point",
        "coordinates": [
          -80.6674652,
          35.2840993
        ]
      },
      "id": "node/2990877785"
    },
    {
      "type": "Feature",
      "properties": {
        "@id": "node/3020042197",
        "addr:city": "Greer",
        "addr:housenumber": "900",
        "addr:postcode": "29650",
        "addr:state": "SC",
        "addr:street": "South Buncombe Road",
        "alt_name": "Bojangles",
        "amenity": "fast_food",
        "brand": "Bojangles'",
        "brand:wikidata": "Q891163",
        "cuisine": "chicken",
        "delivery": "no",
        "drive_through": "yes",
        "name": "Bojangles'",
        "official_name": "Bojangles' Famous Chicken 'n Biscuits",
        "phone": "+1 864-968-8108",
        "takeaway": "yes",
        "website": "https://locations.bojangles.com/sc/greer/900-s-buncombe-road.html"
      },
      "geometry": {
        "type": "Point",
        "coordinates": [
          -82.2386629,
          34.9137692
        ]
      },
      "id": "node/3020042197"
    },
    {
      "type": "Feature",
      "properties": {
        "@id": "node/3048255958",
        "addr:city": "Shelby",
        "addr:country": "US",
        "addr:housenumber": "803",
        "addr:postcode": "28152",
        "addr:state": "NC",
        "addr:street": "West Dixon Boulevard",
        "amenity": "fast_food",
        "brand": "Bojangles'",
        "brand:wikidata": "Q891163",
        "cuisine": "chicken",
        "drive_through": "yes",
        "name": "Bojangles'",
        "official_name": "Bojangles' Famous Chicken 'n Biscuits",
        "opening_hours": "05:00-22:00",
        "phone": "+1 704-481-8180",
        "takeaway": "yes",
        "website": "https://locations.bojangles.com/nc/shelby/803-west-dixon-blvd.html"
      },
      "geometry": {
        "type": "Point",
        "coordinates": [
          -81.5560122,
          35.2825948
        ]
      },
      "id": "node/3048255958"
    },
    {
      "type": "Feature",
      "properties": {
        "@id": "node/3066140990",
        "addr:city": "Emporia",
        "addr:housenumber": "931",
        "addr:postcode": "23847",
        "addr:state": "VA",
        "addr:street": "West Atlantic Street",
        "amenity": "fast_food",
        "brand": "Bojangles'",
        "brand:wikidata": "Q891163",
        "cuisine": "chicken",
        "drive_through": "yes",
        "name": "Bojangles'",
        "official_name": "Bojangles' Famous Chicken 'n Biscuits",
        "opening_hours": "Mo-Su 05:30-22:00",
        "phone": "+1 434-336-1118",
        "takeaway": "yes",
        "website": "https://locations.bojangles.com/va/emporia/931-west-atlantic-street.html"
      },
      "geometry": {
        "type": "Point",
        "coordinates": [
          -77.5542731,
          36.703959
        ]
      },
      "id": "node/3066140990"
    },
    {
      "type": "Feature",
      "properties": {
        "@id": "node/3075917454",
        "addr:city": "Vinton",
        "addr:housenumber": "900",
        "addr:postcode": "24179",
        "addr:state": "VA",
        "addr:street": "Hardy Road",
        "amenity": "fast_food",
        "brand": "Bojangles'",
        "brand:wikidata": "Q891163",
        "cuisine": "chicken",
        "delivery": "no",
        "drive_through": "yes",
        "name": "Bojangles'",
        "official_name": "Bojangles' Famous Chicken 'n Biscuits",
        "opening_hours": "Mo-Sa 05:30-22:00; Su 06:00-22:00",
        "outdoor_seating": "yes",
        "phone": "+1 540-981-1133",
        "smoking": "outside",
        "takeaway": "yes",
        "website": "https://locations.bojangles.com/va/vinton/900-hardy-road.html"
      },
      "geometry": {
        "type": "Point",
        "coordinates": [
          -79.8883595,
          37.2734318
        ]
      },
      "id": "node/3075917454"
    },
    {
      "type": "Feature",
      "properties": {
        "@id": "node/3127842799",
        "addr:city": "Clinton",
        "addr:housenumber": "1404",
        "addr:postcode": "28328",
        "addr:state": "NC",
        "addr:street": "Sunset Boulevard",
        "amenity": "fast_food",
        "brand": "Bojangles'",
        "brand:wikidata": "Q891163",
        "cuisine": "chicken",
        "name": "Bojangles'",
        "official_name": "Bojangles' Famous Chicken 'n Biscuits",
        "phone": "+1 910-592-6100",
        "takeaway": "yes",
        "website": "https://locations.bojangles.com/nc/clinton/1404-sunset-blvd.html"
      },
      "geometry": {
        "type": "Point",
        "coordinates": [
          -78.3508793,
          34.992166
        ]
      },
      "id": "node/3127842799"
    },
    {
      "type": "Feature",
      "properties": {
        "@id": "node/3128354905",
        "addr:city": "Washington",
        "addr:housenumber": "1305",
        "addr:postcode": "27889",
        "addr:state": "NC",
        "addr:street": "Carolina Avenue",
        "amenity": "fast_food",
        "brand": "Bojangles'",
        "brand:wikidata": "Q891163",
        "cuisine": "chicken",
        "drive_through": "yes",
        "name": "Bojangles'",
        "official_name": "Bojangles' Famous Chicken 'n Biscuits",
        "phone": "+1 252-975-6067",
        "takeaway": "yes",
        "website": "https://locations.bojangles.com/nc/washington/1305-carolina-ave.html"
      },
      "geometry": {
        "type": "Point",
        "coordinates": [
          -77.05955,
          35.5580745
        ]
      },
      "id": "node/3128354905"
    },
    {
      "type": "Feature",
      "properties": {
        "@id": "node/3128699924",
        "addr:city": "Rocky Mount",
        "addr:housenumber": "30",
        "addr:postcode": "24151",
        "addr:state": "VA",
        "addr:street": "Marketplace Drive",
        "amenity": "fast_food",
        "brand": "Bojangles'",
        "brand:wikidata": "Q891163",
        "cuisine": "chicken",
        "drive_through": "yes",
        "name": "Bojangles'",
        "official_name": "Bojangles' Famous Chicken 'n Biscuits",
        "phone": "+1 540-483-7697",
        "takeaway": "yes",
        "website": "https://locations.bojangles.com/va/rocky-mount/30-marketplace-drive.html"
      },
      "geometry": {
        "type": "Point",
        "coordinates": [
          -79.8688333,
          37.0117048
        ]
      },
      "id": "node/3128699924"
    },
    {
      "type": "Feature",
      "properties": {
        "@id": "node/3137599738",
        "addr:city": "Myrtle Beach",
        "addr:housenumber": "10594",
        "addr:postcode": "29572",
        "addr:state": "SC",
        "addr:street": "Kings Road",
        "amenity": "fast_food",
        "brand": "Bojangles'",
        "brand:wikidata": "Q891163",
        "contact:facebook": "Bojangles",
        "contact:instagram": "bojangles",
        "contact:twitter": "Bojangles",
        "cuisine": "chicken",
        "drive_through": "yes",
        "level": "0",
        "name": "Bojangles'",
        "official_name": "Bojangles' Famous Chicken 'n Biscuits",
        "opening_hours": "Mo-Su 00:00-00:00",
        "phone": "+1 843-449-9493",
        "self_service": "partially",
        "takeaway": "yes",
        "website": "https://locations.bojangles.com/sc/myrtle-beach/10594-kings-road.html"
      },
      "geometry": {
        "type": "Point",
        "coordinates": [
          -78.7697543,
          33.7836801
        ]
      },
      "id": "node/3137599738"
    },
    {
      "type": "Feature",
      "properties": {
        "@id": "node/3140919016",
        "addr:city": "South Hill",
        "addr:housenumber": "1105",
        "addr:postcode": "23970",
        "addr:state": "VA",
        "addr:street": "East Atlantic Street",
        "amenity": "fast_food",
        "brand": "Bojangles'",
        "brand:wikidata": "Q891163",
        "cuisine": "chicken",
        "drive_through": "yes",
        "name": "Bojangles'",
        "official_name": "Bojangles' Famous Chicken 'n Biscuits",
        "opening_hours": "Su-Th 05:30-22:00; Fr-Sa 05:30-23:00",
        "phone": "+1 804-447-6910",
        "takeaway": "yes",
        "website": "https://locations.bojangles.com/va/south-hill/1105-e--atlantic-street.html"
      },
      "geometry": {
        "type": "Point",
        "coordinates": [
          -78.1074488,
          36.7095924
        ]
      },
      "id": "node/3140919016"
    },
    {
      "type": "Feature",
      "properties": {
        "@id": "node/3143170774",
        "addr:city": "Wilmington",
        "addr:housenumber": "520",
        "addr:postcode": "28403",
        "addr:state": "NC",
        "addr:street": "South College Road",
        "amenity": "fast_food",
        "brand": "Bojangles'",
        "brand:wikidata": "Q891163",
        "cuisine": "chicken",
        "drive_through": "yes",
        "name": "Bojangles'",
        "official_name": "Bojangles' Famous Chicken 'n Biscuits",
        "phone": "+1 910-395-0262",
        "takeaway": "yes",
        "website": "https://locations.bojangles.com/nc/wilmington/520-s--college-rd.html"
      },
      "geometry": {
        "type": "Point",
        "coordinates": [
          -77.8790435,
          34.2288548
        ]
      },
      "id": "node/3143170774"
    },
    {
      "type": "Feature",
      "properties": {
        "@id": "node/3178300699",
        "addr:city": "Kinston",
        "addr:housenumber": "3007",
        "addr:postcode": "28501",
        "addr:state": "NC",
        "addr:street": "North Heritage Street",
        "amenity": "fast_food",
        "brand": "Bojangles'",
        "brand:wikidata": "Q891163",
        "cuisine": "chicken",
        "drive_through": "yes",
        "name": "Bojangles'",
        "official_name": "Bojangles' Famous Chicken 'n Biscuits",
        "phone": "+1 252-559-2014",
        "takeaway": "yes",
        "website": "https://locations.bojangles.com/nc/kinston/3007-n--heritage-st.html"
      },
      "geometry": {
        "type": "Point",
        "coordinates": [
          -77.5819409,
          35.2934515
        ]
      },
      "id": "node/3178300699"
    },
    {
      "type": "Feature",
      "properties": {
        "@id": "node/3280980206",
        "addr:city": "Greenville",
        "addr:housenumber": "321",
        "addr:postcode": "27858",
        "addr:state": "NC",
        "addr:street": "Greenville Boulevard, Southeast",
        "amenity": "fast_food",
        "brand": "Bojangles'",
        "brand:wikidata": "Q891163",
        "cuisine": "chicken",
        "drive_through": "yes",
        "name": "Bojangles'",
        "official_name": "Bojangles' Famous Chicken 'n Biscuits",
        "phone": "+1 252-756-1784",
        "takeaway": "yes",
        "website": "https://locations.bojangles.com/nc/greenville/321-greenville-blvd---s-e.html"
      },
      "geometry": {
        "type": "Point",
        "coordinates": [
          -77.3760667,
          35.5820907
        ]
      },
      "id": "node/3280980206"
    },
    {
      "type": "Feature",
      "properties": {
        "@id": "node/3297736366",
        "addr:city": "Greensboro",
        "addr:housenumber": "514",
        "addr:postcode": "27409",
        "addr:state": "NC",
        "addr:street": "Hickory Ridge Drive",
        "amenity": "fast_food",
        "brand": "Bojangles'",
        "brand:wikidata": "Q891163",
        "cuisine": "chicken",
        "drive_through": "yes",
        "name": "Bojangles'",
        "official_name": "Bojangles' Famous Chicken 'n Biscuits",
        "phone": "+1 336-841-0101",
        "takeaway": "yes",
        "website": "https://locations.bojangles.com/nc/greensboro/514-hickory-ridge-drive.html"
      },
      "geometry": {
        "type": "Point",
        "coordinates": [
          -79.9598302,
          36.0730997
        ]
      },
      "id": "node/3297736366"
    },
    {
      "type": "Feature",
      "properties": {
        "@id": "node/3303325696",
        "addr:city": "Dallas",
        "addr:housenumber": "1017",
        "addr:postcode": "28034",
        "addr:state": "NC",
        "addr:street": "Dallas Cherryville Highway",
        "amenity": "fast_food",
        "brand": "Bojangles'",
        "brand:wikidata": "Q891163",
        "cuisine": "chicken",
        "drive_through": "yes",
        "name": "Bojangles'",
        "official_name": "Bojangles' Famous Chicken 'n Biscuits",
        "phone": "+1 704-922-3526",
        "takeaway": "yes",
        "website": "https://locations.bojangles.com/nc/dallas/1017-dallas-cherryville-hwy.html"
      },
      "geometry": {
        "type": "Point",
        "coordinates": [
          -81.1920602,
          35.3150213
        ]
      },
      "id": "node/3303325696"
    },
    {
      "type": "Feature",
      "properties": {
        "@id": "node/3416855529",
        "addr:city": "Archdale",
        "addr:country": "US",
        "addr:housenumber": "10207",
        "addr:postcode": "27263",
        "addr:state": "NC",
        "addr:street": "South Main Street",
        "amenity": "fast_food",
        "brand": "Bojangles'",
        "brand:wikidata": "Q891163",
        "cuisine": "chicken",
        "drive_through": "yes",
        "name": "Bojangles'",
        "official_name": "Bojangles' Famous Chicken 'n Biscuits",
        "phone": "+1 336-431-1294",
        "takeaway": "yes",
        "website": "https://locations.bojangles.com/nc/archdale/10207-south-main-street.html"
      },
      "geometry": {
        "type": "Point",
        "coordinates": [
          -79.9489759,
          35.9018677
        ]
      },
      "id": "node/3416855529"
    },
    {
      "type": "Feature",
      "properties": {
        "@id": "node/3417400618",
        "addr:city": "High Point",
        "addr:country": "US",
        "addr:housenumber": "2630",
        "addr:postcode": "27262",
        "addr:state": "NC",
        "addr:street": "North Main Street",
        "amenity": "fast_food",
        "brand": "Bojangles'",
        "brand:wikidata": "Q891163",
        "cuisine": "chicken",
        "drive_through": "yes",
        "name": "Bojangles'",
        "official_name": "Bojangles' Famous Chicken 'n Biscuits",
        "phone": "+1 336-869-9016",
        "takeaway": "yes",
        "website": "https://locations.bojangles.com/nc/high-point/2630-n--main-street.html"
      },
      "geometry": {
        "type": "Point",
        "coordinates": [
          -80.0293091,
          35.9927541
        ]
      },
      "id": "node/3417400618"
    },
    {
      "type": "Feature",
      "properties": {
        "@id": "node/3417622766",
        "addr:city": "Greensboro",
        "addr:country": "US",
        "addr:housenumber": "3737",
        "addr:postcode": "27407",
        "addr:state": "NC",
        "addr:street": "West Gate City Boulevard",
        "amenity": "fast_food",
        "brand": "Bojangles'",
        "brand:wikidata": "Q891163",
        "cuisine": "chicken",
        "drive_through": "yes",
        "name": "Bojangles'",
        "official_name": "Bojangles' Famous Chicken 'n Biscuits",
        "phone": "+1 336-299-4419",
        "takeaway": "yes",
        "website": "https://locations.bojangles.com/nc/greensboro/3737-w--gate-city-blvd.html"
      },
      "geometry": {
        "type": "Point",
        "coordinates": [
          -79.853581,
          36.0383747
        ]
      },
      "id": "node/3417622766"
    },
    {
      "type": "Feature",
      "properties": {
        "@id": "node/3418804521",
        "addr:city": "Biscoe",
        "addr:housenumber": "515",
        "addr:postcode": "27209",
        "addr:state": "NC",
        "addr:street": "East Main Street",
        "amenity": "fast_food",
        "brand": "Bojangles'",
        "brand:wikidata": "Q891163",
        "check_date": "2026-06-14",
        "cuisine": "chicken",
        "drive_through": "yes",
        "indoor_seating": "yes",
        "name": "Bojangles'",
        "official_name": "Bojangles' Famous Chicken 'n Biscuits",
        "outdoor_seating": "no",
        "phone": "+1 910-428-1101",
        "takeaway": "yes",
        "website": "https://locations.bojangles.com/nc/biscoe/515-east-main-street.html"
      },
      "geometry": {
        "type": "Point",
        "coordinates": [
          -79.7701327,
          35.3609783
        ]
      },
      "id": "node/3418804521"
    },
    {
      "type": "Feature",
      "properties": {
        "@id": "node/3423951208",
        "addr:city": "Lexington",
        "addr:country": "US",
        "addr:housenumber": "6385",
        "addr:state": "NC",
        "addr:street": "Old US Hwy 52",
        "amenity": "fast_food",
        "brand": "Bojangles'",
        "brand:wikidata": "Q891163",
        "cuisine": "chicken",
        "drive_through": "yes",
        "name": "Bojangles'",
        "official_name": "Bojangles' Famous Chicken 'n Biscuits",
        "takeaway": "yes"
      },
      "geometry": {
        "type": "Point",
        "coordinates": [
          -80.2536012,
          35.9123006
        ]
      },
      "id": "node/3423951208"
    },
    {
      "type": "Feature",
      "properties": {
        "@id": "node/3434023293",
        "addr:city": "Moultrie",
        "addr:housenumber": "911",
        "addr:postcode": "31768",
        "addr:state": "GA",
        "addr:street": "1st Avenue Southeast",
        "amenity": "fast_food",
        "brand": "Bojangles'",
        "brand:wikidata": "Q891163",
        "cuisine": "chicken",
        "name": "Bojangles'",
        "official_name": "Bojangles' Famous Chicken 'n Biscuits",
        "takeaway": "yes"
      },
      "geometry": {
        "type": "Point",
        "coordinates": [
          -83.7772018,
          31.1790852
        ]
      },
      "id": "node/3434023293"
    },
    {
      "type": "Feature",
      "properties": {
        "@id": "node/3483438312",
        "addr:city": "Rocky Mount",
        "addr:housenumber": "20430",
        "addr:postcode": "24151",
        "addr:state": "VA",
        "addr:street": "Virgil H. Goode",
        "amenity": "fast_food",
        "brand": "Bojangles'",
        "brand:wikidata": "Q891163",
        "cuisine": "chicken",
        "drive_through": "yes",
        "name": "Bojangles'",
        "official_name": "Bojangles' Famous Chicken 'n Biscuits",
        "phone": "+1 540-334-2679",
        "takeaway": "yes",
        "website": "https://locations.bojangles.com/va/rocky-mount/20430-virgil-h--goode.html"
      },
      "geometry": {
        "type": "Point",
        "coordinates": [
          -79.8978137,
          37.0722402
        ]
      },
      "id": "node/3483438312"
    },
    {
      "type": "Feature",
      "properties": {
        "@id": "node/3626116405",
        "addr:city": "Charlottesville",
        "addr:housenumber": "2009",
        "addr:postcode": "22911",
        "addr:state": "VA",
        "addr:street": "Abbey Road",
        "amenity": "fast_food",
        "brand": "Bojangles'",
        "brand:wikidata": "Q891163",
        "cuisine": "chicken",
        "drive_through": "yes",
        "name": "Bojangles'",
        "official_name": "Bojangles' Famous Chicken 'n Biscuits",
        "opening_hours": "Mo-Su 06:00-22:00",
        "operator": "Bojangles",
        "phone": "+1 434-293-1190",
        "takeaway": "yes",
        "website": "https://locations.bojangles.com/va/charlottesville/2009-abbey-road.html"
      },
      "geometry": {
        "type": "Point",
        "coordinates": [
          -78.4454019,
          38.0308633
        ]
      },
      "id": "node/3626116405"
    },
    {
      "type": "Feature",
      "properties": {
        "@id": "node/3656152290",
        "addr:city": "Bristol",
        "addr:housenumber": "1030",
        "addr:postcode": "37620",
        "addr:state": "TN",
        "addr:street": "Volunteer Parkway",
        "amenity": "fast_food",
        "brand": "Bojangles'",
        "brand:wikidata": "Q891163",
        "cuisine": "chicken",
        "drive_through": "yes",
        "name": "Bojangles'",
        "official_name": "Bojangles' Famous Chicken 'n Biscuits",
        "phone": "+1 423-968-7600",
        "takeaway": "yes",
        "website": "https://locations.bojangles.com/tn/bristol/1030-volunteer-pkwy.html"
      },
      "geometry": {
        "type": "Point",
        "coordinates": [
          -82.1924863,
          36.574042
        ]
      },
      "id": "node/3656152290"
    },
    {
      "type": "Feature",
      "properties": {
        "@id": "node/4059180780",
        "addr:city": "Statesville",
        "addr:country": "US",
        "addr:housenumber": "1612",
        "addr:postcode": "28625",
        "addr:state": "NC",
        "addr:street": "East Broad Street",
        "amenity": "fast_food",
        "brand": "Bojangles'",
        "brand:wikidata": "Q891163",
        "cuisine": "chicken",
        "name": "Bojangles'",
        "official_name": "Bojangles' Famous Chicken 'n Biscuits",
        "phone": "+1 704-873-2570",
        "source": "Iredell County GIS Mapping Department",
        "source:date": "2016-03-13",
        "takeaway": "yes",
        "website": "https://locations.bojangles.com/nc/statesville/1612-east-broad-street.html"
      },
      "geometry": {
        "type": "Point",
        "coordinates": [
          -80.8583788,
          35.7903347
        ]
      },
      "id": "node/4059180780"
    },
    {
      "type": "Feature",
      "properties": {
        "@id": "node/4168465521",
        "addr:city": "Greensboro",
        "addr:housenumber": "1501",
        "addr:postcode": "27412",
        "addr:state": "NC",
        "addr:street": "Spring Garden Street",
        "amenity": "fast_food",
        "brand": "Bojangles'",
        "brand:wikidata": "Q891163",
        "cuisine": "chicken",
        "name": "Bojangles'",
        "official_name": "Bojangles' Famous Chicken 'n Biscuits",
        "phone": "+1 336-256-0145",
        "takeaway": "yes",
        "website": "https://locations.bojangles.com/nc/greensboro/1501-spring-garden-street.html"
      },
      "geometry": {
        "type": "Point",
        "coordinates": [
          -79.8132246,
          36.0649926
        ]
      },
      "id": "node/4168465521"
    },
    {
      "type": "Feature",
      "properties": {
        "@id": "node/4333608782",
        "addr:city": "LaFollette",
        "addr:housenumber": "2134",
        "addr:postcode": "37766",
        "addr:state": "TN",
        "addr:street": "Jacksboro Pike",
        "amenity": "fast_food",
        "brand": "Bojangles'",
        "brand:wikidata": "Q891163",
        "cuisine": "chicken",
        "name": "Bojangles'",
        "official_name": "Bojangles' Famous Chicken 'n Biscuits",
        "phone": "+1 423-437-8094",
        "takeaway": "yes",
        "website": "https://locations.bojangles.com/tn/lafollette/2134-jacksboro-pike.html"
      },
      "geometry": {
        "type": "Point",
        "coordinates": [
          -84.1589536,
          36.3495871
        ]
      },
      "id": "node/4333608782"
    },
    {
      "type": "Feature",
      "properties": {
        "@id": "node/4538354480",
        "addr:city": "Clinton",
        "addr:housenumber": "2223",
        "addr:postcode": "37716",
        "addr:state": "TN",
        "addr:street": "North Charles G Seivers Boulevard",
        "amenity": "fast_food",
        "brand": "Bojangles'",
        "brand:wikidata": "Q891163",
        "cuisine": "chicken",
        "drive_through": "yes",
        "name": "Bojangles'",
        "official_name": "Bojangles' Famous Chicken 'n Biscuits",
        "phone": "+1 865-264-4169",
        "takeaway": "yes",
        "website": "https://locations.bojangles.com/tn/clinton/2223-n--charles-g-seivers-blvd.html"
      },
      "geometry": {
        "type": "Point",
        "coordinates": [
          -84.0871115,
          36.1638723
        ]
      },
      "id": "node/4538354480"
    },
    {
      "type": "Feature",
      "properties": {
        "@id": "node/4747938902",
        "addr:city": "Hillsborough",
        "addr:housenumber": "330",
        "addr:postcode": "27278",
        "addr:state": "NC",
        "addr:street": "South Churton Street",
        "amenity": "fast_food",
        "brand": "Bojangles'",
        "brand:wikidata": "Q891163",
        "cuisine": "chicken",
        "delivery": "no",
        "drive_through": "yes",
        "name": "Bojangles'",
        "official_name": "Bojangles' Famous Chicken 'n Biscuits",
        "outdoor_seating": "no",
        "phone": "+1 919-245-3720",
        "source:addr": "Chapel Hill Open Data",
        "takeaway": "yes",
        "website": "https://locations.bojangles.com/nc/hillsborough/330-s--churton-st.html"
      },
      "geometry": {
        "type": "Point",
        "coordinates": [
          -79.1029172,
          36.062359
        ]
      },
      "id": "node/4747938902"
    },
    {
      "type": "Feature",
      "properties": {
        "@id": "node/4835223579",
        "addr:city": "Black Mountain",
        "addr:housenumber": "581",
        "addr:postcode": "28711",
        "addr:state": "NC",
        "addr:street": "NC-9",
        "amenity": "fast_food",
        "brand": "Bojangles'",
        "brand:wikidata": "Q891163",
        "check_date": "2026-08-23",
        "cuisine": "chicken",
        "name": "Bojangles'",
        "official_name": "Bojangles' Famous Chicken 'n Biscuits",
        "opening_hours": "Mo-Sa 05:00-22:00; Su 06:00-22:00",
        "phone": "+1-828-419-0440",
        "takeaway": "yes",
        "website": "https://locations.bojangles.com/nc/black-mountain/581-s.-hwy-9-1506.html"
      },
      "geometry": {
        "type": "Point",
        "coordinates": [
          -82.318192,
          35.6094366
        ]
      },
      "id": "node/4835223579"
    },
    {
      "type": "Feature",
      "properties": {
        "@id": "node/4921047653",
        "addr:city": "Knoxville",
        "addr:housenumber": "5916",
        "addr:postcode": "37909",
        "addr:state": "TN",
        "addr:street": "Middlebrook Pike",
        "amenity": "fast_food",
        "brand": "Bojangles'",
        "brand:wikidata": "Q891163",
        "check_date": "2026-06-08",
        "check_date:opening_hours": "2026-06-08",
        "cuisine": "chicken",
        "name": "Bojangles'",
        "official_name": "Bojangles' Famous Chicken 'n Biscuits",
        "opening_hours": "Mo-Th 05:00-22:00; Fr-Sa 17:00-23:00; Su 06:00-22:00",
        "phone": "+1 865-212-0059",
        "takeaway": "yes",
        "website": "https://locations.bojangles.com/tn/knoxville/5916-middlebrook-pike.html"
      },
      "geometry": {
        "type": "Point",
        "coordinates": [
          -84.0137599,
          35.9508101
        ]
      },
      "id": "node/4921047653"
    },
    {
      "type": "Feature",
      "properties": {
        "@id": "node/4949980527",
        "addr:city": "Salem",
        "addr:housenumber": "1590",
        "addr:postcode": "24153",
        "addr:state": "VA",
        "addr:street": "West Main Street",
        "amenity": "fast_food",
        "brand": "Bojangles'",
        "brand:wikidata": "Q891163",
        "cuisine": "chicken",
        "drive_through": "yes",
        "name": "Bojangles'",
        "official_name": "Bojangles' Famous Chicken 'n Biscuits",
        "phone": "+1 540-375-6426",
        "takeaway": "yes",
        "website": "https://locations.bojangles.com/va/salem/1590-west-main-street.html"
      },
      "geometry": {
        "type": "Point",
        "coordinates": [
          -80.0833449,
          37.2887955
        ]
      },
      "id": "node/4949980527"
    },
    {
      "type": "Feature",
      "properties": {
        "@id": "node/4987083325",
        "addr:city": "Chapin",
        "addr:housenumber": "566",
        "addr:postcode": "29036",
        "addr:state": "SC",
        "addr:street": "Columbia Avenue",
        "amenity": "fast_food",
        "brand": "Bojangles'",
        "brand:wikidata": "Q891163",
        "cuisine": "chicken",
        "delivery": "no",
        "drive_through": "yes",
        "name": "Bojangles'",
        "official_name": "Bojangles' Famous Chicken 'n Biscuits",
        "opening_hours": "Su 06:00-22:00, Mo-Sa 05:30-22:00",
        "outdoor_seating": "no",
        "phone": "+1 803-932-2502",
        "smoking": "no",
        "takeaway": "yes",
        "website": "https://locations.bojangles.com/sc/chapin/566-columbia-ave.html"
      },
      "geometry": {
        "type": "Point",
        "coordinates": [
          -81.3271002,
          34.1752959
        ]
      },
      "id": "node/4987083325"
    },
    {
      "type": "Feature",
      "properties": {
        "@id": "node/5007749683",
        "addr:city": "Winston Salem",
        "addr:housenumber": "1475",
        "addr:postcode": "27101",
        "addr:state": "NC",
        "addr:street": "New Walkertown Road",
        "amenity": "fast_food",
        "brand": "Bojangles'",
        "brand:wikidata": "Q891163",
        "cuisine": "chicken",
        "drive_through": "yes",
        "name": "Bojangles'",
        "official_name": "Bojangles' Famous Chicken 'n Biscuits",
        "phone": "+1 336-724-7772",
        "takeaway": "yes",
        "website": "https://locations.bojangles.com/nc/winston-salem/1475-new-walkertown-road.html"
      },
      "geometry": {
        "type": "Point",
        "coordinates": [
          -80.2271921,
          36.1025148
        ]
      },
      "id": "node/5007749683"
    },
    {
      "type": "Feature",
      "properties": {
        "@id": "node/5027449605",
        "addr:city": "Richfield",
        "addr:housenumber": "418",
        "addr:postcode": "28137",
        "addr:state": "NC",
        "addr:street": "West Church Street",
        "amenity": "fast_food",
        "brand": "Bojangles'",
        "brand:wikidata": "Q891163",
        "cuisine": "chicken",
        "drive_through": "yes",
        "name": "Bojangles'",
        "official_name": "Bojangles' Famous Chicken 'n Biscuits",
        "phone": "+1 704-463-4401",
        "takeaway": "yes",
        "website": "https://locations.bojangles.com/nc/richfield/418-w--church-street.html"
      },
      "geometry": {
        "type": "Point",
        "coordinates": [
          -80.2682081,
          35.4722186
        ]
      },
      "id": "node/5027449605"
    },
    {
      "type": "Feature",
      "properties": {
        "@id": "node/5027470278",
        "addr:city": "Harrisburg",
        "addr:housenumber": "4850",
        "addr:postcode": "28075",
        "addr:state": "NC",
        "addr:street": "Highway 49",
        "amenity": "fast_food",
        "brand": "Bojangles'",
        "brand:wikidata": "Q891163",
        "cuisine": "chicken",
        "drive_through": "yes",
        "name": "Bojangles'",
        "official_name": "Bojangles' Famous Chicken 'n Biscuits",
        "phone": "+1 704-455-1987",
        "takeaway": "yes",
        "website": "https://locations.bojangles.com/nc/harrisburg/4850-hwy-49.html"
      },
      "geometry": {
        "type": "Point",
        "coordinates": [
          -80.6566851,
          35.3217735
        ]
      },
      "id": "node/5027470278"
    },
    {
      "type": "Feature",
      "properties": {
        "@id": "node/5078216822",
        "addr:city": "High Point",
        "addr:housenumber": "2101",
        "addr:postcode": "27262",
        "addr:state": "NC",
        "addr:street": "Westchester Drive",
        "amenity": "fast_food",
        "brand": "Bojangles'",
        "brand:wikidata": "Q891163",
        "cuisine": "chicken",
        "drive_through": "yes",
        "name": "Bojangles'",
        "official_name": "Bojangles' Famous Chicken 'n Biscuits",
        "phone": "+1 336-887-2653",
        "takeaway": "yes",
        "website": "https://locations.bojangles.com/nc/high-point/2101-westchester-drive.html"
      },
      "geometry": {
        "type": "Point",
        "coordinates": [
          -80.0336546,
          35.9400265
        ]
      },
      "id": "node/5078216822"
    },
    {
      "type": "Feature",
      "properties": {
        "@id": "node/5141557822",
        "addr:city": "Concourse",
        "addr:housenumber": "5501",
        "addr:postcode": "28208",
        "addr:state": "NC",
        "addr:street": "Josh Birmingham Parkway",
        "amenity": "fast_food",
        "brand": "Bojangles'",
        "brand:wikidata": "Q891163",
        "cuisine": "chicken",
        "drive_through": "no",
        "name": "Bojangles'",
        "official_name": "Bojangles' Famous Chicken 'n Biscuits",
        "phone": "+1 704-359-1106",
        "takeaway": "yes",
        "website": "https://locations.bojangles.com/nc/charlotte/5501-josh-birmingham-pkwy-2492683.html"
      },
      "geometry": {
        "type": "Point",
        "coordinates": [
          -80.945466,
          35.2184482
        ]
      },
      "id": "node/5141557822"
    },
    {
      "type": "Feature",
      "properties": {
        "@id": "node/5166624278",
        "addr:city": "Warner Robins",
        "addr:housenumber": "495",
        "addr:postcode": "31088",
        "addr:state": "GA",
        "addr:street": "Booth Road",
        "amenity": "fast_food",
        "brand": "Bojangles'",
        "brand:wikidata": "Q891163",
        "cuisine": "chicken",
        "drive_through": "yes",
        "name": "Bojangles'",
        "official_name": "Bojangles' Famous Chicken 'n Biscuits",
        "phone": "+1 478-225-2337",
        "takeaway": "yes",
        "website": "https://locations.bojangles.com/ga/warner-robins/495-booth-road.html"
      },
      "geometry": {
        "type": "Point",
        "coordinates": [
          -83.6142236,
          32.5929885
        ]
      },
      "id": "node/5166624278"
    },
    {
      "type": "Feature",
      "properties": {
        "@id": "node/5225548350",
        "addr:city": "Franklin",
        "addr:housenumber": "2307",
        "addr:postcode": "23851",
        "addr:state": "VA",
        "addr:street": "South Street",
        "amenity": "fast_food",
        "brand": "Bojangles'",
        "brand:wikidata": "Q891163",
        "cuisine": "chicken",
        "drive_through": "yes",
        "name": "Bojangles'",
        "official_name": "Bojangles' Famous Chicken 'n Biscuits",
        "opening_hours": "Mo-Su 05:00-22:00",
        "phone": "+1 757-304-5114",
        "takeaway": "yes",
        "website": "https://locations.bojangles.com/va/franklin/2307-south-street.html"
      },
      "geometry": {
        "type": "Point",
        "coordinates": [
          -76.9390953,
          36.6621034
        ]
      },
      "id": "node/5225548350"
    },
    {
      "type": "Feature",
      "properties": {
        "@id": "node/5267347588",
        "addr:city": "Burlington",
        "addr:housenumber": "775",
        "addr:postcode": "27215",
        "addr:state": "NC",
        "addr:street": "Huffman Mill Road",
        "amenity": "fast_food",
        "brand": "Bojangles'",
        "brand:wikidata": "Q891163",
        "cuisine": "chicken",
        "drive_through": "yes",
        "name": "Bojangles'",
        "official_name": "Bojangles' Famous Chicken 'n Biscuits",
        "phone": "+1 336-584-5646",
        "takeaway": "yes",
        "website": "https://locations.bojangles.com/nc/burlington/775-huffman-mill-road.html"
      },
      "geometry": {
        "type": "Point",
        "coordinates": [
          -79.4945391,
          36.071083
        ]
      },
      "id": "node/5267347588"
    },
    {
      "type": "Feature",
      "properties": {
        "@id": "node/5268645070",
        "addr:city": "Lexington",
        "addr:housenumber": "4863",
        "addr:postcode": "20973",
        "addr:state": "SC",
        "addr:street": "Augusta Highway",
        "amenity": "fast_food",
        "brand": "Bojangles'",
        "brand:wikidata": "Q891163",
        "cuisine": "chicken",
        "drive_through": "yes",
        "name": "Bojangles'",
        "official_name": "Bojangles' Famous Chicken 'n Biscuits",
        "phone": "+1 803-808-9314",
        "takeaway": "yes",
        "website": "https://locations.bojangles.com/sc/lexington/4863-augusta-highway.html"
      },
      "geometry": {
        "type": "Point",
        "coordinates": [
          -81.1902316,
          33.9772469
        ]
      },
      "id": "node/5268645070"
    },
    {
      "type": "Feature",
      "properties": {
        "@id": "node/5275018081",
        "addr:city": "Columbia",
        "addr:housenumber": "2423",
        "addr:postcode": "29210",
        "addr:state": "SC",
        "addr:street": "Broad River Road",
        "amenity": "fast_food",
        "brand": "Bojangles'",
        "brand:wikidata": "Q891163",
        "cuisine": "chicken",
        "drive_through": "yes",
        "name": "Bojangles'",
        "official_name": "Bojangles' Famous Chicken 'n Biscuits",
        "phone": "+1 803-731-4977",
        "takeaway": "yes",
        "website": "https://locations.bojangles.com/sc/columbia/2423-broad-river-road.html"
      },
      "geometry": {
        "type": "Point",
        "coordinates": [
          -81.0979557,
          34.0422577
        ]
      },
      "id": "node/5275018081"
    },
    {
      "type": "Feature",
      "properties": {
        "@id": "node/5335486215",
        "addr:city": "Cayce",
        "addr:housenumber": "3021",
        "addr:postcode": "29172",
        "addr:state": "SC",
        "addr:street": "Charleston Highway",
        "amenity": "fast_food",
        "brand": "Bojangles'",
        "brand:wikidata": "Q891163",
        "cuisine": "chicken",
        "drive_through": "yes",
        "name": "Bojangles'",
        "official_name": "Bojangles' Famous Chicken 'n Biscuits",
        "phone": "+1 803-926-5535",
        "takeaway": "yes",
        "website": "https://locations.bojangles.com/sc/cayce/3021-charleston-hwy.html"
      },
      "geometry": {
        "type": "Point",
        "coordinates": [
          -81.0762594,
          33.9286348
        ]
      },
      "id": "node/5335486215"
    },
    {
      "type": "Feature",
      "properties": {
        "@id": "node/5497797531",
        "addr:city": "South Boston",
        "addr:housenumber": "3605",
        "addr:postcode": "24592",
        "addr:state": "VA",
        "addr:street": "Old Halifax Road",
        "amenity": "fast_food",
        "brand": "Bojangles'",
        "brand:wikidata": "Q891163",
        "cuisine": "chicken",
        "drive_through": "yes",
        "name": "Bojangles'",
        "official_name": "Bojangles' Famous Chicken 'n Biscuits",
        "phone": "+1 434-517-0100",
        "takeaway": "yes",
        "website": "https://locations.bojangles.com/va/south-boston/3605-old-halifax-road.html"
      },
      "geometry": {
        "type": "Point",
        "coordinates": [
          -78.9140037,
          36.7351182
        ]
      },
      "id": "node/5497797531"
    },
    {
      "type": "Feature",
      "properties": {
        "@id": "node/5502688475",
        "addr:city": "Seneca",
        "addr:housenumber": "1011",
        "addr:postcode": "29678",
        "addr:state": "SC",
        "addr:street": "Highway 123 By-Pass",
        "amenity": "fast_food",
        "branch": "of Seneca",
        "brand": "Bojangles'",
        "brand:wikidata": "Q891163",
        "cuisine": "chicken",
        "delivery": "no",
        "drive_through": "yes",
        "name": "Bojangles'",
        "official_name": "Bojangles' Famous Chicken 'n Biscuits",
        "outdoor_seating": "yes",
        "phone": "+1 864-888-4032",
        "smoking": "outside",
        "takeaway": "yes",
        "website": "https://locations.bojangles.com/sc/seneca/1011-hwy-123-by-pass.html"
      },
      "geometry": {
        "type": "Point",
        "coordinates": [
          -82.9756656,
          34.6927271
        ]
      },
      "id": "node/5502688475"
    },
    {
      "type": "Feature",
      "properties": {
        "@id": "node/5512741115",
        "addr:city": "Roanoke",
        "addr:housenumber": "4440",
        "addr:postcode": "24014",
        "addr:state": "VA",
        "addr:street": "Franklin Road",
        "amenity": "fast_food",
        "brand": "Bojangles'",
        "brand:wikidata": "Q891163",
        "cuisine": "chicken",
        "drive_through": "yes",
        "name": "Bojangles'",
        "official_name": "Bojangles' Famous Chicken 'n Biscuits",
        "phone": "+1 540-206-2711",
        "takeaway": "yes",
        "website": "https://locations.bojangles.com/va/roanoke/4440-franklin-road.html"
      },
      "geometry": {
        "type": "Point",
        "coordinates": [
          -79.9654886,
          37.2196988
        ]
      },
      "id": "node/5512741115"
    },
    {
      "type": "Feature",
      "properties": {
        "@id": "node/5593591205",
        "amenity": "fast_food",
        "brand": "Bojangles'",
        "brand:wikidata": "Q891163",
        "cuisine": "chicken",
        "drive_through": "yes",
        "name": "Bojangles'",
        "official_name": "Bojangles' Famous Chicken 'n Biscuits",
        "takeaway": "yes"
      },
      "geometry": {
        "type": "Point",
        "coordinates": [
          -84.7111298,
          38.0511104
        ]
      },
      "id": "node/5593591205"
    },
    {
      "type": "Feature",
      "properties": {
        "@id": "node/5727118085",
        "addr:city": "Opelika",
        "addr:country": "US",
        "addr:housenumber": "2484",
        "addr:postcode": "36801",
        "addr:state": "AL",
        "addr:street": "Pepperell Parkway",
        "amenity": "fast_food",
        "branch": "Opelika",
        "brand": "Bojangles'",
        "brand:wikidata": "Q891163",
        "check_date": "2026-04-19",
        "contact:facebook": "https://www.facebook.com/Bojangles/",
        "contact:twitter": "Bojangles",
        "cuisine": "chicken",
        "drive_through": "yes",
        "name": "Bojangles'",
        "official_name": "Bojangles' Famous Chicken 'n Biscuits",
        "opening_hours": "Mo-Su 06:00-21:00",
        "phone": "+1 334-737-5581",
        "takeaway": "yes",
        "website": "https://locations.bojangles.com/al/opelika/2484-pepperell-pkwy-1204.html"
      },
      "geometry": {
        "type": "Point",
        "coordinates": [
          -85.4136318,
          32.6380852
        ]
      },
      "id": "node/5727118085"
    },
    {
      "type": "Feature",
      "properties": {
        "@id": "node/5832382451",
        "addr:city": "Shelbyville",
        "addr:housenumber": "150",
        "addr:postcode": "40065",
        "addr:state": "KY",
        "addr:street": "Mortown Way",
        "amenity": "fast_food",
        "brand": "Bojangles'",
        "brand:wikidata": "Q891163",
        "cuisine": "chicken",
        "drive_through": "yes",
        "name": "Bojangles'",
        "official_name": "Bojangles' Famous Chicken 'n Biscuits",
        "phone": "+1 502-844-2152",
        "takeaway": "yes",
        "website": "https://locations.bojangles.com/ky/shelbyville/150-mortown-way.html"
      },
      "geometry": {
        "type": "Point",
        "coordinates": [
          -85.2688088,
          38.1981253
        ]
      },
      "id": "node/5832382451"
    },
    {
      "type": "Feature",
      "properties": {
        "@id": "node/6169236799",
        "addr:city": "Blythewood",
        "addr:housenumber": "230",
        "addr:postcode": "29016",
        "addr:state": "SC",
        "addr:street": "Blythewood Road",
        "amenity": "fast_food",
        "brand": "Bojangles'",
        "brand:wikidata": "Q891163",
        "cuisine": "chicken",
        "drive_through": "yes",
        "name": "Bojangles'",
        "official_name": "Bojangles' Famous Chicken 'n Biscuits",
        "phone": "+1 803-691-0305",
        "smoking": "no",
        "takeaway": "yes",
        "website": "https://locations.bojangles.com/sc/blythewood/230-blythewood-rd.html"
      },
      "geometry": {
        "type": "Point",
        "coordinates": [
          -80.9800107,
          34.214854
        ]
      },
      "id": "node/6169236799"
    },
    {
      "type": "Feature",
      "properties": {
        "@id": "node/6204271097",
        "addr:city": "Martinsville",
        "addr:housenumber": "1515",
        "addr:postcode": "24112",
        "addr:state": "VA",
        "addr:street": "Virginia Avenue",
        "amenity": "fast_food",
        "brand": "Bojangles'",
        "brand:wikidata": "Q891163",
        "cuisine": "chicken",
        "name": "Bojangles'",
        "official_name": "Bojangles' Famous Chicken 'n Biscuits",
        "phone": "+1 276-632-5830",
        "takeaway": "yes",
        "website": "https://locations.bojangles.com/va/martinsville/1515-virginia-ave.html"
      },
      "geometry": {
        "type": "Point",
        "coordinates": [
          -79.9043329,
          36.7007371
        ]
      },
      "id": "node/6204271097"
    },
    {
      "type": "Feature",
      "properties": {
        "@id": "node/6212684537",
        "addr:city": "Galax",
        "addr:housenumber": "965",
        "addr:postcode": "24333",
        "addr:state": "VA",
        "addr:street": "East Stuart Drive",
        "amenity": "fast_food",
        "brand": "Bojangles'",
        "brand:wikidata": "Q891163",
        "cuisine": "chicken",
        "drive_through": "yes",
        "name": "Bojangles'",
        "official_name": "Bojangles' Famous Chicken 'n Biscuits",
        "opening_hours": "Mo-Sa 05:00-22:00; Sa 06:00-22:00",
        "phone": "+1 276-238-0400",
        "takeaway": "yes",
        "website": "https://locations.bojangles.com/va/galax/965-east-stuart-drive.html"
      },
      "geometry": {
        "type": "Point",
        "coordinates": [
          -80.8951189,
          36.6801511
        ]
      },
      "id": "node/6212684537"
    },
    {
      "type": "Feature",
      "properties": {
        "@id": "node/6221843295",
        "addr:city": "Knoxville",
        "addr:housenumber": "505",
        "addr:postcode": "37932",
        "addr:state": "TN",
        "addr:street": "Lovell Road",
        "amenity": "fast_food",
        "brand": "Bojangles'",
        "brand:wikidata": "Q891163",
        "cuisine": "chicken",
        "name": "Bojangles'",
        "official_name": "Bojangles' Famous Chicken 'n Biscuits",
        "phone": "+1 865-675-2201",
        "takeaway": "yes",
        "website": "https://locations.bojangles.com/tn/knoxville/505-lovell-road.html"
      },
      "geometry": {
        "type": "Point",
        "coordinates": [
          -84.1471601,
          35.9072513
        ]
      },
      "id": "node/6221843295"
    },
    {
      "type": "Feature",
      "properties": {
        "@id": "node/6376981602",
        "addr:city": "Charlotte",
        "addr:housenumber": "501",
        "addr:postcode": "28202",
        "addr:state": "NC",
        "addr:street": "South College Street",
        "amenity": "fast_food",
        "brand": "Bojangles'",
        "brand:wikidata": "Q891163",
        "cuisine": "chicken",
        "drinking_straw": "paper",
        "drive_through": "no",
        "name": "Bojangles'",
        "official_name": "Bojangles' Famous Chicken 'n Biscuits",
        "phone": "+1 704-651-8422",
        "takeaway": "yes",
        "website": "https://locations.bojangles.com/nc/charlotte/501-south-college-street.html",
        "wheelchair": "yes"
      },
      "geometry": {
        "type": "Point",
        "coordinates": [
          -80.8449075,
          35.2220436
        ]
      },
      "id": "node/6376981602"
    },
    {
      "type": "Feature",
      "properties": {
        "@id": "node/6424124258",
        "addr:city": "Spencer",
        "addr:housenumber": "310",
        "addr:postcode": "28159",
        "addr:state": "NC",
        "addr:street": "Salisbury Avenue",
        "amenity": "fast_food",
        "brand": "Bojangles'",
        "brand:wikidata": "Q891163",
        "cuisine": "chicken",
        "drive_through": "yes",
        "name": "Bojangles'",
        "official_name": "Bojangles' Famous Chicken 'n Biscuits",
        "phone": "+1 704-647-0859",
        "takeaway": "yes",
        "website": "https://locations.bojangles.com/nc/spencer/310-n-salisbury-ave.html"
      },
      "geometry": {
        "type": "Point",
        "coordinates": [
          -80.4257041,
          35.6932872
        ]
      },
      "id": "node/6424124258"
    },
    {
      "type": "Feature",
      "properties": {
        "@id": "node/6476872192",
        "addr:city": "High Point",
        "addr:housenumber": "2619",
        "addr:postcode": "27263",
        "addr:state": "NC",
        "addr:street": "South Main Street",
        "amenity": "fast_food",
        "brand": "Bojangles'",
        "brand:wikidata": "Q891163",
        "cuisine": "chicken",
        "drive_through": "yes",
        "name": "Bojangles'",
        "official_name": "Bojangles' Famous Chicken 'n Biscuits",
        "phone": "+1 336-307-3641",
        "takeaway": "yes",
        "website": "https://locations.bojangles.com/nc/high-point/2619-south-main-street.html"
      },
      "geometry": {
        "type": "Point",
        "coordinates": [
          -79.9841324,
          35.9261248
        ]
      },
      "id": "node/6476872192"
    },
    {
      "type": "Feature",
      "properties": {
        "@id": "node/6507859908",
        "addr:city": "Moneta",
        "addr:housenumber": "49",
        "addr:postcode": "24121",
        "addr:state": "VA",
        "addr:street": "Lakewatch Center Drive",
        "amenity": "fast_food",
        "brand": "Bojangles'",
        "brand:wikidata": "Q891163",
        "cuisine": "chicken",
        "dish": "fried_chicken",
        "drive_through": "yes",
        "name": "Bojangles'",
        "official_name": "Bojangles' Famous Chicken 'n Biscuits",
        "phone": "+1 540-721-2569",
        "takeaway": "yes",
        "website": "https://locations.bojangles.com/va/moneta/49-lakewatch-center-drive.html"
      },
      "geometry": {
        "type": "Point",
        "coordinates": [
          -79.6989441,
          37.1272922
        ]
      },
      "id": "node/6507859908"
    },
    {
      "type": "Feature",
      "properties": {
        "@id": "node/6603336988",
        "addr:city": "Wallace",
        "addr:housenumber": "110",
        "addr:postcode": "28466",
        "addr:state": "NC",
        "addr:street": "Vines Landing",
        "amenity": "fast_food",
        "brand": "Bojangles'",
        "brand:wikidata": "Q891163",
        "check_date": "2025-12-20",
        "cuisine": "chicken",
        "drive_through": "yes",
        "name": "Bojangles'",
        "official_name": "Bojangles' Famous Chicken 'n Biscuits",
        "opening_hours": "Mo-Tu,Su 05:30-22:00; We 06:00-20:00; Th off; Fr-Sa 05:30-24:00",
        "phone": "+1 910-285-0401",
        "takeaway": "yes",
        "website": "https://locations.bojangles.com/nc/wallace/110-vines-landing.html"
      },
      "geometry": {
        "type": "Point",
        "coordinates": [
          -77.9490182,
          34.7583299
        ]
      },
      "id": "node/6603336988"
    },
    {
      "type": "Feature",
      "properties": {
        "@id": "node/6611418186",
        "addr:city": "Mebane",
        "addr:housenumber": "1056",
        "addr:postcode": "27302",
        "addr:state": "NC",
        "addr:street": "Mebane Oaks Road",
        "air_conditioning": "yes",
        "amenity": "fast_food",
        "brand": "Bojangles'",
        "brand:wikidata": "Q891163",
        "check_date": "2025-02-13",
        "cuisine": "chicken",
        "delivery": "no",
        "drive_through": "yes",
        "name": "Bojangles'",
        "official_name": "Bojangles' Famous Chicken 'n Biscuits",
        "opening_hours": "Mo-Sa 05:00-22:00; Su 06:00-22:00",
        "outdoor_seating": "no",
        "payment:cash": "yes",
        "payment:credit_cards": "yes",
        "payment:debit_cards": "yes",
        "phone": "+1 919-304-5449",
        "smoking": "no",
        "source": "survey",
        "takeaway": "yes",
        "website": "https://locations.bojangles.com/nc/mebane/1056-mebane-oak-drive.html",
        "wheelchair": "yes"
      },
      "geometry": {
        "type": "Point",
        "coordinates": [
          -79.2735875,
          36.0732947
        ]
      },
      "id": "node/6611418186"
    },
    {
      "type": "Feature",
      "properties": {
        "@id": "node/6640627907",
        "addr:city": "Princeton",
        "addr:housenumber": "502",
        "addr:postcode": "27569",
        "addr:state": "NC",
        "addr:street": "North Pearl Street",
        "amenity": "fast_food",
        "brand": "Bojangles'",
        "brand:wikidata": "Q891163",
        "cuisine": "chicken",
        "name": "Bojangles' Famous Chicken 'n Biscuits",
        "official_name": "Bojangles' Famous Chicken 'n Biscuits",
        "phone": "+1 919-936-0385",
        "takeaway": "yes",
        "website": "https://locations.bojangles.com/nc/princeton/502-north-pearl-street.html"
      },
      "geometry": {
        "type": "Point",
        "coordinates": [
          -78.1506042,
          35.4656657
        ]
      },
      "id": "node/6640627907"
    },
    {
      "type": "Feature",
      "properties": {
        "@id": "node/6684326079",
        "addr:city": "Shelby",
        "addr:housenumber": "1801",
        "addr:postcode": "28152",
        "addr:state": "NC",
        "addr:street": "East Dixon Boulevard",
        "addr:unit": "1",
        "amenity": "fast_food",
        "brand": "Bojangles'",
        "brand:wikidata": "Q891163",
        "cuisine": "chicken",
        "drive_through": "yes",
        "name": "Bojangles' Famous Chicken And Biscuits",
        "official_name": "Bojangles' Famous Chicken 'n Biscuits",
        "phone": "+1 704-480-6580",
        "takeaway": "yes",
        "website": "https://locations.bojangles.com/nc/shelby/1801-1-e--dixon-blvd.html"
      },
      "geometry": {
        "type": "Point",
        "coordinates": [
          -81.4966094,
          35.2730613
        ]
      },
      "id": "node/6684326079"
    },
    {
      "type": "Feature",
      "properties": {
        "@id": "node/6754389665",
        "addr:city": "Marion",
        "addr:housenumber": "2569",
        "addr:postcode": "28752",
        "addr:state": "NC",
        "addr:street": "Sugar Hill Road",
        "amenity": "fast_food",
        "brand": "Bojangles'",
        "brand:wikidata": "Q891163",
        "cuisine": "chicken",
        "drive_through": "yes",
        "name": "Bojangles'",
        "official_name": "Bojangles' Famous Chicken 'n Biscuits",
        "opening_hours": "Mo-Sa 05:00-22:00; Su 06:00-22:00",
        "phone": "+1 828-559-2684",
        "takeaway": "yes",
        "website": "https://locations.bojangles.com/nc/marion/2569-sugar-hill-road.html"
      },
      "geometry": {
        "type": "Point",
        "coordinates": [
          -82.0312426,
          35.6517385
        ]
      },
      "id": "node/6754389665"
    },
    {
      "type": "Feature",
      "properties": {
        "@id": "node/6764627029",
        "addr:city": "Marion",
        "addr:housenumber": "1525",
        "addr:postcode": "28752",
        "addr:state": "NC",
        "addr:street": "North Main Street",
        "amenity": "fast_food",
        "brand": "Bojangles'",
        "brand:wikidata": "Q891163",
        "cuisine": "chicken",
        "drive_through": "yes",
        "name": "Bojangles'",
        "official_name": "Bojangles' Famous Chicken 'n Biscuits",
        "phone": "+1 828-659-9079",
        "takeaway": "yes",
        "website": "https://locations.bojangles.com/nc/marion/1525-n--main-street.html"
      },
      "geometry": {
        "type": "Point",
        "coordinates": [
          -82.0267,
          35.6994
        ]
      },
      "id": "node/6764627029"
    },
    {
      "type": "Feature",
      "properties": {
        "@id": "node/6984020795",
        "addr:city": "Wilmington",
        "addr:housenumber": "4505",
        "addr:postcode": "28405",
        "addr:state": "NC",
        "addr:street": "Market Street",
        "amenity": "fast_food",
        "brand": "Bojangles'",
        "brand:wikidata": "Q891163",
        "cuisine": "chicken",
        "drive_through": "yes",
        "name": "Bojangles'",
        "official_name": "Bojangles' Famous Chicken 'n Biscuits",
        "phone": "+1 910-395-4011",
        "takeaway": "yes",
        "website": "https://locations.bojangles.com/nc/wilmington/4505-market-street.html"
      },
      "geometry": {
        "type": "Point",
        "coordinates": [
          -77.8887578,
          34.2435587
        ]
      },
      "id": "node/6984020795"
    },
    {
      "type": "Feature",
      "properties": {
        "@id": "node/6985702803",
        "addr:city": "Cartersville",
        "addr:housenumber": "459",
        "addr:postcode": "30121",
        "addr:state": "GA",
        "addr:street": "East Main Street",
        "amenity": "fast_food",
        "brand": "Bojangles'",
        "brand:wikidata": "Q891163",
        "cuisine": "chicken",
        "drive_through": "yes",
        "name": "Bojangles'",
        "official_name": "Bojangles' Famous Chicken 'n Biscuits",
        "opening_hours": "Mo-Sa 05:30-22:00; Su 06:00-22:00",
        "phone": "+1 770-334-8654",
        "takeaway": "yes",
        "website": "https://locations.bojangles.com/ga/cartersville/459-east-main-street.html"
      },
      "geometry": {
        "type": "Point",
        "coordinates": [
          -84.7860628,
          34.1677073
        ]
      },
      "id": "node/6985702803"
    },
    {
      "type": "Feature",
      "properties": {
        "@id": "node/7061540004",
        "addr:city": "Knoxville",
        "addr:housenumber": "9101",
        "addr:postcode": "37923",
        "addr:state": "TN",
        "addr:street": "Kingston Pike",
        "amenity": "fast_food",
        "brand": "Bojangles'",
        "brand:wikidata": "Q891163",
        "cuisine": "chicken",
        "drive_through": "yes",
        "name": "Bojangles'",
        "official_name": "Bojangles' Famous Chicken 'n Biscuits",
        "opening_hours": "Mo-Fr 05:00-22:00; Sa-Su 06:00-22:00",
        "phone": "+18656921086",
        "takeaway": "yes",
        "website": "https://locations.bojangles.com/tn/knoxville/9101-kingston-pike.html"
      },
      "geometry": {
        "type": "Point",
        "coordinates": [
          -84.0846657,
          35.9126007
        ]
      },
      "id": "node/7061540004"
    },
    {
      "type": "Feature",
      "properties": {
        "@id": "node/7064017445",
        "addr:city": "Dandridge",
        "addr:housenumber": "690",
        "addr:postcode": "37725",
        "addr:state": "TN",
        "addr:street": "South Highway 92",
        "amenity": "fast_food",
        "brand": "Bojangles'",
        "brand:wikidata": "Q891163",
        "cuisine": "chicken",
        "name": "Bojangles'",
        "official_name": "Bojangles' Famous Chicken 'n Biscuits",
        "opening_hours": "Mo-Su 05:00-22:00",
        "phone": "+1 865-397-2764",
        "takeaway": "yes",
        "website": "https://locations.bojangles.com/tn/dandridge/690-south-hwy-92.html"
      },
      "geometry": {
        "type": "Point",
        "coordinates": [
          -83.4322645,
          36.0353896
        ]
      },
      "id": "node/7064017445"
    },
    {
      "type": "Feature",
      "properties": {
        "@id": "node/7092957800",
        "addr:city": "Millers Creek",
        "addr:housenumber": "3009",
        "addr:postcode": "28651",
        "addr:state": "NC",
        "addr:street": "NC-16",
        "amenity": "fast_food",
        "branch": "of Millers Creek",
        "brand": "Bojangles'",
        "brand:wikidata": "Q891163",
        "cuisine": "chicken",
        "drive_through": "yes",
        "name": "Bojangles'",
        "official_name": "Bojangles' Famous Chicken 'n Biscuits",
        "phone": "+1 336-838-4203",
        "takeaway": "yes",
        "website": "https://locations.bojangles.com/nc/millers-creek/3009-n--nc-hwy--16.html"
      },
      "geometry": {
        "type": "Point",
        "coordinates": [
          -81.2388029,
          36.1887877
        ]
      },
      "id": "node/7092957800"
    },
    {
      "type": "Feature",
      "properties": {
        "@id": "node/7112778588",
        "addr:city": "China Grove",
        "addr:housenumber": "725",
        "addr:postcode": "28023",
        "addr:state": "NC",
        "addr:street": "North Highway 29",
        "amenity": "fast_food",
        "brand": "Bojangles'",
        "brand:wikidata": "Q891163",
        "cuisine": "chicken",
        "drive_through": "yes",
        "name": "Bojangles'",
        "official_name": "Bojangles' Famous Chicken 'n Biscuits",
        "phone": "+1 704-859-1489",
        "takeaway": "yes",
        "website": "https://locations.bojangles.com/nc/china-grove/725-n--us-highway-29.html"
      },
      "geometry": {
        "type": "Point",
        "coordinates": [
          -80.5705525,
          35.5707434
        ]
      },
      "id": "node/7112778588"
    },
    {
      "type": "Feature",
      "properties": {
        "@id": "node/7122854069",
        "addr:city": "Goldsboro",
        "addr:housenumber": "233",
        "addr:postcode": "27534",
        "addr:state": "NC",
        "addr:street": "NC-111",
        "amenity": "fast_food",
        "brand": "Bojangles'",
        "brand:wikidata": "Q891163",
        "cuisine": "chicken",
        "name": "Bojangles' Famous Chicken 'n Biscuits",
        "official_name": "Bojangles' Famous Chicken 'n Biscuits",
        "phone": "+1 919-778-5751",
        "takeaway": "yes",
        "website": "https://locations.bojangles.com/nc/goldsboro/233-nc-111-south.html"
      },
      "geometry": {
        "type": "Point",
        "coordinates": [
          -77.9184273,
          35.3423567
        ]
      },
      "id": "node/7122854069"
    },
    {
      "type": "Feature",
      "properties": {
        "@id": "node/7159204146",
        "addr:city": "Dobson",
        "addr:housenumber": "402",
        "addr:postcode": "27017",
        "addr:state": "NC",
        "addr:street": "East Atkins Street",
        "amenity": "fast_food",
        "brand": "Bojangles'",
        "brand:wikidata": "Q891163",
        "cuisine": "chicken",
        "name": "Bojangles'",
        "official_name": "Bojangles' Famous Chicken 'n Biscuits",
        "phone": "+1 336-356-2238",
        "takeaway": "yes",
        "website": "https://locations.bojangles.com/nc/dobson/402-east-atkins-street.html"
      },
      "geometry": {
        "type": "Point",
        "coordinates": [
          -80.7183938,
          36.3954549
        ]
      },
      "id": "node/7159204146"
    },
    {
      "type": "Feature",
      "properties": {
        "@id": "node/7208516914",
        "addr:city": "Canton",
        "addr:housenumber": "734",
        "addr:postcode": "28716",
        "addr:state": "NC",
        "addr:street": "Champion Drive",
        "amenity": "fast_food",
        "brand": "Bojangles'",
        "brand:wikidata": "Q891163",
        "cuisine": "chicken",
        "drive_through": "yes",
        "name": "Bojangles'",
        "official_name": "Bojangles' Famous Chicken 'n Biscuits",
        "phone": "+1 828-648-7040",
        "takeaway": "yes",
        "website": "https://locations.bojangles.com/nc/canton/1686-champion-drive.html"
      },
      "geometry": {
        "type": "Point",
        "coordinates": [
          -82.8504036,
          35.5541494
        ]
      },
      "id": "node/7208516914"
    },
    {
      "type": "Feature",
      "properties": {
        "@id": "node/7259206224",
        "addr:city": "Newport",
        "addr:housenumber": "104",
        "addr:postcode": "37821",
        "addr:state": "TN",
        "addr:street": "Epley Road",
        "amenity": "fast_food",
        "brand": "Bojangles'",
        "brand:wikidata": "Q891163",
        "check_date": "2023-03-16",
        "cuisine": "chicken",
        "drive_through": "yes",
        "name": "Bojangles'",
        "official_name": "Bojangles' Famous Chicken 'n Biscuits",
        "phone": "+1 423-623-2052",
        "takeaway": "yes",
        "website": "https://locations.bojangles.com/tn/newport/104-epley-road.html"
      },
      "geometry": {
        "type": "Point",
        "coordinates": [
          -83.2118955,
          35.9408961
        ]
      },
      "id": "node/7259206224"
    },
    {
      "type": "Feature",
      "properties": {
        "@id": "node/7302395824",
        "addr:city": "Robersonville",
        "addr:housenumber": "800",
        "addr:postcode": "27871",
        "addr:state": "NC",
        "addr:street": "North Main Street",
        "amenity": "fast_food",
        "brand": "Bojangles'",
        "brand:wikidata": "Q891163",
        "cuisine": "chicken",
        "drive_through": "yes",
        "name": "Bojangles'",
        "official_name": "Bojangles' Famous Chicken 'n Biscuits",
        "phone": "+1 252-795-2946",
        "takeaway": "yes",
        "website": "https://locations.bojangles.com/nc/robersonville/800-north-main-street.html"
      },
      "geometry": {
        "type": "Point",
        "coordinates": [
          -77.2528339,
          35.8340433
        ]
      },
      "id": "node/7302395824"
    },
    {
      "type": "Feature",
      "properties": {
        "@id": "node/7306087103",
        "addr:city": "Yanceyville",
        "addr:housenumber": "1955",
        "addr:postcode": "27379",
        "addr:state": "NC",
        "addr:street": "NC-86",
        "amenity": "fast_food",
        "brand": "Bojangles'",
        "brand:wikidata": "Q891163",
        "cuisine": "chicken",
        "drive_through": "yes",
        "name": "Bojangles'",
        "official_name": "Bojangles' Famous Chicken 'n Biscuits",
        "phone": "+1 336-694-1230",
        "takeaway": "yes",
        "website": "https://locations.bojangles.com/nc/yanceyville/1955-nc-highway-86-n.html"
      },
      "geometry": {
        "type": "Point",
        "coordinates": [
          -79.348719,
          36.416099
        ]
      },
      "id": "node/7306087103"
    },
    {
      "type": "Feature",
      "properties": {
        "@id": "node/7406399438",
        "addr:city": "Raleigh",
        "addr:housenumber": "4405",
        "addr:postcode": "27609",
        "addr:state": "NC",
        "addr:street": "Falls of Neuse Road",
        "amenity": "fast_food",
        "brand": "Bojangles'",
        "brand:wikidata": "Q891163",
        "cuisine": "chicken",
        "drive_through": "yes",
        "name": "Bojangles'",
        "official_name": "Bojangles' Famous Chicken 'n Biscuits",
        "phone": "+1 919-876-7363",
        "source": "WakeGIS",
        "takeaway": "yes",
        "website": "https://locations.bojangles.com/nc/raleigh/4405-falls-of-the-neuse-rd.html"
      },
      "geometry": {
        "type": "Point",
        "coordinates": [
          -78.6123218,
          35.841234
        ]
      },
      "id": "node/7406399438"
    },
    {
      "type": "Feature",
      "properties": {
        "@id": "node/7411505625",
        "addr:city": "Raleigh",
        "addr:housenumber": "4621",
        "addr:postcode": "27610",
        "addr:state": "NC",
        "addr:street": "New Bern Avenue",
        "air_conditioning": "yes",
        "amenity": "fast_food",
        "brand": "Bojangles'",
        "brand:wikidata": "Q891163",
        "cuisine": "chicken",
        "diet:halal": "yes",
        "diet:kosher": "yes",
        "diet:vegan": "yes",
        "diet:vegetarian": "yes",
        "drive_through": "yes",
        "indoor_seating": "yes",
        "name": "Bojangles'",
        "official_name": "Bojangles' Famous Chicken 'n Biscuits",
        "opening_hours": "Su-Th 05:30-22:00; Fr,Sa 05:30-11:00",
        "outdoor_seating": "no",
        "phone": "+1 919-231-9028",
        "smoking": "no",
        "source": "WakeGIS",
        "takeaway": "yes",
        "website": "https://locations.bojangles.com/nc/raleigh/4621-new-bern-avenue.html",
        "wheelchair": "yes"
      },
      "geometry": {
        "type": "Point",
        "coordinates": [
          -78.5578762,
          35.7986916
        ]
      },
      "id": "node/7411505625"
    },
    {
      "type": "Feature",
      "properties": {
        "@id": "node/7533974229",
        "addr:city": "Cleveland",
        "addr:housenumber": "109",
        "addr:postcode": "30528",
        "addr:state": "GA",
        "addr:street": "South Main Street",
        "amenity": "fast_food",
        "brand": "Bojangles'",
        "brand:wikidata": "Q891163",
        "cuisine": "chicken",
        "drive_through": "yes",
        "name": "Bojangles'",
        "official_name": "Bojangles' Famous Chicken 'n Biscuits",
        "phone": "+1 706-493-9317",
        "takeaway": "yes",
        "website": "https://locations.bojangles.com/ga/cleveland/109-south-main-st.html"
      },
      "geometry": {
        "type": "Point",
        "coordinates": [
          -83.7627565,
          34.5949845
        ]
      },
      "id": "node/7533974229"
    },
    {
      "type": "Feature",
      "properties": {
        "@id": "node/8158288065",
        "addr:city": "Holly Ridge",
        "addr:housenumber": "840",
        "addr:postcode": "28445",
        "addr:state": "NC",
        "addr:street": "NC Highway 210",
        "amenity": "fast_food",
        "brand": "Bojangles'",
        "brand:wikidata": "Q891163",
        "cuisine": "chicken",
        "drive_through": "yes",
        "name": "Bojangles'",
        "official_name": "Bojangles' Famous Chicken 'n Biscuits",
        "phone": "+1 910-741-8333",
        "takeaway": "yes",
        "website": "https://locations.bojangles.com/nc/holly-ridge/840-nc-highway-210.html"
      },
      "geometry": {
        "type": "Point",
        "coordinates": [
          -77.4425282,
          34.5544007
        ]
      },
      "id": "node/8158288065"
    },
    {
      "type": "Feature",
      "properties": {
        "@id": "node/8251897611",
        "addr:city": "Kershaw",
        "addr:housenumber": "516",
        "addr:postcode": "29067",
        "addr:state": "SC",
        "addr:street": "Hampton Street",
        "amenity": "fast_food",
        "brand": "Bojangles'",
        "brand:wikidata": "Q891163",
        "cuisine": "chicken",
        "drive_through": "yes",
        "name": "Bojangles'",
        "official_name": "Bojangles' Famous Chicken 'n Biscuits",
        "phone": "+1 803-475-7000",
        "takeaway": "yes",
        "website": "https://locations.bojangles.com/sc/kershaw/516-hampton-street.html"
      },
      "geometry": {
        "type": "Point",
        "coordinates": [
          -80.5829333,
          34.5402793
        ]
      },
      "id": "node/8251897611"
    },
    {
      "type": "Feature",
      "properties": {
        "@id": "node/8410411042",
        "addr:city": "Liberty",
        "addr:housenumber": "7239",
        "addr:postcode": "29657",
        "addr:state": "SC",
        "addr:street": "Moorefield Memorial Highway",
        "amenity": "fast_food",
        "brand": "Bojangles'",
        "brand:wikidata": "Q891163",
        "cuisine": "chicken",
        "drive_through": "yes",
        "name": "Bojangles'",
        "official_name": "Bojangles' Famous Chicken 'n Biscuits",
        "phone": "+1 864-372-6669",
        "takeaway": "yes",
        "website": "https://locations.bojangles.com/sc/liberty/7239-moorefield-memorial-highway.html"
      },
      "geometry": {
        "type": "Point",
        "coordinates": [
          -82.6726463,
          34.7768825
        ]
      },
      "id": "node/8410411042"
    },
    {
      "type": "Feature",
      "properties": {
        "@id": "node/8429529650",
        "addr:city": "Frankfort",
        "addr:housenumber": "1239",
        "addr:postcode": "40601",
        "addr:state": "KY",
        "addr:street": "Highway 127",
        "amenity": "fast_food",
        "brand": "Bojangles'",
        "brand:wikidata": "Q891163",
        "cuisine": "chicken",
        "drive_through": "yes",
        "name": "Bojangles'",
        "official_name": "Bojangles' Famous Chicken 'n Biscuits",
        "phone": "+1 502-699-2118",
        "takeaway": "yes",
        "website": "https://locations.bojangles.com/ky/frankfort/1239-us-highway-127.html"
      },
      "geometry": {
        "type": "Point",
        "coordinates": [
          -84.8990799,
          38.1699647
        ]
      },
      "id": "node/8429529650"
    },
    {
      "type": "Feature",
      "properties": {
        "@id": "node/8449977781",
        "addr:city": "Knightdale",
        "addr:housenumber": "7525",
        "addr:postcode": "27545",
        "addr:state": "NC",
        "addr:street": "Knightdale Boulevard",
        "amenity": "fast_food",
        "brand": "Bojangles'",
        "brand:wikidata": "Q891163",
        "cuisine": "chicken",
        "name": "Bojangles'",
        "official_name": "Bojangles' Famous Chicken 'n Biscuits",
        "phone": "+1 919-266-2768",
        "takeaway": "yes",
        "website": "https://locations.bojangles.com/nc/knightdale/7525-knightdale-blvd.html"
      },
      "geometry": {
        "type": "Point",
        "coordinates": [
          -78.4758084,
          35.7994981
        ]
      },
      "id": "node/8449977781"
    },
    {
      "type": "Feature",
      "properties": {
        "@id": "node/8588508431",
        "addr:city": "Murfreesboro",
        "addr:housenumber": "2263",
        "addr:postcode": "37129",
        "addr:state": "TN",
        "addr:street": "Memorial Boulevard",
        "amenity": "fast_food",
        "brand": "Bojangles'",
        "brand:wikidata": "Q891163",
        "cuisine": "chicken",
        "name": "Bojangles'",
        "official_name": "Bojangles' Famous Chicken 'n Biscuits",
        "phone": "+1 615-907-5705",
        "takeaway": "yes",
        "website": "https://locations.bojangles.com/tn/murfreesboro/2263-memorial-blvd.html"
      },
      "geometry": {
        "type": "Point",
        "coordinates": [
          -86.3833079,
          35.8852999
        ]
      },
      "id": "node/8588508431"
    },
    {
      "type": "Feature",
      "properties": {
        "@id": "node/8601091599",
        "addr:city": "Kalispell",
        "addr:housenumber": "1319",
        "addr:postcode": "59901-3413",
        "addr:state": "MT",
        "addr:street": "Highway 2 West",
        "amenity": "fast_food",
        "brand": "Bojangles'",
        "brand:wikidata": "Q891163",
        "cuisine": "chicken",
        "name": "Bojangles'",
        "official_name": "Bojangles' Famous Chicken 'n Biscuits",
        "phone": "+1-406-755-3222",
        "takeaway": "yes"
      },
      "geometry": {
        "type": "Point",
        "coordinates": [
          -114.338703,
          48.198012
        ]
      },
      "id": "node/8601091599"
    },
    {
      "type": "Feature",
      "properties": {
        "@id": "node/8813073086",
        "addr:city": "Albany",
        "addr:housenumber": "1737",
        "addr:postcode": "31705",
        "addr:state": "GA",
        "addr:street": "Clark Avenue",
        "amenity": "fast_food",
        "brand": "Bojangles'",
        "brand:wikidata": "Q891163",
        "cuisine": "chicken",
        "drive_through": "yes",
        "name": "Bojangles'",
        "official_name": "Bojangles' Famous Chicken 'n Biscuits",
        "phone": "+1 229-405-6438",
        "takeaway": "yes",
        "website": "https://locations.bojangles.com/ga/albany/1737-clark-ave.html"
      },
      "geometry": {
        "type": "Point",
        "coordinates": [
          -84.1065487,
          31.5804389
        ]
      },
      "id": "node/8813073086"
    },
    {
      "type": "Feature",
      "properties": {
        "@id": "node/8868238568",
        "addr:city": "Rustburg",
        "addr:housenumber": "1755",
        "addr:postcode": "24588",
        "addr:state": "VA",
        "addr:street": "Calohan Road",
        "amenity": "fast_food",
        "brand": "Bojangles'",
        "brand:wikidata": "Q891163",
        "cuisine": "chicken",
        "drive_through": "yes",
        "name": "Bojangles'",
        "official_name": "Bojangles' Famous Chicken 'n Biscuits",
        "opening_hours": "Mo-Su 05:00-22:00",
        "phone": "+1 434-821-3344",
        "takeaway": "yes",
        "toilets": "yes",
        "website": "https://locations.bojangles.com/va/rustburg/1755-callahan-road.html"
      },
      "geometry": {
        "type": "Point",
        "coordinates": [
          -79.1671348,
          37.2797448
        ]
      },
      "id": "node/8868238568"
    },
    {
      "type": "Feature",
      "properties": {
        "@id": "node/8988156302",
        "addr:city": "West Columbia",
        "addr:housenumber": "2865",
        "addr:postcode": "29169",
        "addr:state": "SC",
        "addr:street": "Sunset Boulevard",
        "amenity": "fast_food",
        "brand": "Bojangles'",
        "brand:wikidata": "Q891163",
        "cuisine": "chicken",
        "drive_through": "yes",
        "name": "Bojangles'",
        "official_name": "Bojangles' Famous Chicken 'n Biscuits",
        "phone": "+1 803-794-1417",
        "takeaway": "yes",
        "website": "https://locations.bojangles.com/sc/west-columbia/2865-sunset-blvd.html"
      },
      "geometry": {
        "type": "Point",
        "coordinates": [
          -81.1179181,
          34.0047597
        ]
      },
      "id": "node/8988156302"
    },
    {
      "type": "Feature",
      "properties": {
        "@id": "node/9009523907",
        "addr:city": "Bristol",
        "addr:housenumber": "1420",
        "addr:postcode": "37620",
        "addr:state": "TN",
        "addr:street": "US-11W",
        "amenity": "fast_food",
        "brand": "Bojangles'",
        "brand:wikidata": "Q891163",
        "cuisine": "chicken",
        "name": "Bojangles'",
        "official_name": "Bojangles' Famous Chicken 'n Biscuits",
        "phone": "+1 423-652-0213",
        "takeaway": "yes",
        "website": "https://locations.bojangles.com/tn/bristol/1420-us-hwy-11-west.html"
      },
      "geometry": {
        "type": "Point",
        "coordinates": [
          -82.2678185,
          36.5887029
        ]
      },
      "id": "node/9009523907"
    },
    {
      "type": "Feature",
      "properties": {
        "@id": "node/9012931246",
        "addr:city": "Cameron",
        "addr:housenumber": "1400",
        "addr:postcode": "28326",
        "addr:state": "NC",
        "addr:street": "NC 24/87",
        "amenity": "fast_food",
        "brand": "Bojangles'",
        "brand:wikidata": "Q891163",
        "cuisine": "chicken",
        "drive_through": "yes",
        "name": "Bojangles'",
        "official_name": "Bojangles' Famous Chicken 'n Biscuits",
        "opening_hours": "Mo-Su 05:30-22:00",
        "phone": "+1 910-436-6400",
        "takeaway": "yes",
        "website": "https://locations.bojangles.com/nc/cameron/1400-nc-24-87.html"
      },
      "geometry": {
        "type": "Point",
        "coordinates": [
          -79.0401441,
          35.2573502
        ]
      },
      "id": "node/9012931246"
    },
    {
      "type": "Feature",
      "properties": {
        "@id": "node/9070331962",
        "addr:city": "Tarboro",
        "addr:housenumber": "101",
        "addr:postcode": "27886",
        "addr:state": "NC",
        "addr:street": "Market Centre Drive",
        "air_conditioning": "yes",
        "amenity": "fast_food",
        "brand": "Bojangles'",
        "brand:wikidata": "Q891163",
        "cuisine": "chicken",
        "diet:vegetarian": "no",
        "drive_through": "yes",
        "indoor_seating": "yes",
        "name": "Bojangles'",
        "official_name": "Bojangles' Famous Chicken 'n Biscuits",
        "opening_hours": "Su-Th 05:30-22:00; Fr,Sa 05:30-23:00",
        "outdoor_seating": "no",
        "phone": "+1 252-823-3450",
        "takeaway": "yes",
        "website": "https://locations.bojangles.com/nc/tarboro/101-market-centre-dr.html",
        "wheelchair": "yes"
      },
      "geometry": {
        "type": "Point",
        "coordinates": [
          -77.5492015,
          35.883955
        ]
      },
      "id": "node/9070331962"
    },
    {
      "type": "Feature",
      "properties": {
        "@id": "node/9158965914",
        "addr:city": "Adairsville",
        "addr:housenumber": "6349",
        "addr:postcode": "30103",
        "addr:state": "GA",
        "addr:street": "Joe Frank Harris Parkway",
        "amenity": "fast_food",
        "brand": "Bojangles'",
        "brand:wikidata": "Q891163",
        "cuisine": "chicken",
        "drive_through": "yes",
        "name": "Bojangles'",
        "official_name": "Bojangles' Famous Chicken 'n Biscuits",
        "phone": "+1 770-769-4197",
        "takeaway": "yes",
        "website": "https://locations.bojangles.com/ga/adairsville/6349-joe-frank-harris-pkwy.html"
      },
      "geometry": {
        "type": "Point",
        "coordinates": [
          -84.9321246,
          34.3755244
        ]
      },
      "id": "node/9158965914"
    },
    {
      "type": "Feature",
      "properties": {
        "@id": "node/9249608669",
        "addr:city": "Marion",
        "addr:housenumber": "1900",
        "addr:postcode": "62959",
        "addr:state": "IL",
        "addr:street": "The Hill Avenue",
        "amenity": "fast_food",
        "brand": "Bojangles'",
        "brand:wikidata": "Q891163",
        "cuisine": "chicken",
        "name": "Bojangles'",
        "official_name": "Bojangles' Famous Chicken 'n Biscuits",
        "phone": "+1 618-944-6412",
        "takeaway": "yes",
        "website": "https://locations.bojangles.com/il/marion/1900-the-hill-avenue.html"
      },
      "geometry": {
        "type": "Point",
        "coordinates": [
          -88.9496299,
          37.7455977
        ]
      },
      "id": "node/9249608669"
    },
    {
      "type": "Feature",
      "properties": {
        "@id": "node/9316452026",
        "addr:city": "Russellville",
        "addr:country": "US",
        "addr:housenumber": "13810",
        "addr:postcode": "35653",
        "addr:state": "AL",
        "addr:street": "Highway 43",
        "amenity": "fast_food",
        "branch": "Russellville",
        "brand": "Bojangles'",
        "brand:wikidata": "Q891163",
        "contact:facebook": "https://www.facebook.com/Bojangles/",
        "contact:twitter": "Bojangles",
        "cuisine": "chicken",
        "name": "Bojangles'",
        "official_name": "Bojangles' Famous Chicken 'n Biscuits",
        "opening_hours": "Mo-Su 05:30-22:00",
        "phone": "+1 256-332-8787",
        "takeaway": "yes",
        "website": "https://locations.bojangles.com/al/russellville/13810-highway-43-1104.html"
      },
      "geometry": {
        "type": "Point",
        "coordinates": [
          -87.7249938,
          34.4940717
        ]
      },
      "id": "node/9316452026"
    },
    {
      "type": "Feature",
      "properties": {
        "@id": "node/9385811998",
        "addr:city": "Lugoff",
        "addr:housenumber": "497",
        "addr:postcode": "29078",
        "addr:state": "SC",
        "addr:street": "Highway 601 South",
        "amenity": "fast_food",
        "brand": "Bojangles'",
        "brand:wikidata": "Q891163",
        "cuisine": "chicken",
        "drive_through": "yes",
        "name": "Bojangles'",
        "official_name": "Bojangles' Famous Chicken 'n Biscuits",
        "opening_hours": "Mo-Sa 05:30-22:00; Su 06:00-22:00",
        "phone": "+1 803 408 6718",
        "takeaway": "yes",
        "website": "https://locations.bojangles.com/sc/lugoff/497-highway-601-south.html"
      },
      "geometry": {
        "type": "Point",
        "coordinates": [
          -80.6882673,
          34.1944367
        ]
      },
      "id": "node/9385811998"
    },
    {
      "type": "Feature",
      "properties": {
        "@id": "node/9393317750",
        "addr:city": "Creedmoor",
        "addr:housenumber": "1567",
        "addr:postcode": "27522",
        "addr:state": "NC",
        "addr:street": "NC 56",
        "amenity": "fast_food",
        "brand": "Bojangles'",
        "brand:wikidata": "Q891163",
        "cuisine": "chicken",
        "drive_through": "yes",
        "name": "Bojangles'",
        "official_name": "Bojangles' Famous Chicken 'n Biscuits",
        "opening_hours": "05:30-22:00",
        "phone": "+1 919-528-1579",
        "takeaway": "yes",
        "website": "https://locations.bojangles.com/nc/creedmoor/1567-nc-hwy-56.html"
      },
      "geometry": {
        "type": "Point",
        "coordinates": [
          -78.7209007,
          36.1438715
        ]
      },
      "id": "node/9393317750"
    },
    {
      "type": "Feature",
      "properties": {
        "@id": "node/9566762164",
        "addr:city": "Northwest",
        "addr:housenumber": "3707",
        "addr:postcode": "28451",
        "addr:state": "NC",
        "addr:street": "Northwest Road Northeast",
        "amenity": "fast_food",
        "brand": "Bojangles'",
        "brand:wikidata": "Q891163",
        "cuisine": "chicken",
        "drive_through": "yes",
        "name": "Bojangles'",
        "official_name": "Bojangles' Famous Chicken 'n Biscuits",
        "phone": "+1 910-830-4002",
        "takeaway": "yes",
        "website": "https://locations.bojangles.com/nc/leland/3709-northwest-road.html"
      },
      "geometry": {
        "type": "Point",
        "coordinates": [
          -78.1393193,
          34.2867966
        ]
      },
      "id": "node/9566762164"
    },
    {
      "type": "Feature",
      "properties": {
        "@id": "node/9572961360",
        "addr:city": "New Bern",
        "addr:housenumber": "3770",
        "addr:postcode": "28562",
        "addr:state": "NC",
        "addr:street": "M L King Jr Boulevard",
        "amenity": "fast_food",
        "brand": "Bojangles'",
        "brand:wikidata": "Q891163",
        "cuisine": "chicken",
        "drive_through": "yes",
        "name": "Bojangles'",
        "official_name": "Bojangles' Famous Chicken 'n Biscuits",
        "phone": "+1 252-514-6610",
        "takeaway": "yes",
        "website": "https://locations.bojangles.com/nc/new-bern/3770-martin-luther-king-jr.html"
      },
      "geometry": {
        "type": "Point",
        "coordinates": [
          -77.1087359,
          35.0961674
        ]
      },
      "id": "node/9572961360"
    },
    {
      "type": "Feature",
      "properties": {
        "@id": "node/9620083351",
        "addr:city": "Hudson",
        "addr:housenumber": "2800",
        "addr:postcode": "28638",
        "addr:state": "NC",
        "addr:street": "Hickory Boulevard",
        "amenity": "fast_food",
        "brand": "Bojangles'",
        "brand:wikidata": "Q891163",
        "cuisine": "chicken",
        "drive_through": "yes",
        "name": "Bojangles'",
        "official_name": "Bojangles' Famous Chicken 'n Biscuits",
        "phone": "+1 828-728-3414",
        "takeaway": "yes",
        "website": "https://locations.bojangles.com/nc/hudson/2800-hickory-blvd.html"
      },
      "geometry": {
        "type": "Point",
        "coordinates": [
          -81.4846168,
          35.8578752
        ]
      },
      "id": "node/9620083351"
    },
    {
      "type": "Feature",
      "properties": {
        "@id": "node/9648378715",
        "amenity": "fast_food",
        "brand": "Bojangles'",
        "brand:wikidata": "Q891163",
        "cuisine": "chicken",
        "drive_through": "yes",
        "name": "Bojangles'",
        "official_name": "Bojangles' Famous Chicken 'n Biscuits",
        "takeaway": "yes"
      },
      "geometry": {
        "type": "Point",
        "coordinates": [
          -83.6665834,
          32.7860654
        ]
      },
      "id": "node/9648378715"
    },
    {
      "type": "Feature",
      "properties": {
        "@id": "node/9651866775",
        "addr:city": "Albertville",
        "addr:country": "US",
        "addr:housenumber": "7398",
        "addr:postcode": "35950",
        "addr:state": "AL",
        "addr:street": "Highway 431",
        "amenity": "fast_food",
        "branch": "Albertville",
        "brand": "Bojangles'",
        "brand:wikidata": "Q891163",
        "contact:facebook": "https://www.facebook.com/Bojangles/",
        "contact:twitter": "Bojangles",
        "cuisine": "chicken",
        "drive_through": "yes",
        "name": "Bojangles'",
        "official_name": "Bojangles' Famous Chicken 'n Biscuits",
        "opening_hours": "Mo-Su 05:30-22:00",
        "phone": "+1 256-891-6154",
        "takeaway": "yes",
        "website": "https://locations.bojangles.com/al/albertville/7398-us-highway-431-945.html"
      },
      "geometry": {
        "type": "Point",
        "coordinates": [
          -86.2080461,
          34.2778749
        ]
      },
      "id": "node/9651866775"
    },
    {
      "type": "Feature",
      "properties": {
        "@id": "node/9672215084",
        "addr:city": "Georgetown",
        "addr:housenumber": "1305",
        "addr:postcode": "29440",
        "addr:state": "SC",
        "addr:street": "North Frazier Street",
        "amenity": "fast_food",
        "brand": "Bojangles'",
        "brand:wikidata": "Q891163",
        "cuisine": "chicken",
        "name": "Bojangles'",
        "official_name": "Bojangles' Famous Chicken 'n Biscuits",
        "opening_hours": "Mo-Su 06:00-21:00",
        "phone": "+1 843-436-4646",
        "takeaway": "yes",
        "website": "https://locations.bojangles.com/sc/georgetown/1305-n--frazier-st.html"
      },
      "geometry": {
        "type": "Point",
        "coordinates": [
          -79.2895688,
          33.3925716
        ]
      },
      "id": "node/9672215084"
    },
    {
      "type": "Feature",
      "properties": {
        "@id": "node/9674420668",
        "addr:city": "Aiken",
        "addr:housenumber": "2644",
        "addr:postcode": "29805",
        "addr:state": "SC",
        "addr:street": "Columbia Highway",
        "amenity": "fast_food",
        "brand": "Bojangles'",
        "brand:wikidata": "Q891163",
        "cuisine": "chicken",
        "drive_through": "yes",
        "name": "Bojangles'",
        "official_name": "Bojangles' Famous Chicken 'n Biscuits",
        "phone": "+1 803-594-3900",
        "takeaway": "yes",
        "website": "https://locations.bojangles.com/sc/aiken/2644-columbia-highway.html"
      },
      "geometry": {
        "type": "Point",
        "coordinates": [
          -81.6736992,
          33.6625433
        ]
      },
      "id": "node/9674420668"
    },
    {
      "type": "Feature",
      "properties": {
        "@id": "node/9689835756",
        "addr:city": "Mebane",
        "addr:housenumber": "595",
        "addr:postcode": "27302",
        "addr:state": "NC",
        "addr:street": "Gregory Poole Lane",
        "amenity": "fast_food",
        "brand": "Bojangles'",
        "brand:wikidata": "Q891163",
        "cuisine": "chicken",
        "drive_through": "yes",
        "name": "Bojangles'",
        "official_name": "Bojangles' Famous Chicken 'n Biscuits",
        "phone": "+1 919-563-0143",
        "takeaway": "yes",
        "website": "https://locations.bojangles.com/nc/mebane/595-gregory-poole-lane.html"
      },
      "geometry": {
        "type": "Point",
        "coordinates": [
          -79.3121721,
          36.0688509
        ]
      },
      "id": "node/9689835756"
    },
    {
      "type": "Feature",
      "properties": {
        "@id": "node/9701978769",
        "addr:city": "Manchester",
        "addr:housenumber": "2206",
        "addr:postcode": "37355",
        "addr:state": "TN",
        "addr:street": "Hillsboro Boulevard",
        "amenity": "fast_food",
        "brand": "Bojangles'",
        "brand:wikidata": "Q891163",
        "cuisine": "chicken",
        "name": "Bojangles'",
        "official_name": "Bojangles' Famous Chicken 'n Biscuits",
        "phone": "+1 931-723-4497",
        "takeaway": "yes",
        "website": "https://locations.bojangles.com/tn/manchester/2206-hillsboro-blvd.html"
      },
      "geometry": {
        "type": "Point",
        "coordinates": [
          -86.0576123,
          35.4591174
        ]
      },
      "id": "node/9701978769"
    },
    {
      "type": "Feature",
      "properties": {
        "@id": "node/9775264502",
        "addr:city": "Acworth",
        "addr:housenumber": "5010",
        "addr:postcode": "30101",
        "addr:state": "GA",
        "addr:street": "Cherokee Street",
        "amenity": "fast_food",
        "brand": "Bojangles'",
        "brand:wikidata": "Q891163",
        "cuisine": "chicken",
        "drive_through": "yes",
        "name": "Bojangles'",
        "official_name": "Bojangles' Famous Chicken 'n Biscuits",
        "phone": "+1 770-974-8365",
        "takeaway": "yes",
        "website": "https://locations.bojangles.com/ga/acworth/5010-cherokee-street.html"
      },
      "geometry": {
        "type": "Point",
        "coordinates": [
          -84.6765567,
          34.0741329
        ]
      },
      "id": "node/9775264502"
    },
    {
      "type": "Feature",
      "properties": {
        "@id": "node/9787360175",
        "addr:city": "Abingdon",
        "addr:housenumber": "25011",
        "addr:postcode": "24211",
        "addr:state": "VA",
        "addr:street": "Western Loop",
        "amenity": "fast_food",
        "brand": "Bojangles'",
        "brand:wikidata": "Q891163",
        "cuisine": "chicken",
        "drive_through": "yes",
        "name": "Bojangles'",
        "official_name": "Bojangles' Famous Chicken 'n Biscuits",
        "opening_hours": "Mo-Th 05:00-22:00; Fr-Sa 05:00-23:00; Su 06:00-22:00",
        "phone": "+1 276-258-5759",
        "takeaway": "yes",
        "website": "https://locations.bojangles.com/va/abingdon/25011-western-loop.html"
      },
      "geometry": {
        "type": "Point",
        "coordinates": [
          -81.9306208,
          36.7134751
        ]
      },
      "id": "node/9787360175"
    },
    {
      "type": "Feature",
      "properties": {
        "@id": "node/9808614184",
        "addr:city": "Franklin",
        "addr:housenumber": "60",
        "addr:postcode": "28734",
        "addr:state": "NC",
        "addr:street": "Hunnicut Lane",
        "amenity": "fast_food",
        "brand": "Bojangles'",
        "brand:wikidata": "Q891163",
        "cuisine": "chicken",
        "drive_through": "yes",
        "name": "Bojangles'",
        "official_name": "Bojangles' Famous Chicken 'n Biscuits",
        "phone": "+1 828-524-9600",
        "takeaway": "yes",
        "website": "https://locations.bojangles.com/nc/franklin/60-hunnicutt-lane.html"
      },
      "geometry": {
        "type": "Point",
        "coordinates": [
          -83.3608148,
          35.1948592
        ]
      },
      "id": "node/9808614184"
    },
    {
      "type": "Feature",
      "properties": {
        "@id": "node/9855820865",
        "addr:city": "Carthage",
        "addr:housenumber": "1045",
        "addr:postcode": "28327",
        "addr:state": "NC",
        "addr:street": "Monroe Street",
        "amenity": "fast_food",
        "brand": "Bojangles'",
        "brand:wikidata": "Q891163",
        "cuisine": "chicken",
        "drive_through": "yes",
        "name": "Bojangles'",
        "official_name": "Bojangles' Famous Chicken 'n Biscuits",
        "phone": "+1 910-947-2459",
        "takeaway": "yes",
        "website": "https://locations.bojangles.com/nc/carthage/1045-monroe-street.html"
      },
      "geometry": {
        "type": "Point",
        "coordinates": [
          -79.3991929,
          35.3421576
        ]
      },
      "id": "node/9855820865"
    },
    {
      "type": "Feature",
      "properties": {
        "@id": "node/9861448140",
        "addr:city": "Dickson",
        "addr:housenumber": "106",
        "addr:postcode": "37055",
        "addr:state": "TN",
        "addr:street": "Livestock Road",
        "amenity": "fast_food",
        "brand": "Bojangles'",
        "brand:wikidata": "Q891163",
        "cuisine": "chicken",
        "drive_through": "yes",
        "name": "Bojangles'",
        "official_name": "Bojangles' Famous Chicken 'n Biscuits",
        "phone": "+1 615-446-9375",
        "takeaway": "yes",
        "website": "https://locations.bojangles.com/tn/dickson/106-livestock-road.html"
      },
      "geometry": {
        "type": "Point",
        "coordinates": [
          -87.3421698,
          36.0242464
        ]
      },
      "id": "node/9861448140"
    },
    {
      "type": "Feature",
      "properties": {
        "@id": "node/9965892817",
        "addr:city": "Seneca",
        "addr:housenumber": "10906",
        "addr:postcode": "29678",
        "addr:state": "SC",
        "addr:street": "Clemson Boulevard",
        "amenity": "fast_food",
        "brand": "Bojangles'",
        "brand:wikidata": "Q891163",
        "cuisine": "chicken",
        "drive_through": "yes",
        "name": "Bojangles'",
        "official_name": "Bojangles' Famous Chicken 'n Biscuits",
        "phone": "+1 864-973-7398",
        "takeaway": "yes",
        "website": "https://locations.bojangles.com/sc/seneca/10906-clemson-blvd.html"
      },
      "geometry": {
        "type": "Point",
        "coordinates": [
          -82.8781852,
          34.6947142
        ]
      },
      "id": "node/9965892817"
    },
    {
      "type": "Feature",
      "properties": {
        "@id": "node/10055032205",
        "addr:city": "Jacksonville",
        "addr:housenumber": "1693",
        "addr:postcode": "28546",
        "addr:state": "NC",
        "addr:street": "Halltown Road",
        "amenity": "fast_food",
        "brand": "Bojangles'",
        "brand:wikidata": "Q891163",
        "cuisine": "chicken",
        "drive_through": "yes",
        "name": "Bojangles'",
        "official_name": "Bojangles' Famous Chicken 'n Biscuits",
        "phone": "+1 910-346-7514",
        "takeaway": "yes",
        "website": "https://locations.bojangles.com/nc/jacksonville/1693-halltown-road.html"
      },
      "geometry": {
        "type": "Point",
        "coordinates": [
          -77.3560772,
          34.7718034
        ]
      },
      "id": "node/10055032205"
    },
    {
      "type": "Feature",
      "properties": {
        "@id": "node/10067835733",
        "addr:city": "Oak Ridge",
        "addr:country": "US",
        "addr:housenumber": "490",
        "addr:postcode": "37830",
        "addr:state": "TN",
        "addr:street": "South Illinois Avenue",
        "amenity": "fast_food",
        "brand": "Bojangles'",
        "brand:wikidata": "Q891163",
        "cuisine": "chicken",
        "drive_through": "yes",
        "name": "Bojangles'",
        "official_name": "Bojangles' Famous Chicken 'n Biscuits",
        "phone": "+1 865-425-9747",
        "takeaway": "yes",
        "website": "https://locations.bojangles.com/tn/oak-ridge/490-illinois-ave--s.html"
      },
      "geometry": {
        "type": "Point",
        "coordinates": [
          -84.2464967,
          36.002253
        ]
      },
      "id": "node/10067835733"
    },
    {
      "type": "Feature",
      "properties": {
        "@id": "node/10081870895",
        "addr:city": "Raleigh",
        "addr:housenumber": "1541",
        "addr:postcode": "27607",
        "addr:state": "NC",
        "addr:street": "Sunday Drive",
        "air_conditioning": "yes",
        "amenity": "fast_food",
        "brand": "Bojangles'",
        "brand:wikidata": "Q891163",
        "check_date": "2024-07-03",
        "cuisine": "chicken",
        "drive_through": "yes",
        "internet_access": "wlan",
        "internet_access:fee": "no",
        "internet_access:ssid": "Bojangles",
        "name": "Bojangles'",
        "official_name": "Bojangles' Famous Chicken 'n Biscuits",
        "opening_hours": "Mo-Th,Su 05:30-22:00; Fr-Sa 05:30-23:00",
        "outdoor_seating": "no",
        "payment:cash": "yes",
        "payment:credit_cards": "yes",
        "payment:debit_cards": "yes",
        "phone": "+1 919-322-2637",
        "takeaway": "yes",
        "website": "https://locations.bojangles.com/nc/raleigh/1541-sunday-drive.html"
      },
      "geometry": {
        "type": "Point",
        "coordinates": [
          -78.7297821,
          35.8001328
        ]
      },
      "id": "node/10081870895"
    },
    {
      "type": "Feature",
      "properties": {
        "@id": "node/10092259550",
        "addr:city": "Hildebran",
        "addr:housenumber": "317",
        "addr:postcode": "28637",
        "addr:state": "NC",
        "addr:street": "South Center Street",
        "amenity": "fast_food",
        "brand": "Bojangles'",
        "brand:wikidata": "Q891163",
        "cuisine": "chicken",
        "drive_through": "yes",
        "name": "Bojangles'",
        "official_name": "Bojangles' Famous Chicken 'n Biscuits",
        "phone": "+1 828-397-7800",
        "takeaway": "yes",
        "website": "https://locations.bojangles.com/nc/hildebran/317-south-center-street.html"
      },
      "geometry": {
        "type": "Point",
        "coordinates": [
          -81.4224394,
          35.7078401
        ]
      },
      "id": "node/10092259550"
    },
    {
      "type": "Feature",
      "properties": {
        "@id": "node/10106312961",
        "addr:city": "Wilkesboro",
        "addr:housenumber": "1856",
        "addr:postcode": "28697",
        "addr:state": "NC",
        "addr:street": "US-421",
        "amenity": "fast_food",
        "brand": "Bojangles'",
        "brand:wikidata": "Q891163",
        "cuisine": "chicken",
        "drive_through": "yes",
        "name": "Bojangles'",
        "official_name": "Bojangles' Famous Chicken 'n Biscuits",
        "phone": "+1-336-838-6700",
        "takeaway": "yes",
        "website": "https://locations.bojangles.com/nc/wilkesboro/1856-us-highway-421.html",
        "website:menu": "https://www.bojangles.com/menu/"
      },
      "geometry": {
        "type": "Point",
        "coordinates": [
          -81.2024033,
          36.1505358
        ]
      },
      "id": "node/10106312961"
    },
    {
      "type": "Feature",
      "properties": {
        "@id": "node/10109748234",
        "addr:city": "North Augusta",
        "addr:housenumber": "1010",
        "addr:postcode": "29860",
        "addr:state": "SC",
        "addr:street": "Edgefield Road",
        "amenity": "fast_food",
        "brand": "Bojangles'",
        "brand:wikidata": "Q891163",
        "cuisine": "chicken",
        "drive_through": "yes",
        "name": "Bojangles'",
        "official_name": "Bojangles' Famous Chicken 'n Biscuits",
        "phone": "+1 803-441-3957",
        "takeaway": "yes",
        "website": "https://locations.bojangles.com/sc/north-augusta/1010-edgefield-road.html"
      },
      "geometry": {
        "type": "Point",
        "coordinates": [
          -81.9385581,
          33.5687209
        ]
      },
      "id": "node/10109748234"
    },
    {
      "type": "Feature",
      "properties": {
        "@id": "node/10253544197",
        "addr:city": "Chocowinity",
        "addr:housenumber": "668",
        "addr:postcode": "27817",
        "addr:state": "NC",
        "addr:street": "Bragaw Lane",
        "amenity": "fast_food",
        "brand": "Bojangles'",
        "brand:wikidata": "Q891163",
        "cuisine": "chicken",
        "drive_through": "yes",
        "name": "Bojangles'",
        "official_name": "Bojangles' Famous Chicken 'n Biscuits",
        "phone": "+1 252-946-0266",
        "takeaway": "yes",
        "website": "https://locations.bojangles.com/nc/chocowinity/668-bragaw-lane.html"
      },
      "geometry": {
        "type": "Point",
        "coordinates": [
          -77.0911821,
          35.5098109
        ]
      },
      "id": "node/10253544197"
    },
    {
      "type": "Feature",
      "properties": {
        "@id": "node/10278438466",
        "addr:city": "Whitsett",
        "addr:housenumber": "6403",
        "addr:postcode": "27377",
        "addr:state": "NC",
        "addr:street": "Burlington Road",
        "amenity": "fast_food",
        "brand": "Bojangles'",
        "brand:wikidata": "Q891163",
        "cuisine": "chicken",
        "drive_through": "yes",
        "name": "Bojangles'",
        "official_name": "Bojangles' Famous Chicken 'n Biscuits",
        "phone": "+1 336-446-2014",
        "takeaway": "yes",
        "website": "https://locations.bojangles.com/nc/whitsett/6403-burlington-road.html"
      },
      "geometry": {
        "type": "Point",
        "coordinates": [
          -79.6075673,
          36.0634514
        ]
      },
      "id": "node/10278438466"
    },
    {
      "type": "Feature",
      "properties": {
        "@id": "node/10280500389",
        "addr:city": "Spring Hope",
        "addr:housenumber": "1050",
        "addr:postcode": "27882",
        "addr:state": "NC",
        "addr:street": "NC-581",
        "amenity": "fast_food",
        "brand": "Bojangles'",
        "brand:wikidata": "Q891163",
        "cuisine": "chicken",
        "name": "Bojangles'",
        "official_name": "Bojangles' Famous Chicken 'n Biscuits",
        "phone": "+1 252-303-0003",
        "takeaway": "yes",
        "website": "https://locations.bojangles.com/nc/spring-hope/1050-s-nc-581.html"
      },
      "geometry": {
        "type": "Point",
        "coordinates": [
          -78.0997297,
          35.9344008
        ]
      },
      "id": "node/10280500389"
    },
    {
      "type": "Feature",
      "properties": {
        "@id": "node/10311354232",
        "addr:city": "Jonesville",
        "addr:housenumber": "1630",
        "addr:postcode": "28642",
        "addr:state": "NC",
        "addr:street": "NC-67",
        "amenity": "fast_food",
        "brand": "Bojangles'",
        "brand:wikidata": "Q891163",
        "cuisine": "chicken",
        "name": "Bojangles'",
        "official_name": "Bojangles' Famous Chicken 'n Biscuits",
        "phone": "+1 336-835-9214",
        "takeaway": "yes",
        "website": "https://locations.bojangles.com/nc/jonesville/1652-nc-highway-67.html"
      },
      "geometry": {
        "type": "Point",
        "coordinates": [
          -80.8194042,
          36.2388124
        ]
      },
      "id": "node/10311354232"
    },
    {
      "type": "Feature",
      "properties": {
        "@id": "node/10552507431",
        "addr:city": "Lumberton",
        "addr:housenumber": "2453",
        "addr:postcode": "28358",
        "addr:state": "NC",
        "addr:street": "Roberts Avenue",
        "amenity": "fast_food",
        "brand": "Bojangles'",
        "brand:wikidata": "Q891163",
        "cuisine": "chicken",
        "drive_through": "yes",
        "name": "Bojangles'",
        "official_name": "Bojangles' Famous Chicken 'n Biscuits",
        "phone": "+1 910-618-0088",
        "takeaway": "yes",
        "website": "https://locations.bojangles.com/nc/lumberton/2453-roberts-ave.html"
      },
      "geometry": {
        "type": "Point",
        "coordinates": [
          -79.0058,
          34.6398181
        ]
      },
      "id": "node/10552507431"
    },
    {
      "type": "Feature",
      "properties": {
        "@id": "node/10589168023",
        "addr:city": "Granite Falls",
        "addr:housenumber": "4790",
        "addr:postcode": "28630",
        "addr:state": "NC",
        "addr:street": "Hickory Boulevard",
        "amenity": "fast_food",
        "brand": "Bojangles'",
        "brand:wikidata": "Q891163",
        "cuisine": "chicken",
        "drive_through": "yes",
        "name": "Bojangles'",
        "official_name": "Bojangles' Famous Chicken 'n Biscuits",
        "phone": "+1 828-396-4004",
        "takeaway": "yes",
        "website": "https://locations.bojangles.com/nc/granite-falls/4790-hickory-blvd.html"
      },
      "geometry": {
        "type": "Point",
        "coordinates": [
          -81.3952233,
          35.7785493
        ]
      },
      "id": "node/10589168023"
    },
    {
      "type": "Feature",
      "properties": {
        "@id": "node/10778689984",
        "addr:city": "Richlands",
        "addr:housenumber": "8510",
        "addr:postcode": "28574",
        "addr:state": "NC",
        "addr:street": "Richlands Highway",
        "amenity": "fast_food",
        "brand": "Bojangles'",
        "brand:wikidata": "Q891163",
        "cuisine": "chicken",
        "drive_through": "yes",
        "name": "Bojangles'",
        "official_name": "Bojangles' Famous Chicken 'n Biscuits",
        "phone": "+1 910-430-0322",
        "takeaway": "yes",
        "website": "https://locations.bojangles.com/nc/richlands/8510-richlands-highway.html"
      },
      "geometry": {
        "type": "Point",
        "coordinates": [
          -77.5509289,
          34.9002603
        ]
      },
      "id": "node/10778689984"
    },
    {
      "type": "Feature",
      "properties": {
        "@id": "node/10797762650",
        "addr:city": "Walnut Cove",
        "addr:housenumber": "5150",
        "addr:postcode": "27052",
        "addr:state": "NC",
        "addr:street": "NC-89 East",
        "amenity": "fast_food",
        "brand": "Bojangles'",
        "brand:wikidata": "Q891163",
        "cuisine": "chicken",
        "drive_through": "yes",
        "name": "Bojangles'",
        "official_name": "Bojangles' Famous Chicken 'n Biscuits",
        "phone": "+1 336-591-1060",
        "takeaway": "yes",
        "website": "https://locations.bojangles.com/nc/walnut-cove/5150-hwy-89-east.html"
      },
      "geometry": {
        "type": "Point",
        "coordinates": [
          -80.1401828,
          36.312718
        ]
      },
      "id": "node/10797762650"
    },
    {
      "type": "Feature",
      "properties": {
        "@id": "node/10805950557",
        "addr:city": "Madisonville",
        "addr:housenumber": "4505",
        "addr:postcode": "37354",
        "addr:state": "TN",
        "addr:street": "Highway 411",
        "amenity": "fast_food",
        "brand": "Bojangles'",
        "brand:wikidata": "Q891163",
        "cuisine": "chicken",
        "name": "Bojangles'",
        "official_name": "Bojangles' Famous Chicken 'n Biscuits",
        "phone": "+1 423-442-4156",
        "takeaway": "yes",
        "website": "https://locations.bojangles.com/tn/madisonville/4505-highway-411.html"
      },
      "geometry": {
        "type": "Point",
        "coordinates": [
          -84.3587929,
          35.5164122
        ]
      },
      "id": "node/10805950557"
    },
    {
      "type": "Feature",
      "properties": {
        "@id": "node/10872810129",
        "addr:city": "Horn Lake",
        "addr:housenumber": "965",
        "addr:postcode": "38637",
        "addr:state": "MS",
        "addr:street": "Goodman Road",
        "amenity": "fast_food",
        "brand": "Bojangles'",
        "brand:wikidata": "Q891163",
        "cuisine": "chicken",
        "drive_through": "yes",
        "name": "Bojangles'",
        "official_name": "Bojangles' Famous Chicken 'n Biscuits",
        "phone": "+1 662-510-8482",
        "takeaway": "yes",
        "website": "https://locations.bojangles.com/ms/horn-lake/965-goodman-road.html"
      },
      "geometry": {
        "type": "Point",
        "coordinates": [
          -90.0061403,
          34.9623012
        ]
      },
      "id": "node/10872810129"
    },
    {
      "type": "Feature",
      "properties": {
        "@id": "node/10942990453",
        "addr:city": "Normal",
        "addr:housenumber": "2007",
        "addr:postcode": "61761",
        "addr:state": "IL",
        "addr:street": "North Main Street",
        "amenity": "fast_food",
        "brand": "Bojangles'",
        "brand:wikidata": "Q891163",
        "cuisine": "chicken",
        "drive_through": "yes",
        "name": "Bojangles'",
        "official_name": "Bojangles' Famous Chicken 'n Biscuits",
        "phone": "+1 309-445-6881",
        "takeaway": "yes",
        "website": "https://locations.bojangles.com/il/normal/2007-n-main-street.html"
      },
      "geometry": {
        "type": "Point",
        "coordinates": [
          -88.9978675,
          40.541658
        ]
      },
      "id": "node/10942990453"
    },
    {
      "type": "Feature",
      "properties": {
        "@id": "node/10951086592",
        "addr:city": "Hendersonville",
        "addr:housenumber": "5697",
        "addr:postcode": "28791",
        "addr:state": "NC",
        "addr:street": "Asheville Highway",
        "amenity": "fast_food",
        "brand": "Bojangles'",
        "brand:wikidata": "Q891163",
        "cuisine": "chicken",
        "drive_through": "yes",
        "name": "Bojangles'",
        "official_name": "Bojangles' Famous Chicken 'n Biscuits",
        "phone": "+1 828-654-0441",
        "takeaway": "yes",
        "website": "https://locations.bojangles.com/nc/hendersonville/5697-asheville-hwy.html"
      },
      "geometry": {
        "type": "Point",
        "coordinates": [
          -82.5059598,
          35.3953088
        ]
      },
      "id": "node/10951086592"
    },
    {
      "type": "Feature",
      "properties": {
        "@id": "node/11059420648",
        "addr:city": "Madison",
        "addr:country": "US",
        "addr:housenumber": "101",
        "addr:postcode": "35758",
        "addr:state": "AL",
        "addr:street": "JE Briscoe Way",
        "amenity": "fast_food",
        "branch": "Madison",
        "brand": "Bojangles'",
        "brand:wikidata": "Q891163",
        "contact:facebook": "https://www.facebook.com/Bojangles/",
        "contact:twitter": "Bojangles",
        "cuisine": "chicken",
        "name": "Bojangles'",
        "official_name": "Bojangles' Famous Chicken 'n Biscuits",
        "opening_hours": "Mo-Su 05:30-22:00",
        "phone": "+1 256-325-2743",
        "takeaway": "yes",
        "website": "https://locations.bojangles.com/al/madison/101-j.-e.-briscoe-way-1319.html"
      },
      "geometry": {
        "type": "Point",
        "coordinates": [
          -86.7374525,
          34.6817417
        ]
      },
      "id": "node/11059420648"
    },
    {
      "type": "Feature",
      "properties": {
        "@id": "node/11065091422",
        "addr:city": "Memphis",
        "addr:housenumber": "3545",
        "addr:postcode": "38128",
        "addr:state": "TN",
        "addr:street": "Austin Peay Highway",
        "amenity": "fast_food",
        "brand": "Bojangles'",
        "brand:wikidata": "Q891163",
        "cuisine": "chicken",
        "drive_through": "yes",
        "name": "Bojangles'",
        "official_name": "Bojangles' Famous Chicken 'n Biscuits",
        "opening_hours": "Su 06:00-22:00; Mo-Sa 05:00-22:00",
        "operator": "Bojangles Restaurants, LLC",
        "phone": "+1-901-372-5289",
        "takeaway": "yes",
        "website": "https://locations.bojangles.com/tn/memphis/3551-austin-peay-highway.html"
      },
      "geometry": {
        "type": "Point",
        "coordinates": [
          -89.9083624,
          35.2227725
        ]
      },
      "id": "node/11065091422"
    },
    {
      "type": "Feature",
      "properties": {
        "@id": "node/11094544244",
        "addr:city": "Atlanta",
        "addr:housenumber": "7700",
        "addr:postcode": "30320",
        "addr:state": "GA",
        "addr:street": "Spine Road",
        "amenity": "fast_food",
        "brand": "Bojangles'",
        "brand:wikidata": "Q891163",
        "check_date": "2023-08-06",
        "cuisine": "chicken",
        "drive_through": "no",
        "name": "Bojangles'",
        "official_name": "Bojangles' Famous Chicken 'n Biscuits",
        "phone": "+1 404-762-1577",
        "takeaway": "yes",
        "website": "https://locations.bojangles.com/ga/atlanta/7700-spine-road.html"
      },
      "geometry": {
        "type": "Point",
        "coordinates": [
          -84.4424917,
          33.6395023
        ]
      },
      "id": "node/11094544244"
    },
    {
      "type": "Feature",
      "properties": {
        "@id": "node/11177274238",
        "addr:city": "Corbin",
        "addr:housenumber": "1858",
        "addr:postcode": "40701",
        "addr:state": "KY",
        "addr:street": "Cumberland Falls Highway",
        "amenity": "fast_food",
        "brand": "Bojangles'",
        "brand:wikidata": "Q891163",
        "cuisine": "chicken",
        "name": "Bojangles'",
        "official_name": "Bojangles' Famous Chicken 'n Biscuits",
        "phone": "+1 606-215-3490",
        "takeaway": "yes",
        "website": "https://locations.bojangles.com/ky/corbin/1858-cumberland-falls-hwy.html"
      },
      "geometry": {
        "type": "Point",
        "coordinates": [
          -84.1252437,
          36.9189947
        ]
      },
      "id": "node/11177274238"
    },
    {
      "type": "Feature",
      "properties": {
        "@id": "node/11270634896",
        "addr:city": "Summerville",
        "addr:housenumber": "1221",
        "addr:postcode": "29483",
        "addr:state": "SC",
        "addr:street": "North Main Street",
        "amenity": "fast_food",
        "brand": "Bojangles'",
        "brand:wikidata": "Q891163",
        "cuisine": "chicken",
        "name": "Bojangles'",
        "official_name": "Bojangles' Famous Chicken 'n Biscuits",
        "phone": "+1 843-695-8474",
        "takeaway": "yes",
        "website": "https://locations.bojangles.com/sc/summerville/1221-n--main-street.html"
      },
      "geometry": {
        "type": "Point",
        "coordinates": [
          -80.157356,
          33.0354799
        ]
      },
      "id": "node/11270634896"
    },
    {
      "type": "Feature",
      "properties": {
        "@id": "node/11283850163",
        "addr:city": "Nashville",
        "addr:housenumber": "630",
        "addr:postcode": "37115",
        "addr:state": "TN",
        "addr:street": "Gallatin Pike South",
        "amenity": "fast_food",
        "brand": "Bojangles'",
        "brand:wikidata": "Q891163",
        "cuisine": "chicken",
        "name": "Bojangles'",
        "official_name": "Bojangles' Famous Chicken 'n Biscuits",
        "phone": "+1 615-865-0386",
        "takeaway": "yes",
        "website": "https://locations.bojangles.com/tn/nashville/630-gallatin-pike-south.html"
      },
      "geometry": {
        "type": "Point",
        "coordinates": [
          -86.7149117,
          36.2565907
        ]
      },
      "id": "node/11283850163"
    },
    {
      "type": "Feature",
      "properties": {
        "@id": "node/11296021922",
        "addr:city": "Lenoir City",
        "addr:housenumber": "301",
        "addr:postcode": "37771",
        "addr:state": "TN",
        "addr:street": "Market Drive",
        "amenity": "fast_food",
        "brand": "Bojangles'",
        "brand:wikidata": "Q891163",
        "check_date": "2026-06-27",
        "check_date:opening_hours": "2026-06-27",
        "cuisine": "chicken",
        "name": "Bojangles'",
        "official_name": "Bojangles' Famous Chicken 'n Biscuits",
        "opening_hours": "Mo-Sa 05:00-22:00; Su 06:00-22:00",
        "phone": "+1 865-986-9533",
        "takeaway": "yes",
        "website": "https://locations.bojangles.com/tn/lenoir-city/301-market-drive.html"
      },
      "geometry": {
        "type": "Point",
        "coordinates": [
          -84.269661,
          35.8214322
        ]
      },
      "id": "node/11296021922"
    },
    {
      "type": "Feature",
      "properties": {
        "@id": "node/11303278130",
        "addr:city": "Jefferson City",
        "addr:housenumber": "103",
        "addr:postcode": "37760",
        "addr:state": "TN",
        "addr:street": "Mossy Creek Drive",
        "amenity": "fast_food",
        "brand": "Bojangles'",
        "brand:wikidata": "Q891163",
        "cuisine": "chicken",
        "drive_through": "yes",
        "name": "Bojangles'",
        "official_name": "Bojangles' Famous Chicken 'n Biscuits",
        "phone": "+1 865-475-4949",
        "takeaway": "yes",
        "website": "https://locations.bojangles.com/tn/jefferson-city/103-mossy-creek-drive.html"
      },
      "geometry": {
        "type": "Point",
        "coordinates": [
          -83.4698055,
          36.1248828
        ]
      },
      "id": "node/11303278130"
    },
    {
      "type": "Feature",
      "properties": {
        "@id": "node/11303278893",
        "addr:city": "Morristown",
        "addr:housenumber": "5354",
        "addr:postcode": "37813",
        "addr:state": "TN",
        "addr:street": "South Davy Crockett Parkway",
        "amenity": "fast_food",
        "brand": "Bojangles'",
        "brand:wikidata": "Q891163",
        "cuisine": "chicken",
        "name": "Bojangles'",
        "official_name": "Bojangles' Famous Chicken 'n Biscuits",
        "opening_hours": "Mo-Sa 05:00-22:00; Su 06:00-22:00",
        "phone": "+1 423-839-1893",
        "takeaway": "yes",
        "website": "https://locations.bojangles.com/tn/morristown/5354-s--davy-crockett-pkwy.html"
      },
      "geometry": {
        "type": "Point",
        "coordinates": [
          -83.2789154,
          36.143619
        ]
      },
      "id": "node/11303278893"
    },
    {
      "type": "Feature",
      "properties": {
        "@id": "node/11303941146",
        "addr:city": "Morristown",
        "addr:housenumber": "2280",
        "addr:postcode": "37814",
        "addr:state": "TN",
        "addr:street": "West Andrew Johnson Highway",
        "amenity": "fast_food",
        "brand": "Bojangles'",
        "brand:wikidata": "Q891163",
        "cuisine": "chicken",
        "name": "Bojangles'",
        "official_name": "Bojangles' Famous Chicken 'n Biscuits",
        "phone": "+1 423-581-5566",
        "takeaway": "yes",
        "website": "https://locations.bojangles.com/tn/morristown/2280-west-andrew-johnson-hwy.html"
      },
      "geometry": {
        "type": "Point",
        "coordinates": [
          -83.3249757,
          36.205763
        ]
      },
      "id": "node/11303941146"
    },
    {
      "type": "Feature",
      "properties": {
        "@id": "node/11310263710",
        "addr:city": "Greenville",
        "addr:country": "US",
        "addr:housenumber": "3240",
        "addr:postcode": "37745",
        "addr:state": "TN",
        "addr:street": "East Andrew Johnson Highway",
        "amenity": "fast_food",
        "brand": "Bojangles'",
        "brand:wikidata": "Q891163",
        "cuisine": "chicken",
        "drive_through": "yes",
        "name": "Bojangles'",
        "official_name": "Bojangles' Famous Chicken 'n Biscuits",
        "opening_hours": "Mo-Sa 05:00-11:30; Su 06:00-11:30",
        "operator": "Bojangles of Western North Carolina",
        "phone": "+1 423-636-1021",
        "takeaway": "yes",
        "website": "https://locations.bojangles.com/tn/greeneville/3240-andrew-johnson-hwy.html"
      },
      "geometry": {
        "type": "Point",
        "coordinates": [
          -82.7678231,
          36.1840979
        ]
      },
      "id": "node/11310263710"
    },
    {
      "type": "Feature",
      "properties": {
        "@id": "node/11364643236",
        "addr:city": "Cheraw",
        "addr:housenumber": "881",
        "addr:postcode": "29520",
        "addr:state": "SC",
        "addr:street": "Chesterfield Highway",
        "amenity": "fast_food",
        "brand": "Bojangles'",
        "brand:wikidata": "Q891163",
        "cuisine": "chicken",
        "drive_through": "yes",
        "name": "Bojangles'",
        "official_name": "Bojangles' Famous Chicken 'n Biscuits",
        "phone": "+1 843-690-4000",
        "takeaway": "yes",
        "website": "https://locations.bojangles.com/sc/cheraw/881-chesterfield-hwy.html"
      },
      "geometry": {
        "type": "Point",
        "coordinates": [
          -79.9239188,
          34.696604
        ]
      },
      "id": "node/11364643236"
    },
    {
      "type": "Feature",
      "properties": {
        "@id": "node/11410142235",
        "addr:city": "Johnson City",
        "addr:housenumber": "2108",
        "addr:postcode": "37604",
        "addr:state": "TN",
        "addr:street": "West Mountcastle Drive",
        "amenity": "fast_food",
        "brand": "Bojangles'",
        "brand:wikidata": "Q891163",
        "cuisine": "chicken",
        "drive_through": "yes",
        "name": "Bojangles'",
        "official_name": "Bojangles' Famous Chicken 'n Biscuits",
        "phone": "+1-423-232-2884",
        "takeaway": "yes",
        "website": "https://locations.bojangles.com/tn/johnson-city/2108-w-mountcastle-drive.html"
      },
      "geometry": {
        "type": "Point",
        "coordinates": [
          -82.3778706,
          36.3407333
        ]
      },
      "id": "node/11410142235"
    },
    {
      "type": "Feature",
      "properties": {
        "@id": "node/11415554467",
        "addr:city": "South Boston",
        "addr:housenumber": "2190",
        "addr:postcode": "24592",
        "addr:state": "VA",
        "addr:street": "Philpott Road",
        "amenity": "fast_food",
        "brand": "Bojangles'",
        "brand:wikidata": "Q891163",
        "cuisine": "chicken",
        "drive_through": "yes",
        "name": "Bojangles'",
        "official_name": "Bojangles' Famous Chicken 'n Biscuits",
        "opening_hours": "Su-Th 05:30-22:00; Fr-Sa 05:30-23:00",
        "phone": "+1 434-575-7992",
        "takeaway": "yes",
        "website": "https://locations.bojangles.com/va/south-boston/2190-philpott-rd.html"
      },
      "geometry": {
        "type": "Point",
        "coordinates": [
          -78.9271564,
          36.6752775
        ]
      },
      "id": "node/11415554467"
    },
    {
      "type": "Feature",
      "properties": {
        "@id": "node/11460812220",
        "amenity": "fast_food",
        "brand": "Bojangles'",
        "brand:wikidata": "Q891163",
        "cuisine": "chicken",
        "drive_through": "yes",
        "name": "Bojangles'",
        "official_name": "Bojangles' Famous Chicken 'n Biscuits",
        "phone": "+1 828-633-6619",
        "takeaway": "yes",
        "website": "https://locations.bojangles.com/nc/asheville/270-smokey-park-hwy.html"
      },
      "geometry": {
        "type": "Point",
        "coordinates": [
          -82.6332508,
          35.5606809
        ]
      },
      "id": "node/11460812220"
    },
    {
      "type": "Feature",
      "properties": {
        "@id": "node/11532513811",
        "addr:city": "Flowood",
        "addr:housenumber": "405",
        "addr:postcode": "39232",
        "addr:state": "MS",
        "addr:street": "West Pineview Drive",
        "amenity": "fast_food",
        "brand": "Bojangles'",
        "brand:wikidata": "Q891163",
        "cuisine": "chicken",
        "drive_through": "yes",
        "name": "Bojangles'",
        "official_name": "Bojangles' Famous Chicken 'n Biscuits",
        "phone": "+1 601-321-9385",
        "takeaway": "yes",
        "website": "https://locations.bojangles.com/ms/flowood/405-w--pineview-dr.html"
      },
      "geometry": {
        "type": "Point",
        "coordinates": [
          -90.0253756,
          32.3544152
        ]
      },
      "id": "node/11532513811"
    },
    {
      "type": "Feature",
      "properties": {
        "@id": "node/11624832087",
        "addr:city": "Atlanta",
        "addr:housenumber": "5628",
        "addr:postcode": "30336",
        "addr:state": "GA",
        "addr:street": "Fulton Industrial Boulevard",
        "amenity": "fast_food",
        "brand": "Bojangles'",
        "brand:wikidata": "Q891163",
        "check_date": "2024-02-14",
        "cuisine": "chicken",
        "drive_through": "yes",
        "name": "Bojangles'",
        "official_name": "Bojangles' Famous Chicken 'n Biscuits",
        "phone": "+1 404-346-9959",
        "takeaway": "yes",
        "website": "https://locations.bojangles.com/ga/atlanta/5628-fulton-industrial-blvd.html"
      },
      "geometry": {
        "type": "Point",
        "coordinates": [
          -84.5679579,
          33.7322785
        ]
      },
      "id": "node/11624832087"
    },
    {
      "type": "Feature",
      "properties": {
        "@id": "node/11646630065",
        "addr:city": "Crossville",
        "addr:housenumber": "2791",
        "addr:postcode": "38555",
        "addr:state": "TN",
        "addr:street": "North Main Street",
        "amenity": "fast_food",
        "brand": "Bojangles'",
        "brand:wikidata": "Q891163",
        "cuisine": "chicken",
        "name": "Bojangles'",
        "official_name": "Bojangles' Famous Chicken 'n Biscuits",
        "phone": "+1 931-707-2614",
        "takeaway": "yes",
        "website": "https://locations.bojangles.com/tn/crossville/2791-north-main-street.html"
      },
      "geometry": {
        "type": "Point",
        "coordinates": [
          -85.0398464,
          35.9861475
        ]
      },
      "id": "node/11646630065"
    },
    {
      "type": "Feature",
      "properties": {
        "@id": "node/11658306625",
        "addr:city": "North Myrtle Beach",
        "addr:housenumber": "1594",
        "addr:postcode": "29582",
        "addr:state": "SC",
        "addr:street": "US Highway 17 North",
        "amenity": "fast_food",
        "brand": "Bojangles'",
        "brand:wikidata": "Q891163",
        "cuisine": "chicken",
        "drive_through": "yes",
        "name": "Bojangles'",
        "official_name": "Bojangles' Famous Chicken 'n Biscuits",
        "opening_hours": "Mo-Fr 05:30-22:00",
        "phone": "+1-843-663-1658",
        "takeaway": "yes",
        "website": "https://locations.bojangles.com/sc/north-myrtle-beach/1594-hwy-17-north.html"
      },
      "geometry": {
        "type": "Point",
        "coordinates": [
          -78.6587196,
          33.8431984
        ]
      },
      "id": "node/11658306625"
    },
    {
      "type": "Feature",
      "properties": {
        "@id": "node/11753140174",
        "addr:city": "Ravenel",
        "addr:housenumber": "6270",
        "addr:postcode": "29470",
        "addr:state": "SC",
        "addr:street": "Savannah Highway",
        "amenity": "fast_food",
        "brand": "Bojangles'",
        "brand:wikidata": "Q891163",
        "check_date": "2024-03-22",
        "cuisine": "chicken",
        "name": "Bojangles'",
        "official_name": "Bojangles' Famous Chicken 'n Biscuits",
        "phone": "+1 843-564-2212",
        "takeaway": "yes",
        "website": "https://locations.bojangles.com/sc/ravenel/6270-savannah-highway.html"
      },
      "geometry": {
        "type": "Point",
        "coordinates": [
          -80.247689,
          32.7770981
        ]
      },
      "id": "node/11753140174"
    },
    {
      "type": "Feature",
      "properties": {
        "@id": "node/11871289843",
        "addr:city": "Sanford",
        "addr:housenumber": "101",
        "addr:postcode": "32771",
        "addr:state": "FL",
        "addr:street": "South Oregon Avenue",
        "amenity": "fast_food",
        "brand": "Bojangles'",
        "brand:wikidata": "Q891163",
        "cuisine": "chicken",
        "drive_through": "yes",
        "name": "Bojangles'",
        "official_name": "Bojangles' Famous Chicken 'n Biscuits",
        "phone": "+1 407-320-1897",
        "takeaway": "yes",
        "website": "https://locations.bojangles.com/fl/sanford/101-s-oregon-ave.html"
      },
      "geometry": {
        "type": "Point",
        "coordinates": [
          -81.3354689,
          28.8107344
        ]
      },
      "id": "node/11871289843"
    },
    {
      "type": "Feature",
      "properties": {
        "@id": "node/11888287115",
        "addr:city": "Rock Hill",
        "addr:housenumber": "4940",
        "addr:postcode": "29732",
        "addr:state": "SC",
        "addr:street": "Old York Road",
        "amenity": "fast_food",
        "brand": "Bojangles'",
        "brand:wikidata": "Q891163",
        "cuisine": "chicken",
        "drive_through": "yes",
        "name": "Bojangles'",
        "official_name": "Bojangles' Famous Chicken 'n Biscuits",
        "phone": "+1 803-328-2026",
        "takeaway": "yes",
        "website": "https://locations.bojangles.com/sc/rock-hill/4940-old-york-road.html"
      },
      "geometry": {
        "type": "Point",
        "coordinates": [
          -81.0911632,
          34.9828561
        ]
      },
      "id": "node/11888287115"
    },
    {
      "type": "Feature",
      "properties": {
        "@id": "node/11904744436",
        "addr:city": "Taylors",
        "addr:housenumber": "2617",
        "addr:postcode": "29687",
        "addr:state": "SC",
        "addr:street": "Locust Hill Road",
        "amenity": "fast_food",
        "brand": "Bojangles'",
        "brand:wikidata": "Q891163",
        "cuisine": "chicken",
        "name": "Bojangles'",
        "official_name": "Bojangles' Famous Chicken 'n Biscuits",
        "takeaway": "yes"
      },
      "geometry": {
        "type": "Point",
        "coordinates": [
          -82.3087825,
          34.9606494
        ]
      },
      "id": "node/11904744436"
    },
    {
      "type": "Feature",
      "properties": {
        "@id": "node/11980077873",
        "addr:city": "Skippers",
        "addr:housenumber": "784",
        "addr:postcode": "23879",
        "addr:state": "VA",
        "addr:street": "Moore's Ferry Road",
        "amenity": "fast_food",
        "brand": "Bojangles'",
        "brand:wikidata": "Q891163",
        "cuisine": "chicken",
        "drive_through": "no",
        "name": "Bojangles'",
        "official_name": "Bojangles' Famous Chicken 'n Biscuits",
        "phone": "+1 434-348-1036",
        "takeaway": "yes",
        "website": "https://locations.bojangles.com/va/skippers/784-moore-s-ferry-road.html"
      },
      "geometry": {
        "type": "Point",
        "coordinates": [
          -77.5607186,
          36.6054401
        ]
      },
      "id": "node/11980077873"
    },
    {
      "type": "Feature",
      "properties": {
        "@id": "node/11980084085",
        "addr:city": "Ahoskie",
        "addr:housenumber": "1203",
        "addr:postcode": "27910",
        "addr:state": "NC",
        "addr:street": "North Academy Street",
        "amenity": "fast_food",
        "brand": "Bojangles'",
        "brand:wikidata": "Q891163",
        "cuisine": "chicken",
        "name": "Bojangles'",
        "official_name": "Bojangles' Famous Chicken 'n Biscuits",
        "phone": "+1 252-332-3488",
        "takeaway": "yes",
        "website": "https://locations.bojangles.com/nc/ahoskie/1203-n-academy-street.html"
      },
      "geometry": {
        "type": "Point",
        "coordinates": [
          -76.9873668,
          36.2987314
        ]
      },
      "id": "node/11980084085"
    },
    {
      "type": "Feature",
      "properties": {
        "@id": "node/11980140901",
        "addr:city": "Charleston",
        "addr:housenumber": "740",
        "addr:postcode": "29412",
        "addr:state": "SC",
        "addr:street": "Folly Road",
        "amenity": "fast_food",
        "brand": "Bojangles'",
        "brand:wikidata": "Q891163",
        "cuisine": "chicken",
        "drive_through": "yes",
        "name": "Bojangles'",
        "official_name": "Bojangles' Famous Chicken 'n Biscuits",
        "phone": "+1 843-795-8323",
        "takeaway": "yes",
        "website": "https://locations.bojangles.com/sc/charleston/740-folly-road.html"
      },
      "geometry": {
        "type": "Point",
        "coordinates": [
          -79.9681789,
          32.7431025
        ]
      },
      "id": "node/11980140901"
    },
    {
      "type": "Feature",
      "properties": {
        "@id": "node/11984914013",
        "addr:city": "Calhoun",
        "addr:country": "US",
        "addr:housenumber": "255",
        "addr:postcode": "30701",
        "addr:state": "GA",
        "addr:street": "Georgia State Route 53",
        "amenity": "fast_food",
        "brand": "Bojangles'",
        "brand:wikidata": "Q891163",
        "cuisine": "chicken",
        "drive_through": "yes",
        "name": "Bojangles'",
        "official_name": "Bojangles' Famous Chicken 'n Biscuits",
        "phone": "+1-706-625-3949",
        "takeaway": "yes",
        "website": "https://locations.bojangles.com/ga/calhoun/255-highway-53.html"
      },
      "geometry": {
        "type": "Point",
        "coordinates": [
          -84.9334031,
          34.4776978
        ]
      },
      "id": "node/11984914013"
    },
    {
      "type": "Feature",
      "properties": {
        "@id": "node/12051056254",
        "amenity": "fast_food",
        "brand": "Bojangles'",
        "brand:wikidata": "Q891163",
        "cuisine": "chicken",
        "drive_through": "yes",
        "name": "Bojangles'",
        "official_name": "Bojangles' Famous Chicken 'n Biscuits",
        "takeaway": "yes"
      },
      "geometry": {
        "type": "Point",
        "coordinates": [
          -77.893402,
          34.1385781
        ]
      },
      "id": "node/12051056254"
    },
    {
      "type": "Feature",
      "properties": {
        "@id": "node/12070731215",
        "amenity": "fast_food",
        "brand": "Bojangles'",
        "brand:wikidata": "Q891163",
        "check_date:opening_hours": "2024-09-09",
        "cuisine": "chicken",
        "drive_through": "no",
        "indoor_seating": "yes",
        "name": "Bojangles'",
        "official_name": "Bojangles' Famous Chicken 'n Biscuits",
        "opening_hours:signed": "no",
        "outdoor_seating": "no",
        "takeaway": "yes"
      },
      "geometry": {
        "type": "Point",
        "coordinates": [
          -80.941176,
          35.2210068
        ]
      },
      "id": "node/12070731215"
    },
    {
      "type": "Feature",
      "properties": {
        "@id": "node/12106770069",
        "amenity": "fast_food",
        "brand": "Bojangles'",
        "brand:wikidata": "Q891163",
        "cuisine": "chicken",
        "drive_through": "yes",
        "name": "Bojangles'",
        "official_name": "Bojangles' Famous Chicken 'n Biscuits",
        "takeaway": "yes"
      },
      "geometry": {
        "type": "Point",
        "coordinates": [
          -80.8315637,
          35.3708968
        ]
      },
      "id": "node/12106770069"
    },
    {
      "type": "Feature",
      "properties": {
        "@id": "node/12111494868",
        "addr:city": "Asheville",
        "addr:housenumber": "654",
        "addr:postcode": "28803",
        "addr:state": "NC",
        "addr:street": "Hendersonville Road",
        "amenity": "fast_food",
        "brand": "Bojangles'",
        "brand:wikidata": "Q891163",
        "cuisine": "chicken",
        "drive_through": "yes",
        "name": "Bojangles'",
        "official_name": "Bojangles' Famous Chicken 'n Biscuits",
        "phone": "+1 828-274-4735",
        "takeaway": "yes",
        "website": "https://locations.bojangles.com/nc/asheville/654-hendersonville-road.html"
      },
      "geometry": {
        "type": "Point",
        "coordinates": [
          -82.5343435,
          35.5484106
        ]
      },
      "id": "node/12111494868"
    },
    {
      "type": "Feature",
      "properties": {
        "@id": "node/12111494878",
        "addr:city": "Asheville",
        "addr:housenumber": "974",
        "addr:postcode": "28806",
        "addr:state": "NC",
        "addr:street": "Patton Avenue",
        "amenity": "fast_food",
        "brand": "Bojangles'",
        "brand:wikidata": "Q891163",
        "cuisine": "chicken",
        "drive_through": "yes",
        "name": "Bojangles'",
        "official_name": "Bojangles' Famous Chicken 'n Biscuits",
        "phone": "+1 828-253-7858",
        "takeaway": "yes",
        "website": "https://locations.bojangles.com/nc/asheville/974-patton-ave.html"
      },
      "geometry": {
        "type": "Point",
        "coordinates": [
          -82.5896553,
          35.5864805
        ]
      },
      "id": "node/12111494878"
    },
    {
      "type": "Feature",
      "properties": {
        "@id": "node/12144720469",
        "addr:housenumber": "1000",
        "addr:street": "Airport Boulevard",
        "air_conditioning": "yes",
        "amenity": "fast_food",
        "brand": "Bojangles'",
        "brand:wikidata": "Q891163",
        "check_date": "2024-08-25",
        "cuisine": "chicken",
        "delivery": "yes",
        "drive_through": "yes",
        "internet_access": "no",
        "name": "Bojangles'",
        "official_name": "Bojangles' Famous Chicken 'n Biscuits",
        "opening_hours": "Mo-Th,Su 05:30-22:00; Fr-Sa 05:30-23:00",
        "outdoor_seating": "no",
        "payment:cash": "yes",
        "payment:credit_cards": "yes",
        "payment:debit_cards": "yes",
        "phone": "+1 919-460-7171",
        "source": "survey",
        "takeaway": "yes",
        "website": "https://locations.bojangles.com/nc/morrisville/1000-claren-circle.html",
        "wheelchair": "yes"
      },
      "geometry": {
        "type": "Point",
        "coordinates": [
          -78.8236444,
          35.8557546
        ]
      },
      "id": "node/12144720469"
    },
    {
      "type": "Feature",
      "properties": {
        "@id": "node/12179643530",
        "addr:city": "North Augusta",
        "addr:housenumber": "100",
        "addr:postcode": "29841",
        "addr:state": "SC",
        "addr:street": "East Hugh Street",
        "amenity": "fast_food",
        "brand": "Bojangles'",
        "brand:wikidata": "Q891163",
        "cuisine": "chicken",
        "drive_through": "yes",
        "name": "Bojangles'",
        "official_name": "Bojangles' Famous Chicken 'n Biscuits",
        "phone": "+1-803-594-3701",
        "takeaway": "yes",
        "website": "https://locations.bojangles.com/sc/north-augusta/100-hugh-street.html"
      },
      "geometry": {
        "type": "Point",
        "coordinates": [
          -81.9566531,
          33.5169225
        ]
      },
      "id": "node/12179643530"
    },
    {
      "type": "Feature",
      "properties": {
        "@id": "node/12252771851",
        "addr:city": "Cleveland",
        "addr:housenumber": "1065",
        "addr:postcode": "37311",
        "addr:state": "TN",
        "addr:street": "King Street Southeast",
        "amenity": "fast_food",
        "brand": "Bojangles'",
        "brand:wikidata": "Q891163",
        "cuisine": "chicken",
        "drive_through": "yes",
        "name": "Bojangles'",
        "official_name": "Bojangles' Famous Chicken 'n Biscuits",
        "takeaway": "yes",
        "website": "https://locations.bojangles.com/tn/cleveland/1065-king-street-se.html"
      },
      "geometry": {
        "type": "Point",
        "coordinates": [
          -84.8720881,
          35.1318554
        ]
      },
      "id": "node/12252771851"
    },
    {
      "type": "Feature",
      "properties": {
        "@id": "node/12255744370",
        "amenity": "fast_food",
        "brand": "Bojangles'",
        "brand:wikidata": "Q891163",
        "cuisine": "chicken",
        "drive_through": "yes",
        "name": "Bojangles'",
        "official_name": "Bojangles' Famous Chicken 'n Biscuits",
        "takeaway": "yes"
      },
      "geometry": {
        "type": "Point",
        "coordinates": [
          -84.3279609,
          34.8718082
        ]
      },
      "id": "node/12255744370"
    },
    {
      "type": "Feature",
      "properties": {
        "@id": "node/12271166431",
        "amenity": "fast_food",
        "brand": "Bojangles'",
        "brand:wikidata": "Q891163",
        "cuisine": "chicken",
        "name": "Bojangles'",
        "official_name": "Bojangles' Famous Chicken 'n Biscuits",
        "takeaway": "yes"
      },
      "geometry": {
        "type": "Point",
        "coordinates": [
          -83.7517497,
          35.8668637
        ]
      },
      "id": "node/12271166431"
    },
    {
      "type": "Feature",
      "properties": {
        "@id": "node/12417520980",
        "amenity": "fast_food",
        "brand": "Bojangles'",
        "brand:wikidata": "Q891163",
        "cuisine": "chicken",
        "drive_through": "yes",
        "name": "Bojangles'",
        "official_name": "Bojangles' Famous Chicken 'n Biscuits",
        "takeaway": "yes"
      },
      "geometry": {
        "type": "Point",
        "coordinates": [
          -80.5689614,
          35.499759
        ]
      },
      "id": "node/12417520980"
    },
    {
      "type": "Feature",
      "properties": {
        "@id": "node/12422129503",
        "amenity": "fast_food",
        "brand": "Bojangles'",
        "brand:wikidata": "Q891163",
        "cuisine": "chicken",
        "drive_through": "yes",
        "name": "Bojangles'",
        "official_name": "Bojangles' Famous Chicken 'n Biscuits",
        "takeaway": "yes"
      },
      "geometry": {
        "type": "Point",
        "coordinates": [
          -81.3087509,
          33.9933979
        ]
      },
      "id": "node/12422129503"
    },
    {
      "type": "Feature",
      "properties": {
        "@id": "node/12453064974",
        "amenity": "fast_food",
        "brand": "Bojangles'",
        "brand:wikidata": "Q891163",
        "cuisine": "chicken",
        "drive_through": "yes",
        "name": "Bojangles'",
        "official_name": "Bojangles' Famous Chicken 'n Biscuits",
        "takeaway": "yes"
      },
      "geometry": {
        "type": "Point",
        "coordinates": [
          -80.3445669,
          36.0843441
        ]
      },
      "id": "node/12453064974"
    },
    {
      "type": "Feature",
      "properties": {
        "@id": "node/12477005752",
        "addr:city": "Columbia",
        "addr:housenumber": "930",
        "addr:postcode": "29201",
        "addr:state": "SC",
        "addr:street": "Elmwood Avenue",
        "amenity": "fast_food",
        "brand": "Bojangles'",
        "brand:wikidata": "Q891163",
        "cuisine": "chicken",
        "drive_through": "yes",
        "name": "Bojangles'",
        "official_name": "Bojangles' Famous Chicken 'n Biscuits",
        "phone": "+1 803-779-5082",
        "takeaway": "yes",
        "website": "https://locations.bojangles.com/sc/columbia/930-elmwood-ave.html"
      },
      "geometry": {
        "type": "Point",
        "coordinates": [
          -81.042311,
          34.0118294
        ]
      },
      "id": "node/12477005752"
    },
    {
      "type": "Feature",
      "properties": {
        "@id": "node/12542239331",
        "amenity": "fast_food",
        "brand": "Bojangles'",
        "brand:wikidata": "Q891163",
        "cuisine": "chicken",
        "name": "Bojangles'",
        "official_name": "Bojangles' Famous Chicken 'n Biscuits",
        "takeaway": "yes"
      },
      "geometry": {
        "type": "Point",
        "coordinates": [
          -82.0233014,
          33.1027837
        ]
      },
      "id": "node/12542239331"
    },
    {
      "type": "Feature",
      "properties": {
        "@id": "node/12620778118",
        "amenity": "fast_food",
        "brand": "Bojangles'",
        "brand:wikidata": "Q891163",
        "cuisine": "chicken",
        "name": "Bojangles'",
        "official_name": "Bojangles' Famous Chicken 'n Biscuits",
        "takeaway": "yes",
        "website": "https://locations.bojangles.com/ga/valdosta/2315-old-clyattville-road.html"
      },
      "geometry": {
        "type": "Point",
        "coordinates": [
          -83.2981081,
          30.7744758
        ]
      },
      "id": "node/12620778118"
    },
    {
      "type": "Feature",
      "properties": {
        "@id": "node/12728127112",
        "addr:city": "Zanesville",
        "addr:housenumber": "2953",
        "addr:postcode": "43701",
        "addr:state": "OH",
        "addr:street": "Balls Lane",
        "amenity": "fast_food",
        "brand": "Bojangles'",
        "brand:wikidata": "Q891163",
        "contact:facebook": "https://www.facebook.com/profile.php?id=61568209566098",
        "contact:phone": "+1 740-617-8410",
        "cuisine": "chicken",
        "drive_through": "yes",
        "name": "Bojangles'",
        "official_name": "Bojangles' Famous Chicken 'n Biscuits",
        "opening_hours": "Mo-Sa 05:30-22:00, Su 06:00-22:00",
        "takeaway": "yes",
        "website": "https://locations.bojangles.com/oh/zanesville/2953-balls-lane-1436.html"
      },
      "geometry": {
        "type": "Point",
        "coordinates": [
          -82.0136082,
          39.9766157
        ]
      },
      "id": "node/12728127112"
    },
    {
      "type": "Feature",
      "properties": {
        "@id": "node/12851974434",
        "amenity": "fast_food",
        "brand": "Bojangles'",
        "brand:wikidata": "Q891163",
        "check_date": "2026-01-17",
        "cuisine": "chicken",
        "drive_through": "yes",
        "name": "Bojangles'",
        "official_name": "Bojangles' Famous Chicken 'n Biscuits",
        "opening_hours": "Mo-Th 05:00-22:00; Fr-Sa 05:00-23:00; Su 06:00-22:00",
        "phone": "+1-336-763-1637",
        "takeaway": "yes",
        "website": "https://locations.bojangles.com/nc/jamestown/4826-wendover-avenue.html"
      },
      "geometry": {
        "type": "Point",
        "coordinates": [
          -79.928146,
          36.0459731
        ]
      },
      "id": "node/12851974434"
    },
    {
      "type": "Feature",
      "properties": {
        "@id": "node/12889540265",
        "addr:city": "Chapel Hill",
        "addr:housenumber": "209",
        "addr:postcode": "27514",
        "addr:state": "NC",
        "addr:street": "South Road",
        "amenity": "fast_food",
        "brand": "Bojangles'",
        "brand:wikidata": "Q891163",
        "cuisine": "chicken",
        "drive_through": "yes",
        "name": "Bojangles'",
        "official_name": "Bojangles' Famous Chicken 'n Biscuits",
        "phone": "+1-919-962-2375",
        "takeaway": "yes",
        "website": "https://locations.bojangles.com/nc/chapel-hill/209-south-rd.html"
      },
      "geometry": {
        "type": "Point",
        "coordinates": [
          -79.047873,
          35.9099433
        ]
      },
      "id": "node/12889540265"
    },
    {
      "type": "Feature",
      "properties": {
        "@id": "node/12915047222",
        "addr:floor": "G",
        "addr:housenumber": "1312",
        "addr:street": "West Patrick Street",
        "air_conditioning": "yes",
        "amenity": "fast_food",
        "brand": "Bojangles'",
        "brand:wikidata": "Q891163",
        "check_date": "2025-06-14",
        "cuisine": "chicken",
        "drive_through": "yes",
        "highchair": "yes",
        "level": "0",
        "name": "Bojangles'",
        "official_name": "Bojangles' Famous Chicken 'n Biscuits",
        "opening_hours": "Mo-Th,Su 06:00-22:00; Fr-Sa 06:00-23:00",
        "opening_hours:drive_through": "Mo-Th,Su 05:30-23:00; Fr-Sa 05:30-24:00",
        "outdoor_seating": "yes",
        "payment:american_express": "yes",
        "payment:cash": "yes",
        "payment:discover_card": "yes",
        "payment:mastercard": "yes",
        "payment:visa": "yes",
        "smoking": "no",
        "source": "survey",
        "takeaway": "yes",
        "wheelchair": "yes"
      },
      "geometry": {
        "type": "Point",
        "coordinates": [
          -77.4556231,
          39.4181498
        ]
      },
      "id": "node/12915047222"
    },
    {
      "type": "Feature",
      "properties": {
        "@id": "node/13009872472",
        "amenity": "fast_food",
        "brand": "Bojangles'",
        "brand:wikidata": "Q891163",
        "cuisine": "chicken",
        "name": "Bojangles'",
        "official_name": "Bojangles' Famous Chicken 'n Biscuits",
        "takeaway": "yes"
      },
      "geometry": {
        "type": "Point",
        "coordinates": [
          -89.7924025,
          35.1737003
        ]
      },
      "id": "node/13009872472"
    },
    {
      "type": "Feature",
      "properties": {
        "@id": "node/13017201999",
        "amenity": "fast_food",
        "brand": "Bojangles'",
        "brand:wikidata": "Q891163",
        "cuisine": "chicken",
        "drive_through": "yes",
        "name": "Bojangles'",
        "official_name": "Bojangles' Famous Chicken 'n Biscuits",
        "takeaway": "yes"
      },
      "geometry": {
        "type": "Point",
        "coordinates": [
          -83.0047907,
          35.4688982
        ]
      },
      "id": "node/13017201999"
    },
    {
      "type": "Feature",
      "properties": {
        "@id": "node/13043311749",
        "amenity": "fast_food",
        "brand": "Bojangles'",
        "brand:wikidata": "Q891163",
        "cuisine": "chicken",
        "drive_through": "yes",
        "name": "Bojangles'",
        "official_name": "Bojangles' Famous Chicken 'n Biscuits",
        "takeaway": "yes"
      },
      "geometry": {
        "type": "Point",
        "coordinates": [
          -80.8854347,
          33.5226435
        ]
      },
      "id": "node/13043311749"
    },
    {
      "type": "Feature",
      "properties": {
        "@id": "node/13108822167",
        "amenity": "fast_food",
        "brand": "Bojangles'",
        "brand:wikidata": "Q891163",
        "cuisine": "chicken",
        "drive_through": "yes",
        "name": "Bojangles'",
        "official_name": "Bojangles' Famous Chicken 'n Biscuits",
        "takeaway": "yes"
      },
      "geometry": {
        "type": "Point",
        "coordinates": [
          -79.8232373,
          35.8219555
        ]
      },
      "id": "node/13108822167"
    },
    {
      "type": "Feature",
      "properties": {
        "@id": "node/13152900210",
        "air_conditioning": "yes",
        "amenity": "fast_food",
        "brand": "Bojangles'",
        "brand:wikidata": "Q891163",
        "cuisine": "chicken",
        "internet_access": "wlan",
        "internet_access:fee": "no",
        "name": "Bojangles'",
        "official_name": "Bojangles' Famous Chicken 'n Biscuits",
        "takeaway": "yes"
      },
      "geometry": {
        "type": "Point",
        "coordinates": [
          -104.6240571,
          38.3439241
        ]
      },
      "id": "node/13152900210"
    },
    {
      "type": "Feature",
      "properties": {
        "@id": "node/13285355023",
        "addr:city": "East Ellijay",
        "addr:housenumber": "301",
        "addr:postcode": "30540",
        "addr:state": "GA",
        "addr:street": "Highland Crossing",
        "amenity": "fast_food",
        "brand": "Bojangles'",
        "brand:wikidata": "Q891163",
        "cuisine": "chicken",
        "name": "Bojangles'",
        "official_name": "Bojangles' Famous Chicken 'n Biscuits",
        "phone": "+1-762-761-1177",
        "takeaway": "yes",
        "website": "https://locations.bojangles.com/ga/ellijay/301-highland-crossing.html"
      },
      "geometry": {
        "type": "Point",
        "coordinates": [
          -84.489018,
          34.660786
        ]
      },
      "id": "node/13285355023"
    },
    {
      "type": "Feature",
      "properties": {
        "@id": "node/13353738645",
        "amenity": "fast_food",
        "brand": "Bojangles'",
        "brand:wikidata": "Q891163",
        "cuisine": "chicken",
        "name": "Bojangles'",
        "official_name": "Bojangles' Famous Chicken 'n Biscuits",
        "takeaway": "yes"
      },
      "geometry": {
        "type": "Point",
        "coordinates": [
          -79.776996,
          34.1679811
        ]
      },
      "id": "node/13353738645"
    },
    {
      "type": "Feature",
      "properties": {
        "@id": "node/13438544127",
        "amenity": "fast_food",
        "brand": "Bojangles'",
        "brand:wikidata": "Q891163",
        "cuisine": "chicken",
        "drive_through": "yes",
        "name": "Bojangles'",
        "official_name": "Bojangles' Famous Chicken 'n Biscuits",
        "opening_hours": "06:00-21:00",
        "opening_hours:drive_through": "Mo-Sa 05:30-22:00; Su 06:00-22:00",
        "takeaway": "yes"
      },
      "geometry": {
        "type": "Point",
        "coordinates": [
          -83.0687642,
          40.2658266
        ]
      },
      "id": "node/13438544127"
    },
    {
      "type": "Feature",
      "properties": {
        "@id": "node/13462590920",
        "addr:housenumber": "304",
        "addr:street": "Pisgah Church Road",
        "amenity": "fast_food",
        "brand": "Bojangles'",
        "brand:wikidata": "Q891163",
        "check_date": "2026-06-15",
        "cuisine": "chicken",
        "name": "Bojangles'",
        "official_name": "Bojangles' Famous Chicken 'n Biscuits",
        "opening_hours": "Mo-Th 05:00-22:00; Fr-Sa 05:00-24:00; Su 06:00-22:00",
        "phone": "+1-839-234-5999",
        "takeaway": "yes",
        "website": "https://locations.bojangles.com/nc/greensboro/304-pisgah-church-road-834.html"
      },
      "geometry": {
        "type": "Point",
        "coordinates": [
          -79.7939286,
          36.1327952
        ]
      },
      "id": "node/13462590920"
    },
    {
      "type": "Feature",
      "properties": {
        "@id": "node/13542134634",
        "addr:city": "West Wendover",
        "addr:housenumber": "800",
        "addr:postcode": "89883",
        "addr:state": "NV",
        "addr:street": "Leppy Hills Boulevard",
        "amenity": "fast_food",
        "brand": "Bojangles'",
        "brand:wikidata": "Q891163",
        "cuisine": "chicken",
        "name": "Bojangles'",
        "official_name": "Bojangles' Famous Chicken 'n Biscuits",
        "takeaway": "yes"
      },
      "geometry": {
        "type": "Point",
        "coordinates": [
          -114.0577057,
          40.7418551
        ]
      },
      "id": "node/13542134634"
    },
    {
      "type": "Feature",
      "properties": {
        "@id": "node/13764819218",
        "amenity": "fast_food",
        "brand": "Bojangles'",
        "brand:wikidata": "Q891163",
        "cuisine": "chicken",
        "name": "Bojangles'",
        "official_name": "Bojangles' Famous Chicken 'n Biscuits",
        "takeaway": "yes"
      },
      "geometry": {
        "type": "Point",
        "coordinates": [
          -89.9173843,
          35.8849302
        ]
      },
      "id": "node/13764819218"
    },
    {
      "type": "Feature",
      "properties": {
        "@id": "node/13770704736",
        "addr:city": "Heflin",
        "addr:country": "US",
        "addr:housenumber": "6647",
        "addr:postcode": "36264",
        "addr:state": "AL",
        "addr:street": "AL 46",
        "amenity": "fast_food",
        "branch": "Heflin",
        "brand": "Bojangles'",
        "brand:wikidata": "Q891163",
        "brand:wikipedia": "en:Bojangles' Famous Chicken 'n Biscuits",
        "contact:facebook": "https://www.facebook.com/Bojangles/",
        "contact:twitter": "Bojangles",
        "cuisine": "chicken",
        "name": "Bojangles'",
        "official_name": "Bojangles' Famous Chicken 'n Biscuits",
        "phone": "+1 256-807-6001",
        "takeaway": "yes",
        "website": "https://locations.bojangles.com/al/heflin/6647-hwy-46-1341.html"
      },
      "geometry": {
        "type": "Point",
        "coordinates": [
          -85.5060037,
          33.647345
        ]
      },
      "id": "node/13770704736"
    },
    {
      "type": "Feature",
      "properties": {
        "@id": "node/13821597106",
        "addr:city": "Tuscaloosa",
        "addr:country": "US",
        "addr:housenumber": "4309",
        "addr:postcode": "35404",
        "addr:state": "AL",
        "addr:street": "Veterans Memorial Parkway",
        "amenity": "fast_food",
        "branch": "Tuscaloosa",
        "brand": "Bojangles'",
        "brand:wikidata": "Q891163",
        "contact:facebook": "https://www.facebook.com/Bojangles/",
        "contact:twitter": "Bojangles",
        "cuisine": "chicken",
        "name": "Bojangles'",
        "official_name": "Bojangles' Famous Chicken 'n Biscuits",
        "opening_hours": "Mo-Sa 05:00-22:00; Su 06:00-22:00",
        "phone": "+1 205-553-2889",
        "takeaway": "yes",
        "website": "https://locations.bojangles.com/al/tuscaloosa/4309-veterans-memorial-parkway-886.html"
      },
      "geometry": {
        "type": "Point",
        "coordinates": [
          -87.4791224,
          33.1966762
        ]
      },
      "id": "node/13821597106"
    },
    {
      "type": "Feature",
      "properties": {
        "@id": "node/13835105596",
        "amenity": "fast_food",
        "brand": "Bojangles'",
        "brand:wikidata": "Q891163",
        "cuisine": "chicken",
        "name": "Bojangles'",
        "official_name": "Bojangles' Famous Chicken 'n Biscuits",
        "takeaway": "yes"
      },
      "geometry": {
        "type": "Point",
        "coordinates": [
          -82.507859,
          28.19335
        ]
      },
      "id": "node/13835105596"
    },
    {
      "type": "Feature",
      "properties": {
        "@id": "node/13901542537",
        "amenity": "fast_food",
        "brand": "Bojangles'",
        "brand:wikidata": "Q891163",
        "check_date": "2026-06-01",
        "cuisine": "chicken",
        "drive_through": "yes",
        "name": "Bojangles'",
        "official_name": "Bojangles' Famous Chicken 'n Biscuits",
        "takeaway": "yes"
      },
      "geometry": {
        "type": "Point",
        "coordinates": [
          -88.9031589,
          38.2780286
        ]
      },
      "id": "node/13901542537"
    },
    {
      "type": "Feature",
      "properties": {
        "@id": "node/13903190523",
        "addr:city": "Huntsville",
        "addr:country": "US",
        "addr:housenumber": "5015",
        "addr:postcode": "35810",
        "addr:state": "AL",
        "addr:street": "North Memorial Parkway",
        "amenity": "fast_food",
        "branch": "Huntsville",
        "brand": "Bojangles'",
        "brand:wikidata": "Q891163",
        "contact:facebook": "https://www.facebook.com/Bojangles/",
        "contact:twitter": "Bojangles",
        "cuisine": "chicken",
        "name": "Bojangles'",
        "official_name": "Bojangles' Famous Chicken 'n Biscuits",
        "opening_hours": "Mo-Su 05:30-22:00",
        "phone": "+1 256-852-5700",
        "takeaway": "yes",
        "website": "https://locations.bojangles.com/al/huntsville/5015-north-memorial-pkwy-1121.html"
      },
      "geometry": {
        "type": "Point",
        "coordinates": [
          -86.5779847,
          34.7936704
        ]
      },
      "id": "node/13903190523"
    },
    {
      "type": "Feature",
      "properties": {
        "@id": "node/13903226873",
        "addr:city": "Prattville",
        "addr:country": "US",
        "addr:housenumber": "2305",
        "addr:postcode": "36066",
        "addr:state": "AL",
        "addr:street": "Cobbs Ford Road",
        "amenity": "fast_food",
        "branch": "Prattville",
        "brand": "Bojangles'",
        "brand:wikidata": "Q891163",
        "contact:facebook": "https://www.facebook.com/Bojangles/",
        "contact:twitter": "Bojangles",
        "cuisine": "chicken",
        "name": "Bojangles'",
        "official_name": "Bojangles' Famous Chicken 'n Biscuits",
        "opening_hours": "Mo-Sa 05:00-22:00; Su 06:00-22:00",
        "phone": "+1 334-218-0123",
        "takeaway": "yes",
        "website": "https://locations.bojangles.com/al/prattville/2305-cobbs-ford-road-1473.html"
      },
      "geometry": {
        "type": "Point",
        "coordinates": [
          -86.4015621,
          32.46069
        ]
      },
      "id": "node/13903226873"
    },
    {
      "type": "Feature",
      "properties": {
        "@id": "node/13903234721",
        "addr:city": "Brownsboro",
        "addr:country": "US",
        "addr:housenumber": "6111",
        "addr:postcode": "35741",
        "addr:state": "AL",
        "addr:street": "US 431 South",
        "addr:street_address": "6111 Hwy 431 S",
        "amenity": "fast_food",
        "branch": "Brownsboro",
        "brand": "Bojangles'",
        "brand:wikidata": "Q891163",
        "contact:facebook": "https://www.facebook.com/Bojangles/",
        "contact:twitter": "Bojangles",
        "cuisine": "chicken",
        "name": "Bojangles'",
        "official_name": "Bojangles' Famous Chicken 'n Biscuits",
        "opening_hours": "Mo-Su 05:30-22:00",
        "phone": "+1 256-585-1653",
        "takeaway": "yes",
        "website": "https://locations.bojangles.com/al/brownsboro/6111-hwy-431-s-1335.html"
      },
      "geometry": {
        "type": "Point",
        "coordinates": [
          -86.4916929,
          34.6762054
        ]
      },
      "id": "node/13903234721"
    },
    {
      "type": "Feature",
      "properties": {
        "@id": "node/13903240610",
        "addr:city": "Pelham",
        "addr:country": "US",
        "addr:housenumber": "3076",
        "addr:postcode": "35124",
        "addr:state": "AL",
        "addr:street": "Pelham Parkway",
        "amenity": "fast_food",
        "branch": "Pelham",
        "brand": "Bojangles'",
        "brand:wikidata": "Q891163",
        "contact:facebook": "https://www.facebook.com/Bojangles/",
        "contact:twitter": "Bojangles",
        "cuisine": "chicken",
        "name": "Bojangles'",
        "official_name": "Bojangles' Famous Chicken 'n Biscuits",
        "opening_hours": "Mo-Su 05:00-22:00",
        "phone": "+1 205-378-0070",
        "takeaway": "yes",
        "website": "https://locations.bojangles.com/al/pelham/3076-pelham-parkway-1513.html"
      },
      "geometry": {
        "type": "Point",
        "coordinates": [
          -86.8124535,
          33.2928002
        ]
      },
      "id": "node/13903240610"
    },
    {
      "type": "Feature",
      "properties": {
        "@id": "node/13903247348",
        "addr:city": "Decatur",
        "addr:country": "US",
        "addr:housenumber": "2324",
        "addr:postcode": "35601",
        "addr:state": "AL",
        "addr:street": "6th Avenue Southeast",
        "amenity": "fast_food",
        "branch": "Decatur",
        "brand": "Bojangles'",
        "brand:wikidata": "Q891163",
        "contact:facebook": "https://www.facebook.com/Bojangles/",
        "contact:twitter": "Bojangles",
        "cuisine": "chicken",
        "name": "Bojangles'",
        "official_name": "Bojangles' Famous Chicken 'n Biscuits",
        "opening_hours": "Mo-Su 05:30-22:00",
        "phone": "+1 256-686-4389",
        "takeaway": "yes",
        "website": "https://locations.bojangles.com/al/decatur/2324-6th-avenue-se-1207.html"
      },
      "geometry": {
        "type": "Point",
        "coordinates": [
          -86.9726966,
          34.565616
        ]
      },
      "id": "node/13903247348"
    },
    {
      "type": "Feature",
      "properties": {
        "@id": "node/13903937427",
        "addr:city": "Daleville",
        "addr:country": "US",
        "addr:housenumber": "25",
        "addr:postcode": "36322",
        "addr:state": "AL",
        "addr:street": "South Daleville Avenue",
        "amenity": "fast_food",
        "branch": "Daleville",
        "brand": "Bojangles'",
        "brand:wikidata": "Q891163",
        "contact:facebook": "https://www.facebook.com/Bojangles/",
        "contact:twitter": "Bojangles",
        "cuisine": "chicken",
        "name": "Bojangles'",
        "official_name": "Bojangles' Famous Chicken 'n Biscuits",
        "opening_hours": "Mo-Sa 05:00-22:00; Su 06:00-22:00",
        "phone": "+1 334-598-1181",
        "takeaway": "yes",
        "website": "https://locations.bojangles.com/al/daleville/25-south-daleville-ave-1022.html"
      },
      "geometry": {
        "type": "Point",
        "coordinates": [
          -85.71412,
          31.3066267
        ]
      },
      "id": "node/13903937427"
    },
    {
      "type": "Feature",
      "properties": {
        "@id": "node/13903940214",
        "addr:city": "Irvington",
        "addr:country": "US",
        "addr:housenumber": "8400",
        "addr:postcode": "36544",
        "addr:state": "AL",
        "addr:street": "County Farm Road",
        "amenity": "fast_food",
        "branch": "Irvington",
        "brand": "Bojangles'",
        "brand:wikidata": "Q891163",
        "contact:facebook": "https://www.facebook.com/Bojangles/",
        "contact:twitter": "Bojangles",
        "cuisine": "chicken",
        "name": "Bojangles'",
        "official_name": "Bojangles' Famous Chicken 'n Biscuits",
        "opening_hours": "Mo-Su 06:00-22:00",
        "phone": "+1 334-453-6030",
        "takeaway": "yes",
        "website": "https://locations.bojangles.com/al/irvington/8400-country-farm-road-1321.html"
      },
      "geometry": {
        "type": "Point",
        "coordinates": [
          -88.2378422,
          30.5316998
        ]
      },
      "id": "node/13903940214"
    },
    {
      "type": "Feature",
      "properties": {
        "@id": "node/13903955825",
        "addr:city": "Jasper",
        "addr:country": "US",
        "addr:housenumber": "2951",
        "addr:postcode": "35501",
        "addr:state": "AL",
        "addr:street": "US 78",
        "amenity": "fast_food",
        "branch": "Jasper",
        "brand": "Bojangles'",
        "brand:wikidata": "Q891163",
        "contact:facebook": "https://www.facebook.com/Bojangles/",
        "contact:twitter": "Bojangles",
        "cuisine": "chicken",
        "name": "Bojangles'",
        "official_name": "Bojangles' Famous Chicken 'n Biscuits",
        "opening_hours": "Mo-Sa 05:00-22:00; Su 06:00-22:00",
        "phone": "+1 659-301-1301",
        "takeaway": "yes",
        "website": "https://locations.bojangles.com/al/jasper/2951-highway-78-1496.html"
      },
      "geometry": {
        "type": "Point",
        "coordinates": [
          -87.2414624,
          33.8414878
        ]
      },
      "id": "node/13903955825"
    },
    {
      "type": "Feature",
      "properties": {
        "@id": "node/13903956261",
        "addr:city": "Pell City",
        "addr:country": "US",
        "addr:housenumber": "2028",
        "addr:postcode": "35128",
        "addr:state": "AL",
        "addr:street": "Martin Street",
        "amenity": "fast_food",
        "branch": "Pell City",
        "brand": "Bojangles'",
        "brand:wikidata": "Q891163",
        "contact:facebook": "https://www.facebook.com/Bojangles/",
        "contact:twitter": "Bojangles",
        "cuisine": "chicken",
        "name": "Bojangles'",
        "official_name": "Bojangles' Famous Chicken 'n Biscuits",
        "opening_hours": "Mo-Sa 05:00-22:00; Su 06:00-22:00",
        "phone": "+1 205-338-4172",
        "takeaway": "yes",
        "website": "https://locations.bojangles.com/al/pell-city/2028-martin-street-873.html"
      },
      "geometry": {
        "type": "Point",
        "coordinates": [
          -86.269809,
          33.5637767
        ]
      },
      "id": "node/13903956261"
    },
    {
      "type": "Feature",
      "properties": {
        "@id": "node/13903959826",
        "addr:city": "Sylacauga",
        "addr:country": "US",
        "addr:housenumber": "41135",
        "addr:postcode": "35150",
        "addr:state": "AL",
        "addr:street": "US 280",
        "amenity": "fast_food",
        "branch": "Sylacauga",
        "brand": "Bojangles'",
        "brand:wikidata": "Q891163",
        "contact:facebook": "https://www.facebook.com/Bojangles/",
        "contact:twitter": "Bojangles",
        "cuisine": "chicken",
        "name": "Bojangles'",
        "official_name": "Bojangles' Famous Chicken 'n Biscuits",
        "opening_hours": "Mo-Sa 05:00-22:00; Su 06:00-22:00",
        "phone": "+1 256-921-6801",
        "takeaway": "yes",
        "website": "https://locations.bojangles.com/al/sylacauga/41135-u.s.-280-1480.html"
      },
      "geometry": {
        "type": "Point",
        "coordinates": [
          -86.2878593,
          33.1751176
        ]
      },
      "id": "node/13903959826"
    },
    {
      "type": "Feature",
      "properties": {
        "@id": "node/14014560657",
        "amenity": "fast_food",
        "brand": "Bojangles'",
        "brand:wikidata": "Q891163",
        "check_date": "2026-08-05",
        "cuisine": "chicken",
        "name": "Bojangles'",
        "official_name": "Bojangles' Famous Chicken 'n Biscuits",
        "takeaway": "yes"
      },
      "geometry": {
        "type": "Point",
        "coordinates": [
          -96.770441,
          33.1100979
        ]
      },
      "id": "node/14014560657"
    },
    {
      "type": "Feature",
      "properties": {
        "@id": "node/14016584599",
        "addr:city": "Grovetown",
        "addr:housenumber": "5105",
        "addr:postcode": "30813",
        "addr:state": "GA",
        "addr:street": "Wrightsboro Road",
        "amenity": "fast_food",
        "brand": "Bojangles'",
        "brand:wikidata": "Q891163",
        "cuisine": "chicken",
        "drive_through": "yes",
        "name": "Bojangles'",
        "official_name": "Bojangles' Famous Chicken 'n Biscuits",
        "opening_hours": "Mo-Sa 05:00-22:00; Su 06:00-22:00",
        "phone": "+1-706-910-0907",
        "takeaway": "yes",
        "website": "https://locations.bojangles.com/ga/grovetown/5105-wrightsboro-road.html"
      },
      "geometry": {
        "type": "Point",
        "coordinates": [
          -82.195147,
          33.4582296
        ]
      },
      "id": "node/14016584599"
    },
    {
      "type": "Feature",
      "properties": {
        "@id": "node/14047789501",
        "addr:housenumber": "1617",
        "addr:postcode": "29526",
        "addr:street": "Church Street",
        "amenity": "fast_food",
        "brand": "Bojangles'",
        "brand:wikidata": "Q891163",
        "check_date": "2026-07-24",
        "check_date:opening_hours": "2026-07-24",
        "cuisine": "chicken",
        "name": "Bojangles'",
        "official_name": "Bojangles' Famous Chicken 'n Biscuits",
        "opening_hours": "Mo-Su 05:30-22:00",
        "takeaway": "yes"
      },
      "geometry": {
        "type": "Point",
        "coordinates": [
          -79.0654437,
          33.8464178
        ]
      },
      "id": "node/14047789501"
    },
    {
      "type": "Feature",
      "properties": {
        "@id": "node/14118033216",
        "amenity": "fast_food",
        "brand": "Bojangles'",
        "brand:wikidata": "Q891163",
        "cuisine": "chicken",
        "name": "Bojangles'",
        "official_name": "Bojangles' Famous Chicken 'n Biscuits",
        "takeaway": "yes"
      },
      "geometry": {
        "type": "Point",
        "coordinates": [
          -95.4512064,
          30.0698977
        ]
      },
      "id": "node/14118033216"
    },
    {
      "type": "Feature",
      "properties": {
        "@id": "node/14143418947",
        "addr:housenumber": "4622",
        "addr:street": "Hicone Road",
        "amenity": "fast_food",
        "brand": "Bojangles'",
        "brand:wikidata": "Q891163",
        "check_date": "2026-09-02",
        "cuisine": "chicken",
        "name": "Bojangles'",
        "official_name": "Bojangles' Famous Chicken 'n Biscuits",
        "opening_hours": "Mo-Th 05:00-22:00; Fr-Sa 05:00-24:00; Su 06:00-10:00",
        "phone": "+1-336-763-0466",
        "takeaway": "yes",
        "website": "https://locations.bojangles.com/nc/greensboro/4622-hicone-road-2033.html"
      },
      "geometry": {
        "type": "Point",
        "coordinates": [
          -79.7141557,
          36.1524499
        ]
      },
      "id": "node/14143418947"
    }
  ]
}