{
  "type": "FeatureCollection",
  "generator": "overpass-turbo",
  "copyright": "The data included in this document is from www.openstreetmap.org. The data is made available under ODbL.",
  "timestamp": "2026-09-26T05:21:21Z",
  "features": [
    {
      "type": "Feature",
      "properties": {
        "@id": "way/28074187",
        "addr:city": "Morgan Hill",
        "addr:housenumber": "16995",
        "addr:postcode": "95037",
        "addr:state": "CA",
        "addr:street": "Condit Road",
        "amenity": "fast_food",
        "brand": "Carl's Jr.",
        "brand:wikidata": "Q1043486",
        "building": "yes",
        "cuisine": "burger",
        "name": "Carl's Jr.",
        "phone": "+1 408-779-6411",
        "ref": "1101026",
        "takeaway": "yes",
        "website": "https://locations.carlsjr.com/ca/morgan-hill/16995-condit-rd",
        "@geometry": "center"
      },
      "geometry": {
        "type": "Point",
        "coordinates": [
          -121.6307561,
          37.1319725
        ]
      },
      "id": "way/28074187"
    },
    {
      "type": "Feature",
      "properties": {
        "@id": "way/28790388",
        "addr:city": "Gilroy",
        "addr:housenumber": "5880",
        "addr:postcode": "95020",
        "addr:state": "CA",
        "addr:street": "Monterey Road",
        "amenity": "fast_food",
        "brand": "Carl's Jr.",
        "brand:wikidata": "Q1043486",
        "building": "yes",
        "cuisine": "burger",
        "name": "Carl's Jr.",
        "opening_hours": "Su-Th 06:00-24:00, Fr,Sa 06:00-02:00",
        "phone": "+1 408-848-5295",
        "ref": "1101393",
        "takeaway": "yes",
        "website": "https://locations.carlsjr.com/ca/gilroy/5880-monterey-rd",
        "@geometry": "center"
      },
      "geometry": {
        "type": "Point",
        "coordinates": [
          -121.5573646,
          36.9833804
        ]
      },
      "id": "way/28790388"
    },
    {
      "type": "Feature",
      "properties": {
        "@id": "way/31800775",
        "addr:city": "San Diego",
        "addr:country": "US",
        "addr:housenumber": "9362",
        "addr:postcode": "92126",
        "addr:state": "CA",
        "addr:street": "Kearny Mesa Road",
        "amenity": "fast_food",
        "brand": "Carl's Jr.",
        "brand:wikidata": "Q1043486",
        "building": "commercial",
        "cuisine": "burger",
        "drive_through": "yes",
        "name": "Carl's Jr.",
        "phone": "+1 858-689-0538",
        "ref": "1100147",
        "sangis:OBJECTID": "1064",
        "sangis:TYPE": "Commercial",
        "source": "SanGIS Addresses Public Domain (http://www.sangis.org/)",
        "takeaway": "yes",
        "website": "https://locations.carlsjr.com/ca/san-diego/9360-kearny-mesa-rd",
        "@geometry": "center"
      },
      "geometry": {
        "type": "Point",
        "coordinates": [
          -117.1186078,
          32.8927853
        ]
      },
      "id": "way/31800775"
    },
    {
      "type": "Feature",
      "properties": {
        "@id": "way/31801496",
        "addr:city": "San Diego",
        "addr:country": "US",
        "addr:housenumber": "5901",
        "addr:postcode": "92115",
        "addr:state": "CA",
        "addr:street": "University Avenue",
        "amenity": "fast_food",
        "brand": "Carl's Jr.",
        "brand:wikidata": "Q1043486",
        "building": "commercial",
        "cuisine": "burger",
        "drive_through": "yes",
        "name": "Carl's Jr.",
        "phone": "+1 619-583-4361",
        "ref": "1100613",
        "sangis:OBJECTID": "2387",
        "sangis:TYPE": "Commercial",
        "source": "SanGIS Footprints_Nonresidential_SD public domain (http://www.sangis.org/);SanGIS Addresses Public Domain (http://www.sangis.org/);SanGIS Business Sites Public Domain (http://www.sangis.org/)",
        "takeaway": "yes",
        "website": "https://locations.carlsjr.com/ca/san-diego/5901-university-ave",
        "@geometry": "center"
      },
      "geometry": {
        "type": "Point",
        "coordinates": [
          -117.0705449,
          32.749906
        ]
      },
      "id": "way/31801496"
    },
    {
      "type": "Feature",
      "properties": {
        "@id": "way/31802769",
        "addr:city": "San Diego",
        "addr:country": "US",
        "addr:housenumber": "630",
        "addr:postcode": "92154",
        "addr:state": "CA",
        "addr:street": "Dennery Road",
        "amenity": "fast_food",
        "brand": "Carl's Jr.",
        "brand:wikidata": "Q1043486",
        "building": "retail",
        "cuisine": "burger",
        "height": "5.0",
        "name": "Carl's Jr.",
        "opening_hours": "24/7",
        "phone": "+1 619-662-1447",
        "ref": "1100652",
        "sangis:OBJECTID": "1355",
        "sangis:TYPE": "Commercial",
        "source": "SanGIS Addresses Public Domain (http://www.sangis.org/)",
        "takeaway": "yes",
        "website": "https://locations.carlsjr.com/ca/san-diego/614-dennery-road",
        "wheelchair": "yes",
        "@geometry": "center"
      },
      "geometry": {
        "type": "Point",
        "coordinates": [
          -117.0330096,
          32.5826974
        ]
      },
      "id": "way/31802769"
    },
    {
      "type": "Feature",
      "properties": {
        "@id": "way/31803125",
        "addr:city": "San Diego",
        "addr:country": "US",
        "addr:housenumber": "805",
        "addr:postcode": "92173",
        "addr:state": "CA",
        "addr:street": "West San Ysidro Boulevard",
        "amenity": "fast_food",
        "brand": "Carl's Jr.",
        "brand:wikidata": "Q1043486",
        "building": "commercial",
        "cuisine": "burger",
        "name": "Carl's Jr.",
        "phone": "+1 619-428-4980",
        "ref": "1100197",
        "sangis:OBJECTID": "1249",
        "sangis:TYPE": "Commercial",
        "source": "SanGIS Addresses Public Domain (http://www.sangis.org/)",
        "takeaway": "yes",
        "website": "https://locations.carlsjr.com/ca/san-ysidro/805-w.-san-ysidro-blvd",
        "@geometry": "center"
      },
      "geometry": {
        "type": "Point",
        "coordinates": [
          -117.0594449,
          32.5585763
        ]
      },
      "id": "way/31803125"
    },
    {
      "type": "Feature",
      "properties": {
        "@id": "way/31803554",
        "addr:country": "US",
        "addr:housenumber": "5323",
        "addr:street": "Mission Center Road",
        "amenity": "fast_food",
        "brand": "Carl's Jr.",
        "brand:wikidata": "Q1043486",
        "building": "commercial",
        "check_date": "2019-03-25",
        "cuisine": "burger",
        "drive_through": "yes",
        "name": "Carl's Jr.",
        "sangis:OBJECTID": "2325",
        "sangis:TYPE": "Commercial",
        "source": "SanGIS Footprints_Nonresidential_SD public domain (http://www.sangis.org/);SanGIS Business Sites Public Domain (http://www.sangis.org/);SanGIS Addresses Public Domain (http://www.sangis.org/)",
        "takeaway": "yes",
        "@geometry": "center"
      },
      "geometry": {
        "type": "Point",
        "coordinates": [
          -117.1544093,
          32.7710768
        ]
      },
      "id": "way/31803554"
    },
    {
      "type": "Feature",
      "properties": {
        "@id": "way/31808516",
        "addr:city": "San Diego",
        "addr:country": "US",
        "addr:housenumber": "9355",
        "addr:postcode": "92123",
        "addr:state": "CA",
        "addr:street": "Clairemont Mesa Boulevard",
        "amenity": "fast_food",
        "brand": "Carl's Jr.",
        "brand:wikidata": "Q1043486",
        "building": "commercial",
        "check_date": "2026-06-13",
        "cuisine": "burger",
        "drive_through": "yes",
        "name": "Carl's Jr.",
        "phone": "+1-858-560-8279",
        "ref": "1100288",
        "sangis:OBJECTID": "6018",
        "sangis:TYPE": "Commercial",
        "source": "SanGIS Business Sites Public Domain (http://www.sangis.org/)",
        "takeaway": "yes",
        "website": "https://locations.carlsjr.com/ca/san-diego/9355-clairemont-mesa-blvd.",
        "@geometry": "center"
      },
      "geometry": {
        "type": "Point",
        "coordinates": [
          -117.1276223,
          32.8310941
        ]
      },
      "id": "way/31808516"
    },
    {
      "type": "Feature",
      "properties": {
        "@id": "way/31818368",
        "addr:city": "San Diego",
        "addr:country": "US",
        "addr:county": "San Diego",
        "addr:housenumber": "16685",
        "addr:postcode": "92128",
        "addr:state": "CA",
        "addr:street": "Bernardo Center Drive",
        "amenity": "fast_food",
        "brand": "Carl's Jr.",
        "brand:wikidata": "Q1043486",
        "building": "commercial",
        "cuisine": "burger",
        "drive_through": "yes",
        "name": "Carl's Jr.",
        "phone": "+1 858-487-6250",
        "ref": "1100214",
        "sangis:OBJECTID": "7806",
        "sangis:TYPE": "Commercial",
        "source": "SanGIS Footprints_Nonresidential_SD public domain (http://www.sangis.org/);SanGIS Business Sites Public Domain (http://www.sangis.org/)",
        "takeaway": "yes",
        "website": "https://locations.carlsjr.com/ca/san-diego/16685-bernardo-center-dr",
        "@geometry": "center"
      },
      "geometry": {
        "type": "Point",
        "coordinates": [
          -117.0754854,
          33.0171795
        ]
      },
      "id": "way/31818368"
    },
    {
      "type": "Feature",
      "properties": {
        "@id": "way/31818542",
        "addr:city": "San Diego",
        "addr:country": "US",
        "addr:housenumber": "10787",
        "addr:postcode": "92126",
        "addr:state": "CA",
        "addr:street": "Camino Ruiz",
        "amenity": "fast_food",
        "brand": "Carl's Jr.",
        "brand:wikidata": "Q1043486",
        "building": "commercial",
        "check_date": "2024-11-24",
        "cuisine": "burger",
        "drive_through": "yes",
        "name": "Carl's Jr.",
        "phone": "+1 858-586-7774",
        "prosper_poi_survey": "new",
        "ref": "1100445",
        "sangis:OBJECTID": "8082",
        "sangis:TYPE": "Commercial",
        "source": "SanGIS Footprints_Nonresidential_SD public domain (http://www.sangis.org/);bing;SanGIS Business Sites Public Domain (http://www.sangis.org/);SanGIS Addresses Public Domain (http://www.sangis.org/)",
        "takeaway": "yes",
        "website": "https://locations.carlsjr.com/ca/san-diego/10745-camino-ruiz",
        "@geometry": "center"
      },
      "geometry": {
        "type": "Point",
        "coordinates": [
          -117.1433935,
          32.9142169
        ]
      },
      "id": "way/31818542"
    },
    {
      "type": "Feature",
      "properties": {
        "@id": "way/31818821",
        "addr:city": "San Diego",
        "addr:country": "US",
        "addr:housenumber": "7404",
        "addr:postcode": "92111",
        "addr:state": "CA",
        "addr:street": "Clairemont Mesa Boulevard",
        "amenity": "fast_food",
        "brand": "Carl's Jr.",
        "brand:wikidata": "Q1043486",
        "building": "retail",
        "cuisine": "burger",
        "drive_through": "yes",
        "name": "Carl's Jr.",
        "phone": "+1 858-495-9159",
        "ref": "1100610",
        "sangis:OBJECTID": "9030",
        "sangis:TYPE": "Commercial",
        "source": "SanGIS Footprints_Nonresidential_SD public domain (http://www.sangis.org/);SanGIS Addresses Public Domain (http://www.sangis.org/);SanGIS Business Sites Public Domain (http://www.sangis.org/)",
        "takeaway": "yes",
        "website": "https://locations.carlsjr.com/ca/san-diego/7404-clairemont-mesa-blvd",
        "@geometry": "center"
      },
      "geometry": {
        "type": "Point",
        "coordinates": [
          -117.1589545,
          32.8330731
        ]
      },
      "id": "way/31818821"
    },
    {
      "type": "Feature",
      "properties": {
        "@id": "way/31819505",
        "addr:city": "San Diego",
        "addr:country": "US",
        "addr:housenumber": "6788",
        "addr:postcode": "92121",
        "addr:state": "CA",
        "addr:street": "Miramar Road",
        "amenity": "fast_food",
        "brand": "Carl's Jr.",
        "brand:wikidata": "Q1043486",
        "building": "retail",
        "check_date": "2026-08-08",
        "cuisine": "burger",
        "drive_through": "yes",
        "name": "Carl's Jr.",
        "opening_hours": "Mo-Fr 06:00-23:00; Sa-Su 07:00-22:00",
        "phone": "+1-858-271-4480",
        "ref": "1100203",
        "sangis:OBJECTID": "8491",
        "sangis:TYPE": "Commercial",
        "source": "SanGIS Footprints_Nonresidential_SD public domain (http://www.sangis.org/);SanGIS Addresses Public Domain (http://www.sangis.org/)",
        "takeaway": "yes",
        "website": "https://locations.carlsjr.com/ca/san-diego/6788-miramar-rd",
        "@geometry": "center"
      },
      "geometry": {
        "type": "Point",
        "coordinates": [
          -117.1688673,
          32.8784852
        ]
      },
      "id": "way/31819505"
    },
    {
      "type": "Feature",
      "properties": {
        "@id": "way/31840475",
        "addr:city": "San Diego",
        "addr:housenumber": "845",
        "addr:postcode": "92110",
        "addr:state": "CA",
        "addr:street": "Morena Boulevard",
        "amenity": "fast_food",
        "brand": "Carl's Jr.",
        "brand:wikidata": "Q1043486",
        "building": "commercial",
        "cuisine": "burger",
        "drive_through": "yes",
        "name": "Carl's Jr.",
        "phone": "+1 619-297-9249",
        "ref": "1100405",
        "sangis:OBJECTID": "10346",
        "sangis:TYPE": "Commercial",
        "source": "SanGIS Footprints_Nonresidential_SD public domain (http://www.sangis.org/);SanGIS Business Sites Public Domain (http://www.sangis.org/);SanGIS Addresses Public Domain (http://www.sangis.org/)",
        "takeaway": "yes",
        "website": "https://locations.carlsjr.com/ca/san-diego/845-morena-boulevard",
        "@geometry": "center"
      },
      "geometry": {
        "type": "Point",
        "coordinates": [
          -117.1978495,
          32.765217
        ]
      },
      "id": "way/31840475"
    },
    {
      "type": "Feature",
      "properties": {
        "@id": "way/31842182",
        "addr:city": "San Diego",
        "addr:housenumber": "2903",
        "addr:postcode": "92110",
        "addr:state": "CA",
        "addr:street": "Burgener Boulevard",
        "amenity": "fast_food",
        "brand": "Carl's Jr.",
        "brand:wikidata": "Q1043486",
        "building": "retail",
        "cuisine": "burger",
        "drive_through": "yes",
        "name": "Carl's Jr.",
        "phone": "+1 619-275-2971",
        "ref": "1100331",
        "sangis:OBJECTID": "10446",
        "sangis:TYPE": "Commercial",
        "source": "SanGIS Footprints_Nonresidential_SD public domain (http://www.sangis.org/);Editors local knowledge",
        "takeaway": "yes",
        "website": "https://locations.carlsjr.com/ca/san-diego/2903-burgener-blvd",
        "@geometry": "center"
      },
      "geometry": {
        "type": "Point",
        "coordinates": [
          -117.1933326,
          32.793868
        ]
      },
      "id": "way/31842182"
    },
    {
      "type": "Feature",
      "properties": {
        "@id": "way/31842647",
        "addr:city": "San Diego",
        "addr:housenumber": "8856",
        "addr:postcode": "92119",
        "addr:state": "CA",
        "addr:street": "Navajo Road",
        "amenity": "fast_food",
        "brand": "Carl's Jr.",
        "brand:wikidata": "Q1043486",
        "building": "commercial",
        "check_date": "2022-09-05",
        "cuisine": "burger",
        "drive_through": "yes",
        "name": "Carl's Jr.",
        "outdoor_seating": "yes",
        "phone": "+1-619-464-0429",
        "sangis:OBJECTID": "13163",
        "sangis:TYPE": "Commercial",
        "source": "SanGIS Footprints_Nonresidential_SD public domain (http://www.sangis.org/)",
        "takeaway": "yes",
        "website": "https://locations.carlsjr.com/ca/san-diego/8856-navajo-road",
        "@geometry": "center"
      },
      "geometry": {
        "type": "Point",
        "coordinates": [
          -117.0072856,
          32.8032362
        ]
      },
      "id": "way/31842647"
    },
    {
      "type": "Feature",
      "properties": {
        "@id": "way/31967395",
        "addr:city": "Burbank",
        "addr:housenumber": "1320",
        "addr:postcode": "91504",
        "addr:state": "CA",
        "addr:street": "North San Fernando Road",
        "amenity": "fast_food",
        "brand": "Carl's Jr.",
        "brand:wikidata": "Q1043486",
        "building": "commercial",
        "building:units": "1",
        "cuisine": "burger",
        "drive_through": "yes",
        "ele": "190.8",
        "height": "2.8",
        "lacounty:ain": "2460010036",
        "lacounty:bld_id": "464708891703",
        "name": "Carl's Jr.",
        "phone": "+1 818-845-3396",
        "ref": "1100172",
        "start_date": "1976",
        "takeaway": "yes",
        "website": "https://locations.carlsjr.com/ca/burbank/1320-n.-san-fernando-road",
        "@geometry": "center"
      },
      "geometry": {
        "type": "Point",
        "coordinates": [
          -118.3206356,
          34.1900877
        ]
      },
      "id": "way/31967395"
    },
    {
      "type": "Feature",
      "properties": {
        "@id": "way/32476165",
        "addr:city": "Davis",
        "addr:housenumber": "1701",
        "addr:postcode": "95618",
        "addr:state": "CA",
        "addr:street": "Cowell Boulevard",
        "amenity": "fast_food",
        "brand": "Carl's Jr.",
        "brand:wikidata": "Q1043486",
        "building": "retail",
        "cuisine": "burger",
        "delivery": "no",
        "drive_through": "yes",
        "name": "Carl's Jr.",
        "phone": "+1 530-756-1626",
        "ref": "1100438",
        "smoking": "no",
        "takeaway": "yes",
        "website": "https://locations.carlsjr.com/ca/davis/1701-cowell-blvd",
        "@geometry": "center"
      },
      "geometry": {
        "type": "Point",
        "coordinates": [
          -121.730986,
          38.540323
        ]
      },
      "id": "way/32476165"
    },
    {
      "type": "Feature",
      "properties": {
        "@id": "way/35578062",
        "addr:city": "Livermore",
        "addr:housenumber": "875",
        "addr:postcode": "94550",
        "addr:state": "CA",
        "addr:street": "East Stanley Boulevard",
        "amenity": "fast_food",
        "brand": "Carl's Jr.",
        "brand:wikidata": "Q1043486",
        "building": "yes",
        "building:levels": "1",
        "cuisine": "burger",
        "delivery": "no",
        "drive_through": "yes",
        "name": "Carl's Jr.",
        "phone": "+1 925-443-1565",
        "ref": "1101075",
        "smoking": "no",
        "takeaway": "yes",
        "website": "https://locations.carlsjr.com/ca/livermore/875-e.-stanley-blvd",
        "@geometry": "center"
      },
      "geometry": {
        "type": "Point",
        "coordinates": [
          -121.7860788,
          37.6779001
        ]
      },
      "id": "way/35578062"
    },
    {
      "type": "Feature",
      "properties": {
        "@id": "way/36921186",
        "amenity": "fast_food",
        "brand": "Carl's Jr.",
        "brand:wikidata": "Q1043486",
        "building": "commercial",
        "cuisine": "burger",
        "name": "Carl's Jr.",
        "takeaway": "yes",
        "website": "https://locations.carlsjr.com/ca/davis/1616-covell-blvd.",
        "@geometry": "center"
      },
      "geometry": {
        "type": "Point",
        "coordinates": [
          -121.7315656,
          38.5620784
        ]
      },
      "id": "way/36921186"
    },
    {
      "type": "Feature",
      "properties": {
        "@id": "way/37203261",
        "addr:city": "Port Hueneme",
        "addr:housenumber": "717",
        "addr:postcode": "93041",
        "addr:state": "CA",
        "addr:street": "Channel Islands Boulevard",
        "amenity": "fast_food",
        "brand": "Carl's Jr.",
        "brand:wikidata": "Q1043486",
        "building": "yes",
        "cuisine": "burger",
        "name": "Carl's Jr.",
        "phone": "+1 805-985-4842",
        "ref": "1100143",
        "source": "Yahoo Imagery",
        "takeaway": "yes",
        "website": "https://locations.carlsjr.com/ca/port-hueneme/717-channel-islands-blvd",
        "@geometry": "center"
      },
      "geometry": {
        "type": "Point",
        "coordinates": [
          -119.2188973,
          34.1764342
        ]
      },
      "id": "way/37203261"
    },
    {
      "type": "Feature",
      "properties": {
        "@id": "way/37892700",
        "addr:city": "Sunnyvale",
        "addr:housenumber": "1051",
        "addr:postcode": "94087",
        "addr:state": "CA",
        "addr:street": "East El Camino Real",
        "amenity": "fast_food",
        "brand": "Carl's Jr.",
        "brand:wikidata": "Q1043486",
        "building": "retail",
        "cuisine": "burger",
        "name": "Carl's Jr.",
        "phone": "+1 408-296-7756",
        "ref": "1101038",
        "takeaway": "yes",
        "website": "https://locations.carlsjr.com/ca/sunnyvale/1051-e-el-camino-real",
        "@geometry": "center"
      },
      "geometry": {
        "type": "Point",
        "coordinates": [
          -122.0047564,
          37.3526739
        ]
      },
      "id": "way/37892700"
    },
    {
      "type": "Feature",
      "properties": {
        "@id": "way/38622149",
        "addr:city": "Spanish Fork",
        "addr:housenumber": "770",
        "addr:postcode": "84660",
        "addr:state": "UT",
        "addr:street": "North Main Street",
        "air_conditioning": "yes",
        "amenity": "fast_food",
        "brand": "Carl's Jr.",
        "brand:wikidata": "Q1043486",
        "building": "yes",
        "cuisine": "burger",
        "drive_through": "yes",
        "name": "Carl's Jr.",
        "phone": "+1 801-794-9249",
        "ref": "1101408",
        "takeaway": "yes",
        "website": "https://locations.carlsjr.com/ut/spanish-fork/770-n.-main-street",
        "@geometry": "center"
      },
      "geometry": {
        "type": "Point",
        "coordinates": [
          -111.6542766,
          40.1197917
        ]
      },
      "id": "way/38622149"
    },
    {
      "type": "Feature",
      "properties": {
        "@id": "way/39514091",
        "addr:city": "Chico",
        "addr:housenumber": "2516",
        "addr:postcode": "95926",
        "addr:state": "CA",
        "addr:street": "Esplanade",
        "amenity": "fast_food",
        "brand": "Carl's Jr.",
        "brand:wikidata": "Q1043486",
        "building": "retail",
        "check_date": "2024-05-27",
        "cuisine": "burger",
        "drive_through": "yes",
        "indoor_seating": "yes",
        "name": "Carl's Jr.",
        "opening_hours": "24/7",
        "outdoor_seating": "no",
        "phone": "+1 530-893-2908",
        "ref": "1100890",
        "takeaway": "yes",
        "toilets": "yes",
        "toilets:access": "customers",
        "website": "https://locations.carlsjr.com/ca/chico/2516-esplanade",
        "@geometry": "center"
      },
      "geometry": {
        "type": "Point",
        "coordinates": [
          -121.8606769,
          39.7566686
        ]
      },
      "id": "way/39514091"
    },
    {
      "type": "Feature",
      "properties": {
        "@id": "way/41687242",
        "addr:city": "Santa Ana",
        "addr:housenumber": "1830",
        "addr:postcode": "92706",
        "addr:state": "CA",
        "addr:street": "North Bristol Street",
        "amenity": "fast_food",
        "brand": "Carl's Jr.",
        "brand:wikidata": "Q1043486",
        "building": "yes",
        "cuisine": "burger",
        "drive_through": "yes",
        "name": "Carl's Jr.",
        "phone": "+1 714-836-1686",
        "ref": "1100628",
        "takeaway": "yes",
        "website": "https://locations.carlsjr.com/ca/santa-ana/1830-n-bristol-st",
        "@geometry": "center"
      },
      "geometry": {
        "type": "Point",
        "coordinates": [
          -117.8854873,
          33.7617355
        ]
      },
      "id": "way/41687242"
    },
    {
      "type": "Feature",
      "properties": {
        "@id": "way/42188156",
        "addr:city": "Mammoth Lakes City",
        "addr:housenumber": "437",
        "addr:postcode": "93546",
        "addr:state": "CA",
        "addr:street": "Old Mammoth Road",
        "air_conditioning": "yes",
        "amenity": "fast_food",
        "attribution": "Mono County GIS",
        "branch": "Mammoth Lakes",
        "brand": "Carl's Jr.",
        "brand:wikidata": "Q1043486",
        "building": "yes",
        "building:levels": "1",
        "cuisine": "burger",
        "drive_through": "yes",
        "ele:ft": "7862.296",
        "indoor_seating": "yes",
        "name": "Carl's Jr.",
        "opening_hours": "Mo-Su 06:00-00:00",
        "outdoor_seating": "no",
        "payment:cash": "yes",
        "payment:contactless": "yes",
        "payment:credit_cards": "yes",
        "payment:debit_cards": "yes",
        "phone": "+1-760-934-8812",
        "ref": "1100819",
        "smoking": "no",
        "takeaway": "yes",
        "website": "https://locations.carlsjr.com/ca/mammoth-lakes/437-old-mammoth-rd",
        "wheelchair": "yes",
        "@geometry": "center"
      },
      "geometry": {
        "type": "Point",
        "coordinates": [
          -118.9663274,
          37.6396306
        ]
      },
      "id": "way/42188156"
    },
    {
      "type": "Feature",
      "properties": {
        "@id": "way/43974707",
        "addr:city": "Murrieta",
        "addr:housenumber": "23761",
        "addr:postcode": "92562",
        "addr:state": "CA",
        "addr:street": "Washington Avenue",
        "amenity": "fast_food",
        "brand": "Carl's Jr.",
        "brand:wikidata": "Q1043486",
        "building": "yes",
        "cuisine": "burger",
        "drive_through": "yes",
        "name": "Carl's Jr.",
        "phone": "+1 951-894-4775",
        "ref": "1101474",
        "takeaway": "yes",
        "website": "https://locations.carlsjr.com/ca/murrieta/23761-washington-ave",
        "@geometry": "center"
      },
      "geometry": {
        "type": "Point",
        "coordinates": [
          -117.2345899,
          33.5720187
        ]
      },
      "id": "way/43974707"
    },
    {
      "type": "Feature",
      "properties": {
        "@id": "way/44075661",
        "addr:city": "San Jose",
        "addr:housenumber": "1101",
        "addr:postcode": "95118",
        "addr:state": "CA",
        "addr:street": "Branham Lane",
        "amenity": "fast_food",
        "brand": "Carl's Jr.",
        "brand:wikidata": "Q1043486",
        "building": "yes",
        "cuisine": "burger",
        "ele": "58.70",
        "height": "4.88",
        "name": "Carl's Jr.",
        "phone": "+1 408-978-3562",
        "ref": "1101054",
        "takeaway": "yes",
        "website": "https://locations.carlsjr.com/ca/san-jose/1101-branham-ln",
        "@geometry": "center"
      },
      "geometry": {
        "type": "Point",
        "coordinates": [
          -121.8772515,
          37.263136
        ]
      },
      "id": "way/44075661"
    },
    {
      "type": "Feature",
      "properties": {
        "@id": "way/44330494",
        "addr:city": "Clinton",
        "addr:housenumber": "1868",
        "addr:postcode": "84015",
        "addr:state": "UT",
        "addr:street": "West 1800 North",
        "amenity": "fast_food",
        "brand": "Carl's Jr.",
        "brand:wikidata": "Q1043486",
        "building": "yes",
        "cuisine": "burger",
        "name": "Carl's Jr.",
        "phone": "+1 801-774-3983",
        "ref": "1100473",
        "source": "Yahoo",
        "takeaway": "yes",
        "website": "https://locations.carlsjr.com/ut/clinton/1868-w-1800-n",
        "@geometry": "center"
      },
      "geometry": {
        "type": "Point",
        "coordinates": [
          -112.0619818,
          41.1402889
        ]
      },
      "id": "way/44330494"
    },
    {
      "type": "Feature",
      "properties": {
        "@id": "way/44660021",
        "addr:city": "Mesa",
        "addr:housenumber": "1015",
        "addr:postcode": "85201",
        "addr:state": "AZ",
        "addr:street": "North Dobson Road",
        "air_conditioning": "yes",
        "amenity": "fast_food",
        "brand": "Carl's Jr.",
        "brand:wikidata": "Q1043486",
        "building": "yes",
        "cuisine": "burger",
        "drive_through": "yes",
        "name": "Carl's Jr.",
        "phone": "+1 480-962-1406",
        "ref": "1101728",
        "takeaway": "yes",
        "website": "https://locations.carlsjr.com/az/mesa/1015-n-dobson-rd",
        "wheelchair": "yes",
        "@geometry": "center"
      },
      "geometry": {
        "type": "Point",
        "coordinates": [
          -111.868092,
          33.4356788
        ]
      },
      "id": "way/44660021"
    },
    {
      "type": "Feature",
      "properties": {
        "@id": "way/45632578",
        "addr:city": "San Luis Obispo",
        "addr:housenumber": "3980",
        "addr:postcode": "93401-7018",
        "addr:state": "CA",
        "addr:street": "Broad",
        "amenity": "fast_food",
        "brand": "Carl's Jr.",
        "brand:wikidata": "Q1043486",
        "building": "retail",
        "cuisine": "burger",
        "drive_through": "no",
        "name": "Carl's Jr. / Green Burrito",
        "outdoor_seating": "yes",
        "phone": "+1 805-788-0510",
        "ref": "1100289",
        "website": "https://locations.carlsjr.com/ca/san-luis-obispo/3980-broad-street",
        "wheelchair": "yes",
        "@geometry": "center"
      },
      "geometry": {
        "type": "Point",
        "coordinates": [
          -120.6433578,
          35.2495813
        ]
      },
      "id": "way/45632578"
    },
    {
      "type": "Feature",
      "properties": {
        "@id": "way/46141616",
        "addr:city": "Ontario",
        "addr:housenumber": "4453",
        "addr:postcode": "91764",
        "addr:state": "CA",
        "addr:street": "Mills Circle",
        "addr:street_direction_prefix": "E",
        "amenity": "fast_food",
        "branch": "Green Burrito",
        "brand": "Carl's Jr.",
        "brand:wikidata": "Q1043486",
        "building": "yes",
        "cuisine": "burger",
        "drive_through": "yes",
        "name": "Carl's Jr.",
        "phone": "+1 909-476-0053",
        "ref": "1100390",
        "source": "survey;image;usgs_imagery",
        "source_ref": "AM909_DSCQ4329",
        "takeaway": "yes",
        "website": "https://locations.carlsjr.com/ca/ontario/4453-mills-circle",
        "@geometry": "center"
      },
      "geometry": {
        "type": "Point",
        "coordinates": [
          -117.5548221,
          34.0767849
        ]
      },
      "id": "way/46141616"
    },
    {
      "type": "Feature",
      "properties": {
        "@id": "way/47108190",
        "addr:city": "Rocklin",
        "addr:housenumber": "6741",
        "addr:postcode": "95677",
        "addr:state": "CA",
        "addr:street": "Stanford Ranch Road",
        "amenity": "fast_food",
        "brand": "Carl's Jr.",
        "brand:wikidata": "Q1043486",
        "building": "yes",
        "cuisine": "burger",
        "name": "Carl's Jr.",
        "phone": "+1 916-632-1794",
        "ref": "1100661",
        "takeaway": "yes",
        "website": "https://locations.carlsjr.com/ca/rocklin/6741-stanford-ranch-rd",
        "@geometry": "center"
      },
      "geometry": {
        "type": "Point",
        "coordinates": [
          -121.2651381,
          38.7809649
        ]
      },
      "id": "way/47108190"
    },
    {
      "type": "Feature",
      "properties": {
        "@id": "way/47818034",
        "addr:city": "Palm Desert",
        "addr:housenumber": "73125",
        "addr:postcode": "92260",
        "addr:state": "CA",
        "addr:street": "Highway 111",
        "amenity": "fast_food",
        "brand": "Carl's Jr.",
        "brand:wikidata": "Q1043486",
        "building": "retail",
        "cuisine": "burger",
        "name": "Carl's Jr.",
        "phone": "+1 760-568-0170",
        "ref": "1100728",
        "source": "survey",
        "takeaway": "yes",
        "website": "https://locations.carlsjr.com/ca/palm-desert/73-125-highway-111",
        "@geometry": "center"
      },
      "geometry": {
        "type": "Point",
        "coordinates": [
          -116.3890445,
          33.7210295
        ]
      },
      "id": "way/47818034"
    },
    {
      "type": "Feature",
      "properties": {
        "@id": "way/51442467",
        "addr:city": "Lakewood",
        "addr:housenumber": "497",
        "addr:postcode": "80226",
        "addr:state": "CO",
        "addr:street": "South Wadsworth",
        "amenity": "fast_food",
        "brand": "Carl's Jr.",
        "brand:wikidata": "Q1043486",
        "building": "retail",
        "cuisine": "burger",
        "name": "Carl's Jr.",
        "phone": "+1 303-716-9200",
        "ref": "1101374",
        "takeaway": "yes",
        "website": "https://locations.carlsjr.com/co/lakewood/497-s-wadsworth",
        "@geometry": "center"
      },
      "geometry": {
        "type": "Point",
        "coordinates": [
          -105.0820288,
          39.7074072
        ]
      },
      "id": "way/51442467"
    },
    {
      "type": "Feature",
      "properties": {
        "@id": "way/51807932",
        "addr:city": "Ogden",
        "addr:housenumber": "180",
        "addr:postcode": "84404",
        "addr:state": "UT",
        "addr:street": "East 12th Street",
        "amenity": "fast_food",
        "brand": "Carl's Jr.",
        "brand:wikidata": "Q1043486",
        "building": "yes",
        "cuisine": "burger",
        "drive_through": "yes",
        "name": "Carl's Jr.",
        "phone": "+1 801-399-9630",
        "ref": "1100016",
        "source": "Yahoo",
        "takeaway": "yes",
        "website": "https://locations.carlsjr.com/ut/ogden/180-e-12th-st",
        "@geometry": "center"
      },
      "geometry": {
        "type": "Point",
        "coordinates": [
          -111.9763558,
          41.2446663
        ]
      },
      "id": "way/51807932"
    },
    {
      "type": "Feature",
      "properties": {
        "@id": "way/52121449",
        "addr:city": "Spokane",
        "addr:housenumber": "423",
        "addr:postcode": "99218",
        "addr:state": "WA",
        "addr:street": "East Hastings Road",
        "amenity": "fast_food",
        "brand": "Carl's Jr.",
        "brand:wikidata": "Q1043486",
        "building": "retail",
        "cuisine": "burger",
        "name": "Carl's Jr.",
        "phone": "+1-509-467-3404",
        "ref": "1100146",
        "takeaway": "yes",
        "website": "https://locations.carlsjr.com/wa/spokane/423-e.-hastings-rd",
        "@geometry": "center"
      },
      "geometry": {
        "type": "Point",
        "coordinates": [
          -117.4028014,
          47.7695672
        ]
      },
      "id": "way/52121449"
    },
    {
      "type": "Feature",
      "properties": {
        "@id": "way/54929314",
        "addr:city": "Clearfield",
        "addr:housenumber": "582",
        "addr:postcode": "84015",
        "addr:state": "UT",
        "addr:street": "North Main Street",
        "amenity": "fast_food",
        "brand": "Carl's Jr.",
        "brand:wikidata": "Q1043486",
        "building": "yes",
        "check_date": "2025-06-10",
        "cuisine": "burger",
        "drive_through": "yes",
        "name": "Carl's Jr.",
        "opening_hours": "Mo-Th 06:30-23:00; Fr-Sa 06:00-24:00; Su 07:00-23:00",
        "phone": "+1 801-773-4406",
        "ref": "1100312",
        "source": "Yahoo",
        "takeaway": "yes",
        "website": "https://locations.carlsjr.com/ut/clearfield/582-n-main-st",
        "@geometry": "center"
      },
      "geometry": {
        "type": "Point",
        "coordinates": [
          -112.0254952,
          41.122298
        ]
      },
      "id": "way/54929314"
    },
    {
      "type": "Feature",
      "properties": {
        "@id": "way/56228604",
        "addr:city": "Temecula",
        "addr:housenumber": "30660",
        "addr:postcode": "92591",
        "addr:state": "CA",
        "addr:street": "Rancho California Road",
        "amenity": "fast_food",
        "brand": "Carl's Jr.",
        "brand:wikidata": "Q1043486",
        "building": "yes",
        "cuisine": "burger",
        "drive_through": "yes",
        "name": "Carl's Jr.",
        "phone": "+1 951-676-7802",
        "ref": "1101023",
        "source": "survey;bing_imagery",
        "source_ref": "vvvexp97",
        "takeaway": "yes",
        "toilets": "yes",
        "toilets:access": "permissive",
        "website": "https://locations.carlsjr.com/ca/temecula/30660-rancho-california-rd",
        "@geometry": "center"
      },
      "geometry": {
        "type": "Point",
        "coordinates": [
          -117.1255426,
          33.5086088
        ]
      },
      "id": "way/56228604"
    },
    {
      "type": "Feature",
      "properties": {
        "@id": "way/59322203",
        "addr:city": "Bakersfield",
        "addr:housenumber": "2930",
        "addr:postcode": "93301",
        "addr:state": "CA",
        "addr:street": "F Street",
        "amenity": "fast_food",
        "attribution": "Bakersfield_GIS",
        "brand": "Carl's Jr.",
        "brand:wikidata": "Q1043486",
        "building": "yes",
        "cuisine": "burger",
        "description2": "CARLS JR",
        "name": "Carl's Jr.",
        "phone": "+1 661-322-8751",
        "ref": "1100276",
        "source": "http://www.bakersfieldcity.us/gis/downloads/gis_spatial_data.htm",
        "takeaway": "yes",
        "website": "https://locations.carlsjr.com/ca/bakersfield/2930-f-street",
        "@geometry": "center"
      },
      "geometry": {
        "type": "Point",
        "coordinates": [
          -119.0229791,
          35.3863459
        ]
      },
      "id": "way/59322203"
    },
    {
      "type": "Feature",
      "properties": {
        "@id": "way/59440047",
        "addr:city": "Sacramento",
        "addr:housenumber": "9631",
        "addr:postcode": "95827",
        "addr:state": "CA",
        "addr:street": "Micron Avenue",
        "amenity": "fast_food",
        "brand": "Carl's Jr.",
        "brand:wikidata": "Q1043486",
        "building": "yes",
        "cuisine": "burger",
        "name": "Carl's Jr.",
        "phone": "+1 916-364-5268",
        "ref": "1100011",
        "takeaway": "yes",
        "website": "https://locations.carlsjr.com/ca/sacramento/9631-micron-avenue",
        "@geometry": "center"
      },
      "geometry": {
        "type": "Point",
        "coordinates": [
          -121.3380509,
          38.5639333
        ]
      },
      "id": "way/59440047"
    },
    {
      "type": "Feature",
      "properties": {
        "@id": "way/59593316",
        "addr:city": "Bakersfield",
        "addr:housenumber": "9000",
        "addr:postcode": "93311",
        "addr:state": "CA",
        "addr:street": "Ming Avenue",
        "air_conditioning": "yes",
        "amenity": "fast_food",
        "brand": "Carl's Jr.",
        "brand:wikidata": "Q1043486",
        "building": "commercial",
        "cuisine": "burger",
        "drive_through": "yes",
        "internet_access": "wlan",
        "name": "Carl's Jr.",
        "outdoor_seating": "no",
        "phone": "+1 661-665-2396",
        "ref": "1100224",
        "smoking": "no",
        "takeaway": "yes",
        "website": "https://locations.carlsjr.com/ca/bakersfield/9000-ming-ave",
        "wheelchair": "yes",
        "@geometry": "center"
      },
      "geometry": {
        "type": "Point",
        "coordinates": [
          -119.1045587,
          35.3401586
        ]
      },
      "id": "way/59593316"
    },
    {
      "type": "Feature",
      "properties": {
        "@id": "way/59596015",
        "addr:city": "Bakersfield",
        "addr:housenumber": "2400",
        "addr:postcode": "93304",
        "addr:state": "CA",
        "addr:street": "White Lane",
        "amenity": "fast_food",
        "bak:fac_type1": "COMMERCIAL",
        "bak:fac_type2": "RESTAURANT",
        "brand": "Carl's Jr.",
        "brand:wikidata": "Q1043486",
        "building": "yes",
        "cuisine": "burger",
        "description2": "CARLS JR",
        "name": "Carl's Jr.",
        "phone": "+1 661-836-3181",
        "ref": "1100611",
        "takeaway": "yes",
        "website": "https://locations.carlsjr.com/ca/bakersfield/2400-white-lane",
        "@geometry": "center"
      },
      "geometry": {
        "type": "Point",
        "coordinates": [
          -119.029608,
          35.317964
        ]
      },
      "id": "way/59596015"
    },
    {
      "type": "Feature",
      "properties": {
        "@id": "way/59596842",
        "addr:city": "Bakersfield",
        "addr:housenumber": "4520",
        "addr:postcode": "93308",
        "addr:state": "CA",
        "addr:street": "Coffee Road",
        "air_conditioning": "yes",
        "amenity": "fast_food",
        "brand": "Carl's Jr.",
        "brand:wikidata": "Q1043486",
        "building": "restaurant",
        "cuisine": "burger",
        "drive_through": "yes",
        "name": "Carl's Jr.",
        "phone": "+1-661-587-9085",
        "ref": "1100302",
        "takeaway": "yes",
        "website": "https://locations.carlsjr.com/ca/bakersfield/4520-coffee-road",
        "@geometry": "center"
      },
      "geometry": {
        "type": "Point",
        "coordinates": [
          -119.0917709,
          35.4006337
        ]
      },
      "id": "way/59596842"
    },
    {
      "type": "Feature",
      "properties": {
        "@id": "way/59602530",
        "addr:city": "Bakersfield",
        "addr:housenumber": "3520",
        "addr:postcode": "93308",
        "addr:state": "CA",
        "addr:street": "Rosedale Highway",
        "air_conditioning": "yes",
        "amenity": "fast_food",
        "attribution": "Bakersfield_GIS",
        "bak:fac_type1": "COMMERCIAL",
        "brand": "Carl's Jr.",
        "brand:wikidata": "Q1043486",
        "building": "yes",
        "cuisine": "burger",
        "drive_through": "yes",
        "name": "Carl's Jr.",
        "outdoor_seating": "yes",
        "phone": "+1 661-323-2641",
        "ref": "1100503",
        "smoking": "no",
        "source": "http://www.bakersfieldcity.us/gis/downloads/gis_spatial_data.htm",
        "takeaway": "yes",
        "website": "https://locations.carlsjr.com/ca/bakersfield/3520-rosedale-highway",
        "wheelchair": "yes",
        "@geometry": "center"
      },
      "geometry": {
        "type": "Point",
        "coordinates": [
          -119.0464781,
          35.3836013
        ]
      },
      "id": "way/59602530"
    },
    {
      "type": "Feature",
      "properties": {
        "@id": "way/59926583",
        "addr:city": "Bakersfield",
        "addr:housenumber": "2412",
        "addr:postcode": "93304",
        "addr:state": "CA",
        "addr:street": "Ming Avenue",
        "amenity": "fast_food",
        "attribution": "Bakersfield_GIS",
        "bak:fac_type1": "COMMERCIAL",
        "brand": "Carl's Jr.",
        "brand:wikidata": "Q1043486",
        "building": "yes",
        "cuisine": "burger",
        "name": "Carl's Jr.",
        "phone": "+1 661-834-8646",
        "ref": "1100217",
        "source": "http://www.bakersfieldcity.us/gis/downloads/gis_spatial_data.htm",
        "takeaway": "yes",
        "website": "https://locations.carlsjr.com/ca/bakersfield/2412-ming-ave",
        "@geometry": "center"
      },
      "geometry": {
        "type": "Point",
        "coordinates": [
          -119.0297931,
          35.3397843
        ]
      },
      "id": "way/59926583"
    },
    {
      "type": "Feature",
      "properties": {
        "@id": "way/60090574",
        "addr:city": "Bakersfield",
        "addr:housenumber": "4800",
        "addr:postcode": "93309",
        "addr:state": "CA",
        "addr:street": "White Lane",
        "air_conditioning": "yes",
        "amenity": "fast_food",
        "attribution": "Bakersfield_GIS",
        "bak:fac_type1": "COMMERCIAL",
        "brand": "Carl's Jr.",
        "brand:wikidata": "Q1043486",
        "building": "yes",
        "cuisine": "burger",
        "drive_through": "yes",
        "name": "Carl's Jr.",
        "phone": "+1 661-398-9510",
        "ref": "1100419",
        "source": "http://www.bakersfieldcity.us/gis/downloads/gis_spatial_data.htm",
        "takeaway": "yes",
        "website": "https://locations.carlsjr.com/ca/bakersfield/4800-white-lane",
        "@geometry": "center"
      },
      "geometry": {
        "type": "Point",
        "coordinates": [
          -119.056137,
          35.3185289
        ]
      },
      "id": "way/60090574"
    },
    {
      "type": "Feature",
      "properties": {
        "@id": "way/61288398",
        "addr:city": "Fresno",
        "addr:housenumber": "7646",
        "addr:postcode": "93720",
        "addr:state": "CA",
        "addr:street": "North Blackstone Avenue",
        "amenity": "fast_food",
        "attribution": "Fresno_County_GIS",
        "brand": "Carl's Jr.",
        "brand:wikidata": "Q1043486",
        "building": "commercial",
        "cuisine": "burger",
        "drive_through": "yes",
        "name": "Carl's Jr.",
        "opening_hours": "Su-Th 05:00-24:00; Fr-Sa 05:00-26:00",
        "phone": "+1 559-261-2760",
        "ref": "1100664",
        "source": "http://www.co.fresno.ca.us/%5Cdepartmentpage.aspx?id=16313",
        "takeaway": "yes",
        "website": "https://locations.carlsjr.com/ca/fresno/7646-n-blackstone-ave",
        "website:menu": "https://order.carlsjr.com/location/-ca-fresno-7646-n-blackstone-ave/menu?y_source=1_MTIzODg2MjMtNzE1LWxvY2F0aW9uLm1lbnVfdXJs",
        "@geometry": "center"
      },
      "geometry": {
        "type": "Point",
        "coordinates": [
          -119.7902323,
          36.8457802
        ]
      },
      "id": "way/61288398"
    },
    {
      "type": "Feature",
      "properties": {
        "@id": "way/61546648",
        "addr:city": "Fresno",
        "addr:housenumber": "5007",
        "addr:postcode": "93727-1967",
        "addr:state": "CA",
        "addr:street": "East McKinley",
        "amenity": "fast_food",
        "attribution": "Fresno_County_GIS",
        "brand": "Carl's Jr.",
        "brand:wikidata": "Q1043486",
        "cuisine": "burger",
        "name": "Carl's Jr.",
        "phone": "+1 559-251-4500",
        "ref": "1100320",
        "source": "http://www.co.fresno.ca.us/%5Cdepartmentpage.aspx?id=16313",
        "takeaway": "yes",
        "website": "https://locations.carlsjr.com/ca/fresno/5007-e.-mckinley",
        "@geometry": "center"
      },
      "geometry": {
        "type": "Point",
        "coordinates": [
          -119.7273936,
          36.7655367
        ]
      },
      "id": "way/61546648"
    },
    {
      "type": "Feature",
      "properties": {
        "@id": "way/61876549",
        "addr:city": "Clovis",
        "addr:housenumber": "818",
        "addr:postcode": "93612-3201",
        "addr:state": "CA",
        "addr:street": "West Shaw Avenue",
        "amenity": "fast_food",
        "brand": "Carl's Jr.",
        "brand:wikidata": "Q1043486",
        "cuisine": "burger",
        "landuse": "commercial",
        "name": "Carl's Jr.",
        "opening_hours": "Mo-Th 06:00-24:00, Fr,Sa 06:00-02:00, Su 07:00-24:00",
        "phone": "+1 559-348-0446",
        "ref": "1100631",
        "source": "Fresno_County_GIS",
        "takeaway": "yes",
        "website": "https://locations.carlsjr.com/ca/clovis/818-w.-shaw-avenue",
        "@geometry": "center"
      },
      "geometry": {
        "type": "Point",
        "coordinates": [
          -119.7277367,
          36.8079951
        ]
      },
      "id": "way/61876549"
    },
    {
      "type": "Feature",
      "properties": {
        "@id": "way/62333823",
        "addr:city": "Lake Elsinore",
        "addr:housenumber": "251",
        "addr:postcode": "92530",
        "addr:state": "CA",
        "addr:street": "Diamond Drive",
        "amenity": "fast_food",
        "brand": "Carl's Jr.",
        "brand:wikidata": "Q1043486",
        "building": "retail",
        "building:levels": "1",
        "cuisine": "burger",
        "drive_through": "yes",
        "name": "Carl's Jr.",
        "phone": "+1 951-674-0580",
        "ref": "1100762",
        "roof:shape": "quadruple_saltbox",
        "source": "survey",
        "takeaway": "yes",
        "website": "https://locations.carlsjr.com/ca/lake-elsinore/251-diamond-dr",
        "@geometry": "center"
      },
      "geometry": {
        "type": "Point",
        "coordinates": [
          -117.3000579,
          33.6611742
        ]
      },
      "id": "way/62333823"
    },
    {
      "type": "Feature",
      "properties": {
        "@id": "way/67141775",
        "addr:city": "Solana Beach",
        "addr:housenumber": "106",
        "addr:postcode": "92075",
        "addr:state": "CA",
        "addr:street": "Solana Hills Drive",
        "amenity": "fast_food",
        "brand": "Carl's Jr.",
        "brand:wikidata": "Q1043486",
        "building": "yes",
        "cuisine": "burger",
        "name": "Carl's Jr.",
        "phone": "+1 858-481-0666",
        "ref": "1100201",
        "source": "SanGIS Business Sites Public Domain (http://www.sangis.org/)",
        "takeaway": "yes",
        "website": "https://locations.carlsjr.com/ca/solana-beach/106-solana-hills-dr",
        "@geometry": "center"
      },
      "geometry": {
        "type": "Point",
        "coordinates": [
          -117.2584748,
          32.9953755
        ]
      },
      "id": "way/67141775"
    },
    {
      "type": "Feature",
      "properties": {
        "@id": "way/69452018",
        "addr:city": "Encinitas",
        "addr:housenumber": "1137",
        "addr:postcode": "92024",
        "addr:state": "CA",
        "addr:street": "Regal Road",
        "amenity": "fast_food",
        "brand": "Carl's Jr.",
        "brand:wikidata": "Q1043486",
        "building": "yes",
        "cuisine": "burger",
        "name": "Carl's Jr.",
        "phone": "+1 760-436-8660",
        "ref": "1100181",
        "source": "SanGIS Business Sites Public Domain (http://www.sangis.org/);SanGIS Addresses Public Domain (http://www.sangis.org/)",
        "takeaway": "yes",
        "website": "https://locations.carlsjr.com/ca/encinitas/1137-regal-rd",
        "@geometry": "center"
      },
      "geometry": {
        "type": "Point",
        "coordinates": [
          -117.280862,
          33.0373767
        ]
      },
      "id": "way/69452018"
    },
    {
      "type": "Feature",
      "properties": {
        "@id": "way/70906451",
        "addr:city": "Ventura",
        "addr:housenumber": "1745",
        "addr:postcode": "93003",
        "addr:state": "CA",
        "addr:street": "South Victoria Avenue",
        "amenity": "fast_food",
        "brand": "Carl's Jr.",
        "brand:wikidata": "Q1043486",
        "building": "yes",
        "cuisine": "burger",
        "drive_through": "yes",
        "name": "Carl's Jr. / Green Burrito",
        "outdoor_seating": "no",
        "phone": "+1 805-339-9281",
        "ref": "1100363",
        "smoking": "no",
        "website": "https://locations.carlsjr.com/ca/ventura/1745-s-victoria-ave",
        "@geometry": "center"
      },
      "geometry": {
        "type": "Point",
        "coordinates": [
          -119.2114036,
          34.2579394
        ]
      },
      "id": "way/70906451"
    },
    {
      "type": "Feature",
      "properties": {
        "@id": "way/77684724",
        "addr:city": "Oceanside",
        "addr:country": "US",
        "addr:housenumber": "775",
        "addr:postcode": "92057",
        "addr:state": "CA",
        "addr:street": "College Boulevard",
        "amenity": "fast_food",
        "brand": "Carl's Jr.",
        "brand:wikidata": "Q1043486",
        "building": "yes",
        "cuisine": "burger",
        "drive_through": "yes",
        "name": "Carl's Jr.",
        "phone": "+1 760-945-7850",
        "ref": "1100651",
        "source": "SanGIS Business Sites Public Domain (http://www.sangis.org/);SanGIS Addresses Public Domain (http://www.sangis.org/)",
        "takeaway": "yes",
        "website": "https://locations.carlsjr.com/ca/oceanside/775-college-blvd",
        "@geometry": "center"
      },
      "geometry": {
        "type": "Point",
        "coordinates": [
          -117.2923004,
          33.2427122
        ]
      },
      "id": "way/77684724"
    },
    {
      "type": "Feature",
      "properties": {
        "@id": "way/79156976",
        "addr:city": "Corona",
        "addr:housenumber": "23740",
        "addr:postcode": "92883",
        "addr:state": "CA",
        "addr:street": "Temescal Canyon Road",
        "amenity": "fast_food",
        "brand": "Carl's Jr.",
        "brand:wikidata": "Q1043486",
        "building": "yes",
        "cuisine": "burger",
        "drive_through": "yes",
        "name": "Carl's Jr.",
        "phone": "+1 951-277-2619",
        "ref": "1100893",
        "source": "usgs_imagery_2008;survey;image",
        "source_ref": "AM909_DSCV2192",
        "takeaway": "yes",
        "website": "https://locations.carlsjr.com/ca/corona/23740-temescal-canyon-rd",
        "@geometry": "center"
      },
      "geometry": {
        "type": "Point",
        "coordinates": [
          -117.487651,
          33.7752946
        ]
      },
      "id": "way/79156976"
    },
    {
      "type": "Feature",
      "properties": {
        "@id": "way/79876667",
        "addr:city": "Temecula",
        "addr:housenumber": "33125",
        "addr:postcode": "92592",
        "addr:state": "CA",
        "addr:street": "Temecula Parkway",
        "amenity": "fast_food",
        "brand": "Carl's Jr.",
        "brand:wikidata": "Q1043486",
        "building": "yes",
        "cuisine": "burger",
        "drive_through": "yes",
        "name": "Carl's Jr.",
        "phone": "+1 951-302-2514",
        "ref": "1101410",
        "source": "bing_imagery_0.25m_201005;survey;image",
        "source_ref": "AM909_DSCX3225",
        "takeaway": "yes",
        "toilets": "yes",
        "toilets:access": "permissive",
        "website": "https://locations.carlsjr.com/ca/temecula/33125-temecula-pkwy",
        "@geometry": "center"
      },
      "geometry": {
        "type": "Point",
        "coordinates": [
          -117.0808003,
          33.485221
        ]
      },
      "id": "way/79876667"
    },
    {
      "type": "Feature",
      "properties": {
        "@id": "way/82148505",
        "addr:city": "El Centro",
        "addr:postcode": "92243",
        "addr:state": "CA",
        "addr:street": "South 4th Street",
        "amenity": "fast_food",
        "brand": "Carl's Jr.",
        "brand:wikidata": "Q1043486",
        "building": "yes",
        "check_date": "2010-10-19",
        "cuisine": "burger",
        "delivery": "no",
        "drive_through": "yes",
        "name": "Carl's Jr.",
        "outdoor_seating": "no",
        "takeaway": "yes",
        "@geometry": "center"
      },
      "geometry": {
        "type": "Point",
        "coordinates": [
          -115.5515621,
          32.7746419
        ]
      },
      "id": "way/82148505"
    },
    {
      "type": "Feature",
      "properties": {
        "@id": "way/82162071",
        "addr:city": "Phoenix",
        "addr:country": "US",
        "addr:housenumber": "2343",
        "addr:postcode": "85022",
        "addr:state": "AZ",
        "addr:street": "East Bell Road",
        "air_conditioning": "yes",
        "amenity": "fast_food",
        "brand": "Carl's Jr.",
        "brand:wikidata": "Q1043486",
        "building": "yes",
        "cuisine": "burger",
        "drive_through": "yes",
        "name": "Carl's Jr.",
        "phone": "+1 602-482-9869",
        "ref": "1101087",
        "source": "esri/USA_NAD_Addresses",
        "takeaway": "yes",
        "website": "https://locations.carlsjr.com/az/phoenix/2343-e-bell-rd",
        "@geometry": "center"
      },
      "geometry": {
        "type": "Point",
        "coordinates": [
          -112.0313664,
          33.640051
        ]
      },
      "id": "way/82162071"
    },
    {
      "type": "Feature",
      "properties": {
        "@id": "way/85226711",
        "addr:city": "Chico",
        "addr:housenumber": "1940",
        "addr:postcode": "95928",
        "addr:state": "CA",
        "addr:street": "East 20th Street",
        "amenity": "fast_food",
        "brand": "Carl's Jr.",
        "brand:wikidata": "Q1043486",
        "building": "retail",
        "cuisine": "burger",
        "drive_through": "yes",
        "indoor_seating": "yes",
        "name": "Carl's Jr.",
        "outdoor_seating": "yes",
        "phone": "+1 530-345-9643",
        "ref": "1100891",
        "takeaway": "yes",
        "website": "https://locations.carlsjr.com/ca/chico/1940-east-20th-st",
        "@geometry": "center"
      },
      "geometry": {
        "type": "Point",
        "coordinates": [
          -121.8058454,
          39.7275453
        ]
      },
      "id": "way/85226711"
    },
    {
      "type": "Feature",
      "properties": {
        "@id": "way/85227246",
        "addr:city": "Temecula",
        "addr:housenumber": "44515",
        "addr:postcode": "92592",
        "addr:state": "CA",
        "addr:street": "Bedford Court",
        "amenity": "fast_food",
        "brand": "Carl's Jr.",
        "brand:wikidata": "Q1043486",
        "building": "yes",
        "cuisine": "burger",
        "drive_through": "yes",
        "name": "Carl's Jr.",
        "phone": "+1 951-694-9196",
        "ref": "1100818",
        "source": "survey;bing_imagery",
        "source_ref": "vvvexp97",
        "takeaway": "yes",
        "website": "https://locations.carlsjr.com/ca/temecula/44515-bedford-ct",
        "@geometry": "center"
      },
      "geometry": {
        "type": "Point",
        "coordinates": [
          -117.1390199,
          33.4793267
        ]
      },
      "id": "way/85227246"
    },
    {
      "type": "Feature",
      "properties": {
        "@id": "way/86188007",
        "addr:city": "Auburn",
        "addr:housenumber": "2300",
        "addr:postcode": "95603",
        "addr:state": "CA",
        "addr:street": "Grass Valley Highway",
        "amenity": "fast_food",
        "brand": "Carl's Jr.",
        "brand:wikidata": "Q1043486",
        "building": "yes",
        "cuisine": "burger",
        "name": "Carl's Jr.",
        "phone": "+1 530-823-8802",
        "ref": "1100815",
        "takeaway": "yes",
        "website": "https://locations.carlsjr.com/ca/auburn/2300-grass-valley-highway",
        "@geometry": "center"
      },
      "geometry": {
        "type": "Point",
        "coordinates": [
          -121.092669,
          38.935119
        ]
      },
      "id": "way/86188007"
    },
    {
      "type": "Feature",
      "properties": {
        "@id": "way/86199473",
        "addr:city": "Hillsboro",
        "addr:housenumber": "2175",
        "addr:postcode": "97006",
        "addr:state": "OR",
        "addr:street": "Northeast Town Center Drive",
        "amenity": "fast_food",
        "brand": "Carl's Jr.",
        "brand:wikidata": "Q1043486",
        "building": "yes",
        "cuisine": "burger",
        "drive_through": "yes",
        "name": "Carl's Jr.",
        "opening_hours": "24/7",
        "phone": "+1 503-645-7194",
        "ref": "1100665",
        "takeaway": "yes",
        "website": "https://locations.carlsjr.com/or/hillsboro/2175-nw-town-center-dr",
        "@geometry": "center"
      },
      "geometry": {
        "type": "Point",
        "coordinates": [
          -122.8671324,
          45.5354415
        ]
      },
      "id": "way/86199473"
    },
    {
      "type": "Feature",
      "properties": {
        "@id": "way/86256837",
        "addr:city": "Roseville",
        "addr:housenumber": "4002",
        "addr:postcode": "95747",
        "addr:state": "CA",
        "addr:street": "Foothills Boulevard",
        "amenity": "fast_food",
        "branch": "The Green Burrito",
        "brand": "Carl's Jr.",
        "brand:wikidata": "Q1043486",
        "building": "yes",
        "cuisine": "burger",
        "name": "Carl's Jr.",
        "phone": "+1 916-773-7266",
        "ref": "1100616",
        "takeaway": "yes",
        "website": "https://www.carlsjr.com/",
        "wheelchair": "yes",
        "@geometry": "center"
      },
      "geometry": {
        "type": "Point",
        "coordinates": [
          -121.3098816,
          38.7527543
        ]
      },
      "id": "way/86256837"
    },
    {
      "type": "Feature",
      "properties": {
        "@id": "way/86297189",
        "addr:city": "Irvine",
        "addr:housenumber": "17971",
        "addr:postcode": "92614",
        "addr:state": "CA",
        "addr:street": "MacArthur Boulevard",
        "amenity": "fast_food",
        "brand": "Carl's Jr.",
        "brand:wikidata": "Q1043486",
        "building": "retail",
        "cuisine": "burger",
        "drive_through": "yes",
        "height": "6.85",
        "name": "Carl's Jr.",
        "phone": "+1 949-250-0210",
        "ref": "1100103",
        "takeaway": "yes",
        "website": "https://locations.carlsjr.com/ca/irvine/17971-macarthur-blvd",
        "@geometry": "center"
      },
      "geometry": {
        "type": "Point",
        "coordinates": [
          -117.8556046,
          33.6860647
        ]
      },
      "id": "way/86297189"
    },
    {
      "type": "Feature",
      "properties": {
        "@id": "way/87102918",
        "addr:city": "Rocklin",
        "addr:housenumber": "6608",
        "addr:postcode": "95765",
        "addr:state": "CA",
        "addr:street": "Lonetree Boulevard",
        "amenity": "fast_food",
        "brand": "Carl's Jr.",
        "brand:wikidata": "Q1043486",
        "building": "yes",
        "check_date": "2026-09-19",
        "check_date:opening_hours": "2026-09-19",
        "cuisine": "burger",
        "name": "Carl's Jr.",
        "opening_hours": "Su-Th 07:00-23:00; Fr-Sa 07:00-00:00",
        "phone": "+1 916-782-1755",
        "ref": "1100178",
        "takeaway": "yes",
        "website": "https://locations.carlsjr.com/ca/rocklin/6608-lonetree-blvd",
        "@geometry": "center"
      },
      "geometry": {
        "type": "Point",
        "coordinates": [
          -121.2937666,
          38.7997681
        ]
      },
      "id": "way/87102918"
    },
    {
      "type": "Feature",
      "properties": {
        "@id": "way/87788118",
        "addr:city": "Las Cruces",
        "addr:housenumber": "503",
        "addr:postcode": "88001",
        "addr:state": "NM",
        "addr:street": "South Solano Drive",
        "amenity": "fast_food",
        "brand": "Carl's Jr.",
        "brand:wikidata": "Q1043486",
        "building": "yes",
        "cuisine": "burger",
        "name": "Carl's Jr.",
        "operator": "Carl's Jr",
        "phone": "+1 575-647-8080",
        "ref": "1101385",
        "takeaway": "yes",
        "website": "https://locations.carlsjr.com/nm/las-cruces/503-s-solano",
        "@geometry": "center"
      },
      "geometry": {
        "type": "Point",
        "coordinates": [
          -106.7645873,
          32.3085516
        ]
      },
      "id": "way/87788118"
    },
    {
      "type": "Feature",
      "properties": {
        "@id": "way/91662968",
        "addr:city": "Tigard",
        "addr:housenumber": "17929",
        "addr:postcode": "97224",
        "addr:state": "OR",
        "addr:street": "Southwest McEwan Road",
        "amenity": "fast_food",
        "brand": "Carl's Jr.",
        "brand:wikidata": "Q1043486",
        "building": "yes",
        "cuisine": "burger",
        "drive_through": "yes",
        "name": "Carl's Jr.",
        "phone": "+1 503-598-9500",
        "ref": "1101449",
        "takeaway": "yes",
        "website": "https://locations.carlsjr.com/or/portland/17929-sw-mcewan-rd",
        "@geometry": "center"
      },
      "geometry": {
        "type": "Point",
        "coordinates": [
          -122.7448164,
          45.3954581
        ]
      },
      "id": "way/91662968"
    },
    {
      "type": "Feature",
      "properties": {
        "@id": "way/91800005",
        "amenity": "fast_food",
        "brand": "Carl's Jr.",
        "brand:wikidata": "Q1043486",
        "building": "retail",
        "building:levels": "1",
        "check_date": "2019-11-05",
        "cuisine": "burger",
        "drive_through": "yes",
        "name": "Carl's Jr.",
        "takeaway": "yes",
        "@geometry": "center"
      },
      "geometry": {
        "type": "Point",
        "coordinates": [
          -117.1771447,
          33.5569854
        ]
      },
      "id": "way/91800005"
    },
    {
      "type": "Feature",
      "properties": {
        "@id": "way/95469736",
        "addr:city": "Patterson",
        "addr:housenumber": "65",
        "addr:postcode": "95363-9513",
        "addr:state": "CA",
        "addr:street": "Rogers Road",
        "amenity": "fast_food",
        "brand": "Carl's Jr.",
        "brand:wikidata": "Q1043486",
        "building": "yes",
        "cuisine": "burger",
        "drive_through": "yes",
        "name": "Carl's Jr.",
        "phone": "+1 209-892-8383",
        "ref": "1101721",
        "takeaway": "yes",
        "website": "https://locations.carlsjr.com/ca/patterson/65-rogers-rd",
        "@geometry": "center"
      },
      "geometry": {
        "type": "Point",
        "coordinates": [
          -121.1760874,
          37.4654805
        ]
      },
      "id": "way/95469736"
    },
    {
      "type": "Feature",
      "properties": {
        "@id": "way/95474705",
        "addr:city": "Elk Grove",
        "addr:housenumber": "8722",
        "addr:postcode": "95624",
        "addr:state": "CA",
        "addr:street": "Elk Grove Boulevard",
        "amenity": "fast_food",
        "brand": "Carl's Jr.",
        "brand:wikidata": "Q1043486",
        "building": "yes",
        "cuisine": "burger",
        "drive_through": "yes",
        "name": "Carl's Jr.",
        "phone": "+1 916-685-1642",
        "ref": "1100557",
        "takeaway": "yes",
        "website": "https://locations.carlsjr.com/ca/elk-grove/8722-elk-grove-blvd",
        "@geometry": "center"
      },
      "geometry": {
        "type": "Point",
        "coordinates": [
          -121.3798116,
          38.4085937
        ]
      },
      "id": "way/95474705"
    },
    {
      "type": "Feature",
      "properties": {
        "@id": "way/95864346",
        "addr:city": "Yucca Valley",
        "addr:housenumber": "57222",
        "addr:postcode": "92284",
        "addr:state": "CA",
        "addr:street": "29 Palms Highway",
        "amenity": "fast_food",
        "brand": "Carl's Jr.",
        "brand:wikidata": "Q1043486",
        "building": "yes",
        "cuisine": "burger",
        "internet_access": "wlan",
        "name": "Carl's Jr.",
        "opening_hours": "Mo-Th 06:00-23:00",
        "phone": "+1 760-365-1437",
        "ref": "1100729",
        "source:name": "local_knowledge",
        "takeaway": "yes",
        "website": "https://locations.carlsjr.com/ca/yucca-valley/57222-29-palms-hwy",
        "@geometry": "center"
      },
      "geometry": {
        "type": "Point",
        "coordinates": [
          -116.4158477,
          34.1233912
        ]
      },
      "id": "way/95864346"
    },
    {
      "type": "Feature",
      "properties": {
        "@id": "way/95896980",
        "addr:city": "Vista",
        "addr:country": "US",
        "addr:housenumber": "1790",
        "addr:postcode": "92083",
        "addr:state": "CA",
        "addr:street": "University Drive",
        "amenity": "fast_food",
        "brand": "Carl's Jr.",
        "brand:wikidata": "Q1043486",
        "building": "yes",
        "cuisine": "burger",
        "drive_through": "yes",
        "name": "Carl's Jr.",
        "phone": "+1 760-414-9596",
        "ref": "1100648",
        "source": "SanGIS Business Sites Public Domain (http://www.sangis.org/);SanGIS Addresses Public Domain (http://www.sangis.org/)",
        "takeaway": "yes",
        "website": "https://locations.carlsjr.com/ca/vista/1790-university-dr",
        "@geometry": "center"
      },
      "geometry": {
        "type": "Point",
        "coordinates": [
          -117.2152593,
          33.1709014
        ]
      },
      "id": "way/95896980"
    },
    {
      "type": "Feature",
      "properties": {
        "@id": "way/97576436",
        "addr:city": "San Diego",
        "addr:country": "US",
        "addr:housenumber": "2935",
        "addr:postcode": "92019",
        "addr:state": "CA",
        "addr:street": "Jamacha Road",
        "amenity": "fast_food",
        "brand": "Carl's Jr.",
        "brand:wikidata": "Q1043486",
        "building": "yes",
        "cuisine": "burger",
        "drive_through": "yes",
        "name": "Carl's Jr.",
        "phone": "+1 619-660-7548",
        "ref": "1100418",
        "takeaway": "yes",
        "website": "https://locations.carlsjr.com/ca/san-diego/2935-jamacha-rd",
        "@geometry": "center"
      },
      "geometry": {
        "type": "Point",
        "coordinates": [
          -116.9400974,
          32.7396551
        ]
      },
      "id": "way/97576436"
    },
    {
      "type": "Feature",
      "properties": {
        "@id": "way/98572485",
        "addr:city": "Lost Hills",
        "addr:housenumber": "21937",
        "addr:postcode": "93249",
        "addr:state": "CA",
        "addr:street": "Paso Robles Highway",
        "air_conditioning": "yes",
        "amenity": "fast_food",
        "brand": "Carl's Jr.",
        "brand:wikidata": "Q1043486",
        "building": "retail",
        "building:levels": "1",
        "cuisine": "burger",
        "drive_through": "yes",
        "name": "Carl's Jr.",
        "phone": "+1 661-797-2542",
        "ref": "1100225",
        "smoking": "no",
        "takeaway": "yes",
        "website": "https://locations.carlsjr.com/ca/lost-hills/21937-highway-46",
        "wheelchair": "yes",
        "@geometry": "center"
      },
      "geometry": {
        "type": "Point",
        "coordinates": [
          -119.6600363,
          35.6156896
        ]
      },
      "id": "way/98572485"
    },
    {
      "type": "Feature",
      "properties": {
        "@id": "way/99657000",
        "addr:city": "San Jose",
        "addr:housenumber": "172",
        "addr:postcode": "95119",
        "addr:state": "CA",
        "addr:street": "Bernal Road",
        "amenity": "fast_food",
        "brand": "Carl's Jr.",
        "brand:wikidata": "Q1043486",
        "building": "yes",
        "cuisine": "burger",
        "drive_through": "yes",
        "ele": "69.24",
        "height": "3.23",
        "name": "Carl's Jr.",
        "official_name": "Carl’s Jr. 7048",
        "operator": "Tristar Foods LLC",
        "phone": "+1 408-225-5300",
        "ref": "7048",
        "takeaway": "yes",
        "website": "https://locations.carlsjr.com/ca/san-jose/172-bernal-rd",
        "@geometry": "center"
      },
      "geometry": {
        "type": "Point",
        "coordinates": [
          -121.7757978,
          37.2272972
        ]
      },
      "id": "way/99657000"
    },
    {
      "type": "Feature",
      "properties": {
        "@id": "way/100402539",
        "addr:city": "Poway",
        "addr:country": "US",
        "addr:housenumber": "14949",
        "addr:postcode": "92064",
        "addr:state": "CA",
        "addr:street": "Pomerado Road",
        "amenity": "fast_food",
        "brand": "Carl's Jr.",
        "brand:wikidata": "Q1043486",
        "building": "yes",
        "cuisine": "burger",
        "drive_through": "yes",
        "name": "Carl's Jr.",
        "phone": "+1 858-679-1663",
        "ref": "1100453",
        "source": "SanGIS Addresses Public Domain (http://www.sangis.org/);SanGIS Business Sites Public Domain (http://www.sangis.org/)",
        "takeaway": "yes",
        "website": "https://locations.carlsjr.com/ca/poway/14949-pomerado",
        "@geometry": "center"
      },
      "geometry": {
        "type": "Point",
        "coordinates": [
          -117.0618692,
          32.982289
        ]
      },
      "id": "way/100402539"
    },
    {
      "type": "Feature",
      "properties": {
        "@id": "way/101568545",
        "addr:city": "Irvine",
        "addr:housenumber": "6324",
        "addr:postcode": "92620",
        "addr:state": "CA",
        "addr:street": "Irvine Boulevard",
        "addr:unit": "Unit 235",
        "amenity": "fast_food",
        "brand": "Carl's Jr.",
        "brand:wikidata": "Q1043486",
        "building": "yes",
        "cuisine": "burger",
        "drive_through": "yes",
        "height": "7.4",
        "name": "Carl's Jr.",
        "phone": "+1 949-451-1679",
        "ref": "1100694",
        "takeaway": "yes",
        "website": "https://locations.carlsjr.com/ca/irvine/6324-irvine-blvd",
        "@geometry": "center"
      },
      "geometry": {
        "type": "Point",
        "coordinates": [
          -117.7412189,
          33.6956955
        ]
      },
      "id": "way/101568545"
    },
    {
      "type": "Feature",
      "properties": {
        "@id": "way/102249196",
        "addr:city": "Irvine",
        "addr:housenumber": "4960",
        "addr:postcode": "92604",
        "addr:state": "CA",
        "addr:street": "Barranca Parkway",
        "amenity": "fast_food",
        "brand": "Carl's Jr.",
        "brand:wikidata": "Q1043486",
        "building": "yes",
        "cuisine": "burger",
        "drive_through": "yes",
        "name": "Carl's Jr & Green Burrito",
        "phone": "+1 949-559-0882",
        "ref": "1100296",
        "takeaway": "yes",
        "website": "https://locations.carlsjr.com/ca/irvine/4960-barranca-parkway",
        "@geometry": "center"
      },
      "geometry": {
        "type": "Point",
        "coordinates": [
          -117.79454,
          33.6759081
        ]
      },
      "id": "way/102249196"
    },
    {
      "type": "Feature",
      "properties": {
        "@id": "way/102620265",
        "addr:city": "Provo",
        "addr:housenumber": "344",
        "addr:postcode": "84604",
        "addr:state": "UT",
        "addr:street": "West 1230 North",
        "amenity": "fast_food",
        "brand": "Carl's Jr.",
        "brand:wikidata": "Q1043486",
        "building": "yes",
        "cuisine": "burger",
        "drive_through": "yes",
        "name": "Carl's Jr.",
        "phone": "+1 801-370-9593",
        "ref": "1101363",
        "takeaway": "yes",
        "website": "https://locations.carlsjr.com/ut/provo/344-w-1230-n",
        "@geometry": "center"
      },
      "geometry": {
        "type": "Point",
        "coordinates": [
          -111.6649071,
          40.2509599
        ]
      },
      "id": "way/102620265"
    },
    {
      "type": "Feature",
      "properties": {
        "@id": "way/102946900",
        "addr:city": "Escondido",
        "addr:country": "US",
        "addr:housenumber": "1288",
        "addr:postcode": "92029",
        "addr:state": "CA",
        "addr:street": "Auto Park Way",
        "amenity": "fast_food",
        "brand": "Carl's Jr.",
        "brand:wikidata": "Q1043486",
        "building": "yes",
        "cuisine": "burger",
        "drive_through": "yes",
        "name": "Carl's Jr.",
        "phone": "+1 760-743-7571",
        "ref": "1100577",
        "source": "SanGIS Addresses Public Domain (http://www.sangis.org/)",
        "takeaway": "yes",
        "website": "https://locations.carlsjr.com/ca/escondido/1288-auto-park-way",
        "@geometry": "center"
      },
      "geometry": {
        "type": "Point",
        "coordinates": [
          -117.1005311,
          33.1140551
        ]
      },
      "id": "way/102946900"
    },
    {
      "type": "Feature",
      "properties": {
        "@id": "way/103761608",
        "addr:city": "Murrieta",
        "addr:housenumber": "40980",
        "addr:postcode": "92562",
        "addr:state": "CA",
        "addr:street": "California Oaks Road",
        "amenity": "fast_food",
        "brand": "Carl's Jr.",
        "brand:wikidata": "Q1043486",
        "building": "retail",
        "building:levels": "1",
        "cuisine": "burger",
        "drive_through": "yes",
        "indoor_seating": "yes",
        "kids_area:outdoor": "yes",
        "name": "Carl's Jr.",
        "outdoor_seating": "no",
        "phone": "+1 951-677-8344",
        "ref": "1101105",
        "takeaway": "yes",
        "website": "https://locations.carlsjr.com/ca/murrieta/40980-california-oaks-rd",
        "@geometry": "center"
      },
      "geometry": {
        "type": "Point",
        "coordinates": [
          -117.2053838,
          33.5675874
        ]
      },
      "id": "way/103761608"
    },
    {
      "type": "Feature",
      "properties": {
        "@id": "way/104449524",
        "addr:city": "Escondido",
        "addr:housenumber": "1280",
        "addr:postcode": "92027-2310",
        "addr:state": "CA",
        "addr:street": "East Valley Parkway",
        "amenity": "fast_food",
        "brand": "Carl's Jr.",
        "brand:wikidata": "Q1043486",
        "building": "yes",
        "cuisine": "burger",
        "drive_through": "yes",
        "name": "Carl's Jr. / Green Burrito",
        "phone": "+1 760-747-6116",
        "ref": "1100247",
        "source": "SanGIS Business Sites Public Domain (http://www.sangis.org/)",
        "website": "https://www.carlsjr.com/",
        "@geometry": "center"
      },
      "geometry": {
        "type": "Point",
        "coordinates": [
          -117.0658917,
          33.1313007
        ]
      },
      "id": "way/104449524"
    },
    {
      "type": "Feature",
      "properties": {
        "@id": "way/104882636",
        "addr:city": "Santa Clara",
        "addr:housenumber": "270",
        "addr:postcode": "95050-6629",
        "addr:state": "CA",
        "addr:street": "Saratoga Avenue",
        "amenity": "fast_food",
        "brand": "Carl's Jr.",
        "brand:wikidata": "Q1043486",
        "building": "yes",
        "cuisine": "burger",
        "drive_through": "yes",
        "name": "Carl's Jr.",
        "phone": "+1 408-243-1234",
        "ref": "1101034",
        "takeaway": "yes",
        "website": "https://locations.carlsjr.com/ca/santa-clara/270-saratoga-ave",
        "@geometry": "center"
      },
      "geometry": {
        "type": "Point",
        "coordinates": [
          -121.9653629,
          37.3293728
        ]
      },
      "id": "way/104882636"
    },
    {
      "type": "Feature",
      "properties": {
        "@id": "way/105108075",
        "addr:city": "Alpine",
        "addr:country": "US",
        "addr:housenumber": "1263",
        "addr:postcode": "91901",
        "addr:state": "CA",
        "addr:street": "Tavern Road",
        "amenity": "fast_food",
        "brand": "Carl's Jr.",
        "brand:wikidata": "Q1043486",
        "building": "yes",
        "cuisine": "burger",
        "name": "Carl's Jr.",
        "phone": "+1 619-659-0201",
        "ref": "1100629",
        "source": "SanGIS Business Sites Public Domain (http://www.sangis.org/);SanGIS Addresses Public Domain (http://www.sangis.org/)",
        "takeaway": "yes",
        "website": "https://locations.carlsjr.com/ca/alpine/1263-tavern-rd",
        "@geometry": "center"
      },
      "geometry": {
        "type": "Point",
        "coordinates": [
          -116.7781791,
          32.8387124
        ]
      },
      "id": "way/105108075"
    },
    {
      "type": "Feature",
      "properties": {
        "@id": "way/108781578",
        "addr:city": "Winchester",
        "addr:housenumber": "30604",
        "addr:postcode": "92596",
        "addr:state": "CA",
        "addr:street": "Benton Road",
        "amenity": "fast_food",
        "brand": "Carl's Jr.",
        "brand:wikidata": "Q1043486",
        "building": "yes",
        "cuisine": "burger",
        "drive_through": "yes",
        "name": "Carl's Jr.",
        "phone": "+1 951-926-2419",
        "ref": "1101519",
        "source": "bing_imagery_0.25m_201005;survey;image",
        "source_ref": "AM909_DSCX4547",
        "takeaway": "yes",
        "website": "https://locations.carlsjr.com/ca/winchester/30604-benton-rd",
        "@geometry": "center"
      },
      "geometry": {
        "type": "Point",
        "coordinates": [
          -117.1235767,
          33.591616
        ]
      },
      "id": "way/108781578"
    },
    {
      "type": "Feature",
      "properties": {
        "@id": "way/116428428",
        "addr:city": "Happy Valley",
        "addr:housenumber": "10100",
        "addr:postcode": "97086",
        "addr:state": "OR",
        "addr:street": "Southeast 82nd Avenue",
        "amenity": "fast_food",
        "brand": "Carl's Jr.",
        "brand:wikidata": "Q1043486",
        "building": "yes",
        "cuisine": "burger",
        "drive_through": "yes",
        "name": "Carl's Jr.",
        "phone": "+1 503-772-0177",
        "ref": "1101147",
        "takeaway": "yes",
        "website": "https://locations.carlsjr.com/or/portland/10100-se-82nd-ave",
        "@geometry": "center"
      },
      "geometry": {
        "type": "Point",
        "coordinates": [
          -122.5786136,
          45.4499552
        ]
      },
      "id": "way/116428428"
    },
    {
      "type": "Feature",
      "properties": {
        "@id": "way/116782622",
        "addr:city": "Alameda",
        "addr:housenumber": "871",
        "addr:postcode": "94501-1035",
        "addr:state": "CA",
        "addr:street": "Marina Village Parkway",
        "amenity": "fast_food",
        "brand": "Carl's Jr.",
        "brand:wikidata": "Q1043486",
        "building": "yes",
        "cuisine": "burger",
        "name": "Carl's Jr.",
        "phone": "+1-510-523-1464",
        "ref": "1100824",
        "takeaway": "yes",
        "website": "https://locations.carlsjr.com/ca/alameda/871-marina-village-parkway",
        "@geometry": "center"
      },
      "geometry": {
        "type": "Point",
        "coordinates": [
          -122.2725301,
          37.7830338
        ]
      },
      "id": "way/116782622"
    },
    {
      "type": "Feature",
      "properties": {
        "@id": "way/118513203",
        "addr:city": "Anaheim",
        "addr:housenumber": "1189",
        "addr:postcode": "92806",
        "addr:state": "CA",
        "addr:street": "So State College Boulevard",
        "amenity": "fast_food",
        "brand": "Carl's Jr.",
        "brand:wikidata": "Q1043486",
        "building": "yes",
        "cuisine": "burger",
        "drive_through": "yes",
        "name": "Carl's Jr.",
        "phone": "+1 714-533-3310",
        "ref": "1100124",
        "takeaway": "yes",
        "website": "https://locations.carlsjr.com/ca/anaheim/1189-so-state-college-blvd",
        "@geometry": "center"
      },
      "geometry": {
        "type": "Point",
        "coordinates": [
          -117.8896168,
          33.8188635
        ]
      },
      "id": "way/118513203"
    },
    {
      "type": "Feature",
      "properties": {
        "@id": "way/119707055",
        "addr:city": "Escondido",
        "addr:country": "US",
        "addr:housenumber": "555",
        "addr:postcode": "92025",
        "addr:state": "CA",
        "addr:street": "West Mission Avenue",
        "amenity": "fast_food",
        "brand": "Carl's Jr.",
        "brand:wikidata": "Q1043486",
        "building": "yes",
        "cuisine": "burger",
        "drive_through": "yes",
        "name": "Carl's Jr.",
        "phone": "+1 760-489-8757",
        "ref": "1100394",
        "source": "SanGIS Addresses Public Domain (http://www.sangis.org/)",
        "takeaway": "yes",
        "website": "https://locations.carlsjr.com/ca/escondido/555-west-mission-ave.",
        "@geometry": "center"
      },
      "geometry": {
        "type": "Point",
        "coordinates": [
          -117.0929287,
          33.1276523
        ]
      },
      "id": "way/119707055"
    },
    {
      "type": "Feature",
      "properties": {
        "@id": "way/120316791",
        "addr:city": "Denton",
        "addr:state": "TX",
        "addr:street": "South Loop 288",
        "amenity": "fast_food",
        "brand": "Carl's Jr.",
        "brand:wikidata": "Q1043486",
        "building": "yes",
        "check_date": "2015-01-22",
        "cuisine": "burger",
        "name": "Carl's Jr.",
        "takeaway": "yes",
        "@geometry": "center"
      },
      "geometry": {
        "type": "Point",
        "coordinates": [
          -97.0969404,
          33.1921052
        ]
      },
      "id": "way/120316791"
    },
    {
      "type": "Feature",
      "properties": {
        "@id": "way/120652999",
        "addr:city": "West Sacramento",
        "addr:housenumber": "854",
        "addr:postcode": "95691",
        "addr:state": "CA",
        "addr:street": "Harbor Boulevard",
        "amenity": "fast_food",
        "brand": "Carl's Jr.",
        "brand:wikidata": "Q1043486",
        "building": "yes",
        "cuisine": "burger",
        "name": "Carl's Jr./Green Burrito",
        "phone": "+1 916-371-2015",
        "ref": "1100346",
        "source": "City of West Sacramento GIS",
        "website": "https://locations.carlsjr.com/ca/west-sacramento/854-harbor-blvd",
        "@geometry": "center"
      },
      "geometry": {
        "type": "Point",
        "coordinates": [
          -121.549242,
          38.5772564
        ]
      },
      "id": "way/120652999"
    },
    {
      "type": "Feature",
      "properties": {
        "@id": "way/121017443",
        "addr:city": "Goleta",
        "addr:housenumber": "5820",
        "addr:postcode": "93117",
        "addr:state": "CA",
        "addr:street": "Calle Real",
        "amenity": "fast_food",
        "brand": "Carl's Jr.",
        "brand:wikidata": "Q1043486",
        "building": "yes",
        "check_date": "2026-08-06",
        "contact:yelp": "https://www.yelp.com/biz/carls-jr-goleta",
        "cuisine": "burger",
        "delivery": "yes",
        "drive_through": "yes",
        "name": "Carl's Jr.",
        "opening_hours": "08:00-21:45",
        "payment:cash": "yes",
        "payment:credit_cards": "yes",
        "payment:debit_cards": "yes",
        "phone": "+1-805-681-0584",
        "ref": "1100427",
        "takeaway": "yes",
        "website": "https://locations.carlsjr.com/ca/goleta/5820-calle-real/",
        "@geometry": "center"
      },
      "geometry": {
        "type": "Point",
        "coordinates": [
          -119.8261764,
          34.4417383
        ]
      },
      "id": "way/121017443"
    },
    {
      "type": "Feature",
      "properties": {
        "@id": "way/123169314",
        "addr:city": "Anaheim",
        "addr:housenumber": "2025",
        "addr:postcode": "92806",
        "addr:state": "CA",
        "addr:street": "East Katella Avenue",
        "amenity": "fast_food",
        "brand": "Carl's Jr.",
        "brand:wikidata": "Q1043486",
        "building": "retail",
        "cuisine": "burger",
        "diet:vegan": "yes",
        "diet:vegetarian": "yes",
        "drive_through": "yes",
        "name": "Carl's Jr.",
        "opening_hours": "Mo-Su 06:00-22:00",
        "phone": "+1 714-385-1504",
        "ref": "1100450",
        "takeaway": "yes",
        "website": "https://locations.carlsjr.com/ca/anaheim/2025-e-katella-ave",
        "wheelchair": "yes",
        "@geometry": "center"
      },
      "geometry": {
        "type": "Point",
        "coordinates": [
          -117.887962,
          33.8038587
        ]
      },
      "id": "way/123169314"
    },
    {
      "type": "Feature",
      "properties": {
        "@id": "way/123493969",
        "addr:city": "Eugene",
        "addr:housenumber": "3663",
        "addr:postcode": "97402",
        "addr:state": "OR",
        "addr:street": "West 11th Avenue",
        "amenity": "fast_food",
        "brand": "Carl's Jr.",
        "brand:wikidata": "Q1043486",
        "building": "yes",
        "cuisine": "burger",
        "drive_through": "yes",
        "name": "Carl's Jr.",
        "phone": "+1 541-485-4234",
        "ref": "1100844",
        "takeaway": "yes",
        "website": "https://locations.carlsjr.com/or/eugene/3663-w-11th-ave",
        "@geometry": "center"
      },
      "geometry": {
        "type": "Point",
        "coordinates": [
          -123.1475998,
          44.0483583
        ]
      },
      "id": "way/123493969"
    },
    {
      "type": "Feature",
      "properties": {
        "@id": "way/123820873",
        "addr:city": "Victorville",
        "addr:housenumber": "15277",
        "addr:postcode": "93534",
        "addr:state": "CA",
        "addr:street": "Hook Boulevard",
        "amenity": "fast_food",
        "brand": "Carl's Jr.",
        "brand:wikidata": "Q1043486",
        "building": "retail",
        "cuisine": "burger",
        "drive_through": "yes",
        "name": "Carl's Jr.",
        "phone": "+1 760-951-2318",
        "ref": "1100149",
        "takeaway": "yes",
        "website": "https://locations.carlsjr.com/ca/victorville/15277-hook-blvd",
        "@geometry": "center"
      },
      "geometry": {
        "type": "Point",
        "coordinates": [
          -117.3307903,
          34.5209987
        ]
      },
      "id": "way/123820873"
    },
    {
      "type": "Feature",
      "properties": {
        "@id": "way/124821691",
        "addr:city": "Anaheim",
        "addr:housenumber": "1200",
        "addr:postcode": "92801",
        "addr:state": "CA",
        "addr:street": "North Harbor Boulevard",
        "amenity": "fast_food",
        "brand": "Carl's Jr.",
        "brand:wikidata": "Q1043486",
        "building": "yes",
        "cuisine": "burger",
        "drive_through": "yes",
        "name": "Carl's Jr.",
        "opening_hours": "24/7",
        "phone": "+1 714-776-8054",
        "ref": "1100512",
        "takeaway": "yes",
        "website": "https://locations.carlsjr.com/ca/anaheim/1200-n-harbor-blvd",
        "@geometry": "center"
      },
      "geometry": {
        "type": "Point",
        "coordinates": [
          -117.9237016,
          33.8512057
        ]
      },
      "id": "way/124821691"
    },
    {
      "type": "Feature",
      "properties": {
        "@id": "way/125704096",
        "addr:city": "Escondido",
        "addr:country": "US",
        "addr:housenumber": "435",
        "addr:postcode": "92025",
        "addr:state": "CA",
        "addr:street": "West 13th Avenue",
        "amenity": "fast_food",
        "brand": "Carl's Jr.",
        "brand:wikidata": "Q1043486",
        "building": "yes",
        "cuisine": "burger",
        "drive_through": "yes",
        "name": "Carl's Jr.",
        "phone": "+1 760-741-3129",
        "ref": "1100192",
        "source": "SanGIS Addresses Public Domain (http://www.sangis.org/)",
        "takeaway": "yes",
        "website": "https://locations.carlsjr.com/ca/escondido/435-w-13th-ave",
        "@geometry": "center"
      },
      "geometry": {
        "type": "Point",
        "coordinates": [
          -117.0783375,
          33.1079992
        ]
      },
      "id": "way/125704096"
    },
    {
      "type": "Feature",
      "properties": {
        "@id": "way/128898403",
        "addr:city": "Sonora",
        "addr:housenumber": "1075",
        "addr:postcode": "95370",
        "addr:state": "CA",
        "addr:street": "Mono Way",
        "amenity": "fast_food",
        "brand": "Carl's Jr.",
        "brand:wikidata": "Q1043486",
        "building": "yes",
        "cuisine": "burger",
        "name": "Carl's Jr.",
        "phone": "+1 209-533-8857",
        "ref": "1100642",
        "takeaway": "yes",
        "website": "https://locations.carlsjr.com/ca/sonora/1075-mono-way",
        "@geometry": "center"
      },
      "geometry": {
        "type": "Point",
        "coordinates": [
          -120.3649832,
          37.9755956
        ]
      },
      "id": "way/128898403"
    },
    {
      "type": "Feature",
      "properties": {
        "@id": "way/129388904",
        "addr:city": "Adelanto",
        "addr:housenumber": "14292",
        "addr:postcode": "92301",
        "addr:state": "CA",
        "addr:street": "Highway 395",
        "amenity": "fast_food",
        "brand": "Carl's Jr.",
        "brand:wikidata": "Q1043486",
        "building": "retail",
        "cuisine": "burger",
        "name": "Carl's Jr.",
        "phone": "+1 760-246-4559",
        "ref": "1100039",
        "takeaway": "yes",
        "website": "https://locations.carlsjr.com/ca/adelanto/14292-us-highway-395",
        "@geometry": "center"
      },
      "geometry": {
        "type": "Point",
        "coordinates": [
          -117.4000133,
          34.510193
        ]
      },
      "id": "way/129388904"
    },
    {
      "type": "Feature",
      "properties": {
        "@id": "way/129475235",
        "addr:city": "El Paso",
        "addr:housenumber": "7910",
        "addr:postcode": "79932",
        "addr:state": "TX",
        "addr:street": "Artcraft Road",
        "amenity": "fast_food",
        "brand": "Carl's Jr.",
        "brand:wikidata": "Q1043486",
        "building": "yes",
        "cuisine": "burger",
        "drive_through": "yes",
        "name": "Carl's Jr.",
        "phone": "+1 915-845-1100",
        "ref": "1101587",
        "source": "Bing",
        "takeaway": "yes",
        "website": "https://locations.carlsjr.com/tx/el-paso/7910-artcraft-rd",
        "@geometry": "center"
      },
      "geometry": {
        "type": "Point",
        "coordinates": [
          -106.5834917,
          31.882433
        ]
      },
      "id": "way/129475235"
    },
    {
      "type": "Feature",
      "properties": {
        "@id": "way/130318888",
        "addr:city": "Phoenix",
        "addr:housenumber": "7610",
        "addr:postcode": "85033",
        "addr:state": "AZ",
        "addr:street": "West Thomas Road",
        "air_conditioning": "yes",
        "amenity": "fast_food",
        "brand": "Carl's Jr.",
        "brand:wikidata": "Q1043486",
        "building": "yes",
        "cuisine": "burger",
        "drive_through": "yes",
        "name": "Carl's Jr.",
        "phone": "+1 623-245-7015",
        "ref": "1101524",
        "source": "esri_USDOT_Arizona",
        "takeaway": "yes",
        "website": "https://locations.carlsjr.com/az/phoenix/7610-w-thomas",
        "@geometry": "center"
      },
      "geometry": {
        "type": "Point",
        "coordinates": [
          -112.2225681,
          33.4806123
        ]
      },
      "id": "way/130318888"
    },
    {
      "type": "Feature",
      "properties": {
        "@id": "way/130885329",
        "addr:city": "Newark",
        "addr:housenumber": "39901",
        "addr:postcode": "94560",
        "addr:state": "CA",
        "addr:street": "Balentine Road",
        "amenity": "fast_food",
        "brand": "Carl's Jr.",
        "brand:wikidata": "Q1043486",
        "building": "yes",
        "cuisine": "burger",
        "name": "Carl's Jr.",
        "phone": "+1 510-493-2342",
        "ref": "1101062",
        "takeaway": "yes",
        "website": "https://locations.carlsjr.com/ca/newark/39901-balentine-road",
        "@geometry": "center"
      },
      "geometry": {
        "type": "Point",
        "coordinates": [
          -121.992136,
          37.5213523
        ]
      },
      "id": "way/130885329"
    },
    {
      "type": "Feature",
      "properties": {
        "@id": "way/131466569",
        "addr:city": "Cedar Park",
        "addr:housenumber": "1315",
        "addr:postcode": "78613",
        "addr:state": "TX",
        "addr:street": "East Whitestone Boulevard",
        "amenity": "fast_food",
        "brand": "Carl's Jr.",
        "brand:wikidata": "Q1043486",
        "building": "yes",
        "cuisine": "burger",
        "name": "Carl's Jr.",
        "phone": "+1 512-259-5159",
        "ref": "1101757",
        "takeaway": "yes",
        "website": "https://locations.carlsjr.com/tx/cedar-park/1315-e-whitestone-blvd",
        "@geometry": "center"
      },
      "geometry": {
        "type": "Point",
        "coordinates": [
          -97.8149642,
          30.5262583
        ]
      },
      "id": "way/131466569"
    },
    {
      "type": "Feature",
      "properties": {
        "@id": "way/132296611",
        "addr:city": "Rohnert Park",
        "addr:housenumber": "6460",
        "addr:postcode": "94928",
        "addr:state": "CA",
        "addr:street": "Redwood Drive",
        "amenity": "fast_food",
        "brand": "Carl's Jr.",
        "brand:wikidata": "Q1043486",
        "building": "yes",
        "cuisine": "burger",
        "name": "Carl's Jr.",
        "phone": "+1 707-584-5727",
        "ref": "1100864",
        "takeaway": "yes",
        "website": "https://locations.carlsjr.com/ca/rohnert-park/6460-redwood-dr",
        "@geometry": "center"
      },
      "geometry": {
        "type": "Point",
        "coordinates": [
          -122.7161784,
          38.3466581
        ]
      },
      "id": "way/132296611"
    },
    {
      "type": "Feature",
      "properties": {
        "@id": "way/138230549",
        "addr:city": "Roseville",
        "addr:housenumber": "1701",
        "addr:postcode": "95661",
        "addr:state": "CA",
        "addr:street": "Douglas Boulevard",
        "amenity": "fast_food",
        "brand": "Carl's Jr.",
        "brand:wikidata": "Q1043486",
        "building": "retail",
        "cuisine": "burger",
        "name": "Carl's Jr.",
        "phone": "+1 916-782-7597",
        "ref": "1100184",
        "takeaway": "yes",
        "website": "https://locations.carlsjr.com/ca/roseville/1701-douglas-blvd",
        "@geometry": "center"
      },
      "geometry": {
        "type": "Point",
        "coordinates": [
          -121.2645785,
          38.744556
        ]
      },
      "id": "way/138230549"
    },
    {
      "type": "Feature",
      "properties": {
        "@id": "way/138358627",
        "addr:city": "Laguna Hills",
        "addr:housenumber": "24901",
        "addr:postcode": "92653",
        "addr:state": "CA",
        "addr:street": "Alicia Parkway",
        "amenity": "fast_food",
        "brand": "Carl's Jr.",
        "brand:wikidata": "Q1043486",
        "building": "yes",
        "cuisine": "burger",
        "drive_through": "yes",
        "height": "5.97",
        "name": "Carl's Jr.",
        "phone": "+1 949-951-3043",
        "ref": "1100888",
        "takeaway": "yes",
        "website": "https://locations.carlsjr.com/ca/laguna-hills/24901-alicia-pkwy",
        "@geometry": "center"
      },
      "geometry": {
        "type": "Point",
        "coordinates": [
          -117.692165,
          33.6003651
        ]
      },
      "id": "way/138358627"
    },
    {
      "type": "Feature",
      "properties": {
        "@id": "way/138487111",
        "addr:city": "Fremont",
        "addr:housename": "Carl's Jr.",
        "addr:housenumber": "46637",
        "addr:postcode": "94539",
        "addr:state": "CA",
        "addr:street": "Mission Boulevard",
        "amenity": "fast_food",
        "brand": "Carl's Jr.",
        "brand:wikidata": "Q1043486",
        "building": "retail",
        "cuisine": "burger",
        "name": "Carl's Jr.",
        "phone": "+1 510-493-2353",
        "ref": "1101063",
        "source": "Bing",
        "takeaway": "yes",
        "website": "https://locations.carlsjr.com/ca/fremont/46637-mission-blvd",
        "@geometry": "center"
      },
      "geometry": {
        "type": "Point",
        "coordinates": [
          -121.9288904,
          37.4909628
        ]
      },
      "id": "way/138487111"
    },
    {
      "type": "Feature",
      "properties": {
        "@id": "way/145431844",
        "addr:city": "Hayward",
        "addr:housenumber": "27467",
        "addr:postcode": "94545",
        "addr:state": "CA",
        "addr:street": "Hesperian Boulevard",
        "amenity": "fast_food",
        "brand": "Carl's Jr.",
        "brand:wikidata": "Q1043486",
        "building": "yes",
        "cuisine": "burger",
        "name": "Carl's Jr.",
        "phone": "+1 510-786-3440",
        "ref": "1101080",
        "takeaway": "yes",
        "website": "https://locations.carlsjr.com/ca/hayward/27467-hesperian-blvd",
        "@geometry": "center"
      },
      "geometry": {
        "type": "Point",
        "coordinates": [
          -122.0965662,
          37.6299324
        ]
      },
      "id": "way/145431844"
    },
    {
      "type": "Feature",
      "properties": {
        "@id": "way/151813212",
        "addr:city": "Phoenix",
        "addr:housenumber": "1753",
        "addr:postcode": "85015",
        "addr:state": "AZ",
        "addr:street": "West Bethany Home Road",
        "air_conditioning": "yes",
        "amenity": "fast_food",
        "brand": "Carl's Jr.",
        "brand:wikidata": "Q1043486",
        "building": "retail",
        "building:levels": "1",
        "check_date": "2022-12-20",
        "cuisine": "burger",
        "delivery": "no",
        "drive_through": "yes",
        "internet_access": "no",
        "name": "Carl's Jr.",
        "opening_hours": "Mo-Su 06:00-23:00+",
        "outdoor_seating": "no",
        "payment:cash": "yes",
        "payment:coins": "yes",
        "payment:credit_cards": "yes",
        "payment:debit_cards": "yes",
        "payment:mastercard": "yes",
        "payment:visa": "yes",
        "phone": "+1 602-249-8108",
        "ref": "1101717",
        "roof:levels": "0",
        "smoking": "no",
        "source": "esri/USA_NAD_Addresses",
        "takeaway": "yes",
        "website": "https://locations.carlsjr.com/az/phoenix/1753-w-bethany-home-rd",
        "wheelchair": "limited",
        "@geometry": "center"
      },
      "geometry": {
        "type": "Point",
        "coordinates": [
          -112.0979242,
          33.5236005
        ]
      },
      "id": "way/151813212"
    },
    {
      "type": "Feature",
      "properties": {
        "@id": "way/151966453",
        "addr:city": "Palm Desert",
        "addr:housenumber": "40050",
        "addr:postcode": "92203",
        "addr:state": "CA",
        "addr:street": "Washington Street",
        "amenity": "fast_food",
        "brand": "Carl's Jr.",
        "brand:wikidata": "Q1043486",
        "building": "yes",
        "cuisine": "burger",
        "drive_through": "yes",
        "name": "Carl's Jr.",
        "opening_hours": "24/7",
        "phone": "+1 760-345-5677",
        "ref": "1100811",
        "source": "Bing",
        "takeaway": "yes",
        "website": "https://locations.carlsjr.com/ca/bermuda-dunes/40050-washington",
        "@geometry": "center"
      },
      "geometry": {
        "type": "Point",
        "coordinates": [
          -116.3024263,
          33.7571607
        ]
      },
      "id": "way/151966453"
    },
    {
      "type": "Feature",
      "properties": {
        "@id": "way/152881323",
        "addr:city": "Glendale",
        "addr:housenumber": "5775",
        "addr:postcode": "85301",
        "addr:state": "AZ",
        "addr:street": "West Northern Avenue",
        "air_conditioning": "yes",
        "amenity": "fast_food",
        "brand": "Carl's Jr.",
        "brand:wikidata": "Q1043486",
        "building": "yes",
        "check_date": "2022-12-19",
        "cuisine": "burger",
        "delivery": "no",
        "drive_through": "yes",
        "highchair": "no",
        "internet_access": "no",
        "level": "1",
        "name": "Carl's Jr.",
        "payment:cash": "yes",
        "payment:coins": "yes",
        "payment:credit_cards": "yes",
        "payment:debit_cards": "yes",
        "payment:mastercard": "yes",
        "payment:visa": "yes",
        "phone": "+1 623-915-7586",
        "ref": "1101537",
        "takeaway": "yes",
        "website": "https://locations.carlsjr.com/az/glendale/5775-w-northern-ave",
        "wheelchair": "limited",
        "@geometry": "center"
      },
      "geometry": {
        "type": "Point",
        "coordinates": [
          -112.1829183,
          33.5527273
        ]
      },
      "id": "way/152881323"
    },
    {
      "type": "Feature",
      "properties": {
        "@id": "way/152954427",
        "addr:city": "Seaside",
        "addr:housenumber": "1142",
        "addr:postcode": "93955",
        "addr:state": "CA",
        "addr:street": "Fremont Boulevard",
        "amenity": "fast_food",
        "brand": "Carl's Jr.",
        "brand:wikidata": "Q1043486",
        "building": "yes",
        "cuisine": "burger",
        "drive_through": "yes",
        "name": "Carl's Jr.",
        "phone": "+1 831-899-9328",
        "ref": "1100803",
        "takeaway": "yes",
        "website": "https://locations.carlsjr.com/ca/seaside/1142-fremont-blvd",
        "@geometry": "center"
      },
      "geometry": {
        "type": "Point",
        "coordinates": [
          -121.8490647,
          36.6010676
        ]
      },
      "id": "way/152954427"
    },
    {
      "type": "Feature",
      "properties": {
        "@id": "way/157338784",
        "addr:city": "Salt Lake City",
        "addr:housenumber": "1726",
        "addr:postcode": "84116",
        "addr:state": "UT",
        "addr:street": "West North Temple",
        "amenity": "fast_food",
        "brand": "Carl's Jr.",
        "brand:wikidata": "Q1043486",
        "building": "retail",
        "building:levels": "1",
        "check_date": "2025-05-30",
        "cuisine": "burger",
        "delivery": "no",
        "drive_through": "yes",
        "internet_access": "no",
        "name": "Carl's Jr.",
        "opening_hours": "06:00-23:00",
        "operator": "Carl's Jr.",
        "outdoor_seating": "yes",
        "phone": "+1 801-333-3175",
        "ref": "1100021",
        "roof:shape": "flat",
        "smoking": "outside",
        "takeaway": "yes",
        "website": "https://locations.carlsjr.com/ut/salt-lake-city/1726-w-north-temple",
        "wheelchair": "yes",
        "@geometry": "center"
      },
      "geometry": {
        "type": "Point",
        "coordinates": [
          -111.9405442,
          40.7720712
        ]
      },
      "id": "way/157338784"
    },
    {
      "type": "Feature",
      "properties": {
        "@id": "way/158085528",
        "addr:city": "Anaheim",
        "addr:housenumber": "2119",
        "addr:postcode": "92802",
        "addr:state": "CA",
        "addr:street": "South Harbor Boulevard",
        "amenity": "fast_food",
        "brand": "Carl's Jr.",
        "brand:wikidata": "Q1043486",
        "building": "retail",
        "building:levels": "1",
        "cuisine": "burger",
        "drive_through": "yes",
        "name": "Carl's Jr.",
        "opening_hours": "24/7",
        "phone": "+1 714-971-5641",
        "ref": "1100027",
        "takeaway": "yes",
        "website": "https://locations.carlsjr.com/ca/anaheim/2119-s-harbor-blvd",
        "@geometry": "center"
      },
      "geometry": {
        "type": "Point",
        "coordinates": [
          -117.9154399,
          33.7953622
        ]
      },
      "id": "way/158085528"
    },
    {
      "type": "Feature",
      "properties": {
        "@id": "way/158274729",
        "addr:city": "Folsom",
        "addr:housenumber": "2515",
        "addr:postcode": "95630",
        "addr:state": "CA",
        "addr:street": "Iron Point Road",
        "amenity": "fast_food",
        "brand": "Carl's Jr.",
        "brand:wikidata": "Q1043486",
        "building": "yes",
        "cuisine": "burger",
        "drive_through": "yes",
        "name": "Carl's Jr.",
        "phone": "+1 916-983-0461",
        "ref": "1100336",
        "takeaway": "yes",
        "website": "https://locations.carlsjr.com/ca/folsom/2515-iron-point-rd",
        "@geometry": "center"
      },
      "geometry": {
        "type": "Point",
        "coordinates": [
          -121.1175818,
          38.6458091
        ]
      },
      "id": "way/158274729"
    },
    {
      "type": "Feature",
      "properties": {
        "@id": "way/160147932",
        "addr:city": "Douglas",
        "addr:housenumber": "105",
        "addr:postcode": "85607",
        "addr:state": "AZ",
        "addr:street": "East 5th Street",
        "amenity": "fast_food",
        "brand": "Carl's Jr.",
        "brand:wikidata": "Q1043486",
        "building": "yes",
        "cuisine": "burger",
        "name": "Carl's Jr.",
        "phone": "+1 520-364-3691",
        "ref": "1101816",
        "takeaway": "yes",
        "website": "https://locations.carlsjr.com/az/douglas/105-e-5th-st",
        "@geometry": "center"
      },
      "geometry": {
        "type": "Point",
        "coordinates": [
          -109.5597685,
          31.3388709
        ]
      },
      "id": "way/160147932"
    },
    {
      "type": "Feature",
      "properties": {
        "@id": "way/162932223",
        "addr:city": "Henderson",
        "addr:housenumber": "715",
        "addr:postcode": "89052",
        "addr:state": "NV",
        "addr:street": "Green Valley Parkway",
        "amenity": "fast_food",
        "brand": "Carl's Jr.",
        "brand:wikidata": "Q1043486",
        "building": "yes",
        "cuisine": "burger",
        "name": "Carl's Jr.",
        "phone": "+1 702-240-0104",
        "ref": "1101884",
        "review": "no",
        "source": "Bing",
        "takeaway": "yes",
        "website": "https://locations.carlsjr.com/nv/henderson/715-s-green-valley-pkwy",
        "@geometry": "center"
      },
      "geometry": {
        "type": "Point",
        "coordinates": [
          -115.0836063,
          36.0019749
        ]
      },
      "id": "way/162932223"
    },
    {
      "type": "Feature",
      "properties": {
        "@id": "way/162975466",
        "addr2:street": "Harrison Street",
        "addr:city": "Coachella",
        "addr:country": "US",
        "addr:county": "Riverside",
        "addr:housenumber": "50057",
        "addr:postcode": "92236",
        "addr:state": "CA",
        "addr:street": "Cesar Chavez Street",
        "amenity": "fast_food",
        "brand": "Carl's Jr.",
        "brand:wikidata": "Q1043486",
        "building": "retail",
        "cuisine": "burger",
        "drive_through": "yes",
        "name": "Carl's Jr.",
        "phone": "+1 760-398-6636",
        "ref": "1100895",
        "source": "image;local_knowledge;RCTLMA_GIS",
        "takeaway": "yes",
        "website": "https://locations.carlsjr.com/ca/coachella/50-087-harrison-st",
        "wheelchair": "yes",
        "@geometry": "center"
      },
      "geometry": {
        "type": "Point",
        "coordinates": [
          -116.1819789,
          33.6836578
        ]
      },
      "id": "way/162975466"
    },
    {
      "type": "Feature",
      "properties": {
        "@id": "way/164860599",
        "addr:city": "Paso Robles",
        "addr:housenumber": "2201",
        "addr:postcode": "93446-9613",
        "addr:state": "CA",
        "addr:street": "Theatre Drive",
        "amenity": "fast_food",
        "brand": "Carl's Jr.",
        "brand:wikidata": "Q1043486",
        "building": "retail",
        "building:levels": "1",
        "cuisine": "burger",
        "drive_through": "yes",
        "name": "Carl's Jr.",
        "phone": "+1 805-227-4732",
        "ref": "1100057",
        "roof:levels": "0",
        "source": "City of Paso Robles",
        "takeaway": "yes",
        "website": "https://locations.carlsjr.com/ca/paso-robles/2201-theatre-dr",
        "@geometry": "center"
      },
      "geometry": {
        "type": "Point",
        "coordinates": [
          -120.6969898,
          35.5847018
        ]
      },
      "id": "way/164860599"
    },
    {
      "type": "Feature",
      "properties": {
        "@id": "way/164871743",
        "addr:city": "Paso Robles",
        "addr:housenumber": "2725",
        "addr:postcode": "93446-1315",
        "addr:state": "CA",
        "addr:street": "Black Oak Drive",
        "amenity": "fast_food",
        "brand": "Carl's Jr.",
        "brand:wikidata": "Q1043486",
        "building": "commercial",
        "building:levels": "1",
        "cuisine": "burger",
        "delivery": "no",
        "drive_through": "yes",
        "height": "4",
        "name": "Carl's Jr.",
        "phone": "+1 805-238-4967",
        "ref": "1100325",
        "smoking": "outside",
        "source": "City of Paso Robles",
        "takeaway": "yes",
        "website": "https://locations.carlsjr.com/ca/paso-robles/2725-black-oak-drive",
        "wheelchair": "yes",
        "@geometry": "center"
      },
      "geometry": {
        "type": "Point",
        "coordinates": [
          -120.686717,
          35.6434465
        ]
      },
      "id": "way/164871743"
    },
    {
      "type": "Feature",
      "properties": {
        "@id": "way/170296418",
        "addr:city": "Apache Junction",
        "addr:housenumber": "2933",
        "addr:postcode": "85119",
        "addr:state": "AZ",
        "addr:street": "South Tomahawk Road",
        "air_conditioning": "yes",
        "amenity": "fast_food",
        "brand": "Carl's Jr.",
        "brand:wikidata": "Q1043486",
        "building": "retail",
        "cuisine": "burger",
        "drive_through": "yes",
        "name": "Carl's Jr.",
        "phone": "+1 480-982-5815",
        "ref": "1101601",
        "takeaway": "yes",
        "website": "https://locations.carlsjr.com/az/apache-junction/2933-s-tomahawk-rd",
        "@geometry": "center"
      },
      "geometry": {
        "type": "Point",
        "coordinates": [
          -111.5279848,
          33.3884704
        ]
      },
      "id": "way/170296418"
    },
    {
      "type": "Feature",
      "properties": {
        "@id": "way/170949378",
        "addr:city": "Garden Grove",
        "addr:housenumber": "13011",
        "addr:postcode": "92843",
        "addr:state": "CA",
        "addr:street": "Harbor Boulevard",
        "amenity": "fast_food",
        "brand": "Carl's Jr.",
        "brand:wikidata": "Q1043486",
        "building": "yes",
        "cuisine": "burger",
        "drive_through": "yes",
        "name": "Carl's Jr.",
        "phone": "+1 714-537-8455",
        "ref": "1100536",
        "takeaway": "yes",
        "website": "https://locations.carlsjr.com/ca/garden-grove/13011-harbor-boulevard",
        "@geometry": "center"
      },
      "geometry": {
        "type": "Point",
        "coordinates": [
          -117.9208333,
          33.774087
        ]
      },
      "id": "way/170949378"
    },
    {
      "type": "Feature",
      "properties": {
        "@id": "way/171265267",
        "addr:city": "Garden Grove",
        "addr:housenumber": "11051",
        "addr:postcode": "92840",
        "addr:state": "CA",
        "addr:street": "Euclid Avenue",
        "amenity": "fast_food",
        "brand": "Carl's Jr.",
        "brand:wikidata": "Q1043486",
        "building": "yes",
        "cuisine": "burger",
        "drive_through": "yes",
        "name": "Carl's Jr.",
        "phone": "+1 714-636-6100",
        "ref": "1100006",
        "takeaway": "yes",
        "website": "https://locations.carlsjr.com/ca/garden-grove/11051-euclid-ave",
        "@geometry": "center"
      },
      "geometry": {
        "type": "Point",
        "coordinates": [
          -117.9418892,
          33.8023703
        ]
      },
      "id": "way/171265267"
    },
    {
      "type": "Feature",
      "properties": {
        "@id": "way/171326378",
        "addr:city": "El Paso",
        "addr:housenumber": "1490",
        "addr:postcode": "79936",
        "addr:state": "TX",
        "addr:street": "North Zaragoza Road",
        "amenity": "fast_food",
        "brand": "Carl's Jr.",
        "brand:wikidata": "Q1043486",
        "building": "yes",
        "cuisine": "burger",
        "drive_through": "yes",
        "name": "Carl's Jr.",
        "phone": "+1-915-921-1504",
        "ref": "1101354",
        "takeaway": "yes",
        "website": "https://locations.carlsjr.com/tx/el-paso/1490-n-zaragoza-rd",
        "@geometry": "center"
      },
      "geometry": {
        "type": "Point",
        "coordinates": [
          -106.2917163,
          31.7374476
        ]
      },
      "id": "way/171326378"
    },
    {
      "type": "Feature",
      "properties": {
        "@id": "way/171699659",
        "addr:city": "Albuquerque",
        "addr:housenumber": "800",
        "addr:postcode": "87102",
        "addr:state": "NM",
        "addr:street": "Broadway Boulevard Northeast",
        "amenity": "fast_food",
        "brand": "Carl's Jr.",
        "brand:wikidata": "Q1043486",
        "building": "yes",
        "cuisine": "burger",
        "drive_through": "yes",
        "name": "Carl's Jr.",
        "phone": "+1 505-243-0170",
        "ref": "1101594",
        "takeaway": "yes",
        "website": "https://locations.carlsjr.com/nm/albuquerque/800-broadway-blvd-ne",
        "@geometry": "center"
      },
      "geometry": {
        "type": "Point",
        "coordinates": [
          -106.6429239,
          35.0909016
        ]
      },
      "id": "way/171699659"
    },
    {
      "type": "Feature",
      "properties": {
        "@id": "way/171967713",
        "addr:city": "Nipomo",
        "addr:housenumber": "502",
        "addr:postcode": "93444-8946",
        "addr:state": "CA",
        "addr:street": "West Tefft Street",
        "amenity": "fast_food",
        "brand": "Carl's Jr.",
        "brand:wikidata": "Q1043486",
        "building": "yes",
        "cuisine": "burger",
        "drive_through": "yes",
        "name": "Carl's Jr.",
        "phone": "+1 805-929-5916",
        "ref": "1100484",
        "takeaway": "yes",
        "website": "https://locations.carlsjr.com/ca/nipomo/510-w-tefft-st",
        "@geometry": "center"
      },
      "geometry": {
        "type": "Point",
        "coordinates": [
          -120.485754,
          35.0367643
        ]
      },
      "id": "way/171967713"
    },
    {
      "type": "Feature",
      "properties": {
        "@id": "way/172459593",
        "addr:city": "Santa Clara",
        "addr:housenumber": "2900",
        "addr:postcode": "95051",
        "addr:state": "CA",
        "addr:street": "Bowers Avenue",
        "amenity": "fast_food",
        "brand": "Carl's Jr.",
        "brand:wikidata": "Q1043486",
        "building": "yes",
        "check_date": "2023-07-06",
        "cuisine": "burger",
        "name": "Carl's Jr.",
        "phone": "+1 408-727-6660",
        "ref": "1101036",
        "takeaway": "yes",
        "website": "https://locations.carlsjr.com/ca/santa-clara/2900-bowers-ave",
        "@geometry": "center"
      },
      "geometry": {
        "type": "Point",
        "coordinates": [
          -121.9783677,
          37.3745414
        ]
      },
      "id": "way/172459593"
    },
    {
      "type": "Feature",
      "properties": {
        "@id": "way/172476833",
        "addr:city": "Anaheim",
        "addr:housenumber": "275",
        "addr:postcode": "92805",
        "addr:state": "CA",
        "addr:street": "Harbor Boulevard",
        "amenity": "fast_food",
        "brand": "Carl's Jr.",
        "brand:wikidata": "Q1043486",
        "building": "yes",
        "cuisine": "burger",
        "drive_through": "no",
        "name": "Carl's Jr.",
        "phone": "+1 714-635-1480",
        "ref": "1100001",
        "takeaway": "yes",
        "website": "https://locations.carlsjr.com/ca/anaheim/275-s-harbor-blvd",
        "@geometry": "center"
      },
      "geometry": {
        "type": "Point",
        "coordinates": [
          -117.9192307,
          33.8321579
        ]
      },
      "id": "way/172476833"
    },
    {
      "type": "Feature",
      "properties": {
        "@id": "way/172570127",
        "addr:city": "Fullerton",
        "addr:housenumber": "800",
        "addr:postcode": "92831-3547",
        "addr:state": "CA",
        "addr:street": "North State College Boulevard",
        "air_conditioning": "yes",
        "amenity": "fast_food",
        "brand": "Carl's Jr.",
        "brand:wikidata": "Q1043486",
        "building": "yes",
        "changing_table": "no",
        "cuisine": "burger",
        "diet:gluten_free": "yes",
        "diet:vegan": "yes",
        "diet:vegetarian": "yes",
        "drive_through": "no",
        "indoor_seating": "yes",
        "name": "Carl's Jr.",
        "opening_hours": "Mo-Fr 08:00-19:00",
        "outdoor_seating": "yes",
        "phone": "+1 657-278-3880",
        "ref": "1100816",
        "smoking": "no",
        "takeaway": "yes",
        "website": "https://locations.carlsjr.com/ca/fullerton/800-n-state-college-blvd",
        "@geometry": "center"
      },
      "geometry": {
        "type": "Point",
        "coordinates": [
          -117.8838366,
          33.8793923
        ]
      },
      "id": "way/172570127"
    },
    {
      "type": "Feature",
      "properties": {
        "@id": "way/174870864",
        "addr:city": "Yuma",
        "addr:housenumber": "1020",
        "addr:postcode": "85365",
        "addr:state": "AZ",
        "addr:street": "East 16th Street",
        "amenity": "fast_food",
        "brand": "Carl's Jr.",
        "brand:wikidata": "Q1043486",
        "building": "retail",
        "cuisine": "burger",
        "name": "Carl's Jr.",
        "phone": "+1 928-329-1711",
        "ref": "1101353",
        "source": "Bing",
        "source:name": "local_knowledge",
        "takeaway": "yes",
        "website": "https://locations.carlsjr.com/az/yuma/1020-e.-16th-street",
        "@geometry": "center"
      },
      "geometry": {
        "type": "Point",
        "coordinates": [
          -114.610199,
          32.6991289
        ]
      },
      "id": "way/174870864"
    },
    {
      "type": "Feature",
      "properties": {
        "@id": "way/175482047",
        "addr:city": "Barstow",
        "addr:country": "US",
        "addr:housenumber": "2856",
        "addr:postcode": "92311",
        "addr:state": "CA",
        "addr:street": "Lenwood Road",
        "amenity": "fast_food",
        "brand": "Carl's Jr.",
        "brand:wikidata": "Q1043486",
        "building": "retail",
        "cuisine": "burger",
        "name": "Carl's Jr.",
        "phone": "+1 760-253-4846",
        "ref": "1100636",
        "source:name": "local_knowledge",
        "takeaway": "yes",
        "website": "https://locations.carlsjr.com/ca/barstow/2856-lenwood-road",
        "@geometry": "center"
      },
      "geometry": {
        "type": "Point",
        "coordinates": [
          -117.0835179,
          34.8510119
        ]
      },
      "id": "way/175482047"
    },
    {
      "type": "Feature",
      "properties": {
        "@id": "way/178723015",
        "addr:city": "Quartzsite",
        "addr:country": "US",
        "addr:housenumber": "1451",
        "addr:postcode": "85346",
        "addr:state": "AZ",
        "addr:street": "West Main Street",
        "amenity": "fast_food",
        "brand": "Carl's Jr.",
        "brand:wikidata": "Q1043486",
        "building": "retail",
        "contact:phone": "+1 928-927-5177",
        "contact:website": "https://locations.carlsjr.com/az/quartzsite/1451-w-main-st",
        "cuisine": "burger",
        "drive_through": "yes",
        "name": "Carl's Jr.",
        "ref": "1101608",
        "takeaway": "yes",
        "@geometry": "center"
      },
      "geometry": {
        "type": "Point",
        "coordinates": [
          -114.241868,
          33.6612316
        ]
      },
      "id": "way/178723015"
    },
    {
      "type": "Feature",
      "properties": {
        "@id": "way/181550557",
        "addr:city": "Fountain Valley",
        "addr:housenumber": "17099",
        "addr:postcode": "92708",
        "addr:state": "CA",
        "addr:street": "Brookhurst Street",
        "amenity": "fast_food",
        "brand": "Carl's Jr.",
        "brand:wikidata": "Q1043486",
        "building": "yes",
        "cuisine": "burger",
        "drive_through": "yes",
        "height": "7.1",
        "name": "Carl's Jr.",
        "phone": "+1 714-965-0293",
        "ref": "1100036",
        "takeaway": "yes",
        "website": "https://locations.carlsjr.com/ca/fountain-valley/17085-brookhurst-st",
        "@geometry": "center"
      },
      "geometry": {
        "type": "Point",
        "coordinates": [
          -117.9549256,
          33.714453
        ]
      },
      "id": "way/181550557"
    },
    {
      "type": "Feature",
      "properties": {
        "@id": "way/182218063",
        "addr:city": "Salem",
        "addr:housenumber": "1450",
        "addr:postcode": "97306-1148",
        "addr:state": "OR",
        "addr:street": "Baxter Road Southeast",
        "amenity": "fast_food",
        "brand": "Carl's Jr.",
        "brand:wikidata": "Q1043486",
        "building": "yes",
        "cuisine": "burger",
        "name": "Carl's Jr.",
        "phone": "+1 503-362-7177",
        "ref": "1101346",
        "takeaway": "yes",
        "website": "https://locations.carlsjr.com/or/salem/1450-baxter-rd-se",
        "@geometry": "center"
      },
      "geometry": {
        "type": "Point",
        "coordinates": [
          -123.0268439,
          44.8772507
        ]
      },
      "id": "way/182218063"
    },
    {
      "type": "Feature",
      "properties": {
        "@id": "way/184314006",
        "addr:city": "Orange",
        "addr:housenumber": "450",
        "addr:postcode": "92868",
        "addr:state": "CA",
        "addr:street": "The City Drive South",
        "amenity": "fast_food",
        "brand": "Carl's Jr.",
        "brand:wikidata": "Q1043486",
        "building": "yes",
        "cuisine": "burger",
        "drive_through": "yes",
        "name": "Carl's Jr.",
        "phone": "+1 714-939-8560",
        "ref": "1100004",
        "takeaway": "yes",
        "website": "https://locations.carlsjr.com/ca/orange/450-the-city-drive-s",
        "@geometry": "center"
      },
      "geometry": {
        "type": "Point",
        "coordinates": [
          -117.8893595,
          33.7815485
        ]
      },
      "id": "way/184314006"
    },
    {
      "type": "Feature",
      "properties": {
        "@id": "way/184336334",
        "addr:city": "Orange",
        "addr:housenumber": "402",
        "addr:postcode": "92868",
        "addr:state": "CA",
        "addr:street": "South Main Street",
        "amenity": "fast_food",
        "brand": "Carl's Jr.",
        "brand:wikidata": "Q1043486",
        "building": "yes",
        "cuisine": "burger",
        "drive_through": "yes",
        "name": "Carl's Jr.",
        "phone": "+1 714-939-6674",
        "ref": "1100392",
        "takeaway": "yes",
        "website": "https://locations.carlsjr.com/ca/orange/402-s-main-st",
        "@geometry": "center"
      },
      "geometry": {
        "type": "Point",
        "coordinates": [
          -117.8678341,
          33.7820927
        ]
      },
      "id": "way/184336334"
    },
    {
      "type": "Feature",
      "properties": {
        "@id": "way/184491815",
        "addr:city": "Westminster",
        "addr:housenumber": "6751",
        "addr:postcode": "92683",
        "addr:state": "CA",
        "addr:street": "Westminster Boulevard",
        "amenity": "fast_food",
        "brand": "Carl's Jr.",
        "brand:wikidata": "Q1043486",
        "building": "yes",
        "cuisine": "burger",
        "drive_through": "yes",
        "name": "Carl's Jr.",
        "phone": "+1 714-892-8214",
        "ref": "1100638",
        "takeaway": "yes",
        "website": "https://locations.carlsjr.com/ca/westminster/6751-westminster-blvd",
        "@geometry": "center"
      },
      "geometry": {
        "type": "Point",
        "coordinates": [
          -118.0093652,
          33.759462
        ]
      },
      "id": "way/184491815"
    },
    {
      "type": "Feature",
      "properties": {
        "@id": "way/184517542",
        "addr:city": "Oklahoma City",
        "addr:housenumber": "112",
        "addr:postcode": "73103",
        "addr:state": "OK",
        "addr:street": "Northwest 23rd Street",
        "amenity": "fast_food",
        "brand": "Carl's Jr.",
        "brand:wikidata": "Q1043486",
        "building": "yes",
        "cuisine": "burger",
        "drive_through": "yes",
        "name": "Carl's Jr.",
        "phone": "+1 405-528-1720",
        "ref": "1101660",
        "takeaway": "yes",
        "website": "https://locations.carlsjr.com/ok/oklahoma-city/112-nw-23rd-st",
        "@geometry": "center"
      },
      "geometry": {
        "type": "Point",
        "coordinates": [
          -97.5144538,
          35.4930027
        ]
      },
      "id": "way/184517542"
    },
    {
      "type": "Feature",
      "properties": {
        "@id": "way/184681515",
        "addr:city": "Anaheim",
        "addr:housenumber": "1091",
        "addr:postcode": "92807",
        "addr:state": "CA",
        "addr:street": "North Tustin Avenue",
        "amenity": "fast_food",
        "brand": "Carl's Jr.",
        "brand:wikidata": "Q1043486",
        "building": "retail",
        "cuisine": "burger",
        "drive_through": "yes",
        "name": "Carl's Jr.",
        "phone": "+1 714-666-8934",
        "ref": "1100615",
        "takeaway": "yes",
        "website": "https://locations.carlsjr.com/ca/anaheim/1091-n-tustin-ave",
        "@geometry": "center"
      },
      "geometry": {
        "type": "Point",
        "coordinates": [
          -117.8388256,
          33.8550967
        ]
      },
      "id": "way/184681515"
    },
    {
      "type": "Feature",
      "properties": {
        "@id": "way/185690922",
        "addr:city": "Orange",
        "addr:housenumber": "3510",
        "addr:postcode": "92869",
        "addr:state": "CA",
        "addr:street": "East Chapman",
        "amenity": "fast_food",
        "brand": "Carl's Jr.",
        "brand:wikidata": "Q1043486",
        "building": "yes",
        "cuisine": "burger",
        "drive_through": "yes",
        "name": "Carl's Jr.",
        "phone": "+1 714-633-3450",
        "ref": "1100052",
        "takeaway": "yes",
        "website": "https://locations.carlsjr.com/ca/orange/3510-e-chapman",
        "@geometry": "center"
      },
      "geometry": {
        "type": "Point",
        "coordinates": [
          -117.8159345,
          33.7873173
        ]
      },
      "id": "way/185690922"
    },
    {
      "type": "Feature",
      "properties": {
        "@id": "way/186430631",
        "addr:city": "Colorado Springs",
        "addr:housenumber": "306",
        "addr:postcode": "80903",
        "addr:state": "CO",
        "addr:street": "North Nevada Avenue",
        "amenity": "fast_food",
        "brand": "Carl's Jr.",
        "brand:wikidata": "Q1043486",
        "building": "yes",
        "cuisine": "burger",
        "name": "Carl's Jr.",
        "phone": "+1 719-632-4945",
        "ref": "1101202",
        "source": "Bing",
        "takeaway": "yes",
        "website": "https://locations.carlsjr.com/co/colorado-springs/306-n-nevada-ave",
        "@geometry": "center"
      },
      "geometry": {
        "type": "Point",
        "coordinates": [
          -104.8219515,
          38.838467
        ]
      },
      "id": "way/186430631"
    },
    {
      "type": "Feature",
      "properties": {
        "@id": "way/186669221",
        "addr:city": "Orange",
        "addr:housenumber": "1522",
        "addr:postcode": "92867",
        "addr:state": "CA",
        "addr:street": "East Katella Avenue",
        "amenity": "fast_food",
        "brand": "Carl's Jr.",
        "brand:wikidata": "Q1043486",
        "building": "yes",
        "cuisine": "burger",
        "drive_through": "yes",
        "name": "Carl's Jr.",
        "phone": "+1 714-639-7025",
        "ref": "1100481",
        "takeaway": "yes",
        "website": "https://locations.carlsjr.com/ca/orange/1522-e-katella-ave",
        "@geometry": "center"
      },
      "geometry": {
        "type": "Point",
        "coordinates": [
          -117.8374896,
          33.8088097
        ]
      },
      "id": "way/186669221"
    },
    {
      "type": "Feature",
      "properties": {
        "@id": "way/186709024",
        "addr:city": "Big Bear Lake",
        "addr:housenumber": "41717",
        "addr:postcode": "92315",
        "addr:state": "CA",
        "addr:street": "Big Bear Boulevard",
        "amenity": "fast_food",
        "brand": "Carl's Jr.",
        "brand:wikidata": "Q1043486",
        "building": "yes",
        "cuisine": "burger",
        "drive_through": "yes",
        "name": "Carl's Jr.",
        "phone": "+1 909-866-9672",
        "ref": "1101022",
        "source": "Bing",
        "takeaway": "yes",
        "website": "https://locations.carlsjr.com/ca/big-bear-lake/41717-big-bear-blvd",
        "@geometry": "center"
      },
      "geometry": {
        "type": "Point",
        "coordinates": [
          -116.8919062,
          34.2430047
        ]
      },
      "id": "way/186709024"
    },
    {
      "type": "Feature",
      "properties": {
        "@id": "way/186987541",
        "addr:city": "Prescott",
        "addr:housenumber": "555",
        "addr:postcode": "86301",
        "addr:state": "AZ",
        "addr:street": "Miller Valley Road",
        "amenity": "fast_food",
        "brand": "Carl's Jr.",
        "brand:wikidata": "Q1043486",
        "building": "retail",
        "cuisine": "burger",
        "drive_through": "yes",
        "name": "Carl's Jr.",
        "phone": "+1 928-778-3907",
        "ref": "1100858",
        "takeaway": "yes",
        "website": "https://locations.carlsjr.com/az/prescott/555-miller-valley-rd",
        "@geometry": "center"
      },
      "geometry": {
        "type": "Point",
        "coordinates": [
          -112.478851,
          34.5509449
        ]
      },
      "id": "way/186987541"
    },
    {
      "type": "Feature",
      "properties": {
        "@id": "way/187123391",
        "addr:city": "Riverside",
        "addr:housenumber": "10010",
        "addr:postcode": "92503",
        "addr:state": "CA",
        "addr:street": "MAGNOLIA",
        "amenity": "fast_food",
        "brand": "Carl's Jr.",
        "brand:wikidata": "Q1043486",
        "building": "yes",
        "cuisine": "burger",
        "drive_through": "yes",
        "name": "Carl's Jr.",
        "phone": "+1 951-688-9300",
        "ref": "1100106",
        "takeaway": "yes",
        "website": "https://locations.carlsjr.com/ca/riverside/10010-magnolia",
        "@geometry": "center"
      },
      "geometry": {
        "type": "Point",
        "coordinates": [
          -117.4560699,
          33.9143965
        ]
      },
      "id": "way/187123391"
    },
    {
      "type": "Feature",
      "properties": {
        "@id": "way/188282451",
        "addr:city": "Willcox",
        "addr:housenumber": "728",
        "addr:postcode": "85643",
        "addr:state": "AZ",
        "addr:street": "North Bisbee Avenue",
        "amenity": "fast_food",
        "brand": "Carl's Jr.",
        "brand:wikidata": "Q1043486",
        "building": "retail",
        "check_date": "2026-08-17",
        "cuisine": "burger",
        "drive_through": "yes",
        "name": "Carl's Jr.",
        "opening_hours": "06:00-23:00",
        "phone": "+1 520-384-6154",
        "ref": "1102291",
        "takeaway": "yes",
        "website": "https://locations.carlsjr.com/az/willcox/728-n-bisbee-ave",
        "@geometry": "center"
      },
      "geometry": {
        "type": "Point",
        "coordinates": [
          -109.8418449,
          32.2642793
        ]
      },
      "id": "way/188282451"
    },
    {
      "type": "Feature",
      "properties": {
        "@id": "way/188755723",
        "addr:city": "Medford",
        "addr:housenumber": "61",
        "addr:postcode": "97501-7924",
        "addr:state": "OR",
        "addr:street": "East Stewart Avenue",
        "amenity": "fast_food",
        "brand": "Carl's Jr.",
        "brand:wikidata": "Q1043486",
        "building": "yes",
        "cuisine": "burger",
        "drive_through": "yes",
        "name": "Carl's Jr.",
        "phone": "+1 541-779-0631",
        "ref": "1101178",
        "takeaway": "yes",
        "website": "https://locations.carlsjr.com/or/medford/61-e-stewart-ave",
        "@geometry": "center"
      },
      "geometry": {
        "type": "Point",
        "coordinates": [
          -122.8587999,
          42.3136502
        ]
      },
      "id": "way/188755723"
    },
    {
      "type": "Feature",
      "properties": {
        "@id": "way/191841034",
        "addr:city": "Las Vegas",
        "addr:housenumber": "2350",
        "addr:postcode": "89104",
        "addr:state": "NV",
        "addr:street": "So Nellis Boulevard",
        "amenity": "fast_food",
        "brand": "Carl's Jr.",
        "brand:wikidata": "Q1043486",
        "building": "retail",
        "cuisine": "burger",
        "drive_through": "yes",
        "name": "Carl's Jr.",
        "phone": "+1 702-641-9754",
        "ref": "1100859",
        "takeaway": "yes",
        "website": "https://locations.carlsjr.com/nv/las-vegas/2350-so-nellis-blvd",
        "wheelchair": "yes",
        "@geometry": "center"
      },
      "geometry": {
        "type": "Point",
        "coordinates": [
          -115.0648614,
          36.1447645
        ]
      },
      "id": "way/191841034"
    },
    {
      "type": "Feature",
      "properties": {
        "@id": "way/192013178",
        "addr:city": "Aurora",
        "addr:housenumber": "2211",
        "addr:postcode": "80014",
        "addr:state": "CO",
        "addr:street": "South Havana Street",
        "amenity": "fast_food",
        "branch": "& Green Burrito",
        "brand": "Carl's Jr.",
        "brand:wikidata": "Q1043486",
        "building": "retail",
        "building:levels": "1",
        "cuisine": "burger",
        "name": "Carl's Jr.",
        "opening_hours": "Mo-Th 06:00-23:00; Fr-Sa 06:00-23:59; Su 07:00-23:00",
        "phone": "+1 303-743-7966",
        "ref": "1101169",
        "source": "Bing",
        "takeaway": "yes",
        "website": "https://locations.carlsjr.com/co/aurora/2211-s-havana-ave",
        "@geometry": "center"
      },
      "geometry": {
        "type": "Point",
        "coordinates": [
          -104.8664534,
          39.676663
        ]
      },
      "id": "way/192013178"
    },
    {
      "type": "Feature",
      "properties": {
        "@id": "way/194243161",
        "addr:city": "Colorado Springs",
        "addr:housenumber": "1059",
        "addr:postcode": "80915",
        "addr:state": "CO",
        "addr:street": "Space Center Drive",
        "amenity": "fast_food",
        "brand": "Carl's Jr.",
        "brand:wikidata": "Q1043486",
        "building": "yes",
        "cuisine": "burger",
        "drive_through": "yes",
        "internet_access": "wlan",
        "name": "Carl's Jr.",
        "opening_hours": "24/7",
        "operator": "Carl's Jr",
        "phone": "+1 719 638 7247",
        "ref": "1101347",
        "takeaway": "yes",
        "website": "https://locations.carlsjr.com/co/colorado-springs/1059-space-center-dr/",
        "@geometry": "center"
      },
      "geometry": {
        "type": "Point",
        "coordinates": [
          -104.7213485,
          38.847477
        ]
      },
      "id": "way/194243161"
    },
    {
      "type": "Feature",
      "properties": {
        "@id": "way/194732285",
        "addr:city": "Colorado Springs",
        "addr:housenumber": "6090",
        "addr:postcode": "80923",
        "addr:state": "CO",
        "addr:street": "Stetson Hills Boulevard",
        "amenity": "fast_food",
        "brand": "Carl's Jr.",
        "brand:wikidata": "Q1043486",
        "building": "yes",
        "cuisine": "burger",
        "name": "Carl's Jr.",
        "phone": "+1 719-637-1209",
        "ref": "1101490",
        "source": "Bing",
        "takeaway": "yes",
        "website": "https://locations.carlsjr.com/co/colorado-springs/6090-stetson-hills-blvd",
        "@geometry": "center"
      },
      "geometry": {
        "type": "Point",
        "coordinates": [
          -104.7161353,
          38.9109929
        ]
      },
      "id": "way/194732285"
    },
    {
      "type": "Feature",
      "properties": {
        "@id": "way/195835408",
        "addr:city": "Sacramento",
        "addr:housenumber": "3776",
        "addr:postcode": "95834",
        "addr:state": "CA",
        "addr:street": "Northgate Boulevard",
        "amenity": "fast_food",
        "brand": "Carl's Jr.",
        "brand:wikidata": "Q1043486",
        "building": "yes",
        "cuisine": "burger",
        "name": "Carl's Jr.",
        "phone": "+1 916-646-9930",
        "ref": "1100548",
        "takeaway": "yes",
        "website": "https://locations.carlsjr.com/ca/sacramento/3776-northgate-blvd",
        "@geometry": "center"
      },
      "geometry": {
        "type": "Point",
        "coordinates": [
          -121.4763331,
          38.6372554
        ]
      },
      "id": "way/195835408"
    },
    {
      "type": "Feature",
      "properties": {
        "@id": "way/196064743",
        "addr:city": "Colorado Springs",
        "addr:housenumber": "13315",
        "addr:postcode": "80921",
        "addr:state": "CO",
        "addr:street": "Voyager Parkway",
        "amenity": "fast_food",
        "brand": "Carl's Jr.",
        "brand:wikidata": "Q1043486",
        "building": "yes",
        "cuisine": "burger",
        "drive_through": "yes",
        "name": "Carl's Jr.",
        "phone": "+1 719-481-2300",
        "ref": "1101806",
        "takeaway": "yes",
        "website": "https://locations.carlsjr.com/co/colorado-springs/13315-voyager-pkwy",
        "@geometry": "center"
      },
      "geometry": {
        "type": "Point",
        "coordinates": [
          -104.8164178,
          39.0253747
        ]
      },
      "id": "way/196064743"
    },
    {
      "type": "Feature",
      "properties": {
        "@id": "way/202062215",
        "addr:city": "Colorado Springs",
        "addr:housenumber": "1895",
        "addr:postcode": "80910",
        "addr:state": "CO",
        "addr:street": "South Chelton Road",
        "amenity": "fast_food",
        "brand": "Carl's Jr.",
        "brand:wikidata": "Q1043486",
        "building": "yes",
        "cuisine": "burger",
        "name": "Carl's Jr.",
        "phone": "+1 719-570-1120",
        "ref": "1101203",
        "source": "Bing",
        "takeaway": "yes",
        "website": "https://locations.carlsjr.com/co/colorado-springs/1895-s-chelton-rd",
        "@geometry": "center"
      },
      "geometry": {
        "type": "Point",
        "coordinates": [
          -104.7582455,
          38.805259
        ]
      },
      "id": "way/202062215"
    },
    {
      "type": "Feature",
      "properties": {
        "@id": "way/202662392",
        "addr:city": "Phoenix",
        "addr:country": "US",
        "addr:housenumber": "10",
        "addr:postcode": "85034",
        "addr:state": "AZ",
        "addr:street": "North 24th Street",
        "air_conditioning": "yes",
        "amenity": "fast_food",
        "brand": "Carl's Jr.",
        "brand:wikidata": "Q1043486",
        "check_date": "2021-04-27",
        "cuisine": "burger",
        "demolished:building": "yes",
        "drive_through": "yes",
        "internet_access": "no",
        "name": "Carl's Jr.",
        "smoking": "no",
        "takeaway": "yes",
        "wheelchair": "yes",
        "@geometry": "center"
      },
      "geometry": {
        "type": "Point",
        "coordinates": [
          -112.0306619,
          33.4487322
        ]
      },
      "id": "way/202662392"
    },
    {
      "type": "Feature",
      "properties": {
        "@id": "way/203922287",
        "addr:city": "Phoenix",
        "addr:housenumber": "4916",
        "addr:postcode": "85048",
        "addr:state": "AZ",
        "addr:street": "East Chandler Boulevard",
        "air_conditioning": "yes",
        "amenity": "fast_food",
        "brand": "Carl's Jr.",
        "brand:wikidata": "Q1043486",
        "building": "yes",
        "cuisine": "burger",
        "drive_through": "yes",
        "name": "Carl's Jr.",
        "phone": "+1 480-753-5733",
        "ref": "1101488",
        "source": "esri/USA_NAD_Addresses",
        "takeaway": "yes",
        "website": "https://locations.carlsjr.com/az/phoenix/4916-e-chandler-blvd",
        "@geometry": "center"
      },
      "geometry": {
        "type": "Point",
        "coordinates": [
          -111.9776348,
          33.3058236
        ]
      },
      "id": "way/203922287"
    },
    {
      "type": "Feature",
      "properties": {
        "@id": "way/208497421",
        "addr:city": "Los Lunas",
        "addr:housenumber": "2600",
        "addr:postcode": "87031",
        "addr:state": "NM",
        "addr:street": "Main Street Northwest",
        "amenity": "fast_food",
        "brand": "Carl's Jr.",
        "brand:wikidata": "Q1043486",
        "building": "yes",
        "cuisine": "burger",
        "name": "Carl's Jr.",
        "phone": "+1 505-865-5581",
        "ref": "1101514",
        "source": "Resident",
        "takeaway": "yes",
        "website": "https://locations.carlsjr.com/nm/los-lunas/2600-main-st-nw",
        "@geometry": "center"
      },
      "geometry": {
        "type": "Point",
        "coordinates": [
          -106.7656907,
          34.8162988
        ]
      },
      "id": "way/208497421"
    },
    {
      "type": "Feature",
      "properties": {
        "@id": "way/208643465",
        "addr:city": "Palmdale",
        "addr:housenumber": "1031",
        "addr:postcode": "93551",
        "addr:state": "CA",
        "addr:street": "West Avenue P",
        "amenity": "fast_food",
        "brand": "Carl's Jr.",
        "brand:wikidata": "Q1043486",
        "building": "yes",
        "cuisine": "burger",
        "lacounty:ain": "3005038020",
        "lacounty:bld_id": "PLM21588",
        "name": "Carl's Jr.",
        "phone": "+1 661-266-4582",
        "ref": "1100619",
        "start_date": "1991",
        "takeaway": "yes",
        "website": "https://locations.carlsjr.com/ca/palmdale/1031-west-avenue-p",
        "@geometry": "center"
      },
      "geometry": {
        "type": "Point",
        "coordinates": [
          -118.1482731,
          34.6038351
        ]
      },
      "id": "way/208643465"
    },
    {
      "type": "Feature",
      "properties": {
        "@id": "way/211226301",
        "addr:city": "Colorado Springs",
        "addr:housenumber": "7005",
        "addr:postcode": "80920",
        "addr:state": "CO",
        "addr:street": "Campus Drive",
        "air_conditioning": "yes",
        "amenity": "fast_food",
        "brand": "Carl's Jr.",
        "brand:wikidata": "Q1043486",
        "building": "yes",
        "check_date": "2026-05-18",
        "contact:facebook": "https://www.facebook.com/carlsjr/",
        "contact:instagram": "https://www.instagram.com/carlsjr/",
        "cuisine": "burger",
        "delivery": "yes",
        "drive_through": "yes",
        "internet_access": "wlan",
        "name": "Carl's Jr.",
        "opening_hours": "24/7",
        "phone": "+1 719-532-0630",
        "ref": "1101204",
        "takeaway": "yes",
        "website": "https://locations.carlsjr.com/co/colorado-springs/7005-campus-dr",
        "website:menu": "https://www.carlsjr.com/full-menu",
        "@geometry": "center"
      },
      "geometry": {
        "type": "Point",
        "coordinates": [
          -104.8075362,
          38.933527
        ]
      },
      "id": "way/211226301"
    },
    {
      "type": "Feature",
      "properties": {
        "@id": "way/219077411",
        "addr:city": "Tigard",
        "addr:housenumber": "15520",
        "addr:postcode": "97224",
        "addr:state": "OR",
        "addr:street": "Southwest Pacific Highway",
        "amenity": "fast_food",
        "brand": "Carl's Jr.",
        "brand:wikidata": "Q1043486",
        "building": "yes",
        "cuisine": "burger",
        "drive_through": "yes",
        "name": "Carl's Jr.",
        "opening_hours": "Mo-Sa 06:00-23:00; Su 07:00-22:00",
        "phone": "+1 503-684-7076",
        "ref": "1101120",
        "takeaway": "yes",
        "website": "https://locations.carlsjr.com/or/tigard/15520-sw-pacific-highway",
        "@geometry": "center"
      },
      "geometry": {
        "type": "Point",
        "coordinates": [
          -122.794531,
          45.4077354
        ]
      },
      "id": "way/219077411"
    },
    {
      "type": "Feature",
      "properties": {
        "@id": "way/219989286",
        "addr:city": "Alamogordo",
        "addr:housenumber": "829",
        "addr:postcode": "88310",
        "addr:state": "NM",
        "addr:street": "South White Sands Boulevard",
        "amenity": "fast_food",
        "brand": "Carl's Jr.",
        "brand:wikidata": "Q1043486",
        "building": "yes",
        "cuisine": "burger",
        "name": "Carl's Jr.",
        "opening_hours": "24/7",
        "phone": "+1-575-437-2477",
        "ref": "1102094",
        "takeaway": "yes",
        "website": "https://locations.carlsjr.com/nm/alamogordo/829-s-white-sands-blvd",
        "@geometry": "center"
      },
      "geometry": {
        "type": "Point",
        "coordinates": [
          -105.9598043,
          32.881713
        ]
      },
      "id": "way/219989286"
    },
    {
      "type": "Feature",
      "properties": {
        "@id": "way/220935033",
        "addr:city": "Guadalupe",
        "addr:housenumber": "1519",
        "addr:postcode": "85283-1045",
        "addr:state": "AZ",
        "addr:street": "West Baseline Road",
        "air_conditioning": "yes",
        "amenity": "fast_food",
        "brand": "Carl's Jr.",
        "brand:wikidata": "Q1043486",
        "building": "yes",
        "cuisine": "burger",
        "drive_through": "yes",
        "name": "Carl's Jr.",
        "opening_hours": "24/7",
        "phone": "+1-480-838-4063",
        "ref": "1100829",
        "takeaway": "yes",
        "website": "https://locations.carlsjr.com/az/guadalupe/1519-w-baseline-rd",
        "@geometry": "center"
      },
      "geometry": {
        "type": "Point",
        "coordinates": [
          -111.9639904,
          33.3778944
        ]
      },
      "id": "way/220935033"
    },
    {
      "type": "Feature",
      "properties": {
        "@id": "way/221153174",
        "addr:city": "Barstow",
        "addr:country": "US",
        "addr:housenumber": "1530",
        "addr:postcode": "92311",
        "addr:state": "CA",
        "addr:street": "East Main Street",
        "air_conditioning": "yes",
        "amenity": "fast_food",
        "brand": "Carl's Jr.",
        "brand:wikidata": "Q1043486",
        "building": "yes",
        "contact:phone": "+1 760-256-8117",
        "contact:website": "https://locations.carlsjr.com/ca/barstow/1530-e-main-street",
        "cuisine": "burger",
        "diet:halal": "no",
        "diet:kosher": "no",
        "diet:vegetarian": "no",
        "indoor_seating": "yes",
        "name": "Carl's Jr.",
        "outdoor_seating": "no",
        "ref": "1100240",
        "smoking": "no",
        "source": "Bing",
        "source:name": "local_knowledge",
        "takeaway": "yes",
        "wheelchair": "yes",
        "@geometry": "center"
      },
      "geometry": {
        "type": "Point",
        "coordinates": [
          -117.0023665,
          34.892676
        ]
      },
      "id": "way/221153174"
    },
    {
      "type": "Feature",
      "properties": {
        "@id": "way/222018644",
        "addr:city": "Lancaster",
        "addr:housenumber": "852",
        "addr:postcode": "93534",
        "addr:state": "CA",
        "addr:street": "West Avenue L",
        "amenity": "fast_food",
        "brand": "Carl's Jr.",
        "brand:wikidata": "Q1043486",
        "building": "yes",
        "building:levels": "1",
        "building:units": "12",
        "cuisine": "burger",
        "ele": "759.5",
        "height": "8.4",
        "lacounty:ain": "3128009094",
        "lacounty:bld_id": "517344062624",
        "name": "Carl's Jr.",
        "phone": "+1 661-948-3165",
        "ref": "1100029",
        "start_date": "2008",
        "takeaway": "yes",
        "website": "https://locations.carlsjr.com/ca/lancaster/852-w-avenue-l",
        "@geometry": "center"
      },
      "geometry": {
        "type": "Point",
        "coordinates": [
          -118.147311,
          34.6600302
        ]
      },
      "id": "way/222018644"
    },
    {
      "type": "Feature",
      "properties": {
        "@id": "way/223048689",
        "addr:city": "Coachella",
        "addr:housenumber": "45761",
        "addr:postcode": "92236",
        "addr:state": "CA",
        "addr:street": "Dillon Road",
        "amenity": "fast_food",
        "brand": "Carl's Jr.",
        "brand:wikidata": "Q1043486",
        "building": "yes",
        "cuisine": "burger",
        "drive_through": "no",
        "internet_access": "wlan",
        "internet_access:fee": "yes",
        "name": "Carl's Jr.",
        "phone": "+1 760-863-5862",
        "ref": "1101366",
        "takeaway": "yes",
        "website": "https://locations.carlsjr.com/ca/coachella/45761-dillon-rd",
        "@geometry": "center"
      },
      "geometry": {
        "type": "Point",
        "coordinates": [
          -116.1713529,
          33.7174299
        ]
      },
      "id": "way/223048689"
    },
    {
      "type": "Feature",
      "properties": {
        "@id": "way/223437149",
        "addr:city": "Irvine",
        "addr:housenumber": "18032",
        "addr:postcode": "92612",
        "addr:state": "CA",
        "addr:street": "Culver Drive",
        "amenity": "fast_food",
        "brand": "Carl's Jr.",
        "brand:wikidata": "Q1043486",
        "building": "yes",
        "cuisine": "burger",
        "drive_through": "yes",
        "height": "6.69",
        "name": "Carl's Jr.",
        "phone": "+1 949-786-0612",
        "ref": "1100096",
        "takeaway": "yes",
        "website": "https://locations.carlsjr.com/ca/irvine/18032-culver-dr",
        "@geometry": "center"
      },
      "geometry": {
        "type": "Point",
        "coordinates": [
          -117.8268056,
          33.6645399
        ]
      },
      "id": "way/223437149"
    },
    {
      "type": "Feature",
      "properties": {
        "@id": "way/223437163",
        "addr:city": "Newport Beach",
        "addr:housenumber": "4880",
        "addr:postcode": "92660",
        "addr:state": "CA",
        "addr:street": "Campus Drive",
        "amenity": "fast_food",
        "brand": "Carl's Jr.",
        "brand:wikidata": "Q1043486",
        "building": "retail",
        "cuisine": "burger",
        "drive_through": "yes",
        "height": "5.14",
        "name": "Carl's Jr.",
        "phone": "+1 949-252-8736",
        "ref": "1100639",
        "takeaway": "yes",
        "website": "https://locations.carlsjr.com/ca/newport-beach/4880-campus-dr",
        "@geometry": "center"
      },
      "geometry": {
        "type": "Point",
        "coordinates": [
          -117.8598949,
          33.6695845
        ]
      },
      "id": "way/223437163"
    },
    {
      "type": "Feature",
      "properties": {
        "@id": "way/223717387",
        "addr:city": "Logan",
        "addr:country": "US",
        "addr:housenumber": "1390",
        "addr:postcode": "84341",
        "addr:state": "UT",
        "addr:street": "North Main Street",
        "amenity": "fast_food",
        "brand": "Carl's Jr.",
        "brand:wikidata": "Q1043486",
        "building": "yes",
        "cuisine": "burger",
        "drive_through": "yes",
        "name": "Carl's Jr.",
        "phone": "+1 435-792-4841",
        "ref": "1100279",
        "source": "Bing",
        "takeaway": "yes",
        "website": "https://locations.carlsjr.com/ut/logan/1390-n-main",
        "@geometry": "center"
      },
      "geometry": {
        "type": "Point",
        "coordinates": [
          -111.83394,
          41.7572566
        ]
      },
      "id": "way/223717387"
    },
    {
      "type": "Feature",
      "properties": {
        "@id": "way/224033358",
        "addr:city": "Pittsburg",
        "addr:housenumber": "4595",
        "addr:postcode": "94565",
        "addr:state": "CA",
        "addr:street": "Century Boulevard",
        "amenity": "fast_food",
        "brand": "Carl's Jr.",
        "brand:wikidata": "Q1043486",
        "building": "yes",
        "cuisine": "burger",
        "name": "Carl's Jr.",
        "phone": "+1 925-754-5423",
        "ref": "1100521",
        "takeaway": "yes",
        "website": "https://locations.carlsjr.com/ca/pittsburg/4595-century-blvd",
        "@geometry": "center"
      },
      "geometry": {
        "type": "Point",
        "coordinates": [
          -121.8366353,
          38.006522
        ]
      },
      "id": "way/224033358"
    },
    {
      "type": "Feature",
      "properties": {
        "@id": "way/224056157",
        "addr:city": "Long Beach",
        "addr:housenumber": "7201",
        "addr:postcode": "90808",
        "addr:state": "CA",
        "addr:street": "Carson Street",
        "amenity": "fast_food",
        "brand": "Carl's Jr.",
        "brand:wikidata": "Q1043486",
        "building": "yes",
        "cuisine": "burger",
        "drive_through": "yes",
        "ele": "14.9",
        "height": "3.7",
        "lacounty:ain": "7075001941",
        "lacounty:bld_id": "534419760876",
        "name": "Carl's Jr.",
        "phone": "+1 562-627-0979",
        "ref": "1100209",
        "source": "Bing",
        "takeaway": "yes",
        "website": "https://locations.carlsjr.com/ca/long-beach/7201-carson-st",
        "@geometry": "center"
      },
      "geometry": {
        "type": "Point",
        "coordinates": [
          -118.08975,
          33.8308911
        ]
      },
      "id": "way/224056157"
    },
    {
      "type": "Feature",
      "properties": {
        "@id": "way/224195851",
        "addr:city": "Monterey",
        "addr:housenumber": "902",
        "addr:postcode": "93940",
        "addr:state": "CA",
        "addr:street": "Lighthouse Avenue",
        "amenity": "fast_food",
        "brand": "Carl's Jr.",
        "brand:wikidata": "Q1043486",
        "building": "yes",
        "cuisine": "burger",
        "name": "Carl's Jr.",
        "phone": "+1 831-375-4264",
        "ref": "1100747",
        "takeaway": "yes",
        "website": "https://locations.carlsjr.com/ca/monterey/902-lighthouse-avenue",
        "@geometry": "center"
      },
      "geometry": {
        "type": "Point",
        "coordinates": [
          -121.904406,
          36.6172209
        ]
      },
      "id": "way/224195851"
    },
    {
      "type": "Feature",
      "properties": {
        "@id": "way/224606449",
        "addr:city": "Spokane",
        "addr:housenumber": "707",
        "addr:postcode": "99201",
        "addr:state": "WA",
        "addr:street": "West 3rd Avenue",
        "amenity": "fast_food",
        "brand": "Carl's Jr.",
        "brand:wikidata": "Q1043486",
        "building": "retail",
        "building:levels": "1",
        "cuisine": "burger",
        "drive_through": "yes",
        "internet_access": "yes",
        "name": "Carl's Jr.",
        "phone": "+1-509-455-9303",
        "ref": "1100205",
        "takeaway": "yes",
        "website": "https://locations.carlsjr.com/wa/spokane/707-w-third-ave",
        "@geometry": "center"
      },
      "geometry": {
        "type": "Point",
        "coordinates": [
          -117.4224437,
          47.6532291
        ]
      },
      "id": "way/224606449"
    },
    {
      "type": "Feature",
      "properties": {
        "@id": "way/225734268",
        "addr:city": "Van",
        "addr:housenumber": "1221",
        "addr:postcode": "75790",
        "addr:state": "TX",
        "addr:street": "South Oak Street",
        "amenity": "fast_food",
        "brand": "Carl's Jr.",
        "brand:wikidata": "Q1043486",
        "building": "yes",
        "check_date": "2026-08-17",
        "cuisine": "burger",
        "name": "Carl's Jr.",
        "outdoor_seating": "no",
        "phone": "+1 903-963-3306",
        "ref": "1101219",
        "smoking": "no",
        "takeaway": "yes",
        "website": "https://locations.carlsjr.com/tx/van/1221-s-oak",
        "@geometry": "center"
      },
      "geometry": {
        "type": "Point",
        "coordinates": [
          -95.6424744,
          32.5083914
        ]
      },
      "id": "way/225734268"
    },
    {
      "type": "Feature",
      "properties": {
        "@id": "way/226496978",
        "addr:city": "Las Vegas",
        "addr:housenumber": "2205",
        "addr:postcode": "89123",
        "addr:state": "NV",
        "addr:street": "East Richmar Avenue",
        "amenity": "fast_food",
        "brand": "Carl's Jr.",
        "brand:wikidata": "Q1043486",
        "building": "yes",
        "cuisine": "burger",
        "name": "Carl's Jr.",
        "phone": "+1 702-896-2027",
        "ref": "1101589",
        "takeaway": "yes",
        "website": "https://locations.carlsjr.com/nv/las-vegas/2205-e-richmar-ave",
        "@geometry": "center"
      },
      "geometry": {
        "type": "Point",
        "coordinates": [
          -115.1193977,
          36.0166803
        ]
      },
      "id": "way/226496978"
    },
    {
      "type": "Feature",
      "properties": {
        "@id": "way/227851069",
        "addr:city": "Santa Fe",
        "addr:housenumber": "1640",
        "addr:postcode": "87505",
        "addr:state": "NM",
        "addr:street": "Saint Michaels Drive",
        "amenity": "fast_food",
        "brand": "Carl's Jr.",
        "brand:wikidata": "Q1043486",
        "building": "yes",
        "cuisine": "burger",
        "delivery": "no",
        "drive_through": "yes",
        "name": "Carl's Jr.",
        "phone": "+1 505-471-7794",
        "ref": "1101207",
        "takeaway": "yes",
        "website": "https://locations.carlsjr.com/nm/santa-fe/1640-st-michaels-dr",
        "@geometry": "center"
      },
      "geometry": {
        "type": "Point",
        "coordinates": [
          -105.974266,
          35.6591791
        ]
      },
      "id": "way/227851069"
    },
    {
      "type": "Feature",
      "properties": {
        "@id": "way/227960419",
        "addr:city": "Walsenburg",
        "addr:housenumber": "700",
        "addr:postcode": "81089",
        "addr:state": "CO",
        "addr:street": "Main Street",
        "amenity": "fast_food",
        "brand": "Carl's Jr.",
        "brand:wikidata": "Q1043486",
        "building": "yes",
        "cuisine": "burger",
        "name": "Carl's Jr.",
        "phone": "+1 719 738 1002",
        "ref": "1101188",
        "source": "Bing",
        "takeaway": "yes",
        "website": "https://locations.carlsjr.com/co/walsenburg/700-s-main-st",
        "@geometry": "center"
      },
      "geometry": {
        "type": "Point",
        "coordinates": [
          -104.7799218,
          37.622653
        ]
      },
      "id": "way/227960419"
    },
    {
      "type": "Feature",
      "properties": {
        "@id": "way/228735069",
        "addr:city": "Santa Ana",
        "addr:housenumber": "1943",
        "addr:postcode": "92705",
        "addr:state": "CA",
        "addr:street": "East 17th Street",
        "amenity": "fast_food",
        "brand": "Carl's Jr.",
        "brand:wikidata": "Q1043486",
        "building": "retail",
        "cuisine": "burger",
        "drive_through": "yes",
        "name": "Carl's Jr.",
        "name:en": "Carl's Jr.",
        "phone": "+1 714-564-9348",
        "ref": "1100277",
        "takeaway": "yes",
        "website": "https://locations.carlsjr.com/ca/santa-ana/1943-e-17th-st",
        "@geometry": "center"
      },
      "geometry": {
        "type": "Point",
        "coordinates": [
          -117.8372326,
          33.7602485
        ]
      },
      "id": "way/228735069"
    },
    {
      "type": "Feature",
      "properties": {
        "@id": "way/228737742",
        "addr:city": "Tustin",
        "addr:housenumber": "14041",
        "addr:postcode": "92780",
        "addr:state": "CA",
        "addr:street": "Newport Avenue",
        "amenity": "fast_food",
        "brand": "Carl's Jr.",
        "brand:wikidata": "Q1043486",
        "building": "yes",
        "cuisine": "burger",
        "drive_through": "yes",
        "name": "Carl's Jr / Green Burrito",
        "phone": "+1 714-544-9982",
        "ref": "1100617",
        "website": "https://locations.carlsjr.com/ca/tustin/14041-newport-blvd",
        "@geometry": "center"
      },
      "geometry": {
        "type": "Point",
        "coordinates": [
          -117.8242719,
          33.7366854
        ]
      },
      "id": "way/228737742"
    },
    {
      "type": "Feature",
      "properties": {
        "@id": "way/230078201",
        "addr:city": "San Ramon",
        "addr:housenumber": "3131",
        "addr:postcode": "94583-1325",
        "addr:state": "CA",
        "addr:street": "Crow Canyon Place",
        "amenity": "fast_food",
        "branch": "Green Burrito",
        "brand": "Carl's Jr.",
        "brand:wikidata": "Q1043486",
        "building": "yes",
        "cuisine": "burger",
        "drive_through": "yes",
        "name": "Carl's Jr.",
        "note": "This *is* a Carl's Jr. location, but its name DOES contain \"Green Burrito\". It's one business offering the menu of two.",
        "phone": "+1 925-866-1156",
        "ref": "1101017",
        "takeaway": "yes",
        "website": "https://locations.carlsjr.com/ca/san-ramon/3131-crow-canyon-pl",
        "@geometry": "center"
      },
      "geometry": {
        "type": "Point",
        "coordinates": [
          -121.9692117,
          37.7790226
        ]
      },
      "id": "way/230078201"
    },
    {
      "type": "Feature",
      "properties": {
        "@id": "way/230289000",
        "addr:city": "Cheney",
        "addr:housenumber": "2676",
        "addr:postcode": "99004",
        "addr:state": "WA",
        "addr:street": "First Street",
        "amenity": "fast_food",
        "brand": "Carl's Jr.",
        "brand:wikidata": "Q1043486",
        "building": "retail",
        "cuisine": "burger",
        "name": "Carl's Jr.",
        "phone": "+1-509-559-5066",
        "ref": "1100091",
        "takeaway": "yes",
        "website": "https://locations.carlsjr.com/wa/cheney/2676-first-st",
        "@geometry": "center"
      },
      "geometry": {
        "type": "Point",
        "coordinates": [
          -117.5654186,
          47.5057279
        ]
      },
      "id": "way/230289000"
    },
    {
      "type": "Feature",
      "properties": {
        "@id": "way/230290292",
        "addr:city": "Buena Park",
        "addr:housenumber": "8361",
        "addr:postcode": "90620",
        "addr:state": "CA",
        "addr:street": "La Palma Avenue",
        "amenity": "fast_food",
        "brand": "Carl's Jr.",
        "brand:wikidata": "Q1043486",
        "building": "yes",
        "cuisine": "burger",
        "drive_through": "yes",
        "name": "Carl's Jr.",
        "opening_hours": "24/7",
        "phone": "+1 714-521-1865",
        "ref": "1100500",
        "takeaway": "yes",
        "website": "https://locations.carlsjr.com/ca/buena-park/8361-la-palma",
        "@geometry": "center"
      },
      "geometry": {
        "type": "Point",
        "coordinates": [
          -117.9882732,
          33.8470899
        ]
      },
      "id": "way/230290292"
    },
    {
      "type": "Feature",
      "properties": {
        "@id": "way/232934022",
        "addr:city": "Riverside",
        "addr:housenumber": "4282",
        "addr:postcode": "92501",
        "addr:state": "CA",
        "addr:street": "Market Street",
        "amenity": "fast_food",
        "brand": "Carl's Jr.",
        "brand:wikidata": "Q1043486",
        "building": "yes",
        "cuisine": "burger",
        "drive_through": "yes",
        "name": "Carl's Jr.",
        "phone": "+1 951-784-0521",
        "ref": "1100202",
        "takeaway": "yes",
        "website": "https://locations.carlsjr.com/ca/riverside/4282-market-st",
        "@geometry": "center"
      },
      "geometry": {
        "type": "Point",
        "coordinates": [
          -117.3782787,
          33.9778884
        ]
      },
      "id": "way/232934022"
    },
    {
      "type": "Feature",
      "properties": {
        "@id": "way/233267659",
        "addr:city": "Riverside",
        "addr:housenumber": "6079",
        "addr:postcode": "92506",
        "addr:state": "CA",
        "addr:street": "Magnolia Avenue",
        "amenity": "fast_food",
        "brand": "Carl's Jr.",
        "brand:wikidata": "Q1043486",
        "building": "yes",
        "cuisine": "burger",
        "drive_through": "yes",
        "name": "Carl's Jr.",
        "phone": "+1 951-369-3114",
        "ref": "1100644",
        "takeaway": "yes",
        "website": "https://locations.carlsjr.com/ca/riverside/6079-magnolia-ave",
        "@geometry": "center"
      },
      "geometry": {
        "type": "Point",
        "coordinates": [
          -117.3928552,
          33.9598541
        ]
      },
      "id": "way/233267659"
    },
    {
      "type": "Feature",
      "properties": {
        "@id": "way/233386597",
        "addr:city": "El Segundo",
        "addr:housenumber": "639",
        "addr:postcode": "90245",
        "addr:state": "CA",
        "addr:street": "North Pacific Coast Highway",
        "amenity": "fast_food",
        "brand": "Carl's Jr.",
        "brand:wikidata": "Q1043486",
        "building": "retail",
        "building:levels": "1",
        "cuisine": "burger",
        "drive_through": "no",
        "ele": "44.2",
        "height": "4.2",
        "indoor_seating": "yes",
        "lacounty:ain": "4139024013",
        "lacounty:bld_id": "441339795287",
        "name": "Carl's Jr.",
        "outdoor_seating": "no",
        "phone": "+1 310-322-1318",
        "ref": "1100272",
        "roof:shape": "flat",
        "takeaway": "yes",
        "toilets": "yes",
        "toilets:access": "customers",
        "toilets:fee": "no",
        "toilets:handwashing": "yes",
        "toilets:paper_supplied": "yes",
        "website": "https://locations.carlsjr.com/ca/el-segundo/639-n.-sepulveda-blvd.",
        "@geometry": "center"
      },
      "geometry": {
        "type": "Point",
        "coordinates": [
          -118.3967295,
          33.9249108
        ]
      },
      "id": "way/233386597"
    },
    {
      "type": "Feature",
      "properties": {
        "@id": "way/233396635",
        "addr:city": "Riverside",
        "addr:housenumber": "3370",
        "addr:postcode": "92503",
        "addr:state": "CA",
        "addr:street": "La Sierra Avenue",
        "amenity": "fast_food",
        "brand": "Carl's Jr.",
        "brand:wikidata": "Q1043486",
        "building": "yes",
        "cuisine": "burger",
        "drive_through": "yes",
        "name": "Carl's Jr.",
        "phone": "+1 951-785-5169",
        "ref": "1100182",
        "takeaway": "yes",
        "website": "https://locations.carlsjr.com/ca/riverside/3370-la-sierra-ave",
        "@geometry": "center"
      },
      "geometry": {
        "type": "Point",
        "coordinates": [
          -117.4710542,
          33.8963208
        ]
      },
      "id": "way/233396635"
    },
    {
      "type": "Feature",
      "properties": {
        "@id": "way/235708588",
        "addr:city": "Albany",
        "addr:housenumber": "300",
        "addr:postcode": "97322",
        "addr:state": "OR",
        "addr:street": "Airport Road Southeast",
        "air_conditioning": "yes",
        "amenity": "fast_food",
        "brand": "Carl's Jr.",
        "brand:wikidata": "Q1043486",
        "building": "yes",
        "cuisine": "burger",
        "drive_through": "yes",
        "indoor_seating": "yes",
        "name": "Carl's Jr.",
        "phone": "+1 541-791-8822",
        "ref": "1101472",
        "takeaway": "yes",
        "toilets": "yes",
        "toilets:access": "customers",
        "website": "https://locations.carlsjr.com/or/albany/300-airport-rd-se",
        "@geometry": "center"
      },
      "geometry": {
        "type": "Point",
        "coordinates": [
          -123.06492,
          44.6410999
        ]
      },
      "id": "way/235708588"
    },
    {
      "type": "Feature",
      "properties": {
        "@id": "way/239367842",
        "addr:city": "Idaho Falls",
        "addr:housenumber": "805",
        "addr:postcode": "83402",
        "addr:state": "ID",
        "addr:street": "West Broadway Street",
        "amenity": "fast_food",
        "brand": "Carl's Jr.",
        "brand:wikidata": "Q1043486",
        "building": "yes",
        "cuisine": "burger",
        "drive_through": "yes",
        "indoor_seating": "yes",
        "name": "Carl's Jr.",
        "outdoor_seating": "no",
        "phone": "+1 208-523-4539",
        "ref": "1102140",
        "takeaway": "yes",
        "website": "https://locations.carlsjr.com/id/idaho-falls/805-w-broadway-st",
        "@geometry": "center"
      },
      "geometry": {
        "type": "Point",
        "coordinates": [
          -112.0485765,
          43.4942433
        ]
      },
      "id": "way/239367842"
    },
    {
      "type": "Feature",
      "properties": {
        "@id": "way/239448228",
        "addr:city": "Redwood City",
        "addr:housenumber": "1001",
        "addr:postcode": "94063",
        "addr:state": "CA",
        "addr:street": "Veterans Boulevard",
        "amenity": "fast_food",
        "brand": "Carl's Jr.",
        "brand:wikidata": "Q1043486",
        "building": "yes",
        "cuisine": "burger",
        "name": "Carl's Jr.",
        "phone": "+1 650-361-1230",
        "redwood_city_ca:bld_gid": "32421",
        "ref": "1100706",
        "source": "City of Redwood City, CA 1013",
        "takeaway": "yes",
        "website": "https://locations.carlsjr.com/ca/redwood-city/1001-veterans-boulevard",
        "@geometry": "center"
      },
      "geometry": {
        "type": "Point",
        "coordinates": [
          -122.2262183,
          37.4904228
        ]
      },
      "id": "way/239448228"
    },
    {
      "type": "Feature",
      "properties": {
        "@id": "way/241993360",
        "addr:city": "Cottonwood Heights",
        "addr:housenumber": "6959",
        "addr:postcode": "84047",
        "addr:state": "UT",
        "addr:street": "South 1300 East",
        "amenity": "fast_food",
        "brand": "Carl's Jr.",
        "brand:wikidata": "Q1043486",
        "building": "yes",
        "cuisine": "burger",
        "name": "Carl's Jr.",
        "phone": "+1 801-569-8990",
        "ref": "1100461",
        "takeaway": "yes",
        "website": "https://locations.carlsjr.com/ut/cottonwood-heights/6959-s-1300-e",
        "@geometry": "center"
      },
      "geometry": {
        "type": "Point",
        "coordinates": [
          -111.8546676,
          40.624999
        ]
      },
      "id": "way/241993360"
    },
    {
      "type": "Feature",
      "properties": {
        "@id": "way/243088423",
        "addr:city": "Oregon City",
        "addr:housenumber": "19761",
        "addr:postcode": "97045",
        "addr:state": "OR",
        "addr:street": "Highway 213",
        "amenity": "fast_food",
        "brand": "Carl's Jr.",
        "brand:wikidata": "Q1043486",
        "building": "yes",
        "cuisine": "burger",
        "name": "Carl's Jr.",
        "phone": "+1 503-723-3346",
        "ref": "1101337",
        "takeaway": "yes",
        "website": "https://locations.carlsjr.com/or/oregon-city/19761-highway-213",
        "@geometry": "center"
      },
      "geometry": {
        "type": "Point",
        "coordinates": [
          -122.5781544,
          45.3205468
        ]
      },
      "id": "way/243088423"
    },
    {
      "type": "Feature",
      "properties": {
        "@id": "way/244191743",
        "addr:city": "Folsom",
        "addr:housenumber": "1016",
        "addr:postcode": "95630",
        "addr:state": "CA",
        "addr:street": "East Bidwell Street",
        "amenity": "fast_food",
        "brand": "Carl's Jr.",
        "brand:wikidata": "Q1043486",
        "building": "yes",
        "building:levels": "1",
        "cuisine": "burger",
        "drive_through": "yes",
        "name": "Carl's Jr.",
        "opening_hours": "Mo-Su 06:00-22:00",
        "phone": "+1 279-242-3993",
        "ref": "1101096",
        "takeaway": "yes",
        "website": "https://locations.carlsjr.com/ca/folsom/1016-e-bidwell-st",
        "@geometry": "center"
      },
      "geometry": {
        "type": "Point",
        "coordinates": [
          -121.1548393,
          38.6700217
        ]
      },
      "id": "way/244191743"
    },
    {
      "type": "Feature",
      "properties": {
        "@id": "way/244350796",
        "addr:city": "Oklahoma City",
        "addr:housenumber": "4001",
        "addr:postcode": "73112",
        "addr:state": "OK",
        "addr:street": "North Portland Avenue",
        "amenity": "fast_food",
        "brand": "Carl's Jr.",
        "brand:wikidata": "Q1043486",
        "building": "yes",
        "cuisine": "burger",
        "drive_through": "yes",
        "name": "Carl's Jr.",
        "phone": "+1 405-942-6013",
        "ref": "1101651",
        "source": "Bing",
        "takeaway": "yes",
        "website": "https://locations.carlsjr.com/ok/oklahoma-city/4001-n-portland-ave",
        "@geometry": "center"
      },
      "geometry": {
        "type": "Point",
        "coordinates": [
          -97.5837677,
          35.5118441
        ]
      },
      "id": "way/244350796"
    },
    {
      "type": "Feature",
      "properties": {
        "@id": "way/244380156",
        "addr:city": "Riverside",
        "addr:housenumber": "19360",
        "addr:postcode": "92508",
        "addr:state": "CA",
        "addr:street": "Van Buren Boulevard",
        "amenity": "fast_food",
        "branch": "Green Burrito",
        "brand": "Carl's Jr.",
        "brand:wikidata": "Q1043486",
        "building": "yes",
        "cuisine": "burger",
        "drive_through": "yes",
        "name": "Carl's Jr.",
        "phone": "+1 951-780-6727",
        "ref": "1100170",
        "source": "bing_imagery_0.25m_201005;survey;image",
        "source_ref": "AM909_DSCX7585",
        "takeaway": "yes",
        "website": "https://locations.carlsjr.com/ca/riverside/19360-van-buren-blvd",
        "@geometry": "center"
      },
      "geometry": {
        "type": "Point",
        "coordinates": [
          -117.3255107,
          33.888594
        ]
      },
      "id": "way/244380156"
    },
    {
      "type": "Feature",
      "properties": {
        "@id": "way/244550296",
        "addr:city": "Hesperia",
        "addr:country": "US",
        "addr:housenumber": "14717",
        "addr:postcode": "92345",
        "addr:state": "CA",
        "addr:street": "Bear Valley Road",
        "amenity": "fast_food",
        "brand": "Carl's Jr.",
        "brand:wikidata": "Q1043486",
        "building": "yes",
        "contact:phone": "+1 760-949-0128",
        "contact:website": "https://locations.carlsjr.com/ca/hesperia/14717-bear-valley-rd",
        "cuisine": "burger",
        "name": "Carl's Jr.",
        "ref": "1100561",
        "takeaway": "yes",
        "@geometry": "center"
      },
      "geometry": {
        "type": "Point",
        "coordinates": [
          -117.3424659,
          34.4700139
        ]
      },
      "id": "way/244550296"
    },
    {
      "type": "Feature",
      "properties": {
        "@id": "way/245277771",
        "addr:city": "Westley",
        "addr:housenumber": "4437",
        "addr:postcode": "95387",
        "addr:state": "CA",
        "addr:street": "Howard Road",
        "amenity": "fast_food",
        "brand": "Carl's Jr.",
        "brand:wikidata": "Q1043486",
        "building": "yes",
        "cuisine": "burger",
        "name": "Carl's Jr.",
        "phone": "+1 209-894-3777",
        "ref": "1101168",
        "source": "bing",
        "takeaway": "yes",
        "website": "https://locations.carlsjr.com/ca/westley/4437-howard-rd",
        "@geometry": "center"
      },
      "geometry": {
        "type": "Point",
        "coordinates": [
          -121.2648353,
          37.5390124
        ]
      },
      "id": "way/245277771"
    },
    {
      "type": "Feature",
      "properties": {
        "@id": "way/247253000",
        "addr:city": "King City",
        "addr:housenumber": "570",
        "addr:postcode": "93930",
        "addr:state": "CA",
        "addr:street": "Canal Street",
        "amenity": "fast_food",
        "brand": "Carl's Jr.",
        "brand:wikidata": "Q1043486",
        "building": "yes",
        "cuisine": "burger",
        "name": "Carl's Jr.",
        "phone": "+1 831-385-5138",
        "ref": "1101073",
        "source": "bing",
        "takeaway": "yes",
        "website": "https://locations.carlsjr.com/ca/king-city/570-canal-street",
        "@geometry": "center"
      },
      "geometry": {
        "type": "Point",
        "coordinates": [
          -121.1302939,
          36.2040893
        ]
      },
      "id": "way/247253000"
    },
    {
      "type": "Feature",
      "properties": {
        "@id": "way/249829133",
        "addr:city": "Corona",
        "addr:housenumber": "2199",
        "addr:postcode": "92879",
        "addr:state": "CA",
        "addr:street": "Sampson",
        "amenity": "fast_food",
        "brand": "Carl's Jr.",
        "brand:wikidata": "Q1043486",
        "building": "retail",
        "building:levels": "1",
        "cuisine": "burger",
        "drive_through": "yes",
        "name": "Carl's Jr.",
        "phone": "+1 951-279-7072",
        "ref": "1100810",
        "roof:levels": "2",
        "takeaway": "yes",
        "website": "https://locations.carlsjr.com/ca/corona/2199-sampson",
        "@geometry": "center"
      },
      "geometry": {
        "type": "Point",
        "coordinates": [
          -117.5173257,
          33.8849905
        ]
      },
      "id": "way/249829133"
    },
    {
      "type": "Feature",
      "properties": {
        "@id": "way/250907578",
        "addr:city": "Skiatook",
        "addr:housenumber": "900",
        "addr:postcode": "74070",
        "addr:state": "OK",
        "addr:street": "West Rogers Boulevard",
        "amenity": "fast_food",
        "brand": "Carl's Jr.",
        "brand:wikidata": "Q1043486",
        "building": "yes",
        "cuisine": "burger",
        "name": "Carl's Jr.",
        "phone": "+1 918-396-0308",
        "ref": "1101643",
        "takeaway": "yes",
        "website": "https://locations.carlsjr.com/ok/skiatook/900-w-rogers-blvd",
        "@geometry": "center"
      },
      "geometry": {
        "type": "Point",
        "coordinates": [
          -96.0156488,
          36.3681341
        ]
      },
      "id": "way/250907578"
    },
    {
      "type": "Feature",
      "properties": {
        "@id": "way/253016535",
        "addr:city": "Healdsburg",
        "addr:housenumber": "1037",
        "addr:state": "CA",
        "addr:street": "Vine Street",
        "amenity": "fast_food",
        "brand": "Carl's Jr.",
        "brand:wikidata": "Q1043486",
        "building": "retail",
        "cuisine": "burger",
        "drive_through": "yes",
        "name": "Carl's Jr.",
        "takeaway": "yes",
        "@geometry": "center"
      },
      "geometry": {
        "type": "Point",
        "coordinates": [
          -122.8714277,
          38.6080529
        ]
      },
      "id": "way/253016535"
    },
    {
      "type": "Feature",
      "properties": {
        "@id": "way/253638492",
        "addr:city": "Tempe",
        "addr:country": "US",
        "addr:housenumber": "1210",
        "addr:postcode": "85281",
        "addr:state": "AZ",
        "addr:street": "North Scottsdale Road",
        "air_conditioning": "yes",
        "amenity": "fast_food",
        "brand": "Carl's Jr.",
        "brand:wikidata": "Q1043486",
        "building": "retail",
        "cuisine": "burger",
        "drive_through": "yes",
        "name": "Carl's Jr.",
        "phone": "+1 480-966-0554",
        "ref": "1102269",
        "source": "esri/USA_NAD_Addresses;esri_USDOT_Arizona",
        "takeaway": "yes",
        "website": "https://locations.carlsjr.com/az/tempe/1210-n-scottsdale-rd",
        "@geometry": "center"
      },
      "geometry": {
        "type": "Point",
        "coordinates": [
          -111.9269623,
          33.4422743
        ]
      },
      "id": "way/253638492"
    },
    {
      "type": "Feature",
      "properties": {
        "@id": "way/254635500",
        "addr:city": "Buttonwillow",
        "addr:housenumber": "20640",
        "addr:postcode": "93206",
        "addr:state": "CA",
        "addr:street": "Tracy Avenue",
        "air_conditioning": "yes",
        "amenity": "fast_food",
        "brand": "Carl's Jr.",
        "brand:wikidata": "Q1043486",
        "building": "yes",
        "check_date": "2023-11-25",
        "cuisine": "burger",
        "drive_through": "yes",
        "name": "Carl's Jr.",
        "phone": "+1 661-764-6302",
        "ref": "1100490",
        "source": "bing",
        "takeaway": "yes",
        "website": "https://locations.carlsjr.com/ca/buttonwillow/20640-tracy-ave",
        "wheelchair": "yes",
        "@geometry": "center"
      },
      "geometry": {
        "type": "Point",
        "coordinates": [
          -119.4015234,
          35.4033148
        ]
      },
      "id": "way/254635500"
    },
    {
      "type": "Feature",
      "properties": {
        "@id": "way/259292037",
        "addr:city": "Torrance",
        "addr:housenumber": "24010",
        "addr:postcode": "90505",
        "addr:state": "CA",
        "addr:street": "Pacific Coast Highway",
        "air_conditioning": "yes",
        "amenity": "fast_food",
        "brand": "Carl's Jr.",
        "brand:wikidata": "Q1043486",
        "building": "retail",
        "cuisine": "burger",
        "delivery": "yes",
        "diet:vegetarian": "limited",
        "drive_through": "yes",
        "ele": "32.0",
        "height": "3.9",
        "indoor_seating": "yes",
        "internet_access": "no",
        "lacounty:ain": "7378010043",
        "lacounty:bld_id": "455127752117",
        "name": "Carl's Jr.",
        "opening_hours": "24/7",
        "outdoor_seating": "no",
        "panoramax": "3dd81ace-1856-45c5-8291-243e6f1077ba",
        "payment:cards": "yes",
        "payment:cash": "yes",
        "phone": "+1 310-375-2844",
        "ref": "1100158",
        "service:electricity": "limited",
        "smoking": "outside",
        "start_date": "1977",
        "takeaway": "yes",
        "website": "https://locations.carlsjr.com/ca/torrance/24010-hawthorne-blvd",
        "wheelchair": "yes",
        "@geometry": "center"
      },
      "geometry": {
        "type": "Point",
        "coordinates": [
          -118.3506156,
          33.8063837
        ]
      },
      "id": "way/259292037"
    },
    {
      "type": "Feature",
      "properties": {
        "@id": "way/261044373",
        "addr:city": "Citrus Heights",
        "addr:housename": "Carl's Jr. / Green Burrito",
        "addr:housenumber": "7400",
        "addr:postcode": "95610",
        "addr:state": "CA",
        "addr:street": "Greenback Lane",
        "amenity": "fast_food",
        "brand": "Carl's Jr.",
        "brand:wikidata": "Q1043486",
        "building": "commercial",
        "cuisine": "burger",
        "drive_through": "yes",
        "name": "Carl's Jr.",
        "phone": "+1 916-722-1295",
        "ref": "1100286",
        "takeaway": "yes",
        "website": "https://locations.carlsjr.com/ca/citrus-heights/7400-greenback-lane",
        "wheelchair": "yes",
        "@geometry": "center"
      },
      "geometry": {
        "type": "Point",
        "coordinates": [
          -121.2919538,
          38.6778973
        ]
      },
      "id": "way/261044373"
    },
    {
      "type": "Feature",
      "properties": {
        "@id": "way/261745211",
        "addr:city": "Apple Valley",
        "addr:country": "US",
        "addr:housenumber": "20302",
        "addr:postcode": "92307",
        "addr:state": "CA",
        "addr:street": "US Highway 18",
        "amenity": "fast_food",
        "brand": "Carl's Jr.",
        "brand:wikidata": "Q1043486",
        "building": "retail",
        "cuisine": "burger",
        "drive_through": "yes",
        "name": "Carl's Jr.",
        "opening_hours": "Su-Th 05:00-23:00; Fr-Sa 05:00-24:00; PH 05:00-23:00",
        "phone": "+1 760-961-0915",
        "ref": "1100218",
        "takeaway": "yes",
        "website": "https://locations.carlsjr.com/ca/apple-valley/20302-us-highway-18",
        "@geometry": "center"
      },
      "geometry": {
        "type": "Point",
        "coordinates": [
          -117.2185437,
          34.5254719
        ]
      },
      "id": "way/261745211"
    },
    {
      "type": "Feature",
      "properties": {
        "@id": "way/264263477",
        "addr:city": "Anaheim",
        "addr:housenumber": "5701",
        "addr:postcode": "92807",
        "addr:state": "CA",
        "addr:street": "East La Palma",
        "amenity": "fast_food",
        "brand": "Carl's Jr.",
        "brand:wikidata": "Q1043486",
        "building": "yes",
        "cuisine": "burger",
        "drive_through": "yes",
        "name": "Carl's Jr.",
        "phone": "+1 714-779-2580",
        "ref": "1100140",
        "takeaway": "yes",
        "website": "https://locations.carlsjr.com/ca/anaheim/5701-e-la-palma",
        "@geometry": "center"
      },
      "geometry": {
        "type": "Point",
        "coordinates": [
          -117.7897733,
          33.860068
        ]
      },
      "id": "way/264263477"
    },
    {
      "type": "Feature",
      "properties": {
        "@id": "way/264276360",
        "addr:city": "Fremont",
        "addr:housenumber": "37000;37046;37074",
        "addr:postcode": "94536",
        "addr:state": "CA",
        "addr:street": "Fremont Boulevard",
        "amenity": "fast_food",
        "brand": "Carl's Jr.",
        "brand:wikidata": "Q1043486",
        "building": "retail",
        "cuisine": "burger",
        "name": "Carl's Jr.",
        "opening_hours": "Mo-Su 07:00-20:00",
        "phone": "+1 510-493-2359",
        "ref": "1101061",
        "takeaway": "yes",
        "website": "https://locations.carlsjr.com/ca/fremont/37000-fremont",
        "@geometry": "center"
      },
      "geometry": {
        "type": "Point",
        "coordinates": [
          -122.011229,
          37.5607481
        ]
      },
      "id": "way/264276360"
    },
    {
      "type": "Feature",
      "properties": {
        "@id": "way/264493069",
        "addr:city": "Sunnyside",
        "addr:housenumber": "2500",
        "addr:postcode": "98944",
        "addr:state": "WA",
        "addr:street": "Yakima Valley Highway",
        "amenity": "fast_food",
        "brand": "Carl's Jr.",
        "brand:wikidata": "Q1043486",
        "building": "yes",
        "cuisine": "burger",
        "drive_through": "yes",
        "name": "Carl's Jr.",
        "phone": "+1-509-836-2456",
        "ref": "1102534",
        "takeaway": "yes",
        "website": "https://locations.carlsjr.com/wa/sunnyside/2500-yakima-valley-highway",
        "@geometry": "center"
      },
      "geometry": {
        "type": "Point",
        "coordinates": [
          -119.9877327,
          46.3200507
        ]
      },
      "id": "way/264493069"
    },
    {
      "type": "Feature",
      "properties": {
        "@id": "way/267832139",
        "addr:city": "San Luis",
        "addr:country": "US",
        "addr:housenumber": "1517",
        "addr:postcode": "85349",
        "addr:state": "AZ",
        "addr:street": "North Main Street",
        "amenity": "fast_food",
        "brand": "Carl's Jr.",
        "brand:wikidata": "Q1043486",
        "building": "retail",
        "cuisine": "burger",
        "name": "Carl's Jr.",
        "phone": "+1 928-722-6767",
        "ref": "1101786",
        "takeaway": "yes",
        "website": "https://locations.carlsjr.com/az/san-luis/1517-n-main-st",
        "@geometry": "center"
      },
      "geometry": {
        "type": "Point",
        "coordinates": [
          -114.7863066,
          32.505403
        ]
      },
      "id": "way/267832139"
    },
    {
      "type": "Feature",
      "properties": {
        "@id": "way/268531002",
        "addr:city": "Diamond Bar",
        "addr:housenumber": "141",
        "addr:postcode": "91765",
        "addr:state": "CA",
        "addr:street": "South Diamond Bar Boulevard",
        "amenity": "fast_food",
        "brand": "Carl's Jr.",
        "brand:wikidata": "Q1043486",
        "building": "commercial",
        "cuisine": "burger",
        "drive_through": "yes",
        "ele": "225.4",
        "height": "4.6",
        "lacounty:ain": "8717008003",
        "lacounty:bld_id": "201404920530000",
        "name": "Carl's Jr.",
        "phone": "+1 909-861-7136",
        "ref": "1100135",
        "start_date": "1975",
        "takeaway": "yes",
        "website": "https://locations.carlsjr.com/ca/diamond-bar/141-s-diamond-bar-blvd",
        "@geometry": "center"
      },
      "geometry": {
        "type": "Point",
        "coordinates": [
          -117.8114473,
          34.0219975
        ]
      },
      "id": "way/268531002"
    },
    {
      "type": "Feature",
      "properties": {
        "@id": "way/269439763",
        "addr:city": "Las Vegas",
        "addr:housenumber": "2380",
        "addr:postcode": "89119",
        "addr:state": "NV",
        "addr:street": "East Flamingo Road",
        "amenity": "fast_food",
        "brand": "Carl's Jr.",
        "brand:wikidata": "Q1043486",
        "building": "yes",
        "cuisine": "burger",
        "drive_through": "yes",
        "name": "Carl's Jr.",
        "opening_hours": "24/7",
        "phone": "+1 702-731-5500",
        "ref": "1100291",
        "takeaway": "yes",
        "website": "https://locations.carlsjr.com/nv/las-vegas/2380-e-flamingo-rd",
        "@geometry": "center"
      },
      "geometry": {
        "type": "Point",
        "coordinates": [
          -115.1196437,
          36.1150204
        ]
      },
      "id": "way/269439763"
    },
    {
      "type": "Feature",
      "properties": {
        "@id": "way/270510727",
        "addr:city": "Woodland",
        "addr:housenumber": "98",
        "addr:postcode": "95695",
        "addr:state": "CA",
        "addr:street": "West Main Street",
        "amenity": "fast_food",
        "brand": "Carl's Jr.",
        "brand:wikidata": "Q1043486",
        "building": "yes",
        "cuisine": "burger",
        "name": "Carl's Jr.",
        "phone": "+1 530-668-1289",
        "ref": "1100607",
        "takeaway": "yes",
        "website": "https://locations.carlsjr.com/ca/woodland/98-w.-main-st.",
        "@geometry": "center"
      },
      "geometry": {
        "type": "Point",
        "coordinates": [
          -121.7883159,
          38.6778515
        ]
      },
      "id": "way/270510727"
    },
    {
      "type": "Feature",
      "properties": {
        "@id": "way/274178076",
        "addr:city": "Yuma",
        "addr:housenumber": "11274",
        "addr:postcode": "85367",
        "addr:state": "AZ",
        "addr:street": "South Fortuna Road",
        "amenity": "fast_food",
        "brand": "Carl's Jr.",
        "brand:wikidata": "Q1043486",
        "building": "retail",
        "cuisine": "burger",
        "drive_through": "yes",
        "name": "Carl's Jr.",
        "phone": "+1 928-276-3526",
        "ref": "1102782",
        "takeaway": "yes",
        "website": "https://locations.carlsjr.com/az/yuma/11274-s-fortuna-rd",
        "@geometry": "center"
      },
      "geometry": {
        "type": "Point",
        "coordinates": [
          -114.4447078,
          32.6672739
        ]
      },
      "id": "way/274178076"
    },
    {
      "type": "Feature",
      "properties": {
        "@id": "node/274362142",
        "addr:city": "San Diego",
        "addr:housenumber": "4199",
        "addr:postcode": "92122",
        "addr:state": "CA",
        "addr:street": "Governor Drive",
        "amenity": "fast_food",
        "brand": "Carl's Jr.",
        "brand:wikidata": "Q1043486",
        "cuisine": "burger",
        "drive_through": "yes",
        "name": "Carl's Jr. / The Green Burrito",
        "phone": "+1 858-623-8441",
        "ref": "1100095",
        "website": "https://locations.carlsjr.com/ca/san-diego/4199-governor-dr"
      },
      "geometry": {
        "type": "Point",
        "coordinates": [
          -117.2004664,
          32.8538449
        ]
      },
      "id": "node/274362142"
    },
    {
      "type": "Feature",
      "properties": {
        "@id": "way/275889366",
        "addr:city": "Highland",
        "addr:housenumber": "7261",
        "addr:postcode": "92346",
        "addr:state": "CA",
        "addr:street": "Boulder Avenue",
        "amenity": "fast_food",
        "brand": "Carl's Jr.",
        "brand:wikidata": "Q1043486",
        "building": "yes",
        "cuisine": "burger",
        "drive_through": "yes",
        "name": "Carl's Jr.",
        "phone": "+1 909-864-0894",
        "ref": "1100623",
        "source": "Bing",
        "takeaway": "yes",
        "website": "https://locations.carlsjr.com/ca/highland/7261-boulder-ave",
        "@geometry": "center"
      },
      "geometry": {
        "type": "Point",
        "coordinates": [
          -117.1950342,
          34.1232422
        ]
      },
      "id": "way/275889366"
    },
    {
      "type": "Feature",
      "properties": {
        "@id": "way/282238891",
        "addr:city": "Norco",
        "addr:country": "US",
        "addr:housenumber": "2896",
        "addr:postcode": "92860",
        "addr:state": "CA",
        "addr:street": "Hamner Avenue",
        "amenity": "fast_food",
        "brand": "Carl's Jr.",
        "brand:wikidata": "Q1043486",
        "building": "yes",
        "cuisine": "burger",
        "drive_through": "yes",
        "name": "Carl's Jr.",
        "phone": "+1 951-735-9610",
        "ref": "1100702",
        "ref:zone:code": "C1",
        "smoking": "no",
        "source": "bing;local_knowledge;survery;Norco Zone Map;frankthetankk;http://gis.rivcoit.org/",
        "takeaway": "yes",
        "website": "https://locations.carlsjr.com/ca/norco/2896-hamner",
        "wheelchair": "yes",
        "@geometry": "center"
      },
      "geometry": {
        "type": "Point",
        "coordinates": [
          -117.5595636,
          33.9239156
        ]
      },
      "id": "way/282238891"
    },
    {
      "type": "Feature",
      "properties": {
        "@id": "way/282238909",
        "addr:city": "Norco",
        "addr:country": "US",
        "addr:floor": "1",
        "addr:housenumber": "1120",
        "addr:postcode": "92860",
        "addr:state": "CA",
        "addr:street": "Hamner Avenue",
        "amenity": "fast_food",
        "brand": "Carl's Jr.",
        "brand:wikidata": "Q1043486",
        "building": "yes",
        "cuisine": "burger",
        "drive_through": "yes",
        "level": "1",
        "name": "Carl's Jr.",
        "opening_hours": "Mo-Th 06:00-23:00; Fr-Sa 06:00-23:59; Su 07:00-23:00",
        "payment:american_express": "yes",
        "payment:coins": "yes",
        "payment:credit_cards": "yes",
        "payment:debit_cards": "yes",
        "payment:discover_card": "yes",
        "payment:mastercard": "yes",
        "payment:notes": "yes",
        "payment:visa": "yes",
        "phone": "+1 951-280-9926",
        "ref": "1101173",
        "smoking": "no",
        "source": "bing;local_knowledge;survery",
        "source_date": "2014-06-02",
        "source_ref": "frankthtankk",
        "takeaway": "yes",
        "website": "https://locations.carlsjr.com/ca/norco/1120-hamner-ave",
        "wheelchair": "yes",
        "@geometry": "center"
      },
      "geometry": {
        "type": "Point",
        "coordinates": [
          -117.5632268,
          33.8990171
        ]
      },
      "id": "way/282238909"
    },
    {
      "type": "Feature",
      "properties": {
        "@id": "way/282971045",
        "addr:city": "Reno",
        "addr:county": "Washoe",
        "addr:housenumber": "1801",
        "addr:postcode": "89512",
        "addr:state": "NV",
        "addr:street": "Silverada Boulevard",
        "amenity": "fast_food",
        "brand": "Carl's Jr.",
        "brand:wikidata": "Q1043486",
        "building": "yes",
        "cuisine": "burger",
        "name": "Carl's Jr.",
        "phone": "+1 775-359-1307",
        "ref": "1100798",
        "source": "WC GIS",
        "takeaway": "yes",
        "website": "https://locations.carlsjr.com/nv/reno/1801-silverada-blvd",
        "@geometry": "center"
      },
      "geometry": {
        "type": "Point",
        "coordinates": [
          -119.7831959,
          39.5459024
        ]
      },
      "id": "way/282971045"
    },
    {
      "type": "Feature",
      "properties": {
        "@id": "way/284751997",
        "addr:city": "Sheridan",
        "addr:housenumber": "4080",
        "addr:postcode": "80110",
        "addr:state": "CO",
        "addr:street": "River Point Parkway",
        "amenity": "fast_food",
        "branch": "& Green Burrito",
        "brand": "Carl's Jr.",
        "brand:wikidata": "Q1043486",
        "building": "retail",
        "cuisine": "burger",
        "name": "Carl's Jr.",
        "phone": "+1 303-761-9005",
        "ref": "1101780",
        "source": "Bing",
        "takeaway": "yes",
        "website": "https://locations.carlsjr.com/co/sheridan/4080-river-point-pkwy",
        "@geometry": "center"
      },
      "geometry": {
        "type": "Point",
        "coordinates": [
          -105.0079104,
          39.64328
        ]
      },
      "id": "way/284751997"
    },
    {
      "type": "Feature",
      "properties": {
        "@id": "way/284940187",
        "addr:city": "Las Vegas",
        "addr:housenumber": "2001",
        "addr:postcode": "89104",
        "addr:state": "NV",
        "addr:street": "South Las Vegas Boulevard",
        "amenity": "fast_food",
        "brand": "Carl's Jr.",
        "brand:wikidata": "Q1043486",
        "building": "retail",
        "building:levels": "1",
        "check_date": "2020-11-14",
        "cuisine": "burger",
        "drive_through": "yes",
        "name": "Carl's Jr.",
        "opening_hours": "Su-Th 06:00-24:00; Fr-Sa 00:00-24:00",
        "phone": "+1 702-735-8373",
        "ref": "1100756",
        "takeaway": "yes",
        "website": "https://locations.carlsjr.com/nv/las-vegas/2001-s-las-vegas-blvd",
        "@geometry": "center"
      },
      "geometry": {
        "type": "Point",
        "coordinates": [
          -115.153958,
          36.1479138
        ]
      },
      "id": "way/284940187"
    },
    {
      "type": "Feature",
      "properties": {
        "@id": "way/285843811",
        "addr:city": "Torrance",
        "addr:housenumber": "21112",
        "addr:postcode": "90503",
        "addr:state": "CA",
        "addr:street": "Anza Avenue",
        "amenity": "fast_food",
        "brand": "Carl's Jr.",
        "brand:wikidata": "Q1043486",
        "building": "retail",
        "building:levels": "1",
        "building:use": "fast_food",
        "cuisine": "burger",
        "drive_through": "yes",
        "ele": "35.4",
        "height": "3.5",
        "indoor_seating": "yes",
        "kids_area": "no",
        "lacounty:ain": "7524027032",
        "lacounty:bld_id": "451713763775",
        "name": "Carl's Jr.",
        "outdoor_seating": "no",
        "panoramax": "df1a313f-328a-480b-b242-b84ea4b25d6f",
        "phone": "+1 310-371-1586",
        "ref": "1100076",
        "start_date": "1972",
        "takeaway": "yes",
        "website": "https://locations.carlsjr.com/ca/torrance/21112-anza-ave",
        "@geometry": "center"
      },
      "geometry": {
        "type": "Point",
        "coordinates": [
          -118.3620383,
          33.8384598
        ]
      },
      "id": "way/285843811"
    },
    {
      "type": "Feature",
      "properties": {
        "@id": "way/286363108",
        "addr:city": "Lompoc",
        "addr:country": "US",
        "addr:housenumber": "625",
        "addr:postcode": "93436-4518",
        "addr:state": "CA",
        "addr:street": "North H Street",
        "amenity": "fast_food",
        "brand": "Carl's Jr.",
        "brand:wikidata": "Q1043486",
        "building": "yes",
        "cuisine": "burger",
        "name": "Carl's Jr.",
        "opening_hours": "Mo-Su 08:15-22:00",
        "phone": "+1-805-735-1016",
        "ref": "1100326",
        "takeaway": "yes",
        "website": "https://locations.carlsjr.com/ca/lompoc/625-n-h-st",
        "@geometry": "center"
      },
      "geometry": {
        "type": "Point",
        "coordinates": [
          -120.4582123,
          34.6480299
        ]
      },
      "id": "way/286363108"
    },
    {
      "type": "Feature",
      "properties": {
        "@id": "way/287558242",
        "addr:city": "Stockton",
        "addr:housenumber": "1535",
        "addr:postcode": "95210",
        "addr:state": "CA",
        "addr:street": "East Hammer Lane",
        "amenity": "fast_food",
        "brand": "Carl's Jr.",
        "brand:wikidata": "Q1043486",
        "building": "yes",
        "cuisine": "burger",
        "name": "Carl's Jr.",
        "takeaway": "yes",
        "@geometry": "center"
      },
      "geometry": {
        "type": "Point",
        "coordinates": [
          -121.2932169,
          38.0213539
        ]
      },
      "id": "way/287558242"
    },
    {
      "type": "Feature",
      "properties": {
        "@id": "way/287588061",
        "addr:city": "Stockton",
        "addr:housenumber": "2610",
        "addr:postcode": "95207",
        "addr:state": "CA",
        "addr:street": "West March Lane",
        "amenity": "fast_food",
        "brand": "Carl's Jr.",
        "brand:wikidata": "Q1043486",
        "building": "yes",
        "cuisine": "burger",
        "name": "Carl's Jr.",
        "phone": "+1 209-957-7311",
        "ref": "1100495",
        "takeaway": "yes",
        "website": "https://locations.carlsjr.com/ca/stockton/2610-w-march-ln",
        "@geometry": "center"
      },
      "geometry": {
        "type": "Point",
        "coordinates": [
          -121.3402053,
          37.9843976
        ]
      },
      "id": "way/287588061"
    },
    {
      "type": "Feature",
      "properties": {
        "@id": "way/287812192",
        "addr:city": "American Fork",
        "addr:housenumber": "602",
        "addr:postcode": "84003",
        "addr:state": "UT",
        "addr:street": "South 500 East",
        "amenity": "fast_food",
        "brand": "Carl's Jr.",
        "brand:wikidata": "Q1043486",
        "building": "commercial",
        "cuisine": "burger",
        "drive_through": "yes",
        "name": "Carl's Jr.",
        "phone": "+1 801-492-3944",
        "ref": "1101339",
        "takeaway": "yes",
        "website": "https://locations.carlsjr.com/ut/american-fork/602-south-500-east",
        "@geometry": "center"
      },
      "geometry": {
        "type": "Point",
        "coordinates": [
          -111.786038,
          40.364733
        ]
      },
      "id": "way/287812192"
    },
    {
      "type": "Feature",
      "properties": {
        "@id": "way/289680753",
        "addr:city": "Oakhurst",
        "addr:housenumber": "40242",
        "addr:postcode": "93644-8876",
        "addr:state": "CA",
        "addr:street": "Highway 41",
        "amenity": "fast_food",
        "brand": "Carl's Jr.",
        "brand:wikidata": "Q1043486",
        "building": "yes",
        "cuisine": "burger",
        "name": "Carl's Jr.",
        "phone": "+1 559-658-8878",
        "ref": "1101567",
        "takeaway": "yes",
        "website": "https://locations.carlsjr.com/ca/oakhurst/40242-hwy-41",
        "@geometry": "center"
      },
      "geometry": {
        "type": "Point",
        "coordinates": [
          -119.6521817,
          37.3328813
        ]
      },
      "id": "way/289680753"
    },
    {
      "type": "Feature",
      "properties": {
        "@id": "way/295335784",
        "addr:city": "Lakewood",
        "addr:housenumber": "5601",
        "addr:postcode": "90713",
        "addr:state": "CA",
        "addr:street": "Woodruff Avenue",
        "amenity": "fast_food",
        "brand": "Carl's Jr.",
        "brand:wikidata": "Q1043486",
        "building": "commercial",
        "cuisine": "burger",
        "drive_through": "yes",
        "height": "4.6",
        "name": "Carl's Jr.",
        "phone": "+1 562-867-6369",
        "ref": "1100498",
        "takeaway": "yes",
        "website": "https://locations.carlsjr.com/ca/lakewood/5601-woodruff-ave",
        "@geometry": "center"
      },
      "geometry": {
        "type": "Point",
        "coordinates": [
          -118.1174722,
          33.8585941
        ]
      },
      "id": "way/295335784"
    },
    {
      "type": "Feature",
      "properties": {
        "@id": "way/296133759",
        "addr:city": "Gustine",
        "addr:housenumber": "12260",
        "addr:postcode": "95322",
        "addr:street": "South Highway 33",
        "amenity": "fast_food",
        "brand": "Carl's Jr.",
        "brand:wikidata": "Q1043486",
        "building": "commercial",
        "check_date": "2014-08-06",
        "cuisine": "burger",
        "name": "Carl's Jr.",
        "takeaway": "yes",
        "@geometry": "center"
      },
      "geometry": {
        "type": "Point",
        "coordinates": [
          -121.0151242,
          37.1113417
        ]
      },
      "id": "way/296133759"
    },
    {
      "type": "Feature",
      "properties": {
        "@id": "way/296930872",
        "addr:city": "Westminster",
        "addr:housenumber": "13630",
        "addr:postcode": "80023",
        "addr:state": "CO",
        "addr:street": "Orchard Parkway",
        "amenity": "fast_food",
        "brand": "Carl's Jr.",
        "brand:wikidata": "Q1043486",
        "building": "yes",
        "cuisine": "burger",
        "name": "Carl's Jr.",
        "phone": "+1 303-255-1833",
        "ref": "1101602",
        "source": "esri_USDOT_ColoradoOITGIS",
        "takeaway": "yes",
        "website": "https://locations.carlsjr.com/co/westminster/13630-orchard-pkwy",
        "@geometry": "center"
      },
      "geometry": {
        "type": "Point",
        "coordinates": [
          -104.9924607,
          39.9441796
        ]
      },
      "id": "way/296930872"
    },
    {
      "type": "Feature",
      "properties": {
        "@id": "way/297470709",
        "addr:city": "Turlock",
        "addr:housenumber": "2980",
        "addr:postcode": "95382-1142",
        "addr:state": "CA",
        "addr:street": "Geer Road",
        "amenity": "fast_food",
        "brand": "Carl's Jr.",
        "brand:wikidata": "Q1043486",
        "building": "yes",
        "cuisine": "burger",
        "drive_through": "yes",
        "name": "Carl's Jr.",
        "opening_hours": "Su-Th 06:00-24:00; Fr-Sa 06:00-26:00",
        "phone": "+1 209 668 2749",
        "ref": "1100518",
        "takeaway": "yes",
        "website": "https://locations.carlsjr.com/ca/turlock/2980-geer-rd/",
        "@geometry": "center"
      },
      "geometry": {
        "type": "Point",
        "coordinates": [
          -120.8485242,
          37.5198115
        ]
      },
      "id": "way/297470709"
    },
    {
      "type": "Feature",
      "properties": {
        "@id": "way/298012670",
        "amenity": "fast_food",
        "brand": "Carl's Jr.",
        "brand:wikidata": "Q1043486",
        "building": "retail",
        "building:levels": "1",
        "cuisine": "burger",
        "drive_through": "yes",
        "name": "Carl's Jr.",
        "takeaway": "yes",
        "website": "https://locations.carlsjr.com/ak/wasilla/1741-e.-palmer-wasilla-hwy",
        "@geometry": "center"
      },
      "geometry": {
        "type": "Point",
        "coordinates": [
          -149.4086158,
          61.5782409
        ]
      },
      "id": "way/298012670"
    },
    {
      "type": "Feature",
      "properties": {
        "@id": "way/300581769",
        "addr:city": "Long Beach",
        "addr:housenumber": "2100",
        "addr:postcode": "90807",
        "addr:state": "CA",
        "addr:street": "Carson Street",
        "amenity": "fast_food",
        "brand": "Carl's Jr.",
        "brand:wikidata": "Q1043486",
        "building": "yes",
        "building:units": "1",
        "cuisine": "burger",
        "drive_through": "yes",
        "ele": "29.2",
        "height": "7.4",
        "lacounty:ain": "7149004056",
        "lacounty:bld_id": "511138761308",
        "name": "Carl's Jr.",
        "phone": "+1 562-492-9984",
        "ref": "1100159",
        "start_date": "1999",
        "takeaway": "yes",
        "website": "https://locations.carlsjr.com/ca/long-beach/2100-e-carson-st",
        "@geometry": "center"
      },
      "geometry": {
        "type": "Point",
        "coordinates": [
          -118.1664363,
          33.8320586
        ]
      },
      "id": "way/300581769"
    },
    {
      "type": "Feature",
      "properties": {
        "@id": "way/302426278",
        "addr:city": "Kingman",
        "addr:housenumber": "789",
        "addr:postcode": "86401",
        "addr:state": "AZ",
        "addr:street": "West Beale Street",
        "amenity": "fast_food",
        "brand": "Carl's Jr.",
        "brand:wikidata": "Q1043486",
        "building": "yes",
        "cuisine": "burger",
        "drive_through": "yes",
        "name": "Carl's Jr.",
        "opening_hours": "Mo-Th,Su 06:00-24:00, Fr,Sa 06:00-01:00",
        "phone": "+1 928-753-1989",
        "ref": "1100704",
        "takeaway": "yes",
        "website": "https://locations.carlsjr.com/az/kingman/789-w-beale-st",
        "@geometry": "center"
      },
      "geometry": {
        "type": "Point",
        "coordinates": [
          -114.0659749,
          35.1911486
        ]
      },
      "id": "way/302426278"
    },
    {
      "type": "Feature",
      "properties": {
        "@id": "way/302427377",
        "addr:city": "Buckeye",
        "addr:country": "US",
        "addr:housenumber": "416",
        "addr:postcode": "85326",
        "addr:state": "AZ",
        "addr:street": "South Watson Road",
        "air_conditioning": "yes",
        "amenity": "fast_food",
        "brand": "Carl's Jr.",
        "brand:wikidata": "Q1043486",
        "building": "retail",
        "cuisine": "burger",
        "drive_through": "yes",
        "name": "Carl's Jr.",
        "phone": "+1 623-327-3667",
        "ref": "1101756",
        "source": "esri_USDOT_Arizona",
        "takeaway": "yes",
        "website": "https://locations.carlsjr.com/az/buckeye/416-s-watson-rd",
        "@geometry": "center"
      },
      "geometry": {
        "type": "Point",
        "coordinates": [
          -112.5570787,
          33.4432864
        ]
      },
      "id": "way/302427377"
    },
    {
      "type": "Feature",
      "properties": {
        "@id": "way/304331055",
        "addr:city": "Anaheim",
        "addr:housenumber": "8225",
        "addr:postcode": "92808",
        "addr:state": "CA",
        "addr:street": "Santa Ana Canyon Road",
        "amenity": "fast_food",
        "brand": "Carl's Jr.",
        "brand:wikidata": "Q1043486",
        "building": "yes",
        "cuisine": "burger",
        "drive_through": "yes",
        "name": "Carl's Jr.",
        "phone": "+1 714-637-1014",
        "ref": "1100809",
        "takeaway": "yes",
        "website": "https://locations.carlsjr.com/ca/anaheim/8225-santa-ana-canyon-rd",
        "@geometry": "center"
      },
      "geometry": {
        "type": "Point",
        "coordinates": [
          -117.7456597,
          33.8677343
        ]
      },
      "id": "way/304331055"
    },
    {
      "type": "Feature",
      "properties": {
        "@id": "way/304467210",
        "addr:city": "Los Banos",
        "addr:housenumber": "1941",
        "addr:postcode": "93635",
        "addr:state": "CA",
        "addr:street": "East Pacheco Boulevard",
        "amenity": "fast_food",
        "brand": "Carl's Jr.",
        "brand:wikidata": "Q1043486",
        "building": "commercial",
        "cuisine": "burger",
        "description": "Restaurant",
        "name": "Carl's Jr.",
        "phone": "+1 209-827-3567",
        "ref": "1101713",
        "takeaway": "yes",
        "website": "https://locations.carlsjr.com/ca/los-banos/1941-e-pacheco-blvd",
        "@geometry": "center"
      },
      "geometry": {
        "type": "Point",
        "coordinates": [
          -120.8250465,
          37.0565487
        ]
      },
      "id": "way/304467210"
    },
    {
      "type": "Feature",
      "properties": {
        "@id": "way/308328168",
        "addr:city": "Coalinga",
        "addr:housenumber": "25167",
        "addr:postcode": "93210-9723",
        "addr:state": "CA",
        "addr:street": "West Dorris Avenue",
        "amenity": "fast_food",
        "brand": "Carl's Jr.",
        "brand:wikidata": "Q1043486",
        "building": "yes",
        "cuisine": "burger",
        "name": "Carl's Jr.",
        "phone": "+1 559-935-2980",
        "ref": "1100647",
        "takeaway": "yes",
        "website": "https://locations.carlsjr.com/ca/coalinga/25167-w-dorris-ave",
        "@geometry": "center"
      },
      "geometry": {
        "type": "Point",
        "coordinates": [
          -120.2500187,
          36.2529752
        ]
      },
      "id": "way/308328168"
    },
    {
      "type": "Feature",
      "properties": {
        "@id": "way/310950694",
        "addr:city": "Vancouver",
        "addr:housenumber": "9016",
        "addr:postcode": "98665-8923",
        "addr:state": "WA",
        "addr:street": "Northeast Highway 99",
        "amenity": "fast_food",
        "brand": "Carl's Jr.",
        "brand:wikidata": "Q1043486",
        "building": "yes",
        "cuisine": "burger",
        "name": "Carl's Jr.",
        "phone": "+1-360-574-9200",
        "ref": "1100410",
        "takeaway": "yes",
        "website": "https://locations.carlsjr.com/wa/vancouver/9016-ne-highway-99",
        "@geometry": "center"
      },
      "geometry": {
        "type": "Point",
        "coordinates": [
          -122.6599512,
          45.6881336
        ]
      },
      "id": "way/310950694"
    },
    {
      "type": "Feature",
      "properties": {
        "@id": "way/311038546",
        "addr:city": "Eugene",
        "addr:housenumber": "25",
        "addr:postcode": "97404",
        "addr:state": "OR",
        "addr:street": "Silver Lane",
        "amenity": "fast_food",
        "brand": "Carl's Jr.",
        "brand:wikidata": "Q1043486",
        "building": "yes",
        "cuisine": "burger",
        "name": "Carl's Jr.",
        "phone": "+1 541-461-6814",
        "ref": "1101155",
        "takeaway": "yes",
        "website": "https://locations.carlsjr.com/or/eugene/25-silver-lane",
        "@geometry": "center"
      },
      "geometry": {
        "type": "Point",
        "coordinates": [
          -123.1285074,
          44.0958476
        ]
      },
      "id": "way/311038546"
    },
    {
      "type": "Feature",
      "properties": {
        "@id": "way/311459518",
        "addr:city": "Georgetown",
        "addr:housenumber": "1039",
        "addr:postcode": "78628",
        "addr:state": "TX",
        "addr:street": "West University Avenue",
        "air_conditioning": "yes",
        "amenity": "fast_food",
        "brand": "Carl's Jr.",
        "brand:wikidata": "Q1043486",
        "building": "yes",
        "check_date": "2023-04-02",
        "cuisine": "burger",
        "delivery": "yes",
        "drive_through": "yes",
        "name": "Carl's Jr.",
        "opening_hours": "Mo-Th 06:00-22:00; Fr-Sa 06:00-23:00; Su 07:00-22:00",
        "payment:credit_cards": "yes",
        "phone": "+1 512-868-0200",
        "ref": "1101854",
        "takeaway": "yes",
        "website": "https://locations.carlsjr.com/tx/georgetown/1039-w-university-ave",
        "wheelchair": "yes",
        "@geometry": "center"
      },
      "geometry": {
        "type": "Point",
        "coordinates": [
          -97.6984716,
          30.6324768
        ]
      },
      "id": "way/311459518"
    },
    {
      "type": "Feature",
      "properties": {
        "@id": "way/311695565",
        "addr:city": "Los Banos",
        "addr:housenumber": "1551",
        "addr:postcode": "93635",
        "addr:state": "CA",
        "addr:street": "West Pacheco Boulevard",
        "amenity": "fast_food",
        "brand": "Carl's Jr.",
        "brand:wikidata": "Q1043486",
        "building": "commercial",
        "cuisine": "burger",
        "drive_through": "yes",
        "name": "Carl's Jr.",
        "phone": "+1 209-827-4533",
        "ref": "1100649",
        "takeaway": "yes",
        "website": "https://locations.carlsjr.com/ca/los-banos/1551-w-pacheco-blvd",
        "@geometry": "center"
      },
      "geometry": {
        "type": "Point",
        "coordinates": [
          -120.8791532,
          37.0563278
        ]
      },
      "id": "way/311695565"
    },
    {
      "type": "Feature",
      "properties": {
        "@id": "way/311695566",
        "addr:city": "Atwater",
        "addr:housenumber": "1600",
        "addr:postcode": "95301",
        "addr:state": "CA",
        "addr:street": "Bell Lane",
        "amenity": "fast_food",
        "brand": "Carl's Jr.",
        "brand:wikidata": "Q1043486",
        "building": "yes",
        "cuisine": "burger",
        "name": "Carl's Jr.",
        "phone": "+1 209-358-2567",
        "ref": "1101712",
        "takeaway": "yes",
        "website": "https://locations.carlsjr.com/ca/atwater/1600-bell-ln",
        "@geometry": "center"
      },
      "geometry": {
        "type": "Point",
        "coordinates": [
          -120.6150073,
          37.3446754
        ]
      },
      "id": "way/311695566"
    },
    {
      "type": "Feature",
      "properties": {
        "@id": "way/311695567",
        "addr:city": "Livingston",
        "addr:housenumber": "443",
        "addr:postcode": "95334",
        "addr:state": "CA",
        "addr:street": "Joseph Gallo Drive",
        "amenity": "fast_food",
        "brand": "Carl's Jr.",
        "brand:wikidata": "Q1043486",
        "building": "commercial",
        "cuisine": "burger",
        "name": "Carl's Jr.",
        "phone": "+1 209-394-7682",
        "ref": "1101553",
        "takeaway": "yes",
        "website": "https://locations.carlsjr.com/ca/livingston/443-joseph-gallo-ct",
        "@geometry": "center"
      },
      "geometry": {
        "type": "Point",
        "coordinates": [
          -120.7359948,
          37.3884511
        ]
      },
      "id": "way/311695567"
    },
    {
      "type": "Feature",
      "properties": {
        "@id": "way/311695568",
        "addr:city": "Merced",
        "addr:housenumber": "1402",
        "addr:postcode": "95340",
        "addr:state": "CA",
        "addr:street": "V Street",
        "amenity": "fast_food",
        "brand": "Carl's Jr.",
        "brand:wikidata": "Q1043486",
        "building": "commercial",
        "cuisine": "burger",
        "name": "Carl's Jr.",
        "phone": "+1 209-383-2952",
        "ref": "1100238",
        "takeaway": "yes",
        "website": "https://locations.carlsjr.com/ca/merced/1400-v-street",
        "@geometry": "center"
      },
      "geometry": {
        "type": "Point",
        "coordinates": [
          -120.4996882,
          37.3036093
        ]
      },
      "id": "way/311695568"
    },
    {
      "type": "Feature",
      "properties": {
        "@id": "way/312212531",
        "addr:city": "Palm Springs",
        "addr:housenumber": "2520",
        "addr:postcode": "92262",
        "addr:state": "CA",
        "addr:street": "Palm Canyon Drive",
        "amenity": "fast_food",
        "brand": "Carl's Jr.",
        "brand:wikidata": "Q1043486",
        "building": "yes",
        "cuisine": "burger",
        "name": "Carl's Jr.",
        "phone": "+1 760-325-1795",
        "ref": "1100731",
        "takeaway": "yes",
        "website": "https://locations.carlsjr.com/ca/palm-springs/2520-n-palm-canyon-dr",
        "@geometry": "center"
      },
      "geometry": {
        "type": "Point",
        "coordinates": [
          -116.5514591,
          33.8525187
        ]
      },
      "id": "way/312212531"
    },
    {
      "type": "Feature",
      "properties": {
        "@id": "way/312212601",
        "addr:city": "Palm Springs",
        "addr:postcode": "92264",
        "addr:state": "CA",
        "addr:street": "South Sunrise Way",
        "amenity": "fast_food",
        "brand": "Carl's Jr.",
        "brand:wikidata": "Q1043486",
        "building": "yes",
        "cuisine": "burger",
        "name": "Carl's Jr.",
        "takeaway": "yes",
        "@geometry": "center"
      },
      "geometry": {
        "type": "Point",
        "coordinates": [
          -116.5290419,
          33.8162254
        ]
      },
      "id": "way/312212601"
    },
    {
      "type": "Feature",
      "properties": {
        "@id": "way/314181657",
        "addr:city": "Tucson",
        "addr:housenumber": "7805",
        "addr:postcode": "85710",
        "addr:state": "AZ",
        "addr:street": "East Broadway",
        "amenity": "fast_food",
        "brand": "Carl's Jr.",
        "brand:wikidata": "Q1043486",
        "building": "yes",
        "cuisine": "burger",
        "drive_through": "yes",
        "name": "Carl's Jr.",
        "phone": "+1 520-886-4354",
        "ref": "1101499",
        "takeaway": "yes",
        "website": "https://locations.carlsjr.com/az/tucson/7805-e-broadway",
        "@geometry": "center"
      },
      "geometry": {
        "type": "Point",
        "coordinates": [
          -110.825586,
          32.2214601
        ]
      },
      "id": "way/314181657"
    },
    {
      "type": "Feature",
      "properties": {
        "@id": "way/315440199",
        "addr:city": "Oakland",
        "addr:country": "US",
        "addr:housenumber": "3770",
        "addr:postcode": "94609-2429",
        "addr:state": "CA",
        "addr:street": "Telegraph Avenue",
        "amenity": "fast_food",
        "brand": "Carl's Jr.",
        "brand:wikidata": "Q1043486",
        "building": "yes",
        "cuisine": "burger",
        "delivery": "no",
        "drive_through": "no",
        "name": "Carl's Jr.",
        "outdoor_seating": "yes",
        "phone": "+1 510-658-4491",
        "ref": "1100720",
        "smoking": "no",
        "takeaway": "yes",
        "website": "https://locations.carlsjr.com/ca/oakland/3770-telegraph-avenue",
        "@geometry": "center"
      },
      "geometry": {
        "type": "Point",
        "coordinates": [
          -122.2646816,
          37.8267845
        ]
      },
      "id": "way/315440199"
    },
    {
      "type": "Feature",
      "properties": {
        "@id": "way/316106204",
        "addr:city": "Bishop",
        "addr:housenumber": "768",
        "addr:postcode": "93514",
        "addr:state": "CA",
        "addr:street": "North Main Street",
        "amenity": "fast_food",
        "brand": "Carl's Jr.",
        "brand:wikidata": "Q1043486",
        "building": "yes",
        "cuisine": "burger",
        "name": "Carl's Jr.",
        "phone": "+1 760-873-4090",
        "ref": "1100805",
        "takeaway": "yes",
        "website": "https://locations.carlsjr.com/ca/bishop/768-n-main-st",
        "@geometry": "center"
      },
      "geometry": {
        "type": "Point",
        "coordinates": [
          -118.3948345,
          37.3679326
        ]
      },
      "id": "way/316106204"
    },
    {
      "type": "Feature",
      "properties": {
        "@id": "way/317531143",
        "addr:city": "Huntington Beach",
        "addr:housenumber": "19512",
        "addr:postcode": "92648",
        "addr:state": "CA",
        "addr:street": "Beach Boulevard",
        "amenity": "fast_food",
        "brand": "Carl's Jr.",
        "brand:wikidata": "Q1043486",
        "building": "retail",
        "cuisine": "burger",
        "drive_through": "yes",
        "height": "3.91",
        "name": "Carl's Jr.",
        "phone": "+1 714-968-7374",
        "ref": "1100088",
        "takeaway": "yes",
        "website": "https://locations.carlsjr.com/ca/huntington-beach/19512-beach-blvd",
        "@geometry": "center"
      },
      "geometry": {
        "type": "Point",
        "coordinates": [
          -117.9881759,
          33.6791289
        ]
      },
      "id": "way/317531143"
    },
    {
      "type": "Feature",
      "properties": {
        "@id": "way/317610306",
        "addr:city": "Cheyenne",
        "addr:housenumber": "216",
        "addr:postcode": "82001-4504",
        "addr:state": "WY",
        "addr:street": "East Lincolnway",
        "amenity": "fast_food",
        "brand": "Carl's Jr.",
        "brand:wikidata": "Q1043486",
        "building": "yes",
        "cuisine": "burger",
        "name": "Carl's Jr.",
        "phone": "+1 307-637-6126",
        "ref": "1101730",
        "takeaway": "yes",
        "website": "https://locations.carlsjr.com/wy/cheyenne/216-e-lincolnway",
        "@geometry": "center"
      },
      "geometry": {
        "type": "Point",
        "coordinates": [
          -104.8127476,
          41.1340743
        ]
      },
      "id": "way/317610306"
    },
    {
      "type": "Feature",
      "properties": {
        "@id": "way/318671132",
        "addr:city": "Manteca",
        "addr:housenumber": "990",
        "addr:postcode": "95336-3743",
        "addr:state": "CA",
        "addr:street": "North Main Street",
        "amenity": "fast_food",
        "brand": "Carl's Jr.",
        "brand:wikidata": "Q1043486",
        "building": "yes",
        "cuisine": "burger",
        "name": "Carl's Jr.",
        "phone": "+1 209-239-5851",
        "ref": "1100177",
        "takeaway": "yes",
        "website": "https://locations.carlsjr.com/ca/manteca/990-n-main-st",
        "@geometry": "center"
      },
      "geometry": {
        "type": "Point",
        "coordinates": [
          -121.2166132,
          37.8110092
        ]
      },
      "id": "way/318671132"
    },
    {
      "type": "Feature",
      "properties": {
        "@id": "way/320102960",
        "addr:city": "Lodi",
        "addr:housenumber": "6301",
        "addr:postcode": "95242",
        "addr:state": "CA",
        "addr:street": "West Banner Road",
        "amenity": "fast_food",
        "brand": "Carl's Jr.",
        "brand:wikidata": "Q1043486",
        "building": "yes",
        "cuisine": "burger",
        "name": "Carl's Jr.",
        "phone": "+1 209-366-2206",
        "ref": "1100308",
        "takeaway": "yes",
        "website": "https://locations.carlsjr.com/ca/lodi/6301-w-banner-rd",
        "@geometry": "center"
      },
      "geometry": {
        "type": "Point",
        "coordinates": [
          -121.3922754,
          38.1154655
        ]
      },
      "id": "way/320102960"
    },
    {
      "type": "Feature",
      "properties": {
        "@id": "node/320610363",
        "addr:city": "Temple City",
        "addr:housenumber": "9803",
        "addr:postcode": "91780",
        "addr:state": "CA",
        "addr:street": "East Las Tunas",
        "brand": "Carl's Jr.",
        "brand:wikidata": "Q1043486",
        "check_date": "2026-01-25",
        "contact:yelp": "https://www.yelp.com/biz/carls-jr-temple-city-2",
        "cuisine": "burger",
        "delivery": "yes",
        "disused:amenity": "fast_food",
        "drive_through": "yes",
        "level": "0",
        "name": "Carl's Jr.",
        "opening_hours": "24/7",
        "payment:cash": "yes",
        "payment:credit_cards": "yes",
        "payment:debit_cards": "yes",
        "phone": "+1 626-285-2881",
        "ref": "1100055",
        "takeaway": "yes",
        "website": "https://locations.carlsjr.com/ca/temple-city/9803-e-las-tunas"
      },
      "geometry": {
        "type": "Point",
        "coordinates": [
          -118.0563841,
          34.1074873
        ]
      },
      "id": "node/320610363"
    },
    {
      "type": "Feature",
      "properties": {
        "@id": "way/321212957",
        "addr:city": "Manteca",
        "addr:housenumber": "1465",
        "addr:postcode": "95337-5100",
        "addr:state": "CA",
        "addr:street": "West Yosemite Avenue",
        "amenity": "fast_food",
        "brand": "Carl's Jr.",
        "brand:wikidata": "Q1043486",
        "building": "yes",
        "cuisine": "burger",
        "name": "Carl's Jr.",
        "phone": "+1 209-239-7705",
        "ref": "1100590",
        "takeaway": "yes",
        "website": "https://locations.carlsjr.com/ca/manteca/1465-w-yosemite-ave",
        "@geometry": "center"
      },
      "geometry": {
        "type": "Point",
        "coordinates": [
          -121.2396374,
          37.7976889
        ]
      },
      "id": "way/321212957"
    },
    {
      "type": "Feature",
      "properties": {
        "@id": "way/325125331",
        "addr:city": "Norman",
        "addr:housenumber": "1101",
        "addr:postcode": "73069",
        "addr:state": "OK",
        "addr:street": "24th Avenue Northwest",
        "amenity": "fast_food",
        "brand": "Carl's Jr.",
        "brand:wikidata": "Q1043486",
        "building": "yes",
        "check_date": "2015-01-29",
        "cuisine": "burger",
        "name": "Carl's Jr.",
        "phone": "+1 405-364-9745",
        "ref": "1101663",
        "takeaway": "yes",
        "website": "https://locations.carlsjr.com/ok/norman/1101-24th-ave-nw",
        "@geometry": "center"
      },
      "geometry": {
        "type": "Point",
        "coordinates": [
          -97.4800121,
          35.232021
        ]
      },
      "id": "way/325125331"
    },
    {
      "type": "Feature",
      "properties": {
        "@id": "way/326057236",
        "addr:city": "Primm",
        "addr:housenumber": "32140",
        "addr:postcode": "89019-7029",
        "addr:state": "NV",
        "addr:street": "South Las Vegas Boulevard",
        "air_conditioning": "yes",
        "amenity": "fast_food",
        "brand": "Carl's Jr.",
        "brand:wikidata": "Q1043486",
        "building": "yes",
        "cuisine": "burger",
        "drive_through": "yes",
        "name": "Carl's Jr.",
        "takeaway": "yes",
        "website": "https://locations.carlsjr.com/nv/primm/32140-las-vegas-blvd-s",
        "@geometry": "center"
      },
      "geometry": {
        "type": "Point",
        "coordinates": [
          -115.3900014,
          35.6079402
        ]
      },
      "id": "way/326057236"
    },
    {
      "type": "Feature",
      "properties": {
        "@id": "way/328487106",
        "addr:city": "Nampa",
        "addr:housenumber": "2034",
        "addr:postcode": "83651",
        "addr:state": "ID",
        "addr:street": "Caldwell Boulevard",
        "amenity": "fast_food",
        "brand": "Carl's Jr.",
        "brand:wikidata": "Q1043486",
        "building": "commercial",
        "cuisine": "burger",
        "name": "Carl's Jr.",
        "opening_hours": "Su 07:00-23:00, Mo-Fr 06:00-23:00, Sa 06:00-23:59",
        "operator": "Carl's Junior",
        "phone": "+1-208-461-1991",
        "ref": "1101365",
        "takeaway": "yes",
        "website": "https://carlsjr.com/",
        "@geometry": "center"
      },
      "geometry": {
        "type": "Point",
        "coordinates": [
          -116.6059965,
          43.6079465
        ]
      },
      "id": "way/328487106"
    },
    {
      "type": "Feature",
      "properties": {
        "@id": "way/328488796",
        "addr:city": "Salinas",
        "addr:housenumber": "950",
        "addr:postcode": "93901",
        "addr:state": "CA",
        "addr:street": "Abbott Street",
        "amenity": "fast_food",
        "brand": "Carl's Jr.",
        "brand:wikidata": "Q1043486",
        "building": "yes",
        "cuisine": "burger",
        "name": "Carl's Jr.",
        "phone": "+1 831-754-4416",
        "ref": "1100749",
        "takeaway": "yes",
        "website": "https://locations.carlsjr.com/ca/salinas/950-abbott-street",
        "@geometry": "center"
      },
      "geometry": {
        "type": "Point",
        "coordinates": [
          -121.6365631,
          36.6569907
        ]
      },
      "id": "way/328488796"
    },
    {
      "type": "Feature",
      "properties": {
        "@id": "way/332034504",
        "addr:city": "Hillsboro",
        "addr:housenumber": "575",
        "addr:postcode": "97123",
        "addr:state": "OR",
        "addr:street": "Southeast 10th Avenue",
        "amenity": "fast_food",
        "brand": "Carl's Jr.",
        "brand:wikidata": "Q1043486",
        "building": "yes",
        "cuisine": "burger",
        "ele": "58.2",
        "height": "4.7",
        "name": "Carl's Jr.",
        "phone": "+1 503-693-6201",
        "ref": "1100154",
        "takeaway": "yes",
        "website": "https://locations.carlsjr.com/or/hillsboro/575-se-10th-ave",
        "@geometry": "center"
      },
      "geometry": {
        "type": "Point",
        "coordinates": [
          -122.9742841,
          45.516566
        ]
      },
      "id": "way/332034504"
    },
    {
      "type": "Feature",
      "properties": {
        "@id": "way/333369535",
        "addr:city": "Lake Forest",
        "addr:housenumber": "20532",
        "addr:postcode": "92630",
        "addr:state": "CA",
        "addr:street": "Regency Lane",
        "amenity": "fast_food",
        "brand": "Carl's Jr.",
        "brand:wikidata": "Q1043486",
        "building": "retail",
        "cuisine": "burger",
        "diet:vegetarian": "no",
        "drive_through": "yes",
        "height": "11.52",
        "name": "Carl's Jr. & Green Burrito",
        "note": "The street number is definitiely 20532 and the street is *probably* Regency, but the Carls Jr website has this at 20552 Lake Forest Drive",
        "opening_hours": "Mo-Su 06:00-23:00; PH off",
        "phone": "+1 949-830-8929",
        "ref": "1100622",
        "website": "https://locations.carlsjr.com/ca/lake-forest/20552-lake-forest-drive",
        "wheelchair": "yes",
        "@geometry": "center"
      },
      "geometry": {
        "type": "Point",
        "coordinates": [
          -117.6656456,
          33.6639364
        ]
      },
      "id": "way/333369535"
    },
    {
      "type": "Feature",
      "properties": {
        "@id": "way/334582280",
        "addr:city": "Oklahoma City",
        "addr:housenumber": "13424",
        "addr:postcode": "73142",
        "addr:state": "OK",
        "addr:street": "North MacArthur Boulevard",
        "amenity": "fast_food",
        "brand": "Carl's Jr.",
        "brand:wikidata": "Q1043486",
        "building": "yes",
        "cuisine": "burger",
        "drive_through": "yes",
        "name": "Carl's Jr.",
        "opening_hours": "Mo-Fr 05:30-23:00; Sa 06:00-23:00; Su 07:00-23:00",
        "outdoor_seating": "no",
        "phone": "+1 405-470-2809",
        "ref": "1101770",
        "self_service": "no",
        "takeaway": "yes",
        "website": "https://locations.carlsjr.com/ok/oklahoma-city/13424-n-macarthur-blvd",
        "@geometry": "center"
      },
      "geometry": {
        "type": "Point",
        "coordinates": [
          -97.6202399,
          35.6068655
        ]
      },
      "id": "way/334582280"
    },
    {
      "type": "Feature",
      "properties": {
        "@id": "way/335468576",
        "addr:city": "Liberty Lake",
        "addr:housenumber": "1317",
        "addr:postcode": "99019",
        "addr:state": "WA",
        "addr:street": "North Liberty Lake Road",
        "amenity": "fast_food",
        "brand": "Carl's Jr.",
        "brand:wikidata": "Q1043486",
        "building": "yes",
        "cuisine": "burger",
        "name": "Carl's Jr.",
        "phone": "+1-509-926-3008",
        "ref": "1100180",
        "takeaway": "yes",
        "website": "https://locations.carlsjr.com/wa/liberty-lake/1317-n-liberty-lake-rd",
        "@geometry": "center"
      },
      "geometry": {
        "type": "Point",
        "coordinates": [
          -117.1063733,
          47.6694232
        ]
      },
      "id": "way/335468576"
    },
    {
      "type": "Feature",
      "properties": {
        "@id": "way/338049154",
        "addr:city": "El Paso",
        "addr:housenumber": "1898",
        "addr:postcode": "79936",
        "addr:state": "TX",
        "addr:street": "North Lee Trevino Drive",
        "amenity": "fast_food",
        "brand": "Carl's Jr.",
        "brand:wikidata": "Q1043486",
        "building": "retail",
        "cuisine": "burger",
        "name": "Carl's Jr.",
        "phone": "+1 915-595-0924",
        "ref": "1101552",
        "takeaway": "yes",
        "website": "https://locations.carlsjr.com/tx/el-paso/1898-n-lee-trevino-dr",
        "@geometry": "center"
      },
      "geometry": {
        "type": "Point",
        "coordinates": [
          -106.3186051,
          31.7684885
        ]
      },
      "id": "way/338049154"
    },
    {
      "type": "Feature",
      "properties": {
        "@id": "way/342128079",
        "addr:city": "Irvine",
        "addr:housenumber": "55",
        "addr:postcode": "92618",
        "addr:state": "CA",
        "addr:street": "Technology Drive",
        "amenity": "fast_food",
        "brand": "Carl's Jr.",
        "brand:wikidata": "Q1043486",
        "building": "yes",
        "cuisine": "burger",
        "drive_through": "yes",
        "height": "5",
        "name": "Carl's Jr.",
        "phone": "+1 949-727-1491",
        "ref": "1100221",
        "takeaway": "yes",
        "website": "https://locations.carlsjr.com/ca/irvine/55-technology-west",
        "@geometry": "center"
      },
      "geometry": {
        "type": "Point",
        "coordinates": [
          -117.7401323,
          33.6566589
        ]
      },
      "id": "way/342128079"
    },
    {
      "type": "Feature",
      "properties": {
        "@id": "way/342868121",
        "addr:city": "Irvine",
        "addr:housenumber": "4770",
        "addr:postcode": "92620",
        "addr:state": "CA",
        "addr:street": "Irvine Boulevard",
        "amenity": "fast_food",
        "brand": "Carl's Jr.",
        "brand:wikidata": "Q1043486",
        "building": "retail",
        "cuisine": "burger",
        "drive_through": "yes",
        "height": "5.8",
        "indoor_seating": "yes",
        "name": "Carl's Jr.",
        "outdoor_seating": "yes",
        "phone": "+1 714-832-6357",
        "ref": "1100310",
        "takeaway": "yes",
        "website": "https://locations.carlsjr.com/ca/irvine/4770-irvine-blvd",
        "@geometry": "center"
      },
      "geometry": {
        "type": "Point",
        "coordinates": [
          -117.7604268,
          33.7135271
        ]
      },
      "id": "way/342868121"
    },
    {
      "type": "Feature",
      "properties": {
        "@id": "way/345551120",
        "addr:city": "Tigard",
        "addr:housenumber": "12144",
        "addr:postcode": "97223",
        "addr:state": "OR",
        "addr:street": "Southwest Scholls Ferry Road",
        "amenity": "fast_food",
        "brand": "Carl's Jr.",
        "brand:wikidata": "Q1043486",
        "building": "yes",
        "cuisine": "burger",
        "ele": "72.4",
        "height": "6.9",
        "name": "Carl's Jr.",
        "phone": "+1 503-579-8250",
        "ref": "1100316",
        "takeaway": "yes",
        "website": "https://locations.carlsjr.com/or/tigard/12140-sw-scholls-ferry-road",
        "@geometry": "center"
      },
      "geometry": {
        "type": "Point",
        "coordinates": [
          -122.8010765,
          45.4434633
        ]
      },
      "id": "way/345551120"
    },
    {
      "type": "Feature",
      "properties": {
        "@id": "way/346993166",
        "addr:city": "Lynwood",
        "addr:housenumber": "32621;3621",
        "addr:postcode": "90262",
        "addr:state": "CA",
        "addr:street": "East Imperial Highway;Imperial Highway",
        "amenity": "fast_food",
        "brand": "Carl's Jr.",
        "brand:wikidata": "Q1043486",
        "building": "commercial",
        "building:units": "1",
        "building:use": "fast_food",
        "cuisine": "burger",
        "drive_through": "yes",
        "ele": "32.0",
        "height": "4.3",
        "lacounty:ain": "6191012024",
        "lacounty:bld_id": "499873797478",
        "name": "Carl's Jr.",
        "phone": "+1 310-631-4833",
        "ref": "1100364",
        "start_date": "1982",
        "takeaway": "yes",
        "website": "https://locations.carlsjr.com/ca/lynwood/3621-e-imperial-highway",
        "@geometry": "center"
      },
      "geometry": {
        "type": "Point",
        "coordinates": [
          -118.2037192,
          33.9313707
        ]
      },
      "id": "way/346993166"
    },
    {
      "type": "Feature",
      "properties": {
        "@id": "way/349940800",
        "addr:city": "Hillsboro",
        "addr:housenumber": "7120",
        "addr:postcode": "97124",
        "addr:state": "OR",
        "addr:street": "Northeast Cornell Road",
        "amenity": "fast_food",
        "brand": "Carl's Jr.",
        "brand:wikidata": "Q1043486",
        "building": "yes",
        "cuisine": "burger",
        "drive_through": "yes",
        "name": "Carl's Jr.",
        "opening_hours": "Mo-Su 06:00-23:00; Fr,Sa 06:00-24:00",
        "phone": "+1 503-547-0262",
        "ref": "1100589",
        "takeaway": "yes",
        "website": "https://locations.carlsjr.com/or/hillsboro/7120-ne-cornell-rd",
        "@geometry": "center"
      },
      "geometry": {
        "type": "Point",
        "coordinates": [
          -122.9060101,
          45.5362083
        ]
      },
      "id": "way/349940800"
    },
    {
      "type": "Feature",
      "properties": {
        "@id": "way/350732578",
        "addr:city": "Fillmore",
        "addr:postcode": "84631",
        "addr:state": "UT",
        "amenity": "fast_food",
        "brand": "Carl's Jr.",
        "brand:wikidata": "Q1043486",
        "building": "commercial",
        "building:levels": "1",
        "cuisine": "burger",
        "drive_through": "yes",
        "name": "Carl's Jr.",
        "phone": "+1 435-743-4591",
        "ref": "1101689",
        "takeaway": "yes",
        "website": "https://locations.carlsjr.com/ut/fillmore/55-w-1170-n-cedar-mountain-rd",
        "@geometry": "center"
      },
      "geometry": {
        "type": "Point",
        "coordinates": [
          -112.3254492,
          38.9932722
        ]
      },
      "id": "way/350732578"
    },
    {
      "type": "Feature",
      "properties": {
        "@id": "way/353076574",
        "addr:city": "Hillsboro",
        "addr:housenumber": "6653",
        "addr:postcode": "97123",
        "addr:state": "OR",
        "addr:street": "Southeast Tualatin Valley Highway",
        "amenity": "fast_food",
        "brand": "Carl's Jr.",
        "brand:wikidata": "Q1043486",
        "building": "yes",
        "cuisine": "burger",
        "drive_through": "yes",
        "ele": "63.2",
        "height": "5.7",
        "name": "Carl's Jr.",
        "opening_hours": "Mo-Th 05:00-23:00; Fr,Sa 05:00-24:00; Su 06:00-23:00",
        "phone": "+1 503-649-3722",
        "ref": "1100026",
        "takeaway": "yes",
        "website": "https://locations.carlsjr.com/or/hillsboro/6653-se-tualatin-valley-hwy",
        "@geometry": "center"
      },
      "geometry": {
        "type": "Point",
        "coordinates": [
          -122.9133068,
          45.4989182
        ]
      },
      "id": "way/353076574"
    },
    {
      "type": "Feature",
      "properties": {
        "@id": "way/354902164",
        "addr:city": "Fountain Valley",
        "addr:housenumber": "16101",
        "addr:postcode": "92708",
        "addr:state": "CA",
        "addr:street": "Harbor Boulevard",
        "amenity": "fast_food",
        "brand": "Carl's Jr.",
        "brand:wikidata": "Q1043486",
        "building": "yes",
        "cuisine": "burger",
        "drive_through": "yes",
        "name": "Carl's Jr.",
        "phone": "+1 714-839-8506",
        "ref": "1100549",
        "takeaway": "yes",
        "website": "https://locations.carlsjr.com/ca/fountain-valley/16101-harbor-blvd",
        "@geometry": "center"
      },
      "geometry": {
        "type": "Point",
        "coordinates": [
          -117.9204857,
          33.730771
        ]
      },
      "id": "way/354902164"
    },
    {
      "type": "Feature",
      "properties": {
        "@id": "way/355777048",
        "addr:city": "Tigard",
        "addr:housenumber": "11433",
        "addr:postcode": "97223",
        "addr:state": "OR",
        "addr:street": "Southwest Pacific Highway",
        "amenity": "fast_food",
        "brand": "Carl's Jr.",
        "brand:wikidata": "Q1043486",
        "building": "yes",
        "cuisine": "burger",
        "drive_through": "yes",
        "name": "Carl's Jr.",
        "phone": "+1 503-954-1123",
        "ref": "1101880",
        "takeaway": "yes",
        "website": "https://locations.carlsjr.com/or/tigard/11433-sw-pacific-hwy",
        "@geometry": "center"
      },
      "geometry": {
        "type": "Point",
        "coordinates": [
          -122.7447992,
          45.4430582
        ]
      },
      "id": "way/355777048"
    },
    {
      "type": "Feature",
      "properties": {
        "@id": "way/356882129",
        "addr:city": "Surprise",
        "addr:housenumber": "13335",
        "addr:postcode": "85374",
        "addr:state": "AZ",
        "addr:street": "West Grand Avenue",
        "air_conditioning": "yes",
        "amenity": "fast_food",
        "brand": "Carl's Jr.",
        "brand:wikidata": "Q1043486",
        "building": "yes",
        "cuisine": "burger",
        "drive_through": "yes",
        "name": "Carl's Jr.",
        "opening_hours": "Su-Th 06:00-24:00; Fr-Sa 06:00-01:00",
        "phone": "+1 623-546-7177",
        "ref": "1101968",
        "smoking": "no",
        "takeaway": "yes",
        "website": "https://locations.carlsjr.com/az/surprise/13335-w-grand-ave",
        "@geometry": "center"
      },
      "geometry": {
        "type": "Point",
        "coordinates": [
          -112.3473245,
          33.6357818
        ]
      },
      "id": "way/356882129"
    },
    {
      "type": "Feature",
      "properties": {
        "@id": "way/358724125",
        "addr:city": "Springfield",
        "addr:housenumber": "1900",
        "addr:postcode": "97477",
        "addr:state": "OR",
        "addr:street": "Marcola Road",
        "air_conditioning": "yes",
        "amenity": "fast_food",
        "brand": "Carl's Jr.",
        "brand:wikidata": "Q1043486",
        "building": "yes",
        "cuisine": "burger",
        "delivery": "no",
        "name": "Carl's Jr.",
        "opening_hours": "Mo-Su 06:00-24:00",
        "outdoor_seating": "yes",
        "phone": "+1 541-726-9383",
        "ref": "1100867",
        "takeaway": "yes",
        "website": "https://locations.carlsjr.com/or/springfield/1900-marcola-road",
        "@geometry": "center"
      },
      "geometry": {
        "type": "Point",
        "coordinates": [
          -122.9959336,
          44.0647703
        ]
      },
      "id": "way/358724125"
    },
    {
      "type": "Feature",
      "properties": {
        "@id": "way/360427743",
        "addr:city": "Yreka",
        "addr:housenumber": "1868",
        "addr:postcode": "96097",
        "addr:state": "CA",
        "addr:street": "Fort Jones Road",
        "amenity": "fast_food",
        "brand": "Carl's Jr.",
        "brand:wikidata": "Q1043486",
        "building": "retail",
        "cuisine": "burger",
        "drive_through": "yes",
        "indoor_seating": "yes",
        "name": "Carl's Jr.",
        "phone": "+1 530-842-2304",
        "ref": "1101116",
        "takeaway": "yes",
        "toilets": "yes",
        "toilets:access": "customers",
        "website": "https://locations.carlsjr.com/ca/yreka/1868-fort-jones-rd",
        "@geometry": "center"
      },
      "geometry": {
        "type": "Point",
        "coordinates": [
          -122.6453821,
          41.7020053
        ]
      },
      "id": "way/360427743"
    },
    {
      "type": "Feature",
      "properties": {
        "@id": "way/360626845",
        "addr:city": "Manteca",
        "addr:housenumber": "1489",
        "addr:postcode": "95336-5066",
        "addr:state": "CA",
        "addr:street": "Hulsey Way",
        "amenity": "fast_food",
        "brand": "Carl's Jr.",
        "brand:wikidata": "Q1043486",
        "building": "yes",
        "cuisine": "burger",
        "name": "Carl's Jr.",
        "phone": "+1 209-825-7190",
        "ref": "1101575",
        "takeaway": "yes",
        "website": "https://locations.carlsjr.com/ca/manteca/1489-hulsey-way",
        "@geometry": "center"
      },
      "geometry": {
        "type": "Point",
        "coordinates": [
          -121.1915018,
          37.795881
        ]
      },
      "id": "way/360626845"
    },
    {
      "type": "Feature",
      "properties": {
        "@id": "way/360973079",
        "addr:city": "Spokane Valley",
        "addr:housenumber": "13920",
        "addr:postcode": "99216",
        "addr:state": "WA",
        "addr:street": "East Sprague Avenue",
        "amenity": "fast_food",
        "brand": "Carl's Jr.",
        "brand:wikidata": "Q1043486",
        "building": "retail",
        "cuisine": "burger",
        "name": "Carl's Jr.",
        "phone": "+1-509-892-2191",
        "ref": "1100528",
        "takeaway": "yes",
        "website": "https://locations.carlsjr.com/wa/spokane-valley/13920-e-sprague-ave",
        "@geometry": "center"
      },
      "geometry": {
        "type": "Point",
        "coordinates": [
          -117.2173749,
          47.6567546
        ]
      },
      "id": "way/360973079"
    },
    {
      "type": "Feature",
      "properties": {
        "@id": "way/362736560",
        "addr:city": "Marysville",
        "addr:housenumber": "429",
        "addr:postcode": "95901",
        "addr:state": "CA",
        "addr:street": "9th Street",
        "amenity": "fast_food",
        "brand": "Carl's Jr.",
        "brand:wikidata": "Q1043486",
        "building": "yes",
        "cuisine": "burger",
        "drive_through": "yes",
        "name": "Carl's Jr.",
        "phone": "+1 530-742-6130",
        "ref": "1100787",
        "source": "bing",
        "takeaway": "yes",
        "website": "https://locations.carlsjr.com/ca/marysville/429-9th-st",
        "@geometry": "center"
      },
      "geometry": {
        "type": "Point",
        "coordinates": [
          -121.5907813,
          39.1450512
        ]
      },
      "id": "way/362736560"
    },
    {
      "type": "Feature",
      "properties": {
        "@id": "way/363851098",
        "addr:city": "Eugene",
        "addr:housenumber": "296",
        "addr:postcode": "97401",
        "addr:state": "OR",
        "addr:street": "Coburg Road",
        "amenity": "fast_food",
        "brand": "Carl's Jr.",
        "brand:wikidata": "Q1043486",
        "building": "yes",
        "contact:tripadvisor": "https://www.tripadvisor.com/Restaurant_Review-g51862-d4622740-Reviews-Carl_s_Jr-Eugene_Oregon.html",
        "contact:yelp": "https://www.yelp.com/biz/carls-jr-eugene-2",
        "cuisine": "burger",
        "drive_through": "yes",
        "name": "Carl's Jr.",
        "phone": "+1 541-338-8880",
        "ref": "1101377",
        "source": "Bing",
        "takeaway": "yes",
        "website": "https://locations.carlsjr.com/or/eugene/296-coburg-road",
        "@geometry": "center"
      },
      "geometry": {
        "type": "Point",
        "coordinates": [
          -123.074581,
          44.0659653
        ]
      },
      "id": "way/363851098"
    },
    {
      "type": "Feature",
      "properties": {
        "@id": "way/364942941",
        "addr:city": "West Valley City",
        "addr:housenumber": "3469",
        "addr:postcode": "84119",
        "addr:state": "UT",
        "addr:street": "South Redwood Road",
        "amenity": "fast_food",
        "brand": "Carl's Jr.",
        "brand:wikidata": "Q1043486",
        "building": "retail",
        "cuisine": "burger",
        "name": "Carl's Jr.",
        "phone": "+1 801-973-2964",
        "ref": "1100241",
        "source": "Bing",
        "takeaway": "yes",
        "website": "https://locations.carlsjr.com/ut/west-valley-city/3469-s-redwood-rd",
        "@geometry": "center"
      },
      "geometry": {
        "type": "Point",
        "coordinates": [
          -111.9383904,
          40.6972166
        ]
      },
      "id": "way/364942941"
    },
    {
      "type": "Feature",
      "properties": {
        "@id": "node/365356114",
        "addr:city": "Chula Vista",
        "addr:housenumber": "695",
        "addr:postcode": "91910",
        "addr:state": "CA",
        "addr:street": "H Street",
        "amenity": "fast_food",
        "brand": "Carl's Jr.",
        "brand:wikidata": "Q1043486",
        "check_date": "2009-03-24",
        "cuisine": "burger",
        "delivery:doordash": "23631371",
        "delivery:grubhub": "3329039",
        "delivery:ubereats": "-6Emtk1GSziZB7SW_aVXpg",
        "drive_through": "yes",
        "internet_access": "yes",
        "name": "Carl's Jr.",
        "opening_hours": "Mo-Su 06:00-23:00",
        "phone": "+1 619-476-4420",
        "source": "SanGIS Business Sites Public Domain (http://www.sangis.org/)",
        "takeaway": "yes",
        "website": "https://locations.carlsjr.com/ca/chula-vista/695-h-st/"
      },
      "geometry": {
        "type": "Point",
        "coordinates": [
          -117.08971,
          32.630531
        ]
      },
      "id": "node/365356114"
    },
    {
      "type": "Feature",
      "properties": {
        "@id": "node/365356559",
        "addr:city": "Carlsbad",
        "addr:country": "US",
        "addr:housenumber": "2630",
        "addr:postcode": "92008",
        "addr:state": "CA",
        "addr:street": "El Camino Real",
        "amenity": "fast_food",
        "brand": "Carl's Jr.",
        "brand:wikidata": "Q1043486",
        "check_date": "2009-03-24",
        "cuisine": "burger",
        "drive_through": "yes",
        "name": "Carl's Jr.",
        "phone": "+1 760-729-5584",
        "ref": "1100252",
        "source": "SanGIS Business Sites Public Domain (http://www.sangis.org/);SanGIS Addresses Public Domain (http://www.sangis.org/)",
        "takeaway": "yes",
        "website": "https://locations.carlsjr.com/ca/carlsbad/2608-el-camino-real"
      },
      "geometry": {
        "type": "Point",
        "coordinates": [
          -117.3253064,
          33.1775077
        ]
      },
      "id": "node/365356559"
    },
    {
      "type": "Feature",
      "properties": {
        "@id": "node/365356566",
        "amenity": "fast_food",
        "brand": "Carl's Jr.",
        "brand:wikidata": "Q1043486",
        "check_date": "2009-03-24",
        "cuisine": "burger",
        "drive_through": "yes",
        "name": "Carl's Jr.",
        "takeaway": "yes"
      },
      "geometry": {
        "type": "Point",
        "coordinates": [
          -117.1613014,
          32.7501965
        ]
      },
      "id": "node/365356566"
    },
    {
      "type": "Feature",
      "properties": {
        "@id": "node/365356577",
        "addr:city": "San Diego",
        "addr:housenumber": "3008",
        "addr:postcode": "92104",
        "addr:state": "CA",
        "addr:street": "El Cajon Boulevard",
        "amenity": "fast_food",
        "branch": "Green Burrito",
        "brand": "Carl's Jr.",
        "brand:wikidata": "Q1043486",
        "cuisine": "burger",
        "drive_through": "yes",
        "name": "Carl's Jr.",
        "phone": "+1 619-283-7653",
        "ref": "1100168",
        "takeaway": "yes",
        "website": "https://locations.carlsjr.com/ca/san-diego/3008-el-cajon-blvd"
      },
      "geometry": {
        "type": "Point",
        "coordinates": [
          -117.1299215,
          32.7557543
        ]
      },
      "id": "node/365356577"
    },
    {
      "type": "Feature",
      "properties": {
        "@id": "node/365356636",
        "addr:city": "San Diego",
        "addr:housenumber": "9805",
        "addr:postcode": "92131",
        "addr:state": "CA",
        "addr:street": "Carroll Canyon Road",
        "amenity": "fast_food",
        "brand": "Carl's Jr.",
        "brand:wikidata": "Q1043486",
        "cuisine": "burger",
        "drive_through": "yes",
        "name": "Carl's Jr.",
        "phone": "+1 858-566-4731",
        "ref": "1100267",
        "source": "SanGIS Business Sites Public Domain (http://www.sangis.org/)",
        "takeaway": "yes",
        "website": "https://locations.carlsjr.com/ca/san-diego/9805-carroll-canyon-rd"
      },
      "geometry": {
        "type": "Point",
        "coordinates": [
          -117.115346,
          32.902998
        ]
      },
      "id": "node/365356636"
    },
    {
      "type": "Feature",
      "properties": {
        "@id": "node/365356649",
        "addr:city": "National City",
        "addr:housenumber": "1280",
        "addr:postcode": "91950",
        "addr:state": "CA",
        "addr:street": "Plaza Boulevard",
        "amenity": "fast_food",
        "brand": "Carl's Jr.",
        "brand:wikidata": "Q1043486",
        "cuisine": "burger",
        "drive_through": "yes",
        "name": "Carl's Jr.",
        "phone": "+1 619-477-2068",
        "ref": "1100120",
        "source": "SanGIS Business Sites Public Domain (http://www.sangis.org/)",
        "takeaway": "yes",
        "website": "https://locations.carlsjr.com/ca/national-city/1280-plaza-blvd"
      },
      "geometry": {
        "type": "Point",
        "coordinates": [
          -117.093859,
          32.676845
        ]
      },
      "id": "node/365356649"
    },
    {
      "type": "Feature",
      "properties": {
        "@id": "node/365356719",
        "addr:city": "La Mesa",
        "addr:housenumber": "8110",
        "addr:postcode": "91942",
        "addr:state": "CA",
        "addr:street": "Fletcher Parkway",
        "amenity": "fast_food",
        "brand": "Carl's Jr.",
        "brand:wikidata": "Q1043486",
        "cuisine": "burger",
        "drive_through": "yes",
        "name": "Carl's Jr.",
        "phone": "+1 619-698-2920",
        "ref": "1100284",
        "source": "SanGIS Addresses Public Domain (http://www.sangis.org/)",
        "takeaway": "yes",
        "website": "https://locations.carlsjr.com/ca/la-mesa/8110-parkway-dr"
      },
      "geometry": {
        "type": "Point",
        "coordinates": [
          -117.0226294,
          32.7760085
        ]
      },
      "id": "node/365356719"
    },
    {
      "type": "Feature",
      "properties": {
        "@id": "node/365357417",
        "addr:city": "Oceanside",
        "addr:housenumber": "4186",
        "addr:postcode": "92056",
        "addr:state": "CA",
        "addr:street": "Oceanside Boulevard",
        "amenity": "fast_food",
        "brand": "Carl's Jr.",
        "brand:wikidata": "Q1043486",
        "cuisine": "burger",
        "name": "Carl's Jr.",
        "phone": "+1-760-630-3487",
        "ref": "1100564",
        "source": "SanGIS Business Sites Public Domain (http://www.sangis.org/)",
        "takeaway": "yes",
        "website": "https://locations.carlsjr.com/ca/oceanside/4186-oceanside-blvd"
      },
      "geometry": {
        "type": "Point",
        "coordinates": [
          -117.286753,
          33.207949
        ]
      },
      "id": "node/365357417"
    },
    {
      "type": "Feature",
      "properties": {
        "@id": "way/365756591",
        "addr:city": "Parker",
        "addr:housenumber": "12959",
        "addr:postcode": "80134",
        "addr:state": "CO",
        "addr:street": "South Parker Road",
        "amenity": "fast_food",
        "brand": "Carl's Jr.",
        "brand:wikidata": "Q1043486",
        "building": "yes",
        "cuisine": "burger",
        "drive_through": "yes",
        "layer": "1",
        "name": "Carl's Jr.",
        "phone": "+1 303-840-1500",
        "ref": "1101213",
        "smoking": "outside",
        "takeaway": "yes",
        "website": "https://locations.carlsjr.com/co/parker/12987-s-parker-rd",
        "@geometry": "center"
      },
      "geometry": {
        "type": "Point",
        "coordinates": [
          -104.7586538,
          39.4795339
        ]
      },
      "id": "way/365756591"
    },
    {
      "type": "Feature",
      "properties": {
        "@id": "way/366050775",
        "addr:city": "San Jose",
        "addr:housenumber": "1690",
        "addr:postcode": "95122",
        "addr:state": "CA",
        "addr:street": "Tully Road",
        "amenity": "fast_food",
        "brand": "Carl's Jr.",
        "brand:wikidata": "Q1043486",
        "building": "yes",
        "cuisine": "burger",
        "drive_through": "yes",
        "ele": "43.87",
        "height": "3.84",
        "name": "Carl's Jr.",
        "operator": "M&B Restaurants Inc.",
        "phone": "+1 408-238-3611",
        "ref": "1101046",
        "takeaway": "yes",
        "website": "https://locations.carlsjr.com/ca/san-jose/1690-tully-rd",
        "@geometry": "center"
      },
      "geometry": {
        "type": "Point",
        "coordinates": [
          -121.8268451,
          37.3210868
        ]
      },
      "id": "way/366050775"
    },
    {
      "type": "Feature",
      "properties": {
        "@id": "way/367187332",
        "addr:city": "San Jose",
        "addr:housenumber": "1095",
        "addr:postcode": "95112",
        "addr:state": "CA",
        "addr:street": "Oakland Road",
        "amenity": "fast_food",
        "brand": "Carl's Jr.",
        "brand:wikidata": "Q1043486",
        "building": "yes",
        "cuisine": "burger",
        "ele": "27.90",
        "height": "4.13",
        "name": "Carl's Jr.",
        "phone": "+1 408-239-4435",
        "ref": "1101170",
        "takeaway": "yes",
        "website": "https://locations.carlsjr.com/ca/san-jose/1095-old-oakland-road",
        "@geometry": "center"
      },
      "geometry": {
        "type": "Point",
        "coordinates": [
          -121.8920313,
          37.3641322
        ]
      },
      "id": "way/367187332"
    },
    {
      "type": "Feature",
      "properties": {
        "@id": "way/368216961",
        "addr:city": "Hemet",
        "addr:housenumber": "43350",
        "addr:postcode": "92544",
        "addr:state": "CA",
        "addr:street": "Florida Avenue",
        "amenity": "fast_food",
        "brand": "Carl's Jr.",
        "brand:wikidata": "Q1043486",
        "building": "yes",
        "cuisine": "burger",
        "drive_through": "yes",
        "name": "Carl's Jr.",
        "phone": "+1 951-927-9978",
        "ref": "1100290",
        "takeaway": "yes",
        "website": "https://locations.carlsjr.com/ca/hemet/43350-florida-ave",
        "@geometry": "center"
      },
      "geometry": {
        "type": "Point",
        "coordinates": [
          -116.9050429,
          33.7481537
        ]
      },
      "id": "way/368216961"
    },
    {
      "type": "Feature",
      "properties": {
        "@id": "way/368546595",
        "addr:city": "Portland",
        "addr:housenumber": "1403",
        "addr:postcode": "97220",
        "addr:state": "OR",
        "addr:street": "Northeast 102nd Avenue",
        "amenity": "fast_food",
        "brand": "Carl's Jr.",
        "brand:wikidata": "Q1043486",
        "building": "yes",
        "building:levels": "2",
        "contact:website": "https://locations.carlsjr.com/or/portland/1403-ne-102nd-ave/",
        "cuisine": "burger",
        "drive_through": "yes",
        "name": "Carl's Jr.",
        "opening_hours": "24/7",
        "phone": "+1-503-254-1985",
        "ref": "1101112",
        "takeaway": "yes",
        "website": "https://locations.carlsjr.com/or/portland/1403-ne-102nd-ave",
        "@geometry": "center"
      },
      "geometry": {
        "type": "Point",
        "coordinates": [
          -122.5585334,
          45.5332817
        ]
      },
      "id": "way/368546595"
    },
    {
      "type": "Feature",
      "properties": {
        "@id": "way/368705342",
        "addr:city": "Portland",
        "addr:housenumber": "1762",
        "addr:postcode": "97230",
        "addr:state": "OR",
        "addr:street": "Northeast 181st Avenue",
        "amenity": "fast_food",
        "brand": "Carl's Jr.",
        "brand:wikidata": "Q1043486",
        "building": "yes",
        "cuisine": "burger",
        "name": "Carl's Jr.",
        "phone": "+1 503-665-9593",
        "ref": "1101760",
        "takeaway": "yes",
        "website": "https://locations.carlsjr.com/or/portland/1762-ne-181st-ave",
        "@geometry": "center"
      },
      "geometry": {
        "type": "Point",
        "coordinates": [
          -122.4768236,
          45.5353888
        ]
      },
      "id": "way/368705342"
    },
    {
      "type": "Feature",
      "properties": {
        "@id": "way/368845972",
        "addr:city": "Wood Village",
        "addr:housenumber": "22667",
        "addr:postcode": "97060",
        "addr:state": "OR",
        "addr:street": "Northeast Glisan Street",
        "amenity": "fast_food",
        "brand": "Carl's Jr.",
        "brand:wikidata": "Q1043486",
        "building": "yes",
        "contact:phone": "+1-503-667-9864",
        "contact:website": "https://locations.carlsjr.com/or/wood-village/22667-ne-glisan-st/",
        "cuisine": "burger",
        "drive_through": "yes",
        "height": "5.7",
        "name": "Carl's Jr.",
        "opening_hours": "Mo-Sa 06:00-23:00; Su 06:45-22:00",
        "phone": "+1 503-667-9684",
        "ref": "1101628",
        "takeaway": "yes",
        "website": "https://locations.carlsjr.com/or/wood-village/22667-ne-glisan-st",
        "@geometry": "center"
      },
      "geometry": {
        "type": "Point",
        "coordinates": [
          -122.4303794,
          45.5282723
        ]
      },
      "id": "way/368845972"
    },
    {
      "type": "Feature",
      "properties": {
        "@id": "way/369053867",
        "addr:city": "Peoria",
        "addr:housenumber": "9360",
        "addr:postcode": "85305",
        "addr:state": "AZ",
        "addr:street": "West Northern Avenue",
        "air_conditioning": "yes",
        "amenity": "fast_food",
        "brand": "Carl's Jr.",
        "brand:wikidata": "Q1043486",
        "building": "yes",
        "building:levels": "1",
        "cuisine": "burger",
        "delivery": "no",
        "drive_through": "yes",
        "name": "Carl's Jr.",
        "phone": "+1 623-877-2078",
        "ref": "1101453",
        "takeaway": "yes",
        "website": "https://locations.carlsjr.com/az/peoria/9360-w-northern-ave",
        "@geometry": "center"
      },
      "geometry": {
        "type": "Point",
        "coordinates": [
          -112.2608568,
          33.5521975
        ]
      },
      "id": "way/369053867"
    },
    {
      "type": "Feature",
      "properties": {
        "@id": "way/369137711",
        "addr:city": "Happy Valley",
        "addr:housenumber": "14665",
        "addr:postcode": "97015",
        "addr:state": "OR",
        "addr:street": "Southeast Sunnyside Road",
        "amenity": "fast_food",
        "brand": "Carl's Jr.",
        "brand:wikidata": "Q1043486",
        "building": "yes",
        "cuisine": "burger",
        "name": "Carl's Jr.",
        "opening_hours": "Mo-Sa 06:00-22:00; Su 07:00-22:00",
        "phone": "+1 503-427-2055",
        "ref": "1101929",
        "takeaway": "yes",
        "website": "https://locations.carlsjr.com/or/happy-valley/14665-se-sunnyside-rd",
        "@geometry": "center"
      },
      "geometry": {
        "type": "Point",
        "coordinates": [
          -122.5146785,
          45.4252573
        ]
      },
      "id": "way/369137711"
    },
    {
      "type": "Feature",
      "properties": {
        "@id": "way/369158690",
        "addr:city": "Portland",
        "addr:housenumber": "8205",
        "addr:postcode": "97266",
        "addr:state": "OR",
        "addr:street": "Southeast Rhine Street",
        "amenity": "fast_food",
        "brand": "Carl's Jr.",
        "brand:wikidata": "Q1043486",
        "building": "yes",
        "building:levels": "1",
        "contact:website": "https://locations.carlsjr.com/or/portland/8205-s.-e.-rhine/",
        "cuisine": "burger",
        "drive_through": "yes",
        "height": "7.5",
        "name": "Carl's Jr.",
        "opening_hours": "24/7",
        "phone": "+1-503-788-8721",
        "ref": "1101113",
        "takeaway": "yes",
        "website": "https://locations.carlsjr.com/or/portland/8205-s.-e.-rhine",
        "@geometry": "center"
      },
      "geometry": {
        "type": "Point",
        "coordinates": [
          -122.5784249,
          45.4971263
        ]
      },
      "id": "way/369158690"
    },
    {
      "type": "Feature",
      "properties": {
        "@id": "way/369214893",
        "addr:city": "Portland",
        "addr:housenumber": "14836",
        "addr:postcode": "97236",
        "addr:state": "OR",
        "addr:street": "Southeast Division Street",
        "amenity": "fast_food",
        "brand": "Carl's Jr.",
        "brand:wikidata": "Q1043486",
        "building": "yes",
        "building:levels": "1",
        "cuisine": "burger",
        "ele": "70.4",
        "height": "6.1",
        "name": "Carl's Jr.",
        "phone": "+1 503-762-2544",
        "ref": "1101114",
        "takeaway": "yes",
        "website": "https://locations.carlsjr.com/or/portland/14836-s.-e.-division",
        "@geometry": "center"
      },
      "geometry": {
        "type": "Point",
        "coordinates": [
          -122.5099299,
          45.5039091
        ]
      },
      "id": "way/369214893"
    },
    {
      "type": "Feature",
      "properties": {
        "@id": "way/371066460",
        "addr:city": "Gresham",
        "addr:housenumber": "1678",
        "addr:postcode": "97030",
        "addr:state": "OR",
        "addr:street": "Northeast Burnside Road",
        "amenity": "fast_food",
        "brand": "Carl's Jr.",
        "brand:wikidata": "Q1043486",
        "building": "yes",
        "cuisine": "burger",
        "drive_through": "yes",
        "ele": "105.3",
        "height": "5.2",
        "name": "Carl's Jr.",
        "phone": "+1 503-465-0607",
        "ref": "1101345",
        "takeaway": "yes",
        "website": "https://locations.carlsjr.com/or/gresham/1678-ne-burnside-st",
        "@geometry": "center"
      },
      "geometry": {
        "type": "Point",
        "coordinates": [
          -122.4158022,
          45.5029127
        ]
      },
      "id": "way/371066460"
    },
    {
      "type": "Feature",
      "properties": {
        "@id": "way/371785960",
        "addr:city": "Grass Valley",
        "addr:housenumber": "729",
        "addr:postcode": "95949",
        "addr:state": "CA",
        "addr:street": "Freeman Lane",
        "amenity": "fast_food",
        "brand": "Carl's Jr.",
        "brand:wikidata": "Q1043486",
        "building": "retail",
        "cuisine": "burger",
        "name": "Carl's Jr.",
        "phone": "+1 530-477-5649",
        "ref": "1100889",
        "source": "Bing",
        "takeaway": "yes",
        "website": "https://locations.carlsjr.com/ca/grass-valley/729-taylorville-rd",
        "@geometry": "center"
      },
      "geometry": {
        "type": "Point",
        "coordinates": [
          -121.0632404,
          39.202669
        ]
      },
      "id": "way/371785960"
    },
    {
      "type": "Feature",
      "properties": {
        "@id": "way/372000670",
        "addr:city": "Reno",
        "addr:county": "Washoe",
        "addr:housenumber": "85",
        "addr:postcode": "89521",
        "addr:state": "NV",
        "addr:street": "Damonte Ranch Parkway",
        "amenity": "fast_food",
        "brand": "Carl's Jr.",
        "brand:wikidata": "Q1043486",
        "building": "yes",
        "cuisine": "burger",
        "drive_through": "yes",
        "name": "Carl's Jr.",
        "phone": "+1 775-852-7633",
        "ref": "1101413",
        "source": "WC GIS",
        "takeaway": "yes",
        "website": "https://locations.carlsjr.com/nv/reno/85-damonte-ranch-pkwy",
        "@geometry": "center"
      },
      "geometry": {
        "type": "Point",
        "coordinates": [
          -119.7574755,
          39.4213827
        ]
      },
      "id": "way/372000670"
    },
    {
      "type": "Feature",
      "properties": {
        "@id": "way/372765982",
        "addr:city": "Buena Park",
        "addr:housenumber": "6002",
        "addr:postcode": "90621",
        "addr:state": "CA",
        "addr:street": "Beach Boulevard",
        "amenity": "fast_food",
        "brand": "Carl's Jr.",
        "brand:wikidata": "Q1043486",
        "building": "yes",
        "cuisine": "burger",
        "drive_through": "no",
        "name": "Carl's Jr.",
        "phone": "+1 714-523-7240",
        "ref": "1100034",
        "takeaway": "yes",
        "website": "https://locations.carlsjr.com/ca/buena-park/6002-beach-blvd",
        "@geometry": "center"
      },
      "geometry": {
        "type": "Point",
        "coordinates": [
          -117.997919,
          33.8732718
        ]
      },
      "id": "way/372765982"
    },
    {
      "type": "Feature",
      "properties": {
        "@id": "node/372879957",
        "addr:city": "Riverdale",
        "addr:housenumber": "1155",
        "addr:postcode": "84405",
        "addr:state": "UT",
        "addr:street": "West Riverdale Road",
        "amenity": "fast_food",
        "brand": "Carl's Jr.",
        "brand:wikidata": "Q1043486",
        "cuisine": "burger",
        "drive_through": "yes",
        "name": "Carl's Jr.",
        "phone": "+1 801-394-1757",
        "ref": "1100371",
        "takeaway": "yes",
        "website": "https://locations.carlsjr.com/ut/riverdale/1155-w-riverdale-rd"
      },
      "geometry": {
        "type": "Point",
        "coordinates": [
          -112.0081666,
          41.174985
        ]
      },
      "id": "node/372879957"
    },
    {
      "type": "Feature",
      "properties": {
        "@id": "way/375632701",
        "addr:city": "Phoenix",
        "addr:country": "US",
        "addr:housenumber": "4311",
        "addr:postcode": "85031",
        "addr:state": "AZ",
        "addr:street": "West Camelback Road",
        "air_conditioning": "yes",
        "amenity": "fast_food",
        "brand": "Carl's Jr.",
        "brand:wikidata": "Q1043486",
        "building": "retail",
        "cuisine": "burger",
        "drive_through": "yes",
        "name": "Carl's Jr.",
        "phone": "+1 623-245-1041",
        "ref": "1101536",
        "source": "esri/USA_NAD_Addresses;esri_USDOT_Arizona",
        "takeaway": "yes",
        "website": "https://locations.carlsjr.com/az/phoenix/4311-w-camelback-rd",
        "@geometry": "center"
      },
      "geometry": {
        "type": "Point",
        "coordinates": [
          -112.1523822,
          33.5090804
        ]
      },
      "id": "way/375632701"
    },
    {
      "type": "Feature",
      "properties": {
        "@id": "way/376921631",
        "addr:city": "Las Vegas",
        "addr:housenumber": "4606",
        "addr:postcode": "89121",
        "addr:state": "NV",
        "addr:street": "East Tropicana Avenue",
        "amenity": "fast_food",
        "brand": "Carl's Jr.",
        "brand:wikidata": "Q1043486",
        "building": "yes",
        "cuisine": "burger",
        "drive_through": "yes",
        "name": "Carl's Jr.",
        "opening_hours": "24/7",
        "phone": "+1 702-458-3537",
        "ref": "1100752",
        "takeaway": "yes",
        "website": "https://locations.carlsjr.com/nv/las-vegas/4606-e.-tropicana-avenue",
        "@geometry": "center"
      },
      "geometry": {
        "type": "Point",
        "coordinates": [
          -115.0729025,
          36.1007246
        ]
      },
      "id": "way/376921631"
    },
    {
      "type": "Feature",
      "properties": {
        "@id": "way/377907955",
        "addr:city": "Bend",
        "addr:housenumber": "1190",
        "addr:postcode": "97702",
        "addr:state": "OR",
        "addr:street": "Southeast 3rd Street",
        "amenity": "fast_food",
        "brand": "Carl's Jr.",
        "brand:wikidata": "Q1043486",
        "building": "yes",
        "cuisine": "burger",
        "drive_through": "yes",
        "name": "Carl's Jr.",
        "opening_hours": "06:00-22:00",
        "opening_hours:drive_through": "06:00-24:00",
        "phone": "+1 541-312-8998",
        "ref": "1100327",
        "takeaway": "yes",
        "website": "https://locations.carlsjr.com/or/bend/1190-s-highway-97",
        "@geometry": "center"
      },
      "geometry": {
        "type": "Point",
        "coordinates": [
          -121.3040883,
          44.0373063
        ]
      },
      "id": "way/377907955"
    },
    {
      "type": "Feature",
      "properties": {
        "@id": "way/379966105",
        "addr:city": "Daly City",
        "addr:housenumber": "2434",
        "addr:postcode": "94015-1632",
        "addr:state": "CA",
        "addr:street": "Junipero Serra Boulevard",
        "amenity": "fast_food",
        "brand": "Carl's Jr.",
        "brand:wikidata": "Q1043486",
        "building": "yes",
        "cuisine": "burger",
        "name": "Carl's Jr.",
        "phone": "+1 650-994-9009",
        "ref": "1101161",
        "takeaway": "yes",
        "website": "https://locations.carlsjr.com/ca/daly-city/2434-junipero-serra-blvd",
        "@geometry": "center"
      },
      "geometry": {
        "type": "Point",
        "coordinates": [
          -122.4713416,
          37.6923137
        ]
      },
      "id": "way/379966105"
    },
    {
      "type": "Feature",
      "properties": {
        "@id": "way/383218949",
        "addr:city": "Longview",
        "addr:housenumber": "1210",
        "addr:postcode": "98632",
        "addr:state": "WA",
        "addr:street": "Ocean Beach Highway",
        "amenity": "fast_food",
        "brand": "Carl's Jr.",
        "brand:wikidata": "Q1043486",
        "building": "yes",
        "cuisine": "burger",
        "name": "Carl's Jr.",
        "phone": "+1-360-353-5125",
        "ref": "1102740",
        "takeaway": "yes",
        "website": "https://locations.carlsjr.com/wa/longview/1210-ocean-beach-hwy",
        "@geometry": "center"
      },
      "geometry": {
        "type": "Point",
        "coordinates": [
          -122.9311201,
          46.1467307
        ]
      },
      "id": "way/383218949"
    },
    {
      "type": "Feature",
      "properties": {
        "@id": "way/384305732",
        "addr:city": "Glendale",
        "addr:housenumber": "6706",
        "addr:postcode": "85305",
        "addr:state": "AZ",
        "addr:street": "North 95th Avenue",
        "air_conditioning": "yes",
        "amenity": "fast_food",
        "brand": "Carl's Jr.",
        "brand:wikidata": "Q1043486",
        "building": "yes",
        "building:levels": "1",
        "cuisine": "burger",
        "drive_through": "yes",
        "name": "Carl's Jr.",
        "phone": "+1 480-736-2461",
        "ref": "1102163",
        "source": "esri/USA_NAD_Addresses",
        "takeaway": "yes",
        "website": "https://locations.carlsjr.com/az/glendale/6706-n-95th-ave",
        "wheelchair": "yes",
        "@geometry": "center"
      },
      "geometry": {
        "type": "Point",
        "coordinates": [
          -112.265341,
          33.5327319
        ]
      },
      "id": "way/384305732"
    },
    {
      "type": "Feature",
      "properties": {
        "@id": "way/385637186",
        "addr:city": "Lomita",
        "addr:housenumber": "1752",
        "addr:postcode": "90717",
        "addr:state": "CA",
        "addr:street": "Pacific Coast Highway",
        "amenity": "fast_food",
        "brand": "Carl's Jr.",
        "brand:wikidata": "Q1043486",
        "building": "retail",
        "building:levels": "1",
        "building:units": "1",
        "building:use": "fast_food",
        "cuisine": "burger",
        "drive_through": "yes",
        "ele": "33.2",
        "height": "3.9",
        "lacounty:ain": "7553018041",
        "lacounty:bld_id": "467672745791",
        "name": "Carl's Jr.",
        "phone": "+1 310-326-3036",
        "ref": "1100395",
        "start_date": "1999",
        "takeaway": "yes",
        "website": "https://locations.carlsjr.com/ca/lomita/1752-pacific-coast-highway",
        "@geometry": "center"
      },
      "geometry": {
        "type": "Point",
        "coordinates": [
          -118.3093177,
          33.7891492
        ]
      },
      "id": "way/385637186"
    },
    {
      "type": "Feature",
      "properties": {
        "@id": "way/385676439",
        "addr:city": "Long Beach",
        "addr:housenumber": "3700",
        "addr:postcode": "90807",
        "addr:state": "CA",
        "addr:street": "Atlantic Avenue",
        "amenity": "fast_food",
        "brand": "Carl's Jr.",
        "brand:wikidata": "Q1043486",
        "building": "yes",
        "building:units": "1",
        "building:use": "fast_food",
        "check_date": "2026-07-02",
        "cuisine": "mexican",
        "drive_through": "yes",
        "ele": "30.6",
        "height": "4.9",
        "lacounty:ain": "7145016029",
        "lacounty:bld_id": "505573758578",
        "name": "Chipotle",
        "ref": "1100037",
        "start_date": "1969",
        "takeaway": "yes",
        "website": "https://www.chipotle.com/",
        "@geometry": "center"
      },
      "geometry": {
        "type": "Point",
        "coordinates": [
          -118.184684,
          33.8244889
        ]
      },
      "id": "way/385676439"
    },
    {
      "type": "Feature",
      "properties": {
        "@id": "way/385795190",
        "addr:city": "Reno",
        "addr:county": "Washoe",
        "addr:housenumber": "5880",
        "addr:postcode": "89502",
        "addr:state": "NV",
        "addr:street": "South Virginia Street",
        "amenity": "fast_food",
        "brand": "Carl's Jr.",
        "brand:wikidata": "Q1043486",
        "building": "commercial",
        "cuisine": "burger",
        "name": "Carl's Jr.",
        "phone": "+1 775-825-2225",
        "ref": "1100795",
        "source": "WC GIS",
        "takeaway": "yes",
        "website": "https://locations.carlsjr.com/nv/reno/5880-s-virginia-st",
        "@geometry": "center"
      },
      "geometry": {
        "type": "Point",
        "coordinates": [
          -119.7868529,
          39.4732121
        ]
      },
      "id": "way/385795190"
    },
    {
      "type": "Feature",
      "properties": {
        "@id": "way/386284983",
        "addr:city": "Vancouver",
        "addr:housenumber": "7412",
        "addr:postcode": "98662-4705",
        "addr:state": "WA",
        "addr:street": "Northeast 117th Avenue",
        "amenity": "fast_food",
        "brand": "Carl's Jr.",
        "brand:wikidata": "Q1043486",
        "building": "yes",
        "cuisine": "burger",
        "name": "Carl's Jr.",
        "phone": "+1-360-256-7041",
        "ref": "1100551",
        "takeaway": "yes",
        "website": "https://locations.carlsjr.com/wa/vancouver/7412-ne-117th-ave",
        "@geometry": "center"
      },
      "geometry": {
        "type": "Point",
        "coordinates": [
          -122.5529808,
          45.6764437
        ]
      },
      "id": "way/386284983"
    },
    {
      "type": "Feature",
      "properties": {
        "@id": "way/387016706",
        "addr:city": "Sierra Vista",
        "addr:housenumber": "2080",
        "addr:postcode": "85635",
        "addr:state": "AZ",
        "addr:street": "East Fry Boulevard",
        "amenity": "fast_food",
        "brand": "Carl's Jr.",
        "brand:wikidata": "Q1043486",
        "building": "yes",
        "cuisine": "burger",
        "name": "Carl's Jr.",
        "phone": "+1 520-458-1809",
        "ref": "1101508",
        "takeaway": "yes",
        "website": "https://locations.carlsjr.com/az/sierra-vista/2080-e-fry-blvd",
        "@geometry": "center"
      },
      "geometry": {
        "type": "Point",
        "coordinates": [
          -110.2770942,
          31.5542442
        ]
      },
      "id": "way/387016706"
    },
    {
      "type": "Feature",
      "properties": {
        "@id": "way/387384946",
        "amenity": "fast_food",
        "brand": "Carl's Jr.",
        "brand:wikidata": "Q1043486",
        "building": "yes",
        "check_date": "2015-12-23",
        "cuisine": "burger",
        "name": "Carl's Jr.",
        "takeaway": "yes",
        "@geometry": "center"
      },
      "geometry": {
        "type": "Point",
        "coordinates": [
          -95.7369495,
          29.7844306
        ]
      },
      "id": "way/387384946"
    },
    {
      "type": "Feature",
      "properties": {
        "@id": "way/389116544",
        "addr:city": "Calimesa",
        "addr:housenumber": "1164",
        "addr:postcode": "92320",
        "addr:state": "CA",
        "addr:street": "Calimesa Boulevard",
        "amenity": "fast_food",
        "brand": "Carl's Jr.",
        "brand:wikidata": "Q1043486",
        "building": "yes",
        "cuisine": "burger",
        "drive_through": "yes",
        "name": "Carl's Jr.",
        "phone": "+1 909-446-0522",
        "ref": "1100527",
        "takeaway": "yes",
        "website": "https://locations.carlsjr.com/ca/calimesa/1164-calimesa-blvd",
        "@geometry": "center"
      },
      "geometry": {
        "type": "Point",
        "coordinates": [
          -117.0588992,
          33.9960217
        ]
      },
      "id": "way/389116544"
    },
    {
      "type": "Feature",
      "properties": {
        "@id": "way/389296771",
        "addr:city": "Tucson",
        "addr:housenumber": "6301",
        "addr:postcode": "85715",
        "addr:state": "AZ",
        "addr:street": "East Grant Road",
        "amenity": "fast_food",
        "brand": "Carl's Jr.",
        "brand:wikidata": "Q1043486",
        "building": "yes",
        "cuisine": "burger",
        "name": "Carl's Jr.",
        "phone": "+1 520-290-5018",
        "ref": "1101503",
        "takeaway": "yes",
        "website": "https://locations.carlsjr.com/az/tucson/6301-e-grant-rd",
        "@geometry": "center"
      },
      "geometry": {
        "type": "Point",
        "coordinates": [
          -110.8575381,
          32.2511085
        ]
      },
      "id": "way/389296771"
    },
    {
      "type": "Feature",
      "properties": {
        "@id": "way/391445528",
        "addr:city": "Yucaipa",
        "addr:housenumber": "33505",
        "addr:postcode": "92399",
        "addr:state": "CA",
        "addr:street": "Yucaipa Boulevard",
        "amenity": "fast_food",
        "brand": "Carl's Jr.",
        "brand:wikidata": "Q1043486",
        "building": "yes",
        "cuisine": "burger",
        "drive_through": "yes",
        "name": "Carl's Jr.",
        "phone": "+1 909-790-9998",
        "ref": "1100584",
        "takeaway": "yes",
        "website": "https://locations.carlsjr.com/ca/yucaipa/33505-yucaipa-blvd",
        "@geometry": "center"
      },
      "geometry": {
        "type": "Point",
        "coordinates": [
          -117.0727266,
          34.0335301
        ]
      },
      "id": "way/391445528"
    },
    {
      "type": "Feature",
      "properties": {
        "@id": "way/394956898",
        "addr:city": "San Clemente",
        "addr:housenumber": "957",
        "addr:postcode": "92673",
        "addr:state": "CA",
        "addr:street": "Avenida Pico",
        "amenity": "fast_food",
        "brand": "Carl's Jr.",
        "brand:wikidata": "Q1043486",
        "building": "yes",
        "cuisine": "burger",
        "drive_through": "yes",
        "height": "6.47",
        "name": "Carl's Jr.",
        "phone": "+1 949-498-6279",
        "ref": "1100038",
        "takeaway": "yes",
        "website": "https://locations.carlsjr.com/ca/san-clemente/957-avenida-pico",
        "@geometry": "center"
      },
      "geometry": {
        "type": "Point",
        "coordinates": [
          -117.6067426,
          33.4539766
        ]
      },
      "id": "way/394956898"
    },
    {
      "type": "Feature",
      "properties": {
        "@id": "way/396479610",
        "addr:city": "Renton",
        "addr:housenumber": "4605",
        "addr:postcode": "98059",
        "addr:state": "WA",
        "addr:street": "Northeast 4th Street",
        "brand": "Carl's Jr.",
        "brand:wikidata": "Q1043486",
        "building": "yes",
        "check_date": "2026-01-29",
        "disused:amenity": "fast_food",
        "name": "Carl's Jr.",
        "note": "The location is closed",
        "@geometry": "center"
      },
      "geometry": {
        "type": "Point",
        "coordinates": [
          -122.1577885,
          47.488207
        ]
      },
      "id": "way/396479610"
    },
    {
      "type": "Feature",
      "properties": {
        "@id": "way/397821415",
        "addr:city": "Cottage Grove",
        "addr:housenumber": "1565",
        "addr:postcode": "97424",
        "addr:state": "OR",
        "addr:street": "Gateway Boulevard",
        "amenity": "fast_food",
        "brand": "Carl's Jr.",
        "brand:wikidata": "Q1043486",
        "building": "yes",
        "cuisine": "burger",
        "drive_through": "yes",
        "email": "joe@jckstar.com",
        "name": "Carl's Jr.",
        "opening_hours": "Mo-Su 06:00-23:00 \"Lobby\"; Mo-Su 06:00-24:00 \"Drive-through\"",
        "phone": "+1 541-942-8280",
        "ref": "1100896",
        "takeaway": "yes",
        "website": "https://locations.carlsjr.com/or/cottage-grove/1565-gateway-blvd",
        "@geometry": "center"
      },
      "geometry": {
        "type": "Point",
        "coordinates": [
          -123.0457756,
          43.8045877
        ]
      },
      "id": "way/397821415"
    },
    {
      "type": "Feature",
      "properties": {
        "@id": "way/398659961",
        "addr:city": "La Verne",
        "addr:housenumber": "1400",
        "addr:postcode": "91750",
        "addr:state": "CA",
        "addr:street": "Foothill Boulevard",
        "amenity": "fast_food",
        "brand": "Carl's Jr.",
        "brand:wikidata": "Q1043486",
        "building": "retail",
        "building:units": "1",
        "cuisine": "burger",
        "delivery": "no",
        "drive_through": "yes",
        "ele": "345.8",
        "height": "4.6",
        "lacounty:ain": "8381007030",
        "lacounty:bld_id": "629351864891",
        "name": "Carl's Jr.",
        "opening_hours": "Mo-We,Sa-Su 05:00-00:00; Th-Fr 05:00-13:00",
        "outdoor_seating": "no",
        "phone": "+1 909-596-2814",
        "ref": "1100271",
        "start_date": "1978",
        "takeaway": "yes",
        "website": "https://locations.carlsjr.com/ca/la-verne/1400-foothill-blvd",
        "@geometry": "center"
      },
      "geometry": {
        "type": "Point",
        "coordinates": [
          -117.7763894,
          34.1166021
        ]
      },
      "id": "way/398659961"
    },
    {
      "type": "Feature",
      "properties": {
        "@id": "way/401858979",
        "addr:city": "Pryor Creek",
        "addr:housenumber": "201",
        "addr:postcode": "74361",
        "addr:state": "OK",
        "addr:street": "South Mill Street",
        "amenity": "fast_food",
        "brand": "Carl's Jr.",
        "brand:wikidata": "Q1043486",
        "building": "yes",
        "cuisine": "burger",
        "name": "Carl's Jr.",
        "phone": "+1 918-825-2611",
        "ref": "1101673",
        "takeaway": "yes",
        "website": "https://locations.carlsjr.com/ok/pryor/201-s-mill-st",
        "@geometry": "center"
      },
      "geometry": {
        "type": "Point",
        "coordinates": [
          -95.3195095,
          36.3039353
        ]
      },
      "id": "way/401858979"
    },
    {
      "type": "Feature",
      "properties": {
        "@id": "way/402156026",
        "addr:city": "San Marcos",
        "addr:housenumber": "120",
        "addr:postcode": "92069",
        "addr:state": "CA",
        "addr:street": "Knoll Road",
        "amenity": "fast_food",
        "brand": "Carl's Jr.",
        "brand:wikidata": "Q1043486",
        "building": "yes",
        "cuisine": "burger",
        "drive_through": "yes",
        "name": "Carl's Jr.",
        "phone": "+1 760-752-4494",
        "ref": "1100220",
        "source": "SanGIS Addresses Public Domain (http://www.sangis.org/)",
        "takeaway": "yes",
        "website": "https://locations.carlsjr.com/ca/san-marcos/120-knoll-rd",
        "@geometry": "center"
      },
      "geometry": {
        "type": "Point",
        "coordinates": [
          -117.1751582,
          33.1386591
        ]
      },
      "id": "way/402156026"
    },
    {
      "type": "Feature",
      "properties": {
        "@id": "way/402843027",
        "addr:city": "Las Vegas",
        "addr:housenumber": "1180",
        "addr:postcode": "89109",
        "addr:state": "NV",
        "addr:street": "East Desert Inn Road",
        "amenity": "fast_food",
        "brand": "Carl's Jr.",
        "brand:wikidata": "Q1043486",
        "building": "yes",
        "cuisine": "burger",
        "name": "Carl's Jr.",
        "phone": "+1 702-369-7061",
        "ref": "1100760",
        "takeaway": "yes",
        "website": "https://locations.carlsjr.com/nv/las-vegas/1180-e.-desert-inn-road",
        "@geometry": "center"
      },
      "geometry": {
        "type": "Point",
        "coordinates": [
          -115.1374418,
          36.1301736
        ]
      },
      "id": "way/402843027"
    },
    {
      "type": "Feature",
      "properties": {
        "@id": "way/403734002",
        "addr:city": "Sacramento",
        "addr:housenumber": "4205",
        "addr:postcode": "95821",
        "addr:state": "CA",
        "addr:street": "Marconi Avenue",
        "amenity": "fast_food",
        "brand": "Carl's Jr.",
        "brand:wikidata": "Q1043486",
        "building": "yes",
        "cuisine": "burger",
        "name": "Carl's Jr.",
        "phone": "+1 916-481-4798",
        "ref": "1100231",
        "takeaway": "yes",
        "website": "https://locations.carlsjr.com/ca/sacramento/4205-marconi-ave.",
        "@geometry": "center"
      },
      "geometry": {
        "type": "Point",
        "coordinates": [
          -121.3666223,
          38.6179742
        ]
      },
      "id": "way/403734002"
    },
    {
      "type": "Feature",
      "properties": {
        "@id": "way/404144876",
        "addr:city": "Vista",
        "addr:housenumber": "660",
        "addr:postcode": "92081",
        "addr:state": "CA",
        "addr:street": "Hacienda Drive",
        "amenity": "fast_food",
        "brand": "Carl's Jr.",
        "brand:wikidata": "Q1043486",
        "building": "yes",
        "cuisine": "burger",
        "drive_through": "yes",
        "name": "Carl's Jr.",
        "phone": "+1 760-732-0605",
        "ref": "1101390",
        "takeaway": "yes",
        "website": "https://locations.carlsjr.com/ca/vista/660-hacienda-dr",
        "@geometry": "center"
      },
      "geometry": {
        "type": "Point",
        "coordinates": [
          -117.2558521,
          33.1932167
        ]
      },
      "id": "way/404144876"
    },
    {
      "type": "Feature",
      "properties": {
        "@id": "way/404526921",
        "addr:city": "Cypress",
        "addr:housenumber": "6947",
        "addr:postcode": "90630",
        "addr:state": "CA",
        "addr:street": "Katella Avenue",
        "amenity": "fast_food",
        "brand": "Carl's Jr.",
        "brand:wikidata": "Q1043486",
        "building": "yes",
        "cuisine": "burger",
        "drive_through": "yes",
        "name": "Carl's Jr.",
        "phone": "+1 714-220-4977",
        "ref": "1100454",
        "takeaway": "yes",
        "website": "https://locations.carlsjr.com/ca/cypress/6947-katella-ave",
        "@geometry": "center"
      },
      "geometry": {
        "type": "Point",
        "coordinates": [
          -118.0113998,
          33.8033692
        ]
      },
      "id": "way/404526921"
    },
    {
      "type": "Feature",
      "properties": {
        "@id": "way/405144049",
        "addr:city": "Carlsbad",
        "addr:country": "US",
        "addr:housenumber": "950",
        "addr:postcode": "92008",
        "addr:state": "CA",
        "addr:street": "Carlsbad Village Drive",
        "amenity": "fast_food",
        "brand": "Carl's Jr.",
        "brand:wikidata": "Q1043486",
        "building": "yes",
        "cuisine": "burger",
        "name": "Carl's Jr.",
        "phone": "+1 760-729-7258",
        "ref": "1100117",
        "source": "SanGIS Business Sites Public Domain (http://www.sangis.org/)",
        "takeaway": "yes",
        "website": "https://locations.carlsjr.com/ca/carlsbad/950-carlsbad-village-dr",
        "@geometry": "center"
      },
      "geometry": {
        "type": "Point",
        "coordinates": [
          -117.3441526,
          33.1626283
        ]
      },
      "id": "way/405144049"
    },
    {
      "type": "Feature",
      "properties": {
        "@id": "way/405499453",
        "addr:city": "Springfield",
        "addr:housenumber": "3000",
        "addr:postcode": "97477",
        "addr:state": "OR",
        "addr:street": "Gateway Street",
        "amenity": "fast_food",
        "brand": "Carl's Jr.",
        "brand:wikidata": "Q1043486",
        "building": "yes",
        "cuisine": "burger",
        "drive_through": "yes",
        "name": "Carl's Jr.",
        "outdoor_seating": "yes",
        "phone": "+1 541-747-2275",
        "ref": "1101572",
        "takeaway": "yes",
        "website": "https://locations.carlsjr.com/or/springfield/3032-gateway-st",
        "@geometry": "center"
      },
      "geometry": {
        "type": "Point",
        "coordinates": [
          -123.0426237,
          44.0765514
        ]
      },
      "id": "way/405499453"
    },
    {
      "type": "Feature",
      "properties": {
        "@id": "way/405589759",
        "addr:city": "Dana Point",
        "addr:housenumber": "34312",
        "addr:postcode": "92629",
        "addr:state": "CA",
        "addr:street": "Pacific Coast Highway",
        "amenity": "fast_food",
        "branch": "Green Burrito",
        "brand": "Carl's Jr.",
        "brand:wikidata": "Q1043486",
        "building": "yes",
        "cuisine": "burger",
        "drive_through": "yes",
        "height": "3.41",
        "name": "Carl's Jr.",
        "note": "this place gives people food poisoning tbh",
        "phone": "+1 949-661-3955",
        "ref": "1100703",
        "source": "yahoo_imagery;survey;image",
        "source_ref": "AM909_DSCU2425",
        "takeaway": "yes",
        "website": "https://locations.carlsjr.com/ca/dana-point/34312-pacific-coast-hwy",
        "@geometry": "center"
      },
      "geometry": {
        "type": "Point",
        "coordinates": [
          -117.6856562,
          33.4648107
        ]
      },
      "id": "way/405589759"
    },
    {
      "type": "Feature",
      "properties": {
        "@id": "way/405592536",
        "addr:city": "San Juan Capistrano",
        "addr:housenumber": "31852",
        "addr:postcode": "92675",
        "addr:state": "CA",
        "addr:street": "Del Obispo Street",
        "amenity": "fast_food",
        "brand": "Carl's Jr.",
        "brand:wikidata": "Q1043486",
        "building": "yes",
        "cuisine": "burger",
        "drive_through": "yes",
        "height": "8.05",
        "name": "Carl's Jr.",
        "phone": "+1 949-493-9661",
        "ref": "1100701",
        "source": "usgs_imagery_2007;survey;image",
        "source_ref": "AM909_DSCU7034",
        "takeaway": "yes",
        "website": "https://locations.carlsjr.com/ca/san-juan-capistrano/31852-del-obispo-st",
        "@geometry": "center"
      },
      "geometry": {
        "type": "Point",
        "coordinates": [
          -117.6594827,
          33.5003845
        ]
      },
      "id": "way/405592536"
    },
    {
      "type": "Feature",
      "properties": {
        "@id": "way/405739012",
        "addr:city": "Van Nuys",
        "addr:housenumber": "7649",
        "addr:postcode": "91405",
        "addr:state": "CA",
        "addr:street": "Van Nuys Boulevard",
        "amenity": "fast_food",
        "brand": "Carl's Jr.",
        "brand:wikidata": "Q1043486",
        "building": "commercial",
        "building:use": "fast_food",
        "cuisine": "burger",
        "drive_through": "yes",
        "ele": "239.0",
        "height": "5.8",
        "lacounty:ain": "2210031011",
        "lacounty:bld_id": "425889899029",
        "name": "Carl's Jr.",
        "phone": "+1 818-988-2312",
        "ref": "1100517",
        "restaurant": "yes",
        "start_date": "1984",
        "takeaway": "yes",
        "website": "https://locations.carlsjr.com/ca/van-nuys/7649-van-nuys-blvd",
        "@geometry": "center"
      },
      "geometry": {
        "type": "Point",
        "coordinates": [
          -118.4491479,
          34.2098064
        ]
      },
      "id": "way/405739012"
    },
    {
      "type": "Feature",
      "properties": {
        "@id": "way/406340733",
        "addr:city": "Sacramento",
        "addr:housenumber": "5201",
        "addr:postcode": "95842",
        "addr:state": "CA",
        "addr:street": "Elkhorn Boulevard",
        "amenity": "fast_food",
        "brand": "Carl's Jr.",
        "brand:wikidata": "Q1043486",
        "building": "yes",
        "cuisine": "burger",
        "name": "Carl's Jr.",
        "phone": "+1 916-334-2831",
        "ref": "1100222",
        "takeaway": "yes",
        "website": "https://locations.carlsjr.com/ca/sacramento/5201-elkhorn-blvd",
        "@geometry": "center"
      },
      "geometry": {
        "type": "Point",
        "coordinates": [
          -121.343194,
          38.6878444
        ]
      },
      "id": "way/406340733"
    },
    {
      "type": "Feature",
      "properties": {
        "@id": "way/406506986",
        "addr:city": "Sacramento",
        "addr:housenumber": "2615",
        "addr:postcode": "95818",
        "addr:state": "CA",
        "addr:street": "Broadway",
        "amenity": "fast_food",
        "brand": "Carl's Jr.",
        "brand:wikidata": "Q1043486",
        "building": "yes",
        "cuisine": "burger",
        "name": "Carl's Jr.",
        "phone": "+1 916-454-2861",
        "ref": "1100516",
        "takeaway": "yes",
        "website": "https://locations.carlsjr.com/ca/sacramento/2615-broadway",
        "@geometry": "center"
      },
      "geometry": {
        "type": "Point",
        "coordinates": [
          -121.4783282,
          38.5581519
        ]
      },
      "id": "way/406506986"
    },
    {
      "type": "Feature",
      "properties": {
        "@id": "way/407378899",
        "addr:city": "Carson",
        "addr:housenumber": "17450",
        "addr:postcode": "90746",
        "addr:state": "CA",
        "addr:street": "South Avalon Boulevard",
        "amenity": "fast_food",
        "brand": "Carl's Jr.",
        "brand:wikidata": "Q1043486",
        "building": "yes",
        "building:units": "1",
        "building:use": "fast_food",
        "cuisine": "burger",
        "delivery": "yes",
        "drive_through": "yes",
        "ele": "18.9",
        "height": "4.9",
        "lacounty:ain": "7319035011",
        "lacounty:bld_id": "481075776027",
        "name": "Carl's Jr.",
        "opening_hours": "Mo-Su 06:00-23:00",
        "outdoor_seating": "no",
        "payment:cash": "yes",
        "payment:contactless": "yes",
        "payment:credit_cards": "yes",
        "phone": "+1 310-323-6855",
        "ref": "1100362",
        "start_date": "1982",
        "takeaway": "yes",
        "website": "https://locations.carlsjr.com/ca/carson/17450-avalon-blvd",
        "wheelchair": "yes",
        "@geometry": "center"
      },
      "geometry": {
        "type": "Point",
        "coordinates": [
          -118.2654994,
          33.8723304
        ]
      },
      "id": "way/407378899"
    },
    {
      "type": "Feature",
      "properties": {
        "@id": "way/408515956",
        "addr:city": "Long Beach",
        "addr:housenumber": "1670",
        "addr:postcode": "90810",
        "addr:state": "CA",
        "addr:street": "West Pacific Coast Highway",
        "amenity": "fast_food",
        "brand": "Carl's Jr.",
        "brand:wikidata": "Q1043486",
        "building": "yes",
        "cuisine": "burger",
        "drive_through": "yes",
        "ele": "9.7",
        "height": "5.3",
        "lacounty:ain": "7432007051",
        "lacounty:bld_id": "496314745755",
        "name": "Carl's Jr.",
        "phone": "+1 562-983-7827",
        "ref": "1101137",
        "start_date": "1999",
        "takeaway": "yes",
        "website": "https://locations.carlsjr.com/ca/long-beach/1670-w-pacific-coast-hwy",
        "@geometry": "center"
      },
      "geometry": {
        "type": "Point",
        "coordinates": [
          -118.2151132,
          33.7892518
        ]
      },
      "id": "way/408515956"
    },
    {
      "type": "Feature",
      "properties": {
        "@id": "way/409027190",
        "addr:city": "Torrance",
        "addr:housenumber": "1360",
        "addr:postcode": "90501",
        "addr:state": "CA",
        "addr:street": "West 190th Street",
        "air_conditioning": "yes",
        "amenity": "fast_food",
        "brand": "Carl's Jr.",
        "brand:wikidata": "Q1043486",
        "building": "commercial",
        "building:use": "fast_food",
        "cuisine": "burger",
        "delivery": "yes",
        "drive_through": "yes",
        "ele": "20.7",
        "height": "4.4",
        "lacounty:ain": "7351002019",
        "lacounty:bld_id": "469954770855",
        "name": "Carl's Jr.",
        "opening_hours": "24/7",
        "payment:cash": "yes",
        "payment:contactless": "yes",
        "payment:credit_cards": "yes",
        "payment:debit_cards": "yes",
        "phone": "+1 310-618-1008",
        "ref": "1100215",
        "smoking": "outside",
        "source": "gps",
        "start_date": "1999",
        "takeaway": "yes",
        "website": "https://locations.carlsjr.com/ca/torrance/1360-w-190th-st",
        "wheelchair": "yes",
        "@geometry": "center"
      },
      "geometry": {
        "type": "Point",
        "coordinates": [
          -118.3020285,
          33.8580395
        ]
      },
      "id": "way/409027190"
    },
    {
      "type": "Feature",
      "properties": {
        "@id": "way/411116148",
        "addr:city": "Salinas",
        "addr:housenumber": "1061",
        "addr:postcode": "93907",
        "addr:state": "CA",
        "addr:street": "North Davis Road",
        "amenity": "fast_food",
        "brand": "Carl's Jr.",
        "brand:wikidata": "Q1043486",
        "building": "yes",
        "cuisine": "burger",
        "drive_through": "yes",
        "name": "Carl's Jr",
        "phone": "+1-831-424-4665",
        "ref": "1100748",
        "takeaway": "yes",
        "website": "https://locations.carlsjr.com/ca/salinas/1061-north-davis-road",
        "@geometry": "center"
      },
      "geometry": {
        "type": "Point",
        "coordinates": [
          -121.6693005,
          36.6964584
        ]
      },
      "id": "way/411116148"
    },
    {
      "type": "Feature",
      "properties": {
        "@id": "way/414022119",
        "addr:city": "Los Angeles",
        "addr:housenumber": "5800",
        "addr:postcode": "90016",
        "addr:state": "CA",
        "addr:street": "Obama Boulevard",
        "amenity": "fast_food",
        "brand": "Carl's Jr.",
        "brand:wikidata": "Q1043486",
        "building": "retail",
        "building:units": "9",
        "cuisine": "burger",
        "drive_through": "yes",
        "ele": "34.9",
        "height": "5.0",
        "lacounty:ain": "4204020244",
        "lacounty:bld_id": "448690830394",
        "name": "Carl's Jr.",
        "phone": "+1 310-558-0297",
        "ref": "1100800",
        "start_date": "1980",
        "takeaway": "yes",
        "website": "https://locations.carlsjr.com/ca/los-angeles/5800-obama-blvd",
        "@geometry": "center"
      },
      "geometry": {
        "type": "Point",
        "coordinates": [
          -118.3728514,
          34.0214418
        ]
      },
      "id": "way/414022119"
    },
    {
      "type": "Feature",
      "properties": {
        "@id": "way/414877039",
        "addr:city": "San Clemente",
        "addr:housenumber": "3939",
        "addr:postcode": "92673",
        "addr:state": "CA",
        "addr:street": "South El Camino Real",
        "amenity": "fast_food",
        "brand": "Carl's Jr.",
        "brand:wikidata": "Q1043486",
        "building": "yes",
        "cuisine": "burger",
        "drive_through": "yes",
        "name": "Carl's Jr. / Green Burrito",
        "phone": "+1 949-498-5641",
        "ref": "1100250",
        "source": "yahoo_imagery;survey;image",
        "source_ref": "AM909_DSCU2727",
        "website": "https://locations.carlsjr.com/ca/san-clemente/3929-s-el-camino-real",
        "@geometry": "center"
      },
      "geometry": {
        "type": "Point",
        "coordinates": [
          -117.5938248,
          33.398102
        ]
      },
      "id": "way/414877039"
    },
    {
      "type": "Feature",
      "properties": {
        "@id": "way/415456361",
        "addr:city": "Redlands",
        "addr:housenumber": "1205",
        "addr:postcode": "92374",
        "addr:state": "CA",
        "addr:street": "West Colton Avenue",
        "amenity": "fast_food",
        "brand": "Carl's Jr.",
        "brand:wikidata": "Q1043486",
        "building": "yes",
        "cuisine": "burger",
        "drive_through": "yes",
        "name": "Carl's Jr.",
        "phone": "+1 909-793-1058",
        "ref": "1100173",
        "source": "Bing",
        "takeaway": "yes",
        "website": "https://locations.carlsjr.com/ca/redlands/1205-w-colton-ave",
        "@geometry": "center"
      },
      "geometry": {
        "type": "Point",
        "coordinates": [
          -117.2006081,
          34.0624877
        ]
      },
      "id": "way/415456361"
    },
    {
      "type": "Feature",
      "properties": {
        "@id": "way/416528735",
        "addr:city": "Long Beach",
        "addr:housenumber": "6601",
        "addr:postcode": "90805",
        "addr:state": "CA",
        "addr:street": "Atlantic Avenue",
        "amenity": "fast_food",
        "brand": "Carl's Jr.",
        "brand:wikidata": "Q1043486",
        "building": "commercial",
        "building:units": "1",
        "cuisine": "burger",
        "drive_through": "yes",
        "ele": "27.2",
        "height": "7.7",
        "lacounty:ain": "7115002008",
        "lacounty:bld_id": "505037776871",
        "name": "Carl's Jr.",
        "phone": "+1 562-423-9539",
        "ref": "1100579",
        "start_date": "1999",
        "takeaway": "yes",
        "website": "https://locations.carlsjr.com/ca/long-beach/6601-atlantic-ave",
        "@geometry": "center"
      },
      "geometry": {
        "type": "Point",
        "coordinates": [
          -118.1866125,
          33.8747963
        ]
      },
      "id": "way/416528735"
    },
    {
      "type": "Feature",
      "properties": {
        "@id": "way/420674011",
        "addr:city": "Los Angeles",
        "addr:housenumber": "5625",
        "addr:postcode": "90045",
        "addr:state": "CA",
        "addr:street": "West Century Boulevard",
        "amenity": "fast_food",
        "brand": "Carl's Jr.",
        "brand:wikidata": "Q1043486",
        "building": "commercial",
        "building:units": "1",
        "building:use": "fast_food",
        "cuisine": "burger",
        "drive_through": "yes",
        "ele": "33.6",
        "height": "3.9",
        "lacounty:ain": "4125026010",
        "lacounty:bld_id": "446542802910",
        "name": "Carl's Jr.",
        "phone": "+1 310-216-9306",
        "ref": "1100408",
        "start_date": "1984",
        "takeaway": "yes",
        "website": "https://locations.carlsjr.com/ca/los-angeles/5625-w-century-blvd",
        "@geometry": "center"
      },
      "geometry": {
        "type": "Point",
        "coordinates": [
          -118.379644,
          33.9458863
        ]
      },
      "id": "way/420674011"
    },
    {
      "type": "Feature",
      "properties": {
        "@id": "way/421516678",
        "addr:city": "Modesto",
        "addr:housenumber": "4125",
        "addr:postcode": "95356-3210",
        "addr:state": "CA",
        "addr:street": "Sisk Avenue",
        "amenity": "fast_food",
        "brand": "Carl's Jr.",
        "brand:wikidata": "Q1043486",
        "building": "yes",
        "cuisine": "burger",
        "name": "Carl's Jr.",
        "phone": "+1 209-545-2796",
        "ref": "1100817",
        "takeaway": "yes",
        "website": "https://locations.carlsjr.com/ca/modesto/4125-sisk-ave",
        "@geometry": "center"
      },
      "geometry": {
        "type": "Point",
        "coordinates": [
          -121.0693361,
          37.6995406
        ]
      },
      "id": "way/421516678"
    },
    {
      "type": "Feature",
      "properties": {
        "@id": "way/422370674",
        "addr:city": "Milpitas",
        "addr:country": "US",
        "addr:housenumber": "1890",
        "addr:postcode": "95035-8004",
        "addr:state": "CA",
        "addr:street": "McCandless Drive",
        "amenity": "fast_food",
        "brand": "Carl's Jr.",
        "brand:wikidata": "Q1043486",
        "building": "yes",
        "cuisine": "burger",
        "name": "Carl's Jr.",
        "opening_hours": "Mo-Sa 06:00-23:00; Su 07:00-22:00",
        "phone": "+1 408-956-1846",
        "ref": "1101032",
        "takeaway": "yes",
        "website": "https://locations.carlsjr.com/ca/milpitas/1890-mccandless-dr",
        "@geometry": "center"
      },
      "geometry": {
        "type": "Point",
        "coordinates": [
          -121.8976301,
          37.4047303
        ]
      },
      "id": "way/422370674"
    },
    {
      "type": "Feature",
      "properties": {
        "@id": "way/426857976",
        "addr:city": "Los Angeles",
        "addr:housenumber": "1751",
        "addr:postcode": "90023",
        "addr:state": "CA",
        "addr:street": "South Soto Street",
        "amenity": "fast_food",
        "brand": "Carl's Jr.",
        "brand:wikidata": "Q1043486",
        "building": "commercial",
        "building:units": "1",
        "cuisine": "burger",
        "drive_through": "yes",
        "ele": "71.5",
        "height": "4.1",
        "lacounty:ain": "5169028014",
        "lacounty:bld_id": "494881828663",
        "name": "Carl's Jr.",
        "phone": "+1 323-264-4232",
        "ref": "1100212",
        "source": "survey;image;usgs_imagery",
        "source_ref": "AM909_DSCR9462",
        "start_date": "1977",
        "takeaway": "yes",
        "website": "https://locations.carlsjr.com/ca/los-angeles/1751-s-soto-st",
        "@geometry": "center"
      },
      "geometry": {
        "type": "Point",
        "coordinates": [
          -118.2203933,
          34.0170585
        ]
      },
      "id": "way/426857976"
    },
    {
      "type": "Feature",
      "properties": {
        "@id": "way/428132967",
        "addr:city": "Cornelius",
        "addr:housenumber": "116",
        "addr:postcode": "97113",
        "addr:state": "OR",
        "addr:street": "Baseline Street",
        "amenity": "fast_food",
        "brand": "Carl's Jr.",
        "brand:wikidata": "Q1043486",
        "building": "yes",
        "cuisine": "burger",
        "name": "Carl's Jr.",
        "phone": "+1-971-315-0492",
        "ref": "1102947",
        "takeaway": "yes",
        "website": "https://locations.carlsjr.com/or/cornelius/116-w-baseline-street",
        "@geometry": "center"
      },
      "geometry": {
        "type": "Point",
        "coordinates": [
          -123.0701133,
          45.520639
        ]
      },
      "id": "way/428132967"
    },
    {
      "type": "Feature",
      "properties": {
        "@id": "way/428662140",
        "addr:city": "North Hollywood",
        "addr:housenumber": "6601",
        "addr:postcode": "91606",
        "addr:state": "CA",
        "addr:street": "Lankershim Boulevard",
        "amenity": "fast_food",
        "brand": "Carl's Jr.",
        "brand:wikidata": "Q1043486",
        "building": "yes",
        "cuisine": "burger",
        "drive_through": "yes",
        "ele": "220.1",
        "height": "4.3",
        "lacounty:ain": "7440009911",
        "lacounty:bld_id": "2014112855780000",
        "name": "Carl's Jr.",
        "phone": "+1 818-759-4708",
        "ref": "1101927",
        "takeaway": "yes",
        "website": "https://locations.carlsjr.com/ca/north-hollywood/6601-lankershim-blvd",
        "@geometry": "center"
      },
      "geometry": {
        "type": "Point",
        "coordinates": [
          -118.3880813,
          34.1905737
        ]
      },
      "id": "way/428662140"
    },
    {
      "type": "Feature",
      "properties": {
        "@id": "way/428813436",
        "addr:city": "Los Angeles",
        "addr:housenumber": "2320",
        "addr:postcode": "90033",
        "addr:state": "CA",
        "addr:street": "East 4th Street",
        "amenity": "fast_food",
        "brand": "Carl's Jr.",
        "brand:wikidata": "Q1043486",
        "building": "retail",
        "building:units": "1",
        "cuisine": "burger",
        "drive_through": "yes",
        "ele": "106.1",
        "height": "9.1",
        "lacounty:ain": "5183014036",
        "lacounty:bld_id": "497319837209",
        "name": "Carl's Jr.",
        "phone": "+1 323-262-2603",
        "ref": "1100422",
        "start_date": "1964",
        "takeaway": "yes",
        "website": "https://locations.carlsjr.com/ca/los-angeles/2320-e-4th-st",
        "@geometry": "center"
      },
      "geometry": {
        "type": "Point",
        "coordinates": [
          -118.212394,
          34.0404802
        ]
      },
      "id": "way/428813436"
    },
    {
      "type": "Feature",
      "properties": {
        "@id": "way/429598303",
        "addr:city": "Newhall",
        "addr:housenumber": "20425",
        "addr:postcode": "91321",
        "addr:state": "CA",
        "addr:street": "San Fernando Road",
        "amenity": "fast_food",
        "brand": "Carl's Jr.",
        "brand:wikidata": "Q1043486",
        "building": "yes",
        "cuisine": "burger",
        "drive_through": "yes",
        "ele": "428.1",
        "height": "4.2",
        "lacounty:ain": "2833017015",
        "lacounty:bld_id": "409039955985",
        "name": "Carl's Jr.",
        "phone": "+1 661-259-9286",
        "ref": "1100487",
        "start_date": "1987",
        "takeaway": "yes",
        "website": "https://locations.carlsjr.com/ca/newhall/20425-newhall-ave",
        "@geometry": "center"
      },
      "geometry": {
        "type": "Point",
        "coordinates": [
          -118.5057779,
          34.3660481
        ]
      },
      "id": "way/429598303"
    },
    {
      "type": "Feature",
      "properties": {
        "@id": "way/429817346",
        "addr:city": "Van Nuys",
        "addr:housenumber": "5575",
        "addr:postcode": "91401",
        "addr:state": "CA",
        "addr:street": "Woodman Avenue",
        "amenity": "fast_food",
        "brand": "Carl's Jr.",
        "brand:wikidata": "Q1043486",
        "building": "commercial",
        "check_date": "2025-09-04",
        "cuisine": "burger",
        "drive_through": "yes",
        "ele": "208.8",
        "height": "3.6",
        "lacounty:ain": "2247001017",
        "lacounty:bld_id": "431133885179",
        "name": "Carl's Jr.",
        "payment:cash": "yes",
        "payment:credit_cards": "yes",
        "payment:debit_cards": "yes",
        "phone": "+1 818-994-2056",
        "ref": "1100127",
        "start_date": "1974",
        "takeaway": "yes",
        "website": "https://locations.carlsjr.com/ca/van-nuys/5575-woodman-ave",
        "wheelchair": "yes",
        "@geometry": "center"
      },
      "geometry": {
        "type": "Point",
        "coordinates": [
          -118.4315487,
          34.1717873
        ]
      },
      "id": "way/429817346"
    },
    {
      "type": "Feature",
      "properties": {
        "@id": "way/429823799",
        "addr:city": "North Hollywood",
        "addr:housenumber": "5166",
        "addr:postcode": "91601",
        "addr:state": "CA",
        "addr:street": "Vineland Avenue",
        "amenity": "fast_food",
        "brand": "Carl's Jr.",
        "brand:wikidata": "Q1043486",
        "building": "retail",
        "cuisine": "burger",
        "drive_through": "yes",
        "ele": "191.6",
        "height": "4.3",
        "lacounty:ain": "2419001044",
        "lacounty:bld_id": "449752882512",
        "name": "Carl's Jr.",
        "phone": "+1 818-763-5240",
        "ref": "1100641",
        "start_date": "1993",
        "takeaway": "yes",
        "website": "https://locations.carlsjr.com/ca/north-hollywood/5166-vineland-ave",
        "wheelchair": "yes",
        "@geometry": "center"
      },
      "geometry": {
        "type": "Point",
        "coordinates": [
          -118.3699433,
          34.1646551
        ]
      },
      "id": "way/429823799"
    },
    {
      "type": "Feature",
      "properties": {
        "@id": "way/429853831",
        "addr:city": "North Hollywood",
        "addr:housenumber": "3770",
        "addr:postcode": "91604",
        "addr:state": "CA",
        "addr:street": "Cahuenga Boulevard",
        "air_conditioning": "yes",
        "amenity": "fast_food",
        "brand": "Carl's Jr.",
        "brand:wikidata": "Q1043486",
        "building": "commercial",
        "building:use": "fast_food",
        "cuisine": "burger",
        "drive_through": "yes",
        "ele": "184.9",
        "height": "2.7",
        "lacounty:ain": "2425001069",
        "lacounty:bld_id": "452016872285",
        "name": "Carl's Jr.",
        "phone": "+1 818-760-7669",
        "ref": "1100171",
        "start_date": "1977",
        "takeaway": "yes",
        "website": "https://locations.carlsjr.com/ca/north-hollywood/3770-cahuenga-blvd",
        "wheelchair": "yes",
        "@geometry": "center"
      },
      "geometry": {
        "type": "Point",
        "coordinates": [
          -118.3624001,
          34.1366102
        ]
      },
      "id": "way/429853831"
    },
    {
      "type": "Feature",
      "properties": {
        "@id": "way/430705198",
        "addr:city": "Canoga Park",
        "addr:housenumber": "21201",
        "addr:postcode": "91303",
        "addr:state": "CA",
        "addr:street": "Sherman Way",
        "amenity": "fast_food",
        "brand": "Carl's Jr.",
        "brand:wikidata": "Q1043486",
        "building": "commercial",
        "cuisine": "burger",
        "drive_through": "yes",
        "ele": "246.4",
        "height": "4.9",
        "lacounty:ain": "2112023012",
        "lacounty:bld_id": "381875896198",
        "name": "Carl's Jr.",
        "phone": "+1 818-716-0599",
        "ref": "1100508",
        "start_date": "1985",
        "takeaway": "yes",
        "website": "https://locations.carlsjr.com/ca/canoga-park/21201-sherman-way",
        "@geometry": "center"
      },
      "geometry": {
        "type": "Point",
        "coordinates": [
          -118.5946146,
          34.2013804
        ]
      },
      "id": "way/430705198"
    },
    {
      "type": "Feature",
      "properties": {
        "@id": "way/430706142",
        "addr:city": "Canoga Park",
        "addr:housenumber": "20900",
        "addr:postcode": "91304",
        "addr:state": "CA",
        "addr:street": "Roscoe Boulevard",
        "amenity": "fast_food",
        "brand": "Carl's Jr.",
        "brand:wikidata": "Q1043486",
        "building": "yes",
        "cuisine": "burger",
        "drive_through": "yes",
        "ele": "258.9",
        "height": "5.4",
        "lacounty:ain": "2109004024",
        "lacounty:bld_id": "383629902790",
        "name": "Carl's Jr.",
        "phone": "+1 818-700-8584",
        "ref": "1100509",
        "start_date": "1958",
        "takeaway": "yes",
        "website": "https://locations.carlsjr.com/ca/canoga-park/20900-roscoe-blvd",
        "@geometry": "center"
      },
      "geometry": {
        "type": "Point",
        "coordinates": [
          -118.5889443,
          34.2195399
        ]
      },
      "id": "way/430706142"
    },
    {
      "type": "Feature",
      "properties": {
        "@id": "way/430709918",
        "addr:city": "Granada Hills",
        "addr:housenumber": "10890",
        "addr:postcode": "91344",
        "addr:state": "CA",
        "addr:street": "Chatsworth Street",
        "amenity": "fast_food",
        "brand": "Carl's Jr.",
        "brand:wikidata": "Q1043486",
        "building": "yes",
        "cuisine": "burger",
        "drive_through": "yes",
        "ele": "322.1",
        "height": "8.3",
        "lacounty:ain": "2731008023",
        "lacounty:bld_id": "402943919040",
        "name": "Carl's Jr.",
        "phone": "+1 818-360-6125",
        "ref": "1100303",
        "takeaway": "yes",
        "website": "https://locations.carlsjr.com/ca/granada-hills/18090-w-chatsworth-st",
        "@geometry": "center"
      },
      "geometry": {
        "type": "Point",
        "coordinates": [
          -118.5253336,
          34.2645128
        ]
      },
      "id": "way/430709918"
    },
    {
      "type": "Feature",
      "properties": {
        "@id": "way/430714301",
        "addr:city": "Reseda",
        "addr:housenumber": "18756",
        "addr:postcode": "91335",
        "addr:state": "CA",
        "addr:street": "Sherman Way",
        "amenity": "fast_food",
        "brand": "Carl's Jr.",
        "brand:wikidata": "Q1043486",
        "building": "commercial",
        "building:units": "1",
        "cuisine": "burger",
        "drive_through": "yes",
        "ele": "231.2",
        "height": "5.1",
        "lacounty:ain": "2126003024",
        "lacounty:bld_id": "397679895870",
        "name": "Carl's Jr.",
        "phone": "+1 818-881-8775",
        "ref": "1100058",
        "start_date": "1970",
        "takeaway": "yes",
        "website": "https://locations.carlsjr.com/ca/reseda/18756-sherman-way",
        "@geometry": "center"
      },
      "geometry": {
        "type": "Point",
        "coordinates": [
          -118.542401,
          34.2007337
        ]
      },
      "id": "way/430714301"
    },
    {
      "type": "Feature",
      "properties": {
        "@id": "way/430945557",
        "addr:city": "Sun Valley",
        "addr:housenumber": "8875",
        "addr:postcode": "91352",
        "addr:state": "CA",
        "addr:street": "Glen Oaks Boulevard",
        "amenity": "fast_food",
        "brand": "Carl's Jr.",
        "brand:wikidata": "Q1043486",
        "building": "commercial",
        "cuisine": "burger",
        "drive_through": "yes",
        "ele": "263.8",
        "height": "4.1",
        "lacounty:ain": "2408008034",
        "lacounty:bld_id": "450690906299",
        "name": "Carl's Jr.",
        "phone": "+1 818-768-9227",
        "ref": "1100510",
        "start_date": "1986",
        "takeaway": "yes",
        "website": "https://locations.carlsjr.com/ca/sun-valley/8875-glen-oaks-blvd",
        "@geometry": "center"
      },
      "geometry": {
        "type": "Point",
        "coordinates": [
          -118.36717,
          34.2300315
        ]
      },
      "id": "way/430945557"
    },
    {
      "type": "Feature",
      "properties": {
        "@id": "way/430964397",
        "addr:city": "San Fernando",
        "addr:housenumber": "11509",
        "addr:postcode": "91340",
        "addr:state": "CA",
        "addr:street": "Laurel Canyon Boulevard",
        "amenity": "fast_food",
        "brand": "Carl's Jr.",
        "brand:wikidata": "Q1043486",
        "building": "yes",
        "cuisine": "burger",
        "drive_through": "yes",
        "ele": "315.4",
        "height": "3.0",
        "lacounty:ain": "2613027019",
        "lacounty:bld_id": "424509924234",
        "name": "Carl's Jr.",
        "phone": "+1 818-365-5587",
        "ref": "1100213",
        "start_date": "1979",
        "takeaway": "yes",
        "website": "https://locations.carlsjr.com/ca/san-fernando/11509-laurel-canyon-blvd",
        "@geometry": "center"
      },
      "geometry": {
        "type": "Point",
        "coordinates": [
          -118.4540385,
          34.2790177
        ]
      },
      "id": "way/430964397"
    },
    {
      "type": "Feature",
      "properties": {
        "@id": "way/430979789",
        "addr:city": "Granada Hills",
        "addr:housenumber": "16815",
        "addr:postcode": "91344",
        "addr:state": "CA",
        "addr:street": "Devonshire Street",
        "amenity": "fast_food",
        "brand": "Carl's Jr.",
        "brand:wikidata": "Q1043486",
        "building": "commercial",
        "building:use": "fast_food",
        "cuisine": "burger",
        "drive_through": "yes",
        "ele": "287.4",
        "height": "3.5",
        "lacounty:ain": "2684007021",
        "lacounty:bld_id": "411001916583",
        "name": "Carl's Jr.",
        "phone": "+1 818-368-5177",
        "ref": "1100153",
        "start_date": "1976",
        "takeaway": "yes",
        "website": "https://locations.carlsjr.com/ca/granada-hills/16815-devonshire-st",
        "@geometry": "center"
      },
      "geometry": {
        "type": "Point",
        "coordinates": [
          -118.4986487,
          34.2578375
        ]
      },
      "id": "way/430979789"
    },
    {
      "type": "Feature",
      "properties": {
        "@id": "way/431142045",
        "addr:city": "Chatsworth",
        "addr:housenumber": "9861",
        "addr:postcode": "91311",
        "addr:state": "CA",
        "addr:street": "Desoto Avenue",
        "amenity": "fast_food",
        "brand": "Carl's Jr.",
        "brand:wikidata": "Q1043486",
        "building": "commercial",
        "cuisine": "burger",
        "drive_through": "yes",
        "ele": "289.7",
        "height": "4.1",
        "lacounty:ain": "2746002001",
        "lacounty:bld_id": "383642913710",
        "name": "Carl's Jr.",
        "phone": "+1 818-998-0188",
        "ref": "1100254",
        "start_date": "1978",
        "takeaway": "yes",
        "website": "https://locations.carlsjr.com/ca/chatsworth/9861-desoto-ave",
        "@geometry": "center"
      },
      "geometry": {
        "type": "Point",
        "coordinates": [
          -118.5891012,
          34.2495204
        ]
      },
      "id": "way/431142045"
    },
    {
      "type": "Feature",
      "properties": {
        "@id": "way/431342731",
        "addr:city": "Tarzana",
        "addr:housenumber": "19400",
        "addr:postcode": "91356",
        "addr:state": "CA",
        "addr:street": "Ventura Boulevard",
        "amenity": "fast_food",
        "brand": "Carl's Jr.",
        "brand:wikidata": "Q1043486",
        "building": "yes",
        "building:use": "fast_food",
        "cuisine": "burger",
        "drive_through": "yes",
        "ele": "248.8",
        "height": "4.9",
        "lacounty:ain": "2163002059",
        "lacounty:bld_id": "393544885608",
        "name": "Carl's Jr.",
        "phone": "+1 818-996-1868",
        "ref": "1100263",
        "start_date": "1997",
        "takeaway": "yes",
        "website": "https://locations.carlsjr.com/ca/tarzana/19400-ventura-blvd.",
        "@geometry": "center"
      },
      "geometry": {
        "type": "Point",
        "coordinates": [
          -118.5558645,
          34.1724421
        ]
      },
      "id": "way/431342731"
    },
    {
      "type": "Feature",
      "properties": {
        "@id": "way/431399459",
        "addr:city": "Van Nuys",
        "addr:housenumber": "6457",
        "addr:postcode": "91411",
        "addr:state": "CA",
        "addr:street": "Sepulveda Boulevard",
        "amenity": "fast_food",
        "brand": "Carl's Jr.",
        "brand:wikidata": "Q1043486",
        "building": "commercial",
        "building:units": "1",
        "building:use": "fast_food",
        "cuisine": "burger",
        "drive_through": "yes",
        "ele": "224.6",
        "height": "4.1",
        "lacounty:ain": "2234016004",
        "lacounty:bld_id": "420557891202",
        "name": "Carl's Jr.",
        "phone": "+1 818-781-6101",
        "ref": "1100229",
        "start_date": "1978",
        "takeaway": "yes",
        "website": "https://locations.carlsjr.com/ca/van-nuys/6457-sepulveda-blvd",
        "@geometry": "center"
      },
      "geometry": {
        "type": "Point",
        "coordinates": [
          -118.4666394,
          34.1881861
        ]
      },
      "id": "way/431399459"
    },
    {
      "type": "Feature",
      "properties": {
        "@id": "way/431412937",
        "addr:city": "Reseda",
        "addr:housenumber": "19305",
        "addr:postcode": "91335",
        "addr:state": "CA",
        "addr:street": "Victory Boulevard",
        "amenity": "fast_food",
        "brand": "Carl's Jr.",
        "brand:wikidata": "Q1043486",
        "building": "yes",
        "building:units": "1",
        "cuisine": "burger",
        "drive_through": "yes",
        "ele": "230.9",
        "height": "4.6",
        "lacounty:ain": "2131010007",
        "lacounty:bld_id": "394125890877",
        "name": "Carl's Jr.",
        "phone": "+1 818-881-9635",
        "ref": "1100092",
        "start_date": "1984",
        "takeaway": "yes",
        "website": "https://locations.carlsjr.com/ca/reseda/19305-victory-blvd",
        "@geometry": "center"
      },
      "geometry": {
        "type": "Point",
        "coordinates": [
          -118.5540006,
          34.1869664
        ]
      },
      "id": "way/431412937"
    },
    {
      "type": "Feature",
      "properties": {
        "@id": "way/431433117",
        "addr:city": "Tualatin",
        "addr:housenumber": "8703",
        "addr:postcode": "97062",
        "addr:state": "OR",
        "addr:street": "Southwest Tualatin Sherwood Road",
        "amenity": "fast_food",
        "brand": "Carl's Jr.",
        "brand:wikidata": "Q1043486",
        "building": "yes",
        "cuisine": "burger",
        "drive_through": "yes",
        "name": "Carl's Jr.",
        "opening_hours": "Mo-Th 06:00-23:00; Fr,Sa 06:00-24:00; Su 07:00-22:00",
        "phone": "+1 503-691-2190",
        "ref": "1101151",
        "takeaway": "yes",
        "website": "https://locations.carlsjr.com/or/tualatin/8703-s.w.-tualatin-sherwood-hwy",
        "@geometry": "center"
      },
      "geometry": {
        "type": "Point",
        "coordinates": [
          -122.7674623,
          45.3815479
        ]
      },
      "id": "way/431433117"
    },
    {
      "type": "Feature",
      "properties": {
        "@id": "way/431624801",
        "addr:city": "North Hills",
        "addr:country": "US",
        "addr:housenumber": "9505",
        "addr:postcode": "91343",
        "addr:state": "CA",
        "addr:street": "Sepulveda Boulevard",
        "amenity": "fast_food",
        "brand": "Carl's Jr.",
        "brand:wikidata": "Q1043486",
        "building": "yes",
        "cuisine": "burger",
        "drive_through": "yes",
        "ele": "269.1",
        "height": "4.4",
        "lacounty:ain": "2656011027",
        "lacounty:bld_id": "420197911215",
        "name": "Carl's Jr.",
        "opening_hours": "24/7",
        "outdoor_seating": "no",
        "phone": "+1 818-894-4341",
        "ref": "1100314",
        "smoking": "no",
        "start_date": "1980",
        "takeaway": "yes",
        "website": "https://locations.carlsjr.com/ca/sepulveda/9505-sepulveda-blvd",
        "@geometry": "center"
      },
      "geometry": {
        "type": "Point",
        "coordinates": [
          -118.4680815,
          34.2431878
        ]
      },
      "id": "way/431624801"
    },
    {
      "type": "Feature",
      "properties": {
        "@id": "way/431658505",
        "addr:city": "North Hollywood",
        "addr:housenumber": "12653",
        "addr:postcode": "91605",
        "addr:state": "CA",
        "addr:street": "Sherman Way",
        "amenity": "fast_food",
        "brand": "Carl's Jr.",
        "brand:wikidata": "Q1043486",
        "building": "retail",
        "cuisine": "burger",
        "drive_through": "yes",
        "ele": "232.0",
        "height": "3.8",
        "lacounty:ain": "2324003046",
        "lacounty:bld_id": "437938896008",
        "name": "Carl's Jr.",
        "phone": "+1 818-764-5888",
        "ref": "1100511",
        "start_date": "1987",
        "takeaway": "yes",
        "website": "https://locations.carlsjr.com/ca/north-hollywood/12653-sherman-way",
        "@geometry": "center"
      },
      "geometry": {
        "type": "Point",
        "coordinates": [
          -118.4092015,
          34.2016197
        ]
      },
      "id": "way/431658505"
    },
    {
      "type": "Feature",
      "properties": {
        "@id": "way/431862511",
        "addr:city": "Woodland Hills",
        "addr:housenumber": "6310",
        "addr:postcode": "91367",
        "addr:state": "CA",
        "addr:street": "Platt Avenue",
        "amenity": "fast_food",
        "brand": "Carl's Jr.",
        "brand:wikidata": "Q1043486",
        "building": "yes",
        "cuisine": "burger",
        "drive_through": "yes",
        "ele": "264.4",
        "height": "5.6",
        "lacounty:ain": "2035008021",
        "lacounty:bld_id": "367343890692",
        "name": "Carl's Jr.",
        "phone": "+1 818-884-0783",
        "ref": "1100003",
        "start_date": "1973",
        "takeaway": "yes",
        "website": "https://locations.carlsjr.com/ca/woodland-hills/6310-platt-ave",
        "@geometry": "center"
      },
      "geometry": {
        "type": "Point",
        "coordinates": [
          -118.6424736,
          34.1859828
        ]
      },
      "id": "way/431862511"
    },
    {
      "type": "Feature",
      "properties": {
        "@id": "way/432129569",
        "addr:city": "Panorama City",
        "addr:housenumber": "14344",
        "addr:postcode": "91402",
        "addr:state": "CA",
        "addr:street": "Roscoe Boulevard",
        "amenity": "fast_food",
        "brand": "Carl's Jr.",
        "brand:wikidata": "Q1043486",
        "building": "commercial",
        "cuisine": "burger",
        "drive_through": "yes",
        "ele": "249.9",
        "height": "7.8",
        "lacounty:ain": "2212004035",
        "lacounty:bld_id": "426744903249",
        "name": "Carl's Jr.",
        "phone": "+1 818-892-2712",
        "ref": "1100042",
        "start_date": "1970",
        "takeaway": "yes",
        "website": "https://locations.carlsjr.com/ca/panorama-city/14344-roscoe-blvd",
        "@geometry": "center"
      },
      "geometry": {
        "type": "Point",
        "coordinates": [
          -118.4463838,
          34.2213886
        ]
      },
      "id": "way/432129569"
    },
    {
      "type": "Feature",
      "properties": {
        "@id": "way/432512919",
        "addr:city": "Woodburn",
        "addr:housenumber": "1675",
        "addr:postcode": "97071",
        "addr:state": "OR",
        "addr:street": "Mount Hood Avenue",
        "amenity": "fast_food",
        "brand": "Carl's Jr.",
        "brand:wikidata": "Q1043486",
        "building": "yes",
        "cuisine": "burger",
        "name": "Carl's Jr.",
        "opening_hours": "Mo-Su 06:00-23:00; Fr,Sa 06:00-24:00",
        "phone": "+1 503-980-9200",
        "ref": "1101784",
        "takeaway": "yes",
        "website": "https://locations.carlsjr.com/or/woodburn/1675-mount-hood-ave",
        "@geometry": "center"
      },
      "geometry": {
        "type": "Point",
        "coordinates": [
          -122.8323027,
          45.1517154
        ]
      },
      "id": "way/432512919"
    },
    {
      "type": "Feature",
      "properties": {
        "@id": "way/435126971",
        "addr:city": "Marysville",
        "addr:housenumber": "3703",
        "addr:postcode": "98271",
        "addr:state": "WA",
        "addr:street": "116th Street Northeast",
        "amenity": "fast_food",
        "brand": "Carl's Jr.",
        "brand:wikidata": "Q1043486",
        "building": "retail",
        "cuisine": "burger",
        "height": "7.2",
        "name": "Carl's Jr.",
        "phone": "+1-360-651-7531",
        "ref": "1100464",
        "takeaway": "yes",
        "website": "https://locations.carlsjr.com/wa/marysville/3703-116th-st-ne",
        "@geometry": "center"
      },
      "geometry": {
        "type": "Point",
        "coordinates": [
          -122.1824156,
          48.1004334
        ]
      },
      "id": "way/435126971"
    },
    {
      "type": "Feature",
      "properties": {
        "@id": "way/436456350",
        "addr:city": "Grand Junction",
        "addr:housenumber": "2842",
        "addr:postcode": "81501",
        "addr:state": "CO",
        "addr:street": "North Avenue",
        "amenity": "fast_food",
        "brand": "Carl's Jr.",
        "brand:wikidata": "Q1043486",
        "building": "retail",
        "building:levels": "1",
        "check_date": "2024-06-16",
        "cuisine": "burger",
        "drive_through": "yes",
        "internet_access": "wlan",
        "name": "Carl's Jr.",
        "opening_hours": "Mo-Su 06:00-21:00",
        "opening_hours:drive_through": "Su-Th 06:00-22:00; Fr-Sa 06:00-23:00",
        "payment:american_express": "yes",
        "payment:discover_card": "yes",
        "payment:mastercard": "yes",
        "payment:visa": "yes",
        "phone": "+1-970-245-9555",
        "ref": "1101409",
        "roof:levels": "0",
        "takeaway": "yes",
        "website": "https://locations.carlsjr.com/co/grand-junction/2842-north-ave",
        "wheelchair": "yes",
        "@geometry": "center"
      },
      "geometry": {
        "type": "Point",
        "coordinates": [
          -108.5260548,
          39.0777476
        ]
      },
      "id": "way/436456350"
    },
    {
      "type": "Feature",
      "properties": {
        "@id": "way/436985353",
        "addr:city": "Laguna Hills",
        "addr:housenumber": "23002",
        "addr:postcode": "92653",
        "addr:state": "CA",
        "addr:street": "Lake Forest Drive",
        "amenity": "fast_food",
        "brand": "Carl's Jr.",
        "brand:wikidata": "Q1043486",
        "building": "yes",
        "cuisine": "burger",
        "drive_through": "yes",
        "height": "4.49",
        "name": "Carl's Jr.",
        "phone": "+1 949-768-8001",
        "ref": "1100169",
        "takeaway": "yes",
        "website": "https://locations.carlsjr.com/ca/laguna-hills/23002-lake-forest-dr",
        "@geometry": "center"
      },
      "geometry": {
        "type": "Point",
        "coordinates": [
          -117.7235269,
          33.6282333
        ]
      },
      "id": "way/436985353"
    },
    {
      "type": "Feature",
      "properties": {
        "@id": "way/436990594",
        "addr:city": "Livermore",
        "addr:housenumber": "2860",
        "addr:postcode": "94551",
        "addr:state": "CA",
        "addr:street": "Kitty Hawk Road",
        "amenity": "fast_food",
        "brand": "Carl's Jr.",
        "brand:wikidata": "Q1043486",
        "building": "commercial",
        "cuisine": "burger",
        "drive_through": "yes",
        "name": "Carl's Jr.",
        "phone": "+1 925-449-1876",
        "ref": "1101729",
        "takeaway": "yes",
        "website": "https://locations.carlsjr.com/ca/livermore/2860-kitty-hawk-rd",
        "@geometry": "center"
      },
      "geometry": {
        "type": "Point",
        "coordinates": [
          -121.8161593,
          37.7002059
        ]
      },
      "id": "way/436990594"
    },
    {
      "type": "Feature",
      "properties": {
        "@id": "way/437522210",
        "addr:city": "Aliso Viejo",
        "addr:housenumber": "23002",
        "addr:postcode": "92656",
        "addr:state": "CA",
        "addr:street": "Aliso Creek Road",
        "amenity": "fast_food",
        "brand": "Carl's Jr.",
        "brand:wikidata": "Q1043486",
        "building": "yes",
        "cuisine": "burger",
        "drive_through": "yes",
        "height": "4.36",
        "name": "Carl's Jr.",
        "phone": "+1 949-362-9689",
        "ref": "1100884",
        "takeaway": "yes",
        "website": "https://locations.carlsjr.com/ca/aliso-viejo/23002-aliso-creek-rd",
        "@geometry": "center"
      },
      "geometry": {
        "type": "Point",
        "coordinates": [
          -117.7288531,
          33.5934268
        ]
      },
      "id": "way/437522210"
    },
    {
      "type": "Feature",
      "properties": {
        "@id": "way/439896853",
        "addr:city": "Hawthorne",
        "addr:housenumber": "5315",
        "addr:postcode": "90250",
        "addr:state": "CA",
        "addr:street": "Rosecrans Avenue;ROSECRANS",
        "amenity": "fast_food",
        "brand": "Carl's Jr.",
        "brand:wikidata": "Q1043486",
        "building": "retail",
        "building:levels": "1",
        "cuisine": "burger",
        "drive_through": "yes",
        "ele": "30.8",
        "height": "4.7",
        "indoor_seating": "yes",
        "lacounty:ain": "4145032030",
        "lacounty:bld_id": "448643786980",
        "name": "Carl's Jr.",
        "outdoor_seating": "no",
        "phone": "+1 310-643-6330",
        "ref": "1100599",
        "start_date": "1990",
        "takeaway": "yes",
        "website": "https://locations.carlsjr.com/ca/hawthorne/5315-rosecrans",
        "@geometry": "center"
      },
      "geometry": {
        "type": "Point",
        "coordinates": [
          -118.3724905,
          33.9021457
        ]
      },
      "id": "way/439896853"
    },
    {
      "type": "Feature",
      "properties": {
        "@id": "way/440325512",
        "addr:city": "Los Angeles",
        "addr:housenumber": "5633",
        "addr:postcode": "90022",
        "addr:state": "CA",
        "addr:street": "North Whittier Boulevard",
        "amenity": "fast_food",
        "brand": "Carl's Jr.",
        "brand:wikidata": "Q1043486",
        "building": "commercial",
        "building:use": "fast_food",
        "cuisine": "burger",
        "drive_through": "yes",
        "ele": "64.0",
        "height": "4.5",
        "lacounty:ain": "6342028016",
        "lacounty:bld_id": "516501829333",
        "name": "Carl's Jr.",
        "phone": "+1 323-724-5488",
        "ref": "1100163",
        "start_date": "1999",
        "takeaway": "yes",
        "website": "https://locations.carlsjr.com/ca/los-angeles/5633-n.-whittier-blvd.",
        "@geometry": "center"
      },
      "geometry": {
        "type": "Point",
        "coordinates": [
          -118.1490413,
          34.0189801
        ]
      },
      "id": "way/440325512"
    },
    {
      "type": "Feature",
      "properties": {
        "@id": "way/441173143",
        "addr:city": "Carson",
        "addr:housenumber": "21703",
        "addr:postcode": "90745",
        "addr:state": "CA",
        "addr:street": "South Avalon Boulevard",
        "amenity": "fast_food",
        "brand": "Carl's Jr.",
        "brand:wikidata": "Q1043486",
        "building": "yes",
        "cuisine": "burger",
        "drive_through": "yes",
        "ele": "11.2",
        "height": "4.0",
        "lacounty:ain": "7335010068",
        "lacounty:bld_id": "481453761121",
        "name": "Carl's Jr.",
        "phone": "+1 310-549-8632",
        "ref": "1100347",
        "start_date": "1961",
        "takeaway": "yes",
        "website": "https://locations.carlsjr.com/ca/carson/21703-s-avalon-blvd",
        "@geometry": "center"
      },
      "geometry": {
        "type": "Point",
        "coordinates": [
          -118.2640776,
          33.8313846
        ]
      },
      "id": "way/441173143"
    },
    {
      "type": "Feature",
      "properties": {
        "@id": "way/441218228",
        "amenity": "fast_food",
        "brand": "Carl's Jr.",
        "brand:wikidata": "Q1043486",
        "building": "yes",
        "building:use": "fast_food",
        "cuisine": "burger",
        "drive_through": "yes",
        "ele": "19.5",
        "height": "3.7",
        "lacounty:ain": "7152026027",
        "lacounty:bld_id": "513235766623",
        "name": "Carl's Jr.",
        "start_date": "1974",
        "takeaway": "yes",
        "website": "https://locations.carlsjr.com/ca/lakewood/2710-del-amo",
        "@geometry": "center"
      },
      "geometry": {
        "type": "Point",
        "coordinates": [
          -118.1594424,
          33.8466704
        ]
      },
      "id": "way/441218228"
    },
    {
      "type": "Feature",
      "properties": {
        "@id": "way/441227880",
        "addr:city": "Long Beach",
        "addr:housenumber": "700",
        "addr:postcode": "90802",
        "addr:state": "CA",
        "addr:street": "Long Beach Boulevard",
        "amenity": "fast_food",
        "brand": "Carl's Jr.",
        "brand:wikidata": "Q1043486",
        "building": "yes",
        "cuisine": "burger",
        "drive_through": "yes",
        "ele": "14.8",
        "height": "3.1",
        "lacounty:ain": "7273020025",
        "lacounty:bld_id": "504214740754",
        "name": "Carl's Jr.",
        "opening_hours": "24/7",
        "outdoor_seating": "no",
        "phone": "+1 562-432-7502",
        "ref": "1100162",
        "smoking": "no",
        "start_date": "1976",
        "takeaway": "yes",
        "website": "https://locations.carlsjr.com/ca/long-beach/700-long-beach-blvd",
        "@geometry": "center"
      },
      "geometry": {
        "type": "Point",
        "coordinates": [
          -118.1890585,
          33.7755577
        ]
      },
      "id": "way/441227880"
    },
    {
      "type": "Feature",
      "properties": {
        "@id": "way/441413262",
        "addr:city": "Redding",
        "addr:housenumber": "183",
        "addr:postcode": "96003",
        "addr:state": "CA",
        "addr:street": "Lake Boulevard",
        "amenity": "fast_food",
        "brand": "Carl's Jr.",
        "brand:wikidata": "Q1043486",
        "building": "yes",
        "cuisine": "burger",
        "delivery": "no",
        "drive_through": "yes",
        "name": "Carl's Jr.",
        "outdoor_seating": "yes",
        "phone": "+1 530-241-4939",
        "ref": "1101020",
        "takeaway": "yes",
        "website": "https://locations.carlsjr.com/ca/redding/183-lake-blvd",
        "@geometry": "center"
      },
      "geometry": {
        "type": "Point",
        "coordinates": [
          -122.3796416,
          40.6105294
        ]
      },
      "id": "way/441413262"
    },
    {
      "type": "Feature",
      "properties": {
        "@id": "way/441473472",
        "addr:city": "Long Beach",
        "addr:housenumber": "2920",
        "addr:postcode": "90815",
        "addr:state": "CA",
        "addr:street": "North Bellflower Boulevard",
        "amenity": "fast_food",
        "brand": "Carl's Jr.",
        "brand:wikidata": "Q1043486",
        "building": "retail",
        "building:units": "1",
        "cuisine": "burger",
        "drive_through": "yes",
        "ele": "12.4",
        "height": "4.6",
        "lacounty:ain": "7227029023",
        "lacounty:bld_id": "523758752960",
        "name": "Carl's Jr.",
        "phone": "+1 562-421-1050",
        "ref": "1100139",
        "start_date": "2000",
        "takeaway": "yes",
        "website": "https://locations.carlsjr.com/ca/long-beach/2920-n-bellflower-blvd",
        "@geometry": "center"
      },
      "geometry": {
        "type": "Point",
        "coordinates": [
          -118.1248472,
          33.8091657
        ]
      },
      "id": "way/441473472"
    },
    {
      "type": "Feature",
      "properties": {
        "@id": "way/441991820",
        "addr:city": "Las Vegas",
        "addr:housenumber": "5795",
        "addr:postcode": "89119",
        "addr:state": "NV",
        "addr:street": "South Eastern Avenue",
        "amenity": "fast_food",
        "brand": "Carl's Jr.",
        "brand:wikidata": "Q1043486",
        "building": "yes",
        "cuisine": "burger",
        "name": "Carl's Jr.",
        "phone": "+1 702-736-3994",
        "ref": "1101701",
        "takeaway": "yes",
        "website": "https://locations.carlsjr.com/nv/las-vegas/5795-s-eastern-ave",
        "@geometry": "center"
      },
      "geometry": {
        "type": "Point",
        "coordinates": [
          -115.1193784,
          36.0844301
        ]
      },
      "id": "way/441991820"
    },
    {
      "type": "Feature",
      "properties": {
        "@id": "way/442236117",
        "addr:city": "Torrance",
        "addr:housenumber": "3971",
        "addr:postcode": "90503",
        "addr:state": "CA",
        "addr:street": "Artesia Boulevard",
        "amenity": "fast_food",
        "brand": "Carl's Jr.",
        "brand:wikidata": "Q1043486",
        "building": "retail",
        "building:levels": "1",
        "building:use": "fast_food",
        "cuisine": "burger",
        "drive_through": "yes",
        "ele": "30.8",
        "height": "7.9",
        "indoor_seating": "yes",
        "lacounty:ain": "4088001008",
        "lacounty:bld_id": "457403776362",
        "name": "Carl's Jr.",
        "outdoor_seating": "yes",
        "panoramax": "356f35ac-ed8f-4e6c-984e-8e4446dae1e8",
        "phone": "+1 310-214-9288",
        "ref": "1100431",
        "start_date": "2003",
        "takeaway": "yes",
        "toilets": "yes",
        "toilets:access": "customers",
        "toilets:fee": "no",
        "toilets:handwashing": "yes",
        "toilets:paper_supplied": "yes",
        "toilets:position": "seated;urinal",
        "toilets:wheelchair": "yes",
        "website": "https://locations.carlsjr.com/ca/torrance/3971-artesia-blvd",
        "wheelchair": "yes",
        "@geometry": "center"
      },
      "geometry": {
        "type": "Point",
        "coordinates": [
          -118.3434782,
          33.8730947
        ]
      },
      "id": "way/442236117"
    },
    {
      "type": "Feature",
      "properties": {
        "@id": "way/442276710",
        "addr:city": "Redondo Beach",
        "addr:housenumber": "2100",
        "addr:postcode": "90278",
        "addr:state": "CA",
        "addr:street": "Artesia Boulevard",
        "amenity": "fast_food",
        "brand": "Carl's Jr.",
        "brand:wikidata": "Q1043486",
        "building": "retail",
        "building:levels": "1",
        "building:units": "1",
        "building:use": "fast_food",
        "cuisine": "burger",
        "drive_through": "yes",
        "ele": "40.3",
        "height": "3.3",
        "indoor_seating": "yes",
        "kids_area": "no",
        "lacounty:ain": "4156001034",
        "lacounty:bld_id": "448016776200",
        "name": "Carl's Jr.",
        "outdoor_seating": "no",
        "panoramax": "d6ef2130-90c8-429c-9cf2-773a087e4c9e",
        "panoramax:0": "46e25cbb-7910-48e5-b935-ddd5a61fea2c",
        "panoramax:1": "651d24e6-2100-4a5a-abb0-01ac6052f7bc",
        "phone": "+1 310-374-8022",
        "ref": "1100210",
        "roof:levels": "0",
        "start_date": "1977",
        "takeaway": "yes",
        "toilets": "yes",
        "toilets:fee": "no",
        "toilets:handwashing": "yes",
        "toilets:paper_supplied": "yes",
        "toilets:position": "seated;urinal",
        "toilets:wheelchair": "yes",
        "website": "https://locations.carlsjr.com/ca/redondo-beach/2100-artesia-blvd",
        "wheelchair": "yes",
        "@geometry": "center"
      },
      "geometry": {
        "type": "Point",
        "coordinates": [
          -118.3744455,
          33.8725681
        ]
      },
      "id": "way/442276710"
    },
    {
      "type": "Feature",
      "properties": {
        "@id": "way/442316434",
        "addr:city": "Hawthorne",
        "addr:housenumber": "14208",
        "addr:postcode": "90250",
        "addr:state": "CA",
        "addr:street": "Hawthorne Boulevard",
        "amenity": "fast_food",
        "brand": "Carl's Jr.",
        "brand:wikidata": "Q1043486",
        "building": "yes",
        "cuisine": "burger",
        "drive_through": "yes",
        "ele": "24.0",
        "height": "3.6",
        "lacounty:ain": "4077004041",
        "lacounty:bld_id": "454860787131",
        "name": "Carl's Jr.",
        "phone": "+1 310-675-2129",
        "ref": "1100144",
        "start_date": "1976",
        "takeaway": "yes",
        "website": "https://locations.carlsjr.com/ca/hawthorne/14208-hawthorne-blvd",
        "@geometry": "center"
      },
      "geometry": {
        "type": "Point",
        "coordinates": [
          -118.3519952,
          33.9026599
        ]
      },
      "id": "way/442316434"
    },
    {
      "type": "Feature",
      "properties": {
        "@id": "way/443137045",
        "addr:city": "Whittier",
        "addr:housenumber": "15360",
        "addr:postcode": "90603",
        "addr:state": "CA",
        "addr:street": "Whittier Boulevard",
        "amenity": "fast_food",
        "brand": "Carl's Jr.",
        "brand:wikidata": "Q1043486",
        "building": "retail",
        "cuisine": "burger",
        "drive_through": "yes",
        "ele": "85.6",
        "height": "9.3",
        "lacounty:ain": "8230028045",
        "lacounty:bld_id": "561990802752",
        "name": "Carl's Jr.",
        "phone": "+1 562-902-1974",
        "ref": "1100669",
        "start_date": "1996",
        "takeaway": "yes",
        "website": "https://locations.carlsjr.com/ca/whittier/15360-whittier-blvd",
        "@geometry": "center"
      },
      "geometry": {
        "type": "Point",
        "coordinates": [
          -117.9989025,
          33.9460407
        ]
      },
      "id": "way/443137045"
    },
    {
      "type": "Feature",
      "properties": {
        "@id": "way/443235973",
        "addr:city": "San Dimas",
        "addr:housenumber": "698",
        "addr:postcode": "91773",
        "addr:state": "CA",
        "addr:street": "West Arrow Highway",
        "amenity": "fast_food",
        "brand": "Carl's Jr.",
        "brand:wikidata": "Q1043486",
        "building": "commercial",
        "cuisine": "burger",
        "drive_through": "yes",
        "ele": "279.1",
        "height": "5.3",
        "lacounty:ain": "8386007081",
        "lacounty:bld_id": "616313860806",
        "name": "Carl's Jr.",
        "phone": "+1 909-592-7265",
        "ref": "1100234",
        "start_date": "1984",
        "takeaway": "yes",
        "website": "https://locations.carlsjr.com/ca/san-dimas/698-w-arrow-hwy",
        "@geometry": "center"
      },
      "geometry": {
        "type": "Point",
        "coordinates": [
          -117.8194921,
          34.1054506
        ]
      },
      "id": "way/443235973"
    },
    {
      "type": "Feature",
      "properties": {
        "@id": "way/443435519",
        "addr:city": "Inglewood",
        "addr:housenumber": "3300",
        "addr:postcode": "90303",
        "addr:state": "CA",
        "addr:street": "West Century Boulevard",
        "amenity": "fast_food",
        "brand": "Carl's Jr.",
        "brand:wikidata": "Q1043486",
        "building": "yes",
        "building:use": "fast_food",
        "cuisine": "burger",
        "drive_through": "yes",
        "ele": "51.0",
        "height": "7.2",
        "lacounty:ain": "4030002054",
        "lacounty:bld_id": "461942802584",
        "name": "Carl's Jr.",
        "opening_hours": "24/7",
        "phone": "+1 310-672-2742",
        "ref": "1100532",
        "start_date": "2006",
        "takeaway": "yes",
        "website": "https://locations.carlsjr.com/ca/inglewood/3300-w-century-blvd",
        "@geometry": "center"
      },
      "geometry": {
        "type": "Point",
        "coordinates": [
          -118.3287643,
          33.9451388
        ]
      },
      "id": "way/443435519"
    },
    {
      "type": "Feature",
      "properties": {
        "@id": "way/444342304",
        "addr:city": "Loveland",
        "addr:housenumber": "4140",
        "addr:postcode": "80538-9306",
        "addr:state": "CO",
        "addr:street": "Clydesdale Parkway",
        "amenity": "fast_food",
        "brand": "Carl's Jr.",
        "brand:wikidata": "Q1043486",
        "building": "yes",
        "cuisine": "burger",
        "name": "Carl's Jr.",
        "phone": "+1 970-663-5306",
        "ref": "1101686",
        "takeaway": "yes",
        "website": "https://locations.carlsjr.com/co/loveland/4140-clydesdale-pkwy",
        "@geometry": "center"
      },
      "geometry": {
        "type": "Point",
        "coordinates": [
          -104.9873557,
          40.4347499
        ]
      },
      "id": "way/444342304"
    },
    {
      "type": "Feature",
      "properties": {
        "@id": "way/446315546",
        "addr:city": "Sulphur",
        "addr:housenumber": "2104",
        "addr:postcode": "73086",
        "addr:state": "OK",
        "addr:street": "West Broadway Avenue",
        "amenity": "fast_food",
        "brand": "Carl's Jr.",
        "brand:wikidata": "Q1043486",
        "building": "yes",
        "cuisine": "burger",
        "name": "Carl's Jr.",
        "opening_hours": "Mo-Su 06:00-22:00",
        "phone": "+1 580-622-3525",
        "ref": "1101665",
        "takeaway": "yes",
        "website": "https://locations.carlsjr.com/ok/sulphur/2104-w-broadway-ave",
        "@geometry": "center"
      },
      "geometry": {
        "type": "Point",
        "coordinates": [
          -96.9939222,
          34.5067894
        ]
      },
      "id": "way/446315546"
    },
    {
      "type": "Feature",
      "properties": {
        "@id": "way/448976512",
        "addr:city": "Thornton",
        "addr:housenumber": "4211",
        "addr:postcode": "80233",
        "addr:state": "CO",
        "addr:street": "East 104th Avenue",
        "amenity": "fast_food",
        "brand": "Carl's Jr.",
        "brand:wikidata": "Q1043486",
        "building": "yes",
        "cuisine": "burger",
        "drive_through": "yes",
        "name": "Carl's Jr.",
        "phone": "+1 303-255-2062",
        "ref": "1101606",
        "takeaway": "yes",
        "website": "https://locations.carlsjr.com/co/thornton/4211-e-104th-ave",
        "@geometry": "center"
      },
      "geometry": {
        "type": "Point",
        "coordinates": [
          -104.9388211,
          39.8854714
        ]
      },
      "id": "way/448976512"
    },
    {
      "type": "Feature",
      "properties": {
        "@id": "way/449495181",
        "addr:city": "Montclair",
        "addr:housenumber": "8972",
        "addr:postcode": "91763",
        "addr:state": "CA",
        "addr:street": "Central Avenue",
        "amenity": "fast_food",
        "brand": "Carl's Jr.",
        "brand:wikidata": "Q1043486",
        "building": "yes",
        "cuisine": "burger",
        "drive_through": "yes",
        "name": "Carl's Jr.",
        "phone": "+1 909-482-0592",
        "ref": "1100137",
        "takeaway": "yes",
        "website": "https://locations.carlsjr.com/ca/montclair/8972-central-ave.",
        "@geometry": "center"
      },
      "geometry": {
        "type": "Point",
        "coordinates": [
          -117.6900524,
          34.0913835
        ]
      },
      "id": "way/449495181"
    },
    {
      "type": "Feature",
      "properties": {
        "@id": "way/449634011",
        "addr:city": "Ontario",
        "addr:housenumber": "1447",
        "addr:postcode": "91762",
        "addr:state": "CA",
        "addr:street": "North Mountain Avenue",
        "amenity": "fast_food",
        "brand": "Carl's Jr.",
        "brand:wikidata": "Q1043486",
        "building": "yes",
        "cuisine": "burger",
        "drive_through": "yes",
        "name": "Carl's Jr.",
        "phone": "+1 909-983-3818",
        "ref": "1100101",
        "takeaway": "yes",
        "website": "https://locations.carlsjr.com/ca/ontario/1445-n-mountain-ave",
        "@geometry": "center"
      },
      "geometry": {
        "type": "Point",
        "coordinates": [
          -117.6706818,
          34.0844848
        ]
      },
      "id": "way/449634011"
    },
    {
      "type": "Feature",
      "properties": {
        "@id": "way/449905521",
        "addr:city": "Downey",
        "addr:housenumber": "7200",
        "addr:postcode": "90241",
        "addr:state": "CA",
        "addr:street": "Firestone Boulevard",
        "amenity": "fast_food",
        "brand": "Carl's Jr.",
        "brand:wikidata": "Q1043486",
        "building": "restaurant",
        "cuisine": "burger",
        "drive_through": "yes",
        "ele": "40.7",
        "height": "6.2",
        "lacounty:ain": "6231004013",
        "lacounty:bld_id": "514880803272",
        "name": "Carl's Jr.",
        "opening_hours": "Mo-Sa 06:00-24:00; Su 07:00-24:00",
        "phone": "+1 562-927-0129",
        "ref": "1100018",
        "start_date": "2000",
        "takeaway": "yes",
        "website": "https://locations.carlsjr.com/ca/downey/7200-firestone-blvd",
        "@geometry": "center"
      },
      "geometry": {
        "type": "Point",
        "coordinates": [
          -118.1543326,
          33.9472872
        ]
      },
      "id": "way/449905521"
    },
    {
      "type": "Feature",
      "properties": {
        "@id": "way/449987091",
        "addr:city": "Bellflower",
        "addr:housenumber": "10148",
        "addr:postcode": "90706",
        "addr:state": "CA",
        "addr:street": "Rosecrans Avenue",
        "amenity": "fast_food",
        "brand": "Carl's Jr.",
        "brand:wikidata": "Q1043486",
        "building": "yes",
        "cuisine": "burger",
        "drive_through": "yes",
        "ele": "35.4",
        "height": "8.4",
        "lacounty:ain": "6274014023",
        "lacounty:bld_id": "526132786636",
        "name": "Carl's Jr.",
        "phone": "+1 562-461-2906",
        "ref": "1100329",
        "start_date": "1999",
        "takeaway": "yes",
        "website": "https://locations.carlsjr.com/ca/bellflower/10148-rosecrans-ave",
        "@geometry": "center"
      },
      "geometry": {
        "type": "Point",
        "coordinates": [
          -118.1171285,
          33.9017656
        ]
      },
      "id": "way/449987091"
    },
    {
      "type": "Feature",
      "properties": {
        "@id": "way/450489010",
        "addr:city": "La Mirada",
        "addr:housenumber": "15226",
        "addr:postcode": "90638",
        "addr:state": "CA",
        "addr:street": "East Rosecrans",
        "amenity": "fast_food",
        "brand": "Carl's Jr.",
        "brand:wikidata": "Q1043486",
        "building": "yes",
        "cuisine": "burger",
        "drive_through": "yes",
        "ele": "49.4",
        "height": "4.3",
        "lacounty:ain": "8064048002",
        "lacounty:bld_id": "559781785366",
        "name": "Carl's Jr.",
        "phone": "+1 714-523-3373",
        "ref": "1100024",
        "start_date": "1960",
        "takeaway": "yes",
        "website": "https://locations.carlsjr.com/ca/la-mirada/15226-e-rosecrans",
        "@geometry": "center"
      },
      "geometry": {
        "type": "Point",
        "coordinates": [
          -118.0062127,
          33.8982842
        ]
      },
      "id": "way/450489010"
    },
    {
      "type": "Feature",
      "properties": {
        "@id": "way/451385395",
        "addr:city": "Downey",
        "addr:housenumber": "9110",
        "addr:postcode": "90242",
        "addr:state": "CA",
        "addr:street": "Imperial Highway",
        "amenity": "fast_food",
        "brand": "Carl's Jr.",
        "brand:wikidata": "Q1043486",
        "building": "yes",
        "building:units": "1",
        "cuisine": "burger",
        "drive_through": "yes",
        "ele": "32.8",
        "height": "3.5",
        "lacounty:ain": "6256014005",
        "lacounty:bld_id": "521114792115",
        "name": "Carl's Jr.",
        "phone": "+1 562-923-7446",
        "ref": "1100191",
        "start_date": "1977",
        "takeaway": "yes",
        "website": "https://locations.carlsjr.com/ca/downey/9110-imperial-highway",
        "@geometry": "center"
      },
      "geometry": {
        "type": "Point",
        "coordinates": [
          -118.1336681,
          33.9167983
        ]
      },
      "id": "way/451385395"
    },
    {
      "type": "Feature",
      "properties": {
        "@id": "way/451429275",
        "addr:city": "Bell",
        "addr:housenumber": "4966",
        "addr:postcode": "90201",
        "addr:state": "CA",
        "addr:street": "Florence Avenue",
        "amenity": "fast_food",
        "brand": "Carl's Jr.",
        "brand:wikidata": "Q1043486",
        "building": "retail",
        "cuisine": "burger",
        "drive_through": "yes",
        "ele": "42.6",
        "height": "3.3",
        "lacounty:ain": "6226003402",
        "lacounty:bld_id": "507631811094",
        "name": "Carl's Jr.",
        "phone": "+1 323-771-1097",
        "ref": "1100007",
        "takeaway": "yes",
        "website": "https://locations.carlsjr.com/ca/bell/4966-florence-ave",
        "@geometry": "center"
      },
      "geometry": {
        "type": "Point",
        "coordinates": [
          -118.1782228,
          33.9689401
        ]
      },
      "id": "way/451429275"
    },
    {
      "type": "Feature",
      "properties": {
        "@id": "way/451455100",
        "addr:city": "Paramount",
        "addr:housenumber": "16229",
        "addr:postcode": "90723",
        "addr:state": "CA",
        "addr:street": "Paramount Boulevard",
        "amenity": "fast_food",
        "brand": "Carl's Jr.",
        "brand:wikidata": "Q1043486",
        "building": "commercial",
        "building:units": "1",
        "building:use": "fast_food",
        "cuisine": "burger",
        "drive_through": "yes",
        "ele": "25.4",
        "height": "3.9",
        "lacounty:ain": "7103009042",
        "lacounty:bld_id": "512953781310",
        "name": "Carl's Jr.",
        "phone": "+1 562-531-8662",
        "ref": "1100466",
        "start_date": "1986",
        "takeaway": "yes",
        "website": "https://locations.carlsjr.com/ca/paramount/16229-paramount-blvd",
        "@geometry": "center"
      },
      "geometry": {
        "type": "Point",
        "coordinates": [
          -118.1605189,
          33.8870362
        ]
      },
      "id": "way/451455100"
    },
    {
      "type": "Feature",
      "properties": {
        "@id": "way/452111727",
        "addr:city": "Peoria",
        "addr:housenumber": "12110",
        "addr:postcode": "85345",
        "addr:state": "AZ",
        "addr:street": "North 75th Avenue",
        "air_conditioning": "yes",
        "amenity": "fast_food",
        "brand": "Carl's Jr.",
        "brand:wikidata": "Q1043486",
        "building": "yes",
        "cuisine": "burger",
        "drive_through": "yes",
        "name": "Carl's Jr.",
        "phone": "+1 623-412-1053",
        "ref": "1101411",
        "source": "esri_USDOT_Arizona",
        "takeaway": "yes",
        "website": "https://locations.carlsjr.com/az/peoria/12110-n-75th-ave",
        "@geometry": "center"
      },
      "geometry": {
        "type": "Point",
        "coordinates": [
          -112.2206837,
          33.595026
        ]
      },
      "id": "way/452111727"
    },
    {
      "type": "Feature",
      "properties": {
        "@id": "way/454961423",
        "addr:city": "Paramount",
        "addr:housenumber": "14555",
        "addr:postcode": "90723",
        "addr:state": "CA",
        "addr:street": "Lakewood Boulevard",
        "amenity": "fast_food",
        "brand": "Carl's Jr.",
        "brand:wikidata": "Q1043486",
        "building": "yes",
        "cuisine": "burger",
        "drive_through": "yes",
        "ele": "37.6",
        "height": "10.4",
        "lacounty:ain": "6268003032",
        "lacounty:bld_id": "518187786436",
        "name": "Carl's Jr.",
        "phone": "+1 562-408-2299",
        "ref": "1100340",
        "start_date": "1999",
        "takeaway": "yes",
        "website": "https://locations.carlsjr.com/ca/paramount/14555-lakewood-blvd",
        "@geometry": "center"
      },
      "geometry": {
        "type": "Point",
        "coordinates": [
          -118.1432241,
          33.9010761
        ]
      },
      "id": "way/454961423"
    },
    {
      "type": "Feature",
      "properties": {
        "@id": "way/455161448",
        "addr:city": "Loveland",
        "addr:housenumber": "1340",
        "addr:postcode": "80537-4727",
        "addr:state": "CO",
        "addr:street": "North Cleveland Avenue",
        "brand:wikidata": "Q1043486",
        "building": "yes",
        "disused:amenity": "fast_food",
        "name": "Carl's Jr.",
        "@geometry": "center"
      },
      "geometry": {
        "type": "Point",
        "coordinates": [
          -105.0740014,
          40.4069522
        ]
      },
      "id": "way/455161448"
    },
    {
      "type": "Feature",
      "properties": {
        "@id": "way/455750762",
        "addr:city": "Huntington Park",
        "addr:housenumber": "2401",
        "addr:postcode": "90255",
        "addr:state": "CA",
        "addr:street": "East Florence Avenue",
        "amenity": "fast_food",
        "brand": "Carl's Jr.",
        "brand:wikidata": "Q1043486",
        "building": "yes",
        "building:units": "1",
        "cuisine": "burger",
        "drive_through": "yes",
        "ele": "53.4",
        "height": "4.7",
        "lacounty:ain": "6321032042",
        "lacounty:bld_id": "491958813358",
        "name": "Carl's Jr.",
        "phone": "+1 323-588-4718",
        "ref": "1100558",
        "start_date": "1989",
        "takeaway": "yes",
        "website": "https://locations.carlsjr.com/ca/huntington-park/2401-e-florence-avenue",
        "@geometry": "center"
      },
      "geometry": {
        "type": "Point",
        "coordinates": [
          -118.2299771,
          33.9750542
        ]
      },
      "id": "way/455750762"
    },
    {
      "type": "Feature",
      "properties": {
        "@id": "way/455822026",
        "addr:city": "Compton",
        "addr:housenumber": "1931",
        "addr:postcode": "90220",
        "addr:state": "CA",
        "addr:street": "West Artesia Boulevard",
        "amenity": "fast_food",
        "brand": "Carl's Jr.",
        "brand:wikidata": "Q1043486",
        "building": "commercial",
        "building:units": "1",
        "building:use": "fast_food",
        "cuisine": "burger",
        "drive_through": "yes",
        "ele": "43.2",
        "height": "3.8",
        "lacounty:ain": "7319024019",
        "lacounty:bld_id": "486265776725",
        "name": "Carl's Jr.",
        "phone": "+1 310-632-5103",
        "ref": "1100370",
        "start_date": "1997",
        "takeaway": "yes",
        "website": "https://locations.carlsjr.com/ca/compton/1931-w-artesia-blvd",
        "@geometry": "center"
      },
      "geometry": {
        "type": "Point",
        "coordinates": [
          -118.2483854,
          33.8743006
        ]
      },
      "id": "way/455822026"
    },
    {
      "type": "Feature",
      "properties": {
        "@id": "way/458149564",
        "amenity": "fast_food",
        "brand": "Carl's Jr.",
        "brand:wikidata": "Q1043486",
        "building": "yes",
        "check_date": "2016-12-06",
        "cuisine": "burger",
        "drive_through": "yes",
        "name": "Carl's Jr.",
        "takeaway": "yes",
        "@geometry": "center"
      },
      "geometry": {
        "type": "Point",
        "coordinates": [
          -116.0455008,
          34.2139316
        ]
      },
      "id": "way/458149564"
    },
    {
      "type": "Feature",
      "properties": {
        "@id": "way/458321277",
        "addr:city": "Clearlake",
        "addr:housenumber": "15895",
        "addr:postcode": "95422",
        "addr:state": "CA",
        "addr:street": "Dam Road",
        "amenity": "fast_food",
        "brand": "Carl's Jr.",
        "brand:wikidata": "Q1043486",
        "building": "yes",
        "cuisine": "burger",
        "drive_through": "yes",
        "name": "Carl's Jr.",
        "opening_hours": "Mo-Su 06:00-00:00",
        "phone": "+1 707-995-1809",
        "ref": "1101747",
        "takeaway": "yes",
        "website": "https://locations.carlsjr.com/ca/clearlake/15895-dam-road-ext",
        "@geometry": "center"
      },
      "geometry": {
        "type": "Point",
        "coordinates": [
          -122.6186787,
          38.9306324
        ]
      },
      "id": "way/458321277"
    },
    {
      "type": "Feature",
      "properties": {
        "@id": "way/458927043",
        "addr:city": "Sacramento",
        "addr:housenumber": "5501",
        "addr:postcode": "95822",
        "addr:state": "CA",
        "addr:street": "Freeport Boulevard",
        "amenity": "fast_food",
        "brand": "Carl's Jr.",
        "brand:wikidata": "Q1043486",
        "building": "yes",
        "cuisine": "burger",
        "drive_through": "yes",
        "name": "Carl's Jr.",
        "phone": "+1 916-452-8976",
        "ref": "1100264",
        "takeaway": "yes",
        "website": "https://locations.carlsjr.com/ca/sacramento/5501-freeport-ave",
        "@geometry": "center"
      },
      "geometry": {
        "type": "Point",
        "coordinates": [
          -121.4964935,
          38.5255117
        ]
      },
      "id": "way/458927043"
    },
    {
      "type": "Feature",
      "properties": {
        "@id": "way/459271678",
        "addr:city": "San Juan Capistrano",
        "addr:housenumber": "28722",
        "addr:postcode": "92675",
        "addr:state": "CA",
        "addr:street": "Camino Capistrano",
        "amenity": "fast_food",
        "brand": "Carl's Jr.",
        "brand:wikidata": "Q1043486",
        "building": "commercial",
        "check_date": "2019-06-17",
        "cuisine": "burger",
        "drive_through": "yes",
        "height": "5.16",
        "name": "Carl's Jr.",
        "takeaway": "yes",
        "@geometry": "center"
      },
      "geometry": {
        "type": "Point",
        "coordinates": [
          -117.6738529,
          33.5463322
        ]
      },
      "id": "way/459271678"
    },
    {
      "type": "Feature",
      "properties": {
        "@id": "way/459286242",
        "addr:city": "Spokane",
        "addr:housenumber": "1230",
        "addr:postcode": "99202",
        "addr:state": "WA",
        "addr:street": "North Division Street",
        "amenity": "fast_food",
        "brand": "Carl's Jr.",
        "brand:wikidata": "Q1043486",
        "building": "retail",
        "building:levels": "1",
        "cuisine": "burger",
        "name": "Carl's Jr.",
        "phone": "+1-509-328-0889",
        "ref": "1102578",
        "takeaway": "yes",
        "website": "https://locations.carlsjr.com/wa/spokane/1230-n-division-st",
        "wheelchair": "yes",
        "@geometry": "center"
      },
      "geometry": {
        "type": "Point",
        "coordinates": [
          -117.4107797,
          47.6691893
        ]
      },
      "id": "way/459286242"
    },
    {
      "type": "Feature",
      "properties": {
        "@id": "way/460849803",
        "addr:city": "Apple Valley",
        "addr:housenumber": "12271",
        "addr:postcode": "92308",
        "addr:state": "CA",
        "addr:street": "Apple Valley Road",
        "amenity": "fast_food",
        "brand": "Carl's Jr.",
        "brand:wikidata": "Q1043486",
        "building": "yes",
        "cuisine": "burger",
        "name": "Carl's Jr.",
        "phone": "+1 760-240-4169",
        "ref": "1100165",
        "takeaway": "yes",
        "website": "https://locations.carlsjr.com/ca/apple-valley/12271-apple-valley-rd",
        "@geometry": "center"
      },
      "geometry": {
        "type": "Point",
        "coordinates": [
          -117.2417638,
          34.4746065
        ]
      },
      "id": "way/460849803"
    },
    {
      "type": "Feature",
      "properties": {
        "@id": "way/461868311",
        "amenity": "fast_food",
        "brand": "Carl's Jr.",
        "brand:wikidata": "Q1043486",
        "building": "retail",
        "cuisine": "burger",
        "drive_through": "yes",
        "ele": "275.4",
        "height": "3.1",
        "lacounty:ain": "2051006004",
        "lacounty:bld_id": "332597879695",
        "name": "Carl's Jr.",
        "start_date": "1979",
        "takeaway": "yes",
        "@geometry": "center"
      },
      "geometry": {
        "type": "Point",
        "coordinates": [
          -118.7571499,
          34.1551009
        ]
      },
      "id": "way/461868311"
    },
    {
      "type": "Feature",
      "properties": {
        "@id": "way/462611237",
        "addr:city": "Eagle",
        "addr:housenumber": "3004",
        "addr:postcode": "83616",
        "addr:state": "ID",
        "addr:street": "East State Street",
        "amenity": "fast_food",
        "brand": "Carl's Jr.",
        "brand:wikidata": "Q1043486",
        "building": "yes",
        "cuisine": "burger",
        "internet_access": "wlan",
        "internet_access:fee": "no",
        "name": "Carl's Jr.",
        "opening_hours": "Mo-Sa 06:00-21:00; Su 07:00-22:00",
        "outdoor_seating": "yes",
        "phone": "+1 208-939-8916",
        "ref": "1101580",
        "takeaway": "yes",
        "website": "https://locations.carlsjr.com/id/eagle/3004-e-state-st",
        "@geometry": "center"
      },
      "geometry": {
        "type": "Point",
        "coordinates": [
          -116.3170847,
          43.6840339
        ]
      },
      "id": "way/462611237"
    },
    {
      "type": "Feature",
      "properties": {
        "@id": "way/462959582",
        "addr:city": "Riverton",
        "addr:housenumber": "1856",
        "addr:postcode": "84065",
        "addr:state": "UT",
        "addr:street": "West 12600 South",
        "amenity": "fast_food",
        "brand": "Carl's Jr.",
        "brand:wikidata": "Q1043486",
        "building": "retail",
        "cuisine": "burger",
        "delivery": "yes",
        "drive_through": "yes",
        "name": "Carl's Jr.",
        "opening_hours": "Mo 06:00-23:00; Tu-Th 06:00-22:00; Fr,Sa 06:00-23:00; Su 07:00-22:00",
        "phone": "+1 801-302-1172",
        "ref": "1100131",
        "source": "Bing;https://locations.carlsjr.com/ut/riverton/1856-w-12600-s",
        "takeaway": "yes",
        "website": "https://locations.carlsjr.com/ut/riverton/1856-w-12600-s",
        "@geometry": "center"
      },
      "geometry": {
        "type": "Point",
        "coordinates": [
          -111.941433,
          40.5227446
        ]
      },
      "id": "way/462959582"
    },
    {
      "type": "Feature",
      "properties": {
        "@id": "way/463914694",
        "amenity": "fast_food",
        "brand": "Carl's Jr.",
        "brand:wikidata": "Q1043486",
        "building": "yes",
        "check_date": "2019-03-30",
        "cuisine": "burger",
        "drive_through": "yes",
        "name": "Carl's Jr.",
        "takeaway": "yes",
        "@geometry": "center"
      },
      "geometry": {
        "type": "Point",
        "coordinates": [
          -122.2782292,
          38.2812605
        ]
      },
      "id": "way/463914694"
    },
    {
      "type": "Feature",
      "properties": {
        "@id": "way/465430367",
        "addr:city": "Sandy",
        "addr:country": "US",
        "addr:housenumber": "10475",
        "addr:postcode": "84070",
        "addr:state": "UT",
        "addr:street": "State Street",
        "addr:unit": "S",
        "amenity": "fast_food",
        "brand": "Carl's Jr.",
        "brand:wikidata": "Q1043486",
        "building": "retail",
        "cuisine": "burger",
        "delivery": "yes",
        "drive_through": "yes",
        "name": "Carl's Jr.",
        "opening_hours": "Mo-Su 08:00-23:00",
        "phone": "+1 801-495-3929",
        "ref": "1100207",
        "source": "https://locations.carlsjr.com/ut/sandy/10475-s-state-st",
        "takeaway": "yes",
        "website": "https://locations.carlsjr.com/ut/sandy/10475-s-state-st",
        "@geometry": "center"
      },
      "geometry": {
        "type": "Point",
        "coordinates": [
          -111.8902062,
          40.5613884
        ]
      },
      "id": "way/465430367"
    },
    {
      "type": "Feature",
      "properties": {
        "@id": "way/466464058",
        "addr:city": "Pueblo West",
        "addr:housenumber": "72",
        "addr:postcode": "81007",
        "addr:state": "CO",
        "addr:street": "North McCulloch Boulevard",
        "amenity": "fast_food",
        "brand": "Carl's Jr.",
        "brand:wikidata": "Q1043486",
        "building": "yes",
        "cuisine": "burger",
        "drive_through": "yes",
        "internet_access": "wlan",
        "name": "Carl's Jr.",
        "phone": "+1 719-547-9991",
        "ref": "1101622",
        "takeaway": "yes",
        "website": "https://locations.carlsjr.com/co/pueblo-west/72-n-mcculloch-blvd",
        "@geometry": "center"
      },
      "geometry": {
        "type": "Point",
        "coordinates": [
          -104.7417485,
          38.3385222
        ]
      },
      "id": "way/466464058"
    },
    {
      "type": "Feature",
      "properties": {
        "@id": "way/466822196",
        "addr:city": "Napa",
        "addr:housenumber": "1631",
        "addr:postcode": "94559",
        "addr:state": "CA",
        "addr:street": "Imola Avenue",
        "amenity": "fast_food",
        "brand": "Carl's Jr.",
        "brand:wikidata": "Q1043486",
        "building": "yes",
        "cuisine": "burger",
        "name": "Carl's Jr.",
        "phone": "+1 707-224-4750",
        "ref": "1100783",
        "takeaway": "yes",
        "website": "https://locations.carlsjr.com/ca/napa/1631-imola-ave",
        "@geometry": "center"
      },
      "geometry": {
        "type": "Point",
        "coordinates": [
          -122.292244,
          38.2814881
        ]
      },
      "id": "way/466822196"
    },
    {
      "type": "Feature",
      "properties": {
        "@id": "way/469367381",
        "addr:city": "Canby",
        "addr:housenumber": "1463",
        "addr:postcode": "97013",
        "addr:state": "OR",
        "addr:street": "Southeast 1st Avenue",
        "amenity": "fast_food",
        "brand": "Carl's Jr.",
        "brand:wikidata": "Q1043486",
        "building": "yes",
        "cuisine": "burger",
        "drive_through": "yes",
        "name": "Carl's Jr.",
        "opening_hours": "Mo-Sa 06:00-23:00; Su 07:00-22:00",
        "phone": "+1 503-263-2275",
        "ref": "1101571",
        "takeaway": "yes",
        "website": "https://locations.carlsjr.com/or/canby/1463-se-1st",
        "@geometry": "center"
      },
      "geometry": {
        "type": "Point",
        "coordinates": [
          -122.6761341,
          45.2684852
        ]
      },
      "id": "way/469367381"
    },
    {
      "type": "Feature",
      "properties": {
        "@id": "way/469575678",
        "addr:city": "Montrose",
        "addr:housenumber": "2030",
        "addr:postcode": "91020",
        "addr:state": "CA",
        "addr:street": "Montrose Avenue",
        "amenity": "fast_food",
        "brand": "Carl's Jr.",
        "brand:wikidata": "Q1043486",
        "building": "commercial",
        "building:units": "1",
        "cuisine": "burger",
        "drive_through": "yes",
        "ele": "382.6",
        "height": "4.0",
        "lacounty:ain": "5807010010",
        "lacounty:bld_id": "493564897352",
        "name": "Carl's Jr.",
        "phone": "+1 818-236-3804",
        "ref": "1100439",
        "start_date": "1998",
        "takeaway": "yes",
        "website": "https://locations.carlsjr.com/ca/montrose/2030-montrose-avenue",
        "@geometry": "center"
      },
      "geometry": {
        "type": "Point",
        "coordinates": [
          -118.2253308,
          34.2057659
        ]
      },
      "id": "way/469575678"
    },
    {
      "type": "Feature",
      "properties": {
        "@id": "way/469765928",
        "addr:city": "Alta Loma",
        "addr:housenumber": "9756",
        "addr:postcode": "91737",
        "addr:state": "CA",
        "addr:street": "19th Street",
        "amenity": "fast_food",
        "brand": "Carl's Jr.",
        "brand:wikidata": "Q1043486",
        "building": "yes",
        "cuisine": "burger",
        "delivery": "no",
        "drive_through": "yes",
        "name": "Carl's Jr./Green Burrito",
        "outdoor_seating": "no",
        "phone": "+1 909-987-6186",
        "ref": "1100236",
        "takeaway": "yes",
        "website": "https://locations.carlsjr.com/ca/alta-loma/9756-19th-st",
        "@geometry": "center"
      },
      "geometry": {
        "type": "Point",
        "coordinates": [
          -117.592257,
          34.1331701
        ]
      },
      "id": "way/469765928"
    },
    {
      "type": "Feature",
      "properties": {
        "@id": "way/470020204",
        "addr:city": "Meridian",
        "addr:housenumber": "1320",
        "addr:postcode": "83642",
        "addr:state": "ID",
        "addr:street": "North Eagle Road",
        "amenity": "fast_food",
        "brand": "Carl's Jr.",
        "brand:wikidata": "Q1043486",
        "building": "retail",
        "cuisine": "burger",
        "name": "Carl's Jr.",
        "phone": "+1 208-855-2370",
        "ref": "1101407",
        "takeaway": "yes",
        "website": "https://locations.carlsjr.com/id/meridian/1320-n-eagle-rd",
        "@geometry": "center"
      },
      "geometry": {
        "type": "Point",
        "coordinates": [
          -116.3539171,
          43.6169565
        ]
      },
      "id": "way/470020204"
    },
    {
      "type": "Feature",
      "properties": {
        "@id": "way/470283626",
        "addr:city": "Pomona",
        "addr:housenumber": "140",
        "addr:postcode": "91767",
        "addr:state": "CA",
        "addr:street": "East Foothill Boulevard",
        "amenity": "fast_food",
        "brand": "Carl's Jr.",
        "brand:wikidata": "Q1043486",
        "building": "retail",
        "building:units": "1",
        "cuisine": "burger",
        "drive_through": "yes",
        "ele": "359.6",
        "height": "4.4",
        "lacounty:ain": "8367001088",
        "lacounty:bld_id": "638015861483",
        "name": "Carl's Jr.",
        "phone": "+1 909-392-7343",
        "ref": "1100387",
        "start_date": "1998",
        "takeaway": "yes",
        "website": "https://locations.carlsjr.com/ca/pomona/140-e-foothill-blvd",
        "@geometry": "center"
      },
      "geometry": {
        "type": "Point",
        "coordinates": [
          -117.7477835,
          34.1071709
        ]
      },
      "id": "way/470283626"
    },
    {
      "type": "Feature",
      "properties": {
        "@id": "way/470331050",
        "addr:city": "Pomona",
        "addr:housenumber": "801",
        "addr:postcode": "91766",
        "addr:state": "CA",
        "addr:street": "Rio Rancho Road",
        "amenity": "fast_food",
        "brand": "Carl's Jr.",
        "brand:wikidata": "Q1043486",
        "building": "yes",
        "cuisine": "burger",
        "drive_through": "yes",
        "ele": "250.5",
        "height": "5.0",
        "lacounty:ain": "8344024006",
        "lacounty:bld_id": "634796834556",
        "name": "Carl's Jr.",
        "phone": "+1 909-629-6075",
        "ref": "1100472",
        "takeaway": "yes",
        "website": "https://locations.carlsjr.com/ca/pomona/801-rio-rancho-rd",
        "@geometry": "center"
      },
      "geometry": {
        "type": "Point",
        "coordinates": [
          -117.7570832,
          34.0331399
        ]
      },
      "id": "way/470331050"
    },
    {
      "type": "Feature",
      "properties": {
        "@id": "way/470399569",
        "addr:city": "Oakland",
        "addr:housenumber": "10770",
        "addr:postcode": "94605",
        "addr:state": "CA",
        "addr:street": "Macarthur Boulevard",
        "amenity": "fast_food",
        "brand": "Carl's Jr.",
        "brand:wikidata": "Q1043486",
        "building": "yes",
        "cuisine": "burger",
        "drive_through": "yes",
        "name": "Carl's Jr.",
        "phone": "+1 510-383-8910",
        "ref": "1102575",
        "takeaway": "yes",
        "website": "https://locations.carlsjr.com/ca/oakland/10770-macarthur-blvd.",
        "@geometry": "center"
      },
      "geometry": {
        "type": "Point",
        "coordinates": [
          -122.1503651,
          37.742064
        ]
      },
      "id": "way/470399569"
    },
    {
      "type": "Feature",
      "properties": {
        "@id": "way/470569980",
        "addr:city": "West Covina",
        "addr:country": "US",
        "addr:housenumber": "2400",
        "addr:postcode": "91792",
        "addr:state": "CA",
        "addr:street": "South Azusa Avenue",
        "amenity": "fast_food",
        "brand": "Carl's Jr.",
        "brand:wikidata": "Q1043486",
        "building": "yes",
        "cuisine": "burger",
        "drive_through": "yes",
        "ele": "144.7",
        "height": "4.1",
        "lacounty:ain": "8735004006",
        "lacounty:bld_id": "587805834231",
        "name": "Carl's Jr.",
        "opening_hours": "24/7",
        "phone": "+1 626-965-4455",
        "ref": "1100102",
        "start_date": "1974",
        "takeaway": "yes",
        "website": "https://locations.carlsjr.com/ca/west-covina/2400-s-azusa",
        "@geometry": "center"
      },
      "geometry": {
        "type": "Point",
        "coordinates": [
          -117.9137772,
          34.0325376
        ]
      },
      "id": "way/470569980"
    },
    {
      "type": "Feature",
      "properties": {
        "@id": "way/470583761",
        "amenity": "fast_food",
        "brand": "Carl's Jr.",
        "brand:wikidata": "Q1043486",
        "building": "commercial",
        "building:use": "fast_food",
        "check_date": "2020-07-20",
        "cuisine": "burger",
        "drive_through": "yes",
        "ele": "150.5",
        "height": "8.6",
        "lacounty:ain": "8417035029",
        "lacounty:bld_id": "580566861216",
        "name": "Carl's Jr.",
        "start_date": "2004",
        "takeaway": "yes",
        "@geometry": "center"
      },
      "geometry": {
        "type": "Point",
        "coordinates": [
          -117.9375974,
          34.1066351
        ]
      },
      "id": "way/470583761"
    },
    {
      "type": "Feature",
      "properties": {
        "@id": "way/470636451",
        "addr:city": "West Covina",
        "addr:housenumber": "2980",
        "addr:postcode": "91791",
        "addr:state": "CA",
        "addr:street": "East Workman Avenue",
        "amenity": "fast_food",
        "brand": "Carl's Jr.",
        "brand:wikidata": "Q1043486",
        "building": "yes",
        "cuisine": "burger",
        "drive_through": "yes",
        "ele": "166.9",
        "height": "4.5",
        "lacounty:ain": "8451012037",
        "lacounty:bld_id": "597495849720",
        "name": "Carl's Jr.",
        "phone": "+1 626-331-3705",
        "ref": "1100350",
        "start_date": "1997",
        "takeaway": "yes",
        "website": "https://locations.carlsjr.com/ca/west-covina/2980-e.-workman-avenue",
        "@geometry": "center"
      },
      "geometry": {
        "type": "Point",
        "coordinates": [
          -117.8816987,
          34.0750529
        ]
      },
      "id": "way/470636451"
    },
    {
      "type": "Feature",
      "properties": {
        "@id": "node/470891322",
        "addr:city": "Los Angeles",
        "addr:housenumber": "229",
        "addr:postcode": "90014",
        "addr:state": "CA",
        "addr:street": "West 7th Street",
        "amenity": "fast_food",
        "brand": "Carl's Jr.",
        "brand:wikidata": "Q1043486",
        "cuisine": "burger",
        "drive_through": "no",
        "name": "Carl's Jr.",
        "phone": "+1 213-624-1315",
        "ref": "1103026",
        "takeaway": "yes",
        "website": "https://locations.carlsjr.com/ca/los-angeles/229-w-7th-street"
      },
      "geometry": {
        "type": "Point",
        "coordinates": [
          -118.2529713,
          34.0451294
        ]
      },
      "id": "node/470891322"
    },
    {
      "type": "Feature",
      "properties": {
        "@id": "way/471181274",
        "addr:city": "South Salt Lake",
        "addr:country": "US",
        "addr:housenumber": "293",
        "addr:postcode": "84115",
        "addr:state": "UT",
        "addr:street": "West 2100 South",
        "amenity": "fast_food",
        "brand": "Carl's Jr.",
        "brand:wikidata": "Q1043486",
        "building": "yes",
        "cuisine": "burger",
        "delivery": "no",
        "drive_through": "yes",
        "name": "Carl's Jr.",
        "opening_hours": "Mo-Th 06:00-23:00; Fr,Sa 06:00-24:00; Su 08:00-21:00",
        "operator": "Carl's Jr.",
        "outdoor_seating": "no",
        "phone": "+1 801-467-2767",
        "ref": "1100367",
        "smoking": "outside",
        "source": "website",
        "takeaway": "yes",
        "website": "https://locations.carlsjr.com/ut/south-salt-lake/293-w-2100-s",
        "wheelchair": "yes",
        "@geometry": "center"
      },
      "geometry": {
        "type": "Point",
        "coordinates": [
          -111.8993243,
          40.7250325
        ]
      },
      "id": "way/471181274"
    },
    {
      "type": "Feature",
      "properties": {
        "@id": "node/471299649",
        "addr:city": "Cypress",
        "addr:housenumber": "5930",
        "addr:postcode": "90630",
        "addr:state": "CA",
        "addr:street": "Cerritos Avenue",
        "amenity": "fast_food",
        "brand": "Carl's Jr.",
        "brand:wikidata": "Q1043486",
        "cuisine": "burger",
        "drive_through": "yes",
        "name": "Carl's Jr.",
        "phone": "+1 714-527-7443",
        "ref": "1100576",
        "takeaway": "yes",
        "website": "https://locations.carlsjr.com/ca/cypress/5930-cerritos-avenue"
      },
      "geometry": {
        "type": "Point",
        "coordinates": [
          -118.029332,
          33.8094259
        ]
      },
      "id": "node/471299649"
    },
    {
      "type": "Feature",
      "properties": {
        "@id": "way/471411976",
        "addr:city": "Covina",
        "addr:housenumber": "573",
        "addr:postcode": "91722",
        "addr:state": "CA",
        "addr:street": "North Azusa Avenue",
        "amenity": "fast_food",
        "brand": "Carl's Jr.",
        "brand:wikidata": "Q1043486",
        "building": "yes",
        "cuisine": "burger",
        "drive_through": "yes",
        "ele": "154.7",
        "height": "4.4",
        "lacounty:ain": "8434001017",
        "lacounty:bld_id": "589468855505",
        "name": "Carl's Jr.",
        "opening_hours": "24/7",
        "phone": "+1 626-331-2064",
        "ref": "1100374",
        "start_date": "1982",
        "takeaway": "yes",
        "website": "https://locations.carlsjr.com/ca/covina/573-n-azusa-ave",
        "@geometry": "center"
      },
      "geometry": {
        "type": "Point",
        "coordinates": [
          -117.9081692,
          34.0909553
        ]
      },
      "id": "way/471411976"
    },
    {
      "type": "Feature",
      "properties": {
        "@id": "way/471587482",
        "addr:city": "Whittier",
        "addr:housenumber": "12358",
        "addr:postcode": "90606",
        "addr:state": "CA",
        "addr:street": "Washington Boulevard",
        "amenity": "fast_food",
        "brand": "Carl's Jr.",
        "brand:wikidata": "Q1043486",
        "building": "commercial",
        "building:use": "fast_food",
        "cuisine": "burger",
        "drive_through": "yes",
        "ele": "55.7",
        "height": "4.7",
        "lacounty:ain": "8168018050",
        "lacounty:bld_id": "546717810303",
        "name": "Carl's Jr.",
        "phone": "+1 562-789-8045",
        "ref": "1100175",
        "start_date": "2000",
        "takeaway": "yes",
        "website": "https://locations.carlsjr.com/ca/whittier/12358-washington-blvd.",
        "@geometry": "center"
      },
      "geometry": {
        "type": "Point",
        "coordinates": [
          -118.0493015,
          33.9668335
        ]
      },
      "id": "way/471587482"
    },
    {
      "type": "Feature",
      "properties": {
        "@id": "way/471786185",
        "addr:city": "Glendale",
        "addr:housenumber": "1124",
        "addr:postcode": "91202",
        "addr:state": "CA",
        "addr:street": "Glenoaks Boulevard",
        "amenity": "fast_food",
        "brand": "Carl's Jr.",
        "brand:wikidata": "Q1043486",
        "building": "commercial",
        "building:units": "1",
        "check_date": "2024-03-31",
        "cuisine": "burger",
        "drive_through": "yes",
        "ele": "156.4",
        "internet_access": "wlan",
        "internet_access:fee": "customers",
        "lacounty:ain": "5628027008",
        "lacounty:bld_id": "GLEN56838",
        "name": "Carl's Jr.",
        "payment:cash": "yes",
        "payment:debit_cards": "yes",
        "phone": "+1 818-243-4084",
        "ref": "1100258",
        "start_date": "1978",
        "takeaway": "yes",
        "website": "https://locations.carlsjr.com/ca/glendale/1124-w-glenoaks-blvd/",
        "wheelchair": "yes",
        "@geometry": "center"
      },
      "geometry": {
        "type": "Point",
        "coordinates": [
          -118.2810948,
          34.1644783
        ]
      },
      "id": "way/471786185"
    },
    {
      "type": "Feature",
      "properties": {
        "@id": "way/472527567",
        "addr:city": "Newhall",
        "addr:housenumber": "23320",
        "addr:postcode": "91321",
        "addr:state": "CA",
        "addr:street": "Lyons Avenue",
        "amenity": "fast_food",
        "brand": "Carl's Jr.",
        "brand:wikidata": "Q1043486",
        "building": "commercial",
        "building:units": "1",
        "cuisine": "burger",
        "drive_through": "yes",
        "ele": "389.1",
        "height": "3.0",
        "lacounty:ain": "2830006039",
        "lacounty:bld_id": "398380960876",
        "name": "Carl's Jr.",
        "phone": "+1 661-255-6979",
        "ref": "1100113",
        "start_date": "1974",
        "takeaway": "yes",
        "website": "https://locations.carlsjr.com/ca/newhall/23320-lyons-avenue",
        "@geometry": "center"
      },
      "geometry": {
        "type": "Point",
        "coordinates": [
          -118.5411499,
          34.3793106
        ]
      },
      "id": "way/472527567"
    },
    {
      "type": "Feature",
      "properties": {
        "@id": "way/472529453",
        "addr:city": "Canyon Country",
        "addr:housenumber": "18950",
        "addr:postcode": "91351",
        "addr:state": "CA",
        "addr:street": "Soledad Canyon Road",
        "amenity": "fast_food",
        "brand": "Carl's Jr.",
        "brand:wikidata": "Q1043486",
        "building": "yes",
        "cuisine": "burger",
        "drive_through": "yes",
        "ele": "424.0",
        "height": "3.3",
        "lacounty:ain": "2803029028",
        "lacounty:bld_id": "420925973883",
        "name": "Carl's Jr.",
        "phone": "+1 661-252-4114",
        "ref": "1100160",
        "start_date": "1976",
        "takeaway": "yes",
        "website": "https://locations.carlsjr.com/ca/canyon-country/18950-soledad-canyon-rd",
        "@geometry": "center"
      },
      "geometry": {
        "type": "Point",
        "coordinates": [
          -118.4666325,
          34.4154207
        ]
      },
      "id": "way/472529453"
    },
    {
      "type": "Feature",
      "properties": {
        "@id": "way/472571188",
        "addr:city": "Castaic",
        "addr:housenumber": "31412",
        "addr:postcode": "91384",
        "addr:state": "CA",
        "addr:street": "Ridge Route",
        "amenity": "fast_food",
        "brand": "Carl's Jr.",
        "brand:wikidata": "Q1043486",
        "building": "commercial",
        "building:units": "1",
        "cuisine": "burger",
        "drive_through": "yes",
        "ele": "359.5",
        "height": "5.2",
        "lacounty:ain": "2865010028",
        "lacounty:bld_id": "375372001170",
        "name": "Carl's Jr.",
        "phone": "+1 661-257-3747",
        "ref": "1100608",
        "source": "usgs_imagery_2006;survey;image",
        "source_ref": "AM909_DSCV9679",
        "start_date": "1991",
        "takeaway": "yes",
        "website": "https://locations.carlsjr.com/ca/castaic/31412-ridge-route",
        "@geometry": "center"
      },
      "geometry": {
        "type": "Point",
        "coordinates": [
          -118.6182594,
          34.4897195
        ]
      },
      "id": "way/472571188"
    },
    {
      "type": "Feature",
      "properties": {
        "@id": "way/472602651",
        "addr:city": "Santa Clarita",
        "addr:housenumber": "18741",
        "addr:postcode": "91387",
        "addr:state": "CA",
        "addr:street": "Via Princessa",
        "amenity": "fast_food",
        "brand": "Carl's Jr.",
        "brand:wikidata": "Q1043486",
        "building": "yes",
        "cuisine": "burger",
        "drive_through": "yes",
        "ele": "454.9",
        "height": "7.4",
        "lacounty:ain": "2842026056",
        "lacounty:bld_id": "421856970225",
        "name": "Carl's Jr.",
        "phone": "+1 661-251-4787",
        "ref": "1100090",
        "start_date": "2006",
        "takeaway": "yes",
        "website": "https://locations.carlsjr.com/ca/santa-clarita/18741-via-princessa",
        "@geometry": "center"
      },
      "geometry": {
        "type": "Point",
        "coordinates": [
          -118.4635784,
          34.4053915
        ]
      },
      "id": "way/472602651"
    },
    {
      "type": "Feature",
      "properties": {
        "@id": "way/472729926",
        "addr:city": "Lancaster",
        "addr:housenumber": "44361",
        "addr:postcode": "93534",
        "addr:state": "CA",
        "addr:street": "North Sierra Highway",
        "amenity": "fast_food",
        "brand": "Carl's Jr.",
        "brand:wikidata": "Q1043486",
        "building": "yes",
        "cuisine": "burger",
        "ele": "732.9",
        "height": "8.0",
        "lacounty:ain": "3132010022",
        "lacounty:bld_id": "520867073162",
        "name": "Carl's Jr.",
        "phone": "+1 661-948-6314",
        "ref": "1100064",
        "start_date": "1993",
        "takeaway": "yes",
        "website": "https://locations.carlsjr.com/ca/lancaster/44361-n-sierra-hwy",
        "@geometry": "center"
      },
      "geometry": {
        "type": "Point",
        "coordinates": [
          -118.1357519,
          34.6889869
        ]
      },
      "id": "way/472729926"
    },
    {
      "type": "Feature",
      "properties": {
        "@id": "way/472806085",
        "addr:city": "Palmdale",
        "addr:housenumber": "2505",
        "addr:postcode": "93550",
        "addr:state": "CA",
        "addr:street": "E Avenue South",
        "amenity": "fast_food",
        "brand": "Carl's Jr.",
        "brand:wikidata": "Q1043486",
        "building": "yes",
        "building:use": "fast_food",
        "cuisine": "burger",
        "lacounty:ain": "3019016040",
        "lacounty:bld_id": "PLM30341",
        "name": "Carl's Jr.",
        "phone": "+1 661-266-4928",
        "ref": "1100601",
        "start_date": "1990",
        "takeaway": "yes",
        "website": "https://locations.carlsjr.com/ca/palmdale/2505-e-avenue-s",
        "@geometry": "center"
      },
      "geometry": {
        "type": "Point",
        "coordinates": [
          -118.0845337,
          34.558498
        ]
      },
      "id": "way/472806085"
    },
    {
      "type": "Feature",
      "properties": {
        "@id": "way/472926829",
        "addr:city": "Lancaster",
        "addr:housenumber": "44400",
        "addr:postcode": "93536",
        "addr:state": "CA",
        "addr:street": "Valley Central Way",
        "amenity": "fast_food",
        "brand": "Carl's Jr.",
        "brand:wikidata": "Q1043486",
        "building": "yes",
        "building:levels": "1",
        "building:use": "fast_food",
        "cuisine": "burger",
        "delivery": "no",
        "drive_through": "yes",
        "ele": "718.0",
        "height": "4.3",
        "lacounty:ain": "3153051006",
        "lacounty:bld_id": "509990073421",
        "name": "Carl's Jr.",
        "operator": "Carl's Jr",
        "phone": "+1 661-940-8418",
        "ref": "1100586",
        "start_date": "1990",
        "takeaway": "yes",
        "website": "https://locations.carlsjr.com/ca/lancaster/44400-valley-central-way",
        "wheelchair": "yes",
        "@geometry": "center"
      },
      "geometry": {
        "type": "Point",
        "coordinates": [
          -118.1718744,
          34.6897815
        ]
      },
      "id": "way/472926829"
    },
    {
      "type": "Feature",
      "properties": {
        "@id": "way/472942309",
        "addr:city": "Palmdale",
        "addr:housenumber": "2005",
        "addr:postcode": "93550",
        "addr:state": "CA",
        "addr:street": "East Palmdale Boulevard",
        "amenity": "fast_food",
        "brand": "Carl's Jr.",
        "brand:wikidata": "Q1043486",
        "building": "yes",
        "building:units": "1",
        "cuisine": "burger",
        "drive_through": "yes",
        "lacounty:ain": "3018013017",
        "lacounty:bld_id": "PLM26869",
        "name": "Carl's Jr.",
        "phone": "+1 661-947-7775",
        "ref": "1100111",
        "start_date": "1974",
        "takeaway": "yes",
        "website": "https://locations.carlsjr.com/ca/palmdale/2005-e-palmdale-blvd",
        "@geometry": "center"
      },
      "geometry": {
        "type": "Point",
        "coordinates": [
          -118.0936724,
          34.5803077
        ]
      },
      "id": "way/472942309"
    },
    {
      "type": "Feature",
      "properties": {
        "@id": "way/472996745",
        "addr:city": "Gorman",
        "addr:housenumber": "49669",
        "addr:postcode": "93243",
        "addr:state": "CA",
        "addr:street": "Gorman Post Road",
        "air_conditioning": "yes",
        "amenity": "fast_food",
        "brand": "Carl's Jr.",
        "brand:wikidata": "Q1043486",
        "building": "commercial",
        "building:use": "fast_food",
        "cuisine": "burger",
        "drive_through": "yes",
        "ele": "1161.7",
        "height": "5.0",
        "lacounty:ain": "3251013020",
        "lacounty:bld_id": "20142116920000",
        "name": "Carl's Jr.",
        "outdoor_seating": "yes",
        "phone": "+1 661-248-6738",
        "ref": "1100660",
        "smoking": "no",
        "start_date": "1988",
        "takeaway": "yes",
        "website": "https://locations.carlsjr.com/ca/gorman/49669-gorman-post-rd",
        "wheelchair": "yes",
        "@geometry": "center"
      },
      "geometry": {
        "type": "Point",
        "coordinates": [
          -118.8504577,
          34.7957266
        ]
      },
      "id": "way/472996745"
    },
    {
      "type": "Feature",
      "properties": {
        "@id": "way/474294685",
        "addr:city": "Ontario",
        "addr:housenumber": "2556",
        "addr:postcode": "91762",
        "addr:state": "CA",
        "addr:street": "South Euclid Avenue",
        "amenity": "fast_food",
        "brand": "Carl's Jr.",
        "brand:wikidata": "Q1043486",
        "building": "yes",
        "cuisine": "burger",
        "drive_through": "yes",
        "name": "Carl's Jr.",
        "phone": "+1 909-984-1871",
        "ref": "1100304",
        "takeaway": "yes",
        "website": "https://locations.carlsjr.com/ca/ontario/2556-s-euclid-ave",
        "@geometry": "center"
      },
      "geometry": {
        "type": "Point",
        "coordinates": [
          -117.6514669,
          34.0268587
        ]
      },
      "id": "way/474294685"
    },
    {
      "type": "Feature",
      "properties": {
        "@id": "way/476314645",
        "addr:city": "Parker",
        "addr:housenumber": "12165",
        "addr:postcode": "80134",
        "addr:state": "CO",
        "addr:street": "Lioness Way",
        "amenity": "fast_food",
        "brand": "Carl's Jr.",
        "brand:wikidata": "Q1043486",
        "building": "yes",
        "cuisine": "burger",
        "drive_through": "yes",
        "layer": "1",
        "name": "Carl's Jr.",
        "phone": "+1 303-799-4605",
        "ref": "1101687",
        "takeaway": "yes",
        "website": "https://locations.carlsjr.com/co/parker/12165-lioness-way",
        "@geometry": "center"
      },
      "geometry": {
        "type": "Point",
        "coordinates": [
          -104.8476783,
          39.5357336
        ]
      },
      "id": "way/476314645"
    },
    {
      "type": "Feature",
      "properties": {
        "@id": "way/477020125",
        "addr:city": "Falcon",
        "addr:housenumber": "11655",
        "addr:postcode": "80831",
        "addr:state": "CO",
        "addr:street": "Meridian Market View",
        "amenity": "fast_food",
        "brand": "Carl's Jr.",
        "brand:wikidata": "Q1043486",
        "building": "yes",
        "cuisine": "burger",
        "name": "Carl's Jr.",
        "phone": "+1 719-886-4914",
        "ref": "1101707",
        "source": "Mapbox",
        "takeaway": "yes",
        "website": "https://locations.carlsjr.com/co/falcon/11655-meridian-market-vw",
        "@geometry": "center"
      },
      "geometry": {
        "type": "Point",
        "coordinates": [
          -104.6087335,
          38.9397647
        ]
      },
      "id": "way/477020125"
    },
    {
      "type": "Feature",
      "properties": {
        "@id": "way/477627940",
        "addr:city": "Garden Grove",
        "addr:housenumber": "6022",
        "addr:postcode": "92845",
        "addr:state": "CA",
        "addr:street": "Chapman Avenue",
        "amenity": "fast_food",
        "brand": "Carl's Jr.",
        "brand:wikidata": "Q1043486",
        "building": "yes",
        "cuisine": "burger",
        "drive_through": "yes",
        "name": "Carl's Jr.",
        "phone": "+1 714-891-2773",
        "ref": "1100604",
        "takeaway": "yes",
        "website": "https://locations.carlsjr.com/ca/garden-grove/6022-chapman-ave",
        "@geometry": "center"
      },
      "geometry": {
        "type": "Point",
        "coordinates": [
          -118.0280645,
          33.7881728
        ]
      },
      "id": "way/477627940"
    },
    {
      "type": "Feature",
      "properties": {
        "@id": "way/480149573",
        "addr:city": "Montclair",
        "addr:housenumber": "5295",
        "addr:postcode": "91763",
        "addr:state": "CA",
        "addr:street": "Holt Boulevard",
        "amenity": "fast_food",
        "brand": "Carl's Jr.",
        "brand:wikidata": "Q1043486",
        "building": "yes",
        "cuisine": "burger",
        "drive_through": "yes",
        "name": "Carl's Jr.",
        "phone": "+1 909-621-1895",
        "ref": "1100342",
        "takeaway": "yes",
        "website": "https://locations.carlsjr.com/ca/montclair/5295-holt-blvd",
        "@geometry": "center"
      },
      "geometry": {
        "type": "Point",
        "coordinates": [
          -117.690097,
          34.0628946
        ]
      },
      "id": "way/480149573"
    },
    {
      "type": "Feature",
      "properties": {
        "@id": "way/480253181",
        "addr:city": "La Palma",
        "addr:housenumber": "5012",
        "addr:postcode": "90623",
        "addr:state": "CA",
        "addr:street": "Moody Street",
        "amenity": "fast_food",
        "brand": "Carl's Jr.",
        "brand:wikidata": "Q1043486",
        "building": "yes",
        "cuisine": "burger",
        "drive_through": "yes",
        "name": "Carl's Jr.",
        "phone": "+1 562-924-0988",
        "ref": "1100050",
        "takeaway": "yes",
        "website": "https://locations.carlsjr.com/ca/la-palma/5012-la-palma",
        "@geometry": "center"
      },
      "geometry": {
        "type": "Point",
        "coordinates": [
          -118.0455252,
          33.8458894
        ]
      },
      "id": "way/480253181"
    },
    {
      "type": "Feature",
      "properties": {
        "@id": "way/481315638",
        "addr:city": "Mission Viejo",
        "addr:housenumber": "26338",
        "addr:postcode": "92691",
        "addr:state": "CA",
        "addr:street": "Oso Parkway",
        "amenity": "fast_food",
        "brand": "Carl's Jr.",
        "brand:wikidata": "Q1043486",
        "building": "yes",
        "check_date": "2025-12-02",
        "cuisine": "burger",
        "drive_through": "yes",
        "height": "7.89",
        "indoor_seating": "yes",
        "name": "Carl's Jr.",
        "outdoor_seating": "no",
        "phone": "+1 949-582-5524",
        "ref": "1100406",
        "takeaway": "yes",
        "website": "https://locations.carlsjr.com/ca/mission-viejo/26338-oso-pkwy",
        "wheelchair": "yes",
        "@geometry": "center"
      },
      "geometry": {
        "type": "Point",
        "coordinates": [
          -117.6698783,
          33.5796622
        ]
      },
      "id": "way/481315638"
    },
    {
      "type": "Feature",
      "properties": {
        "@id": "way/483481033",
        "addr:city": "Eastvale",
        "addr:housenumber": "7028",
        "addr:postcode": "92880",
        "addr:state": "CA",
        "addr:street": "Archibald Street",
        "amenity": "fast_food",
        "brand": "Carl's Jr.",
        "brand:wikidata": "Q1043486",
        "building": "yes",
        "cuisine": "burger",
        "delivery": "no",
        "drive_through": "yes",
        "name": "Carl's Jr.",
        "outdoor_seating": "no",
        "phone": "+1 951-278-3476",
        "ref": "1100070",
        "smoking": "no",
        "takeaway": "yes",
        "website": "https://locations.carlsjr.com/ca/eastvale/7028-archibald-st",
        "@geometry": "center"
      },
      "geometry": {
        "type": "Point",
        "coordinates": [
          -117.5919159,
          33.9604611
        ]
      },
      "id": "way/483481033"
    },
    {
      "type": "Feature",
      "properties": {
        "@id": "way/483508754",
        "addr:city": "Layton",
        "addr:housenumber": "925",
        "addr:postcode": "84041",
        "addr:state": "UT",
        "addr:street": "West Antelope Drive",
        "amenity": "fast_food",
        "brand": "Carl's Jr.",
        "brand:wikidata": "Q1043486",
        "building": "yes",
        "check_date": "2025-04-17",
        "cuisine": "burger",
        "drive_through": "yes",
        "height": "5",
        "name": "Carl's Jr.",
        "opening_hours": "Mo-We 06:00-23:00; Th-Sa 06:00-24:00; Su 08:00-23:00",
        "phone": "+1 801-784-7192",
        "takeaway": "yes",
        "website": "https://locations.carlsjr.com/ut/layton/925-w-antelope-dr",
        "@geometry": "center"
      },
      "geometry": {
        "type": "Point",
        "coordinates": [
          -111.9824752,
          41.08882
        ]
      },
      "id": "way/483508754"
    },
    {
      "type": "Feature",
      "properties": {
        "@id": "way/486319232",
        "addr:city": "Moses Lake",
        "addr:housenumber": "1765",
        "addr:postcode": "98837",
        "addr:state": "WA",
        "addr:street": "Kittleson Road Northeast",
        "amenity": "fast_food",
        "brand": "Carl's Jr.",
        "brand:wikidata": "Q1043486",
        "building": "retail",
        "cuisine": "burger",
        "name": "Carl's Jr.",
        "phone": "+1-509-350-5533",
        "ref": "1102428",
        "takeaway": "yes",
        "website": "https://locations.carlsjr.com/wa/moses-lake/1765-kittleson-rd",
        "@geometry": "center"
      },
      "geometry": {
        "type": "Point",
        "coordinates": [
          -119.2472638,
          47.100534
        ]
      },
      "id": "way/486319232"
    },
    {
      "type": "Feature",
      "properties": {
        "@id": "way/489516474",
        "addr:city": "Redding",
        "addr:country": "US",
        "addr:housenumber": "1178",
        "addr:postcode": "96001",
        "addr:state": "CA",
        "addr:street": "Court Street",
        "amenity": "fast_food",
        "brand": "Carl's Jr.",
        "brand:wikidata": "Q1043486",
        "building": "retail",
        "cuisine": "burger",
        "drive_through": "yes",
        "name": "Carl's Jr.",
        "opening_hours": "Mo-Th 06:00-23:00; Fr,Sa 06:00-00:00; Su 07:00-23:00",
        "outdoor_seating": "no",
        "phone": "+1 530-242-0600",
        "ref": "1101160",
        "takeaway": "yes",
        "website": "https://locations.carlsjr.com/ca/redding/1800-eureka-way",
        "@geometry": "center"
      },
      "geometry": {
        "type": "Point",
        "coordinates": [
          -122.3976191,
          40.5866001
        ]
      },
      "id": "way/489516474"
    },
    {
      "type": "Feature",
      "properties": {
        "@id": "way/496063305",
        "amenity": "fast_food",
        "brand": "Carl's Jr.",
        "brand:wikidata": "Q1043486",
        "building": "yes",
        "cuisine": "burger",
        "drive_through": "yes",
        "name": "Carl's Jr.",
        "takeaway": "yes",
        "website": "https://locations.carlsjr.com/ak/anchorage/2242-abbott-road",
        "@geometry": "center"
      },
      "geometry": {
        "type": "Point",
        "coordinates": [
          -149.8391658,
          61.1372379
        ]
      },
      "id": "way/496063305"
    },
    {
      "type": "Feature",
      "properties": {
        "@id": "way/501404711",
        "addr:city": "Santa Ana",
        "addr:housenumber": "1720",
        "addr:postcode": "92705",
        "addr:state": "CA",
        "addr:street": "East Dyer Road",
        "amenity": "fast_food",
        "brand": "Carl's Jr.",
        "brand:wikidata": "Q1043486",
        "building": "retail",
        "cuisine": "burger",
        "drive_through": "yes",
        "name": "Carl's Jr.",
        "phone": "+1 949-250-8960",
        "ref": "1100132",
        "takeaway": "yes",
        "website": "https://locations.carlsjr.com/ca/santa-ana/1720-e-dyer-rd",
        "@geometry": "center"
      },
      "geometry": {
        "type": "Point",
        "coordinates": [
          -117.8493505,
          33.708104
        ]
      },
      "id": "way/501404711"
    },
    {
      "type": "Feature",
      "properties": {
        "@id": "way/502197666",
        "addr:city": "Boise",
        "addr:housenumber": "493",
        "addr:postcode": "83704",
        "addr:state": "ID",
        "addr:street": "North Milwaukee Street",
        "amenity": "fast_food",
        "brand": "Carl's Jr.",
        "brand:wikidata": "Q1043486",
        "building": "yes",
        "cuisine": "burger",
        "name": "Carl's Jr.",
        "opening_hours": "Mo-Fr 09:00-17:00",
        "phone": "+1 208-658-7746",
        "ref": "1101208",
        "takeaway": "yes",
        "website": "https://locations.carlsjr.com/id/boise/493-n.-milwaukee-st",
        "@geometry": "center"
      },
      "geometry": {
        "type": "Point",
        "coordinates": [
          -116.2852755,
          43.6092831
        ]
      },
      "id": "way/502197666"
    },
    {
      "type": "Feature",
      "properties": {
        "@id": "way/502969093",
        "addr:city": "Bend",
        "addr:housenumber": "1815",
        "addr:postcode": "97701",
        "addr:state": "OR",
        "addr:street": "Northeast 3rd Street",
        "amenity": "fast_food",
        "brand": "Carl's Jr.",
        "brand:wikidata": "Q1043486",
        "building": "yes",
        "cuisine": "burger",
        "drive_through": "yes",
        "name": "Carl's Jr.",
        "opening_hours": "Mo-Th 06:00-22:00; Fr-Sa 06:00-23:00; Su 06:00-22:00",
        "opening_hours:drive_through": "Mo-Su 06:00-24:00",
        "outdoor_seating": "no",
        "phone": "+1 541-617-8556",
        "ref": "1100285",
        "takeaway": "yes",
        "website": "https://locations.carlsjr.com/or/bend/1815-ne-3rd-st",
        "@geometry": "center"
      },
      "geometry": {
        "type": "Point",
        "coordinates": [
          -121.3030757,
          44.0680179
        ]
      },
      "id": "way/502969093"
    },
    {
      "type": "Feature",
      "properties": {
        "@id": "way/503319824",
        "addr:city": "Loma Linda",
        "addr:housenumber": "25536",
        "addr:postcode": "92354",
        "addr:state": "CA",
        "addr:street": "Barton Road",
        "amenity": "fast_food",
        "brand": "Carl's Jr.",
        "brand:wikidata": "Q1043486",
        "building": "yes",
        "cuisine": "burger",
        "drive_through": "yes",
        "name": "Carl's Jr.",
        "phone": "+1 909-478-9834",
        "ref": "1100206",
        "takeaway": "yes",
        "website": "https://locations.carlsjr.com/ca/loma-linda/25536-barton-rd",
        "@geometry": "center"
      },
      "geometry": {
        "type": "Point",
        "coordinates": [
          -117.247164,
          34.0488495
        ]
      },
      "id": "way/503319824"
    },
    {
      "type": "Feature",
      "properties": {
        "@id": "way/506032401",
        "addr:city": "Goodyear",
        "addr:housenumber": "1083",
        "addr:postcode": "85338",
        "addr:state": "AZ",
        "addr:street": "South Cotton Lane",
        "air_conditioning": "yes",
        "amenity": "fast_food",
        "brand": "Carl's Jr.",
        "brand:wikidata": "Q1043486",
        "building": "yes",
        "cuisine": "burger",
        "drive_through": "yes",
        "name": "Carl's Jr.",
        "phone": "+1 623-925-8237",
        "ref": "1102173",
        "source": "esri_USDOT_Arizona",
        "takeaway": "yes",
        "website": "https://locations.carlsjr.com/az/goodyear/1083-s-cotton-ln",
        "@geometry": "center"
      },
      "geometry": {
        "type": "Point",
        "coordinates": [
          -112.4238255,
          33.4367954
        ]
      },
      "id": "way/506032401"
    },
    {
      "type": "Feature",
      "properties": {
        "@id": "way/506900967",
        "amenity": "fast_food",
        "brand": "Carl's Jr.",
        "brand:wikidata": "Q1043486",
        "building": "yes",
        "cuisine": "burger",
        "drive_through": "yes",
        "name": "Carl's Jr.",
        "takeaway": "yes",
        "@geometry": "center"
      },
      "geometry": {
        "type": "Point",
        "coordinates": [
          -117.3086706,
          34.0493122
        ]
      },
      "id": "way/506900967"
    },
    {
      "type": "Feature",
      "properties": {
        "@id": "way/511632246",
        "addr:city": "Mesa",
        "addr:housenumber": "1850",
        "addr:postcode": "85210",
        "addr:state": "AZ",
        "addr:street": "South Country Club Drive",
        "air_conditioning": "yes",
        "amenity": "fast_food",
        "brand": "Carl's Jr.",
        "brand:wikidata": "Q1043486",
        "building": "yes",
        "cuisine": "burger",
        "name": "Carl's Jr.",
        "phone": "+1 480-835-1925",
        "ref": "1101482",
        "source": "esri_USDOT_Arizona",
        "takeaway": "yes",
        "website": "https://locations.carlsjr.com/az/mesa/1850-s-country-club",
        "@geometry": "center"
      },
      "geometry": {
        "type": "Point",
        "coordinates": [
          -111.8407135,
          33.381236
        ]
      },
      "id": "way/511632246"
    },
    {
      "type": "Feature",
      "properties": {
        "@id": "way/513350733",
        "addr:city": "Wilsonville",
        "addr:housenumber": "25300",
        "addr:postcode": "97070",
        "addr:state": "OR",
        "addr:street": "Southwest 95th Avenue",
        "amenity": "fast_food",
        "brand": "Carl's Jr.",
        "brand:wikidata": "Q1043486",
        "building": "yes",
        "cuisine": "burger",
        "drive_through": "yes",
        "name": "Carl's Jr.",
        "phone": "+1 503-427-0080",
        "ref": "1102139",
        "takeaway": "yes",
        "website": "https://locations.carlsjr.com/or/wilsonville/25300-sw-95th-ave",
        "@geometry": "center"
      },
      "geometry": {
        "type": "Point",
        "coordinates": [
          -122.7729887,
          45.3368818
        ]
      },
      "id": "way/513350733"
    },
    {
      "type": "Feature",
      "properties": {
        "@id": "way/515705927",
        "addr:city": "Woodland",
        "addr:housenumber": "1519",
        "addr:postcode": "98674",
        "addr:state": "WA",
        "addr:street": "Pacific Avenue",
        "amenity": "fast_food",
        "brand": "Carl's Jr.",
        "brand:wikidata": "Q1043486",
        "building": "yes",
        "cuisine": "burger",
        "internet_access": "wlan",
        "name": "Carl's Jr.",
        "name:en": "Carl's Jr.",
        "opening_hours": "24/7",
        "phone": "+1-360-841-8089",
        "ref": "1102351",
        "takeaway": "yes",
        "website": "https://locations.carlsjr.com/wa/woodland/1519-pacific-ave",
        "@geometry": "center"
      },
      "geometry": {
        "type": "Point",
        "coordinates": [
          -122.7462647,
          45.9103757
        ]
      },
      "id": "way/515705927"
    },
    {
      "type": "Feature",
      "properties": {
        "@id": "way/522312014",
        "addr:city": "Fresno",
        "addr:housenumber": "8873",
        "addr:postcode": "93720",
        "addr:state": "CA",
        "addr:street": "North Chestnut Avenue",
        "amenity": "fast_food",
        "brand": "Carl's Jr.",
        "brand:wikidata": "Q1043486",
        "building": "retail",
        "cuisine": "burger",
        "drive_through": "yes",
        "name": "Carl's Jr.",
        "opening_hours": "Mo-Su 06:00-24:00",
        "phone": "+1-559-324-8740",
        "takeaway": "yes",
        "website": "https://locations.carlsjr.com/ca/fresno/8873-n-chestnut-ave",
        "website:menu": "https://order.carlsjr.com/location/-ca-fresno-8873-n-chestnut-ave/menu",
        "@geometry": "center"
      },
      "geometry": {
        "type": "Point",
        "coordinates": [
          -119.7393007,
          36.8647674
        ]
      },
      "id": "way/522312014"
    },
    {
      "type": "Feature",
      "properties": {
        "@id": "way/525211976",
        "addr:city": "Broken Arrow",
        "addr:housenumber": "900",
        "addr:postcode": "74012-9565",
        "addr:state": "OK",
        "addr:street": "North Aspen Avenue West",
        "air_conditioning": "yes",
        "amenity": "fast_food",
        "brand": "Carl's Jr.",
        "brand:wikidata": "Q1043486",
        "building": "retail",
        "cuisine": "burger",
        "delivery": "yes",
        "drive_through": "yes",
        "name": "Carl's Jr.",
        "opening_hours": "Mo-Th 06:00-22:00; Fr,Sa 06:00-23:00; Su 07:00-22:00",
        "payment:american_express": "yes",
        "payment:cash": "yes",
        "payment:credit_cards": "yes",
        "payment:discover_card": "yes",
        "payment:mastercard": "yes",
        "payment:visa": "yes",
        "phone": "+1 918-251-8024",
        "ref": "1101641",
        "takeaway": "yes",
        "website": "https://locations.carlsjr.com/ok/broken-arrow/900-n-aspen-dr",
        "wheelchair": "yes",
        "@geometry": "center"
      },
      "geometry": {
        "type": "Point",
        "coordinates": [
          -95.8158534,
          36.0600547
        ]
      },
      "id": "way/525211976"
    },
    {
      "type": "Feature",
      "properties": {
        "@id": "way/526980491",
        "addr:city": "Safford",
        "addr:country": "US",
        "addr:housenumber": "455",
        "addr:postcode": "85546",
        "addr:state": "AZ",
        "addr:street": "South 20th Avenue",
        "amenity": "fast_food",
        "brand": "Carl's Jr.",
        "brand:wikidata": "Q1043486",
        "building": "retail",
        "cuisine": "burger",
        "drive_through": "yes",
        "name": "Carl's Jr.",
        "opening_hours": "Su-We 06:00-23:00; Th-Sa 06:00-24:00",
        "phone": "+1 928-428-3400",
        "ref": "1101875",
        "takeaway": "yes",
        "website": "https://locations.carlsjr.com/az/safford/455-s-20th-ave",
        "@geometry": "center"
      },
      "geometry": {
        "type": "Point",
        "coordinates": [
          -109.7324155,
          32.8347421
        ]
      },
      "id": "way/526980491"
    },
    {
      "type": "Feature",
      "properties": {
        "@id": "way/527693218",
        "addr:city": "Tucson",
        "addr:housenumber": "615",
        "addr:postcode": "85745",
        "addr:state": "AZ",
        "addr:street": "West Congress Street",
        "amenity": "fast_food",
        "brand": "Carl's Jr.",
        "brand:wikidata": "Q1043486",
        "building": "yes",
        "cuisine": "burger",
        "name": "Carl's Jr.",
        "name:en": "Carl's Junior",
        "phone": "+1 520-622-0210",
        "ref": "1101506",
        "source": "Bing",
        "takeaway": "yes",
        "website": "https://locations.carlsjr.com/az/tucson/615-w-congress-st",
        "@geometry": "center"
      },
      "geometry": {
        "type": "Point",
        "coordinates": [
          -110.9809563,
          32.2203236
        ]
      },
      "id": "way/527693218"
    },
    {
      "type": "Feature",
      "properties": {
        "@id": "way/530440910",
        "addr:city": "Casa Grande",
        "addr:housenumber": "1715",
        "addr:postcode": "85122",
        "addr:state": "AZ",
        "addr:street": "East Florence Boulevard",
        "amenity": "fast_food",
        "brand": "Carl's Jr.",
        "brand:wikidata": "Q1043486",
        "building": "yes",
        "cuisine": "burger",
        "drive_through": "yes",
        "name": "Carl's Jr.",
        "phone": "+1 520-421-9790",
        "ref": "1101538",
        "source": "esri/USA_NAD_Addresses",
        "takeaway": "yes",
        "website": "https://locations.carlsjr.com/az/casa-grande/1715-e-florence-blvd",
        "@geometry": "center"
      },
      "geometry": {
        "type": "Point",
        "coordinates": [
          -111.7137494,
          32.8791478
        ]
      },
      "id": "way/530440910"
    },
    {
      "type": "Feature",
      "properties": {
        "@id": "way/532013485",
        "addr:city": "Bennett",
        "addr:housenumber": "1025",
        "addr:postcode": "80102",
        "addr:state": "CO",
        "addr:street": "South 1st Street",
        "amenity": "fast_food",
        "brand": "Carl's Jr.",
        "brand:wikidata": "Q1043486",
        "building": "retail",
        "building:levels": "1",
        "cuisine": "burger",
        "drive_through": "yes",
        "name": "Carl's Jr.",
        "opening_hours": "Mo-Sa 06:00-22:00; Su 07:00-22:00",
        "phone": "+1 303-644-4156",
        "ref": "1102504",
        "source": "Bing;knowledge;esri/USA_NAD_Addresses",
        "takeaway": "yes",
        "website": "https://locations.carlsjr.com/co/bennett/1025-s-1st-street",
        "@geometry": "center"
      },
      "geometry": {
        "type": "Point",
        "coordinates": [
          -104.4337209,
          39.7432674
        ]
      },
      "id": "way/532013485"
    },
    {
      "type": "Feature",
      "properties": {
        "@id": "way/534017186",
        "amenity": "fast_food",
        "brand": "Carl's Jr.",
        "brand:wikidata": "Q1043486",
        "building": "yes",
        "check_date": "2019-07-11",
        "cuisine": "burger",
        "name": "Carl's Jr.",
        "takeaway": "yes",
        "@geometry": "center"
      },
      "geometry": {
        "type": "Point",
        "coordinates": [
          -115.9909973,
          36.2126616
        ]
      },
      "id": "way/534017186"
    },
    {
      "type": "Feature",
      "properties": {
        "@id": "way/539314448",
        "addr:city": "Greeley",
        "addr:housenumber": "720",
        "addr:postcode": "80631",
        "addr:state": "CO",
        "addr:street": "10th Street",
        "amenity": "fast_food",
        "brand": "Carl's Jr.",
        "brand:wikidata": "Q1043486",
        "building": "yes",
        "cuisine": "burger",
        "drive_through": "yes",
        "name": "Carl's Jr.",
        "phone": "+1 970-352-9522",
        "ref": "1101197",
        "ref:store_number": "7212",
        "takeaway": "yes",
        "website": "https://locations.carlsjr.com/co/greeley/720-10th-st",
        "@geometry": "center"
      },
      "geometry": {
        "type": "Point",
        "coordinates": [
          -104.6898011,
          40.4221215
        ]
      },
      "id": "way/539314448"
    },
    {
      "type": "Feature",
      "properties": {
        "@id": "way/542861262",
        "amenity": "fast_food",
        "brand": "Carl's Jr.",
        "brand:wikidata": "Q1043486",
        "building": "yes",
        "check_date": "2017-11-26",
        "cuisine": "burger",
        "name": "Carl's Jr.",
        "takeaway": "yes",
        "@geometry": "center"
      },
      "geometry": {
        "type": "Point",
        "coordinates": [
          -103.1482965,
          32.7406328
        ]
      },
      "id": "way/542861262"
    },
    {
      "type": "Feature",
      "properties": {
        "@id": "way/543804818",
        "addr:city": "Pueblo",
        "addr:housenumber": "915",
        "addr:postcode": "81008",
        "addr:state": "CO",
        "addr:street": "West US Highway 50",
        "amenity": "fast_food",
        "brand": "Carl's Jr.",
        "brand:wikidata": "Q1043486",
        "building": "yes",
        "cuisine": "burger",
        "name": "Carl's Jr.",
        "phone": "+1 719-543-0606",
        "ref": "1101192",
        "takeaway": "yes",
        "website": "https://locations.carlsjr.com/co/pueblo/915-w-us-highway-50",
        "@geometry": "center"
      },
      "geometry": {
        "type": "Point",
        "coordinates": [
          -104.6211809,
          38.3085059
        ]
      },
      "id": "way/543804818"
    },
    {
      "type": "Feature",
      "properties": {
        "@id": "way/544459132",
        "addr:city": "Midland",
        "addr:housenumber": "5313",
        "addr:postcode": "79707",
        "addr:state": "TX",
        "addr:street": "West Loop 250 North",
        "amenity": "fast_food",
        "brand": "Carl's Jr.",
        "brand:wikidata": "Q1043486",
        "building": "yes",
        "cuisine": "burger",
        "name": "Carl's Jr.",
        "phone": "+1 432-695-6883",
        "ref": "1102352",
        "takeaway": "yes",
        "website": "https://locations.carlsjr.com/tx/midland/5313-west-loop-250-n",
        "@geometry": "center"
      },
      "geometry": {
        "type": "Point",
        "coordinates": [
          -102.1564496,
          32.0165127
        ]
      },
      "id": "way/544459132"
    },
    {
      "type": "Feature",
      "properties": {
        "@id": "way/545773648",
        "addr:city": "Spokane",
        "addr:housenumber": "1617",
        "addr:postcode": "99205",
        "addr:state": "WA",
        "addr:street": "West Northwest Boulevard",
        "amenity": "fast_food",
        "brand": "Carl's Jr.",
        "brand:wikidata": "Q1043486",
        "building": "retail",
        "building:levels": "1",
        "cuisine": "burger",
        "name": "Carl's Jr.",
        "note": "Building outline is a wild guess",
        "phone": "+1-509-328-0226",
        "ref": "1102606",
        "takeaway": "yes",
        "website": "https://locations.carlsjr.com/wa/spokane/1617-w-northwest-blvd",
        "@geometry": "center"
      },
      "geometry": {
        "type": "Point",
        "coordinates": [
          -117.4359308,
          47.6788804
        ]
      },
      "id": "way/545773648"
    },
    {
      "type": "Feature",
      "properties": {
        "@id": "way/545777514",
        "addr:city": "North Las Vegas",
        "addr:housenumber": "6524",
        "addr:postcode": "89086",
        "addr:state": "NV",
        "addr:street": "Losee Road",
        "amenity": "fast_food",
        "brand": "Carl's Jr.",
        "brand:wikidata": "Q1043486",
        "building": "yes",
        "cuisine": "burger",
        "drive_through": "yes",
        "name": "Carl's Jr.",
        "phone": "+1 702-633-5576",
        "ref": "1101807",
        "takeaway": "yes",
        "website": "https://locations.carlsjr.com/nv/north-las-vegas/6524-n-losee-rd",
        "wheelchair": "yes",
        "@geometry": "center"
      },
      "geometry": {
        "type": "Point",
        "coordinates": [
          -115.1164528,
          36.2786771
        ]
      },
      "id": "way/545777514"
    },
    {
      "type": "Feature",
      "properties": {
        "@id": "way/547133567",
        "addr:city": "Poway",
        "addr:country": "US",
        "addr:housenumber": "14097",
        "addr:postcode": "92064",
        "addr:state": "CA",
        "addr:street": "Stowe Drive",
        "amenity": "fast_food",
        "brand": "Carl's Jr.",
        "brand:wikidata": "Q1043486",
        "building": "yes",
        "cuisine": "burger",
        "drive_through": "yes",
        "name": "Carl's Jr.",
        "phone": "+1 858-486-6043",
        "ref": "1100133",
        "source": "Bing;local knowledge",
        "takeaway": "yes",
        "website": "https://locations.carlsjr.com/ca/poway/14097-stowe-drive",
        "@geometry": "center"
      },
      "geometry": {
        "type": "Point",
        "coordinates": [
          -117.0302986,
          32.9385748
        ]
      },
      "id": "way/547133567"
    },
    {
      "type": "Feature",
      "properties": {
        "@id": "way/547314040",
        "addr:city": "North Las Vegas",
        "addr:housenumber": "2650",
        "addr:postcode": "89084",
        "addr:state": "NV",
        "addr:street": "Nature Park Drive",
        "amenity": "fast_food",
        "brand": "Carl's Jr.",
        "brand:wikidata": "Q1043486",
        "building": "yes",
        "cuisine": "burger",
        "drive_through": "yes",
        "name": "Carl's Jr.",
        "phone": "+1 702-633-6681",
        "ref": "1102340",
        "takeaway": "yes",
        "website": "https://locations.carlsjr.com/nv/north-las-vegas/2650-nature-park-drive",
        "@geometry": "center"
      },
      "geometry": {
        "type": "Point",
        "coordinates": [
          -115.1778298,
          36.2884053
        ]
      },
      "id": "way/547314040"
    },
    {
      "type": "Feature",
      "properties": {
        "@id": "way/548653015",
        "addr:city": "Santa Ana",
        "addr:housenumber": "1809",
        "addr:postcode": "92705",
        "addr:state": "CA",
        "addr:street": "East Edinger Avenue",
        "amenity": "fast_food",
        "brand": "Carl's Jr.",
        "brand:wikidata": "Q1043486",
        "building": "retail",
        "cuisine": "burger",
        "drive_through": "yes",
        "height": "4.3",
        "name": "Carl's Jr.",
        "phone": "+1 714-972-0458",
        "ref": "1100123",
        "takeaway": "yes",
        "website": "https://locations.carlsjr.com/ca/santa-ana/1809-e-edinger-ave",
        "@geometry": "center"
      },
      "geometry": {
        "type": "Point",
        "coordinates": [
          -117.8418721,
          33.7271955
        ]
      },
      "id": "way/548653015"
    },
    {
      "type": "Feature",
      "properties": {
        "@id": "way/549601515",
        "addr:city": "Imperial Beach",
        "addr:housenumber": "700",
        "addr:postcode": "91932",
        "addr:state": "CA",
        "addr:street": "13th Street",
        "amenity": "fast_food",
        "brand": "Carl's Jr.",
        "brand:wikidata": "Q1043486",
        "building": "yes",
        "cuisine": "burger",
        "height": "5",
        "name": "Carl's Jr.",
        "phone": "+1 619-423-5025",
        "ref": "1100585",
        "takeaway": "yes",
        "website": "https://locations.carlsjr.com/ca/imperial-beach/700-13th-street",
        "@geometry": "center"
      },
      "geometry": {
        "type": "Point",
        "coordinates": [
          -117.10597,
          32.5834362
        ]
      },
      "id": "way/549601515"
    },
    {
      "type": "Feature",
      "properties": {
        "@id": "way/549847513",
        "addr:city": "Sacramento",
        "addr:housenumber": "6201",
        "addr:postcode": "95823",
        "addr:state": "CA",
        "addr:street": "Mack Road",
        "amenity": "fast_food",
        "brand": "Carl's Jr.",
        "brand:wikidata": "Q1043486",
        "building": "retail",
        "cuisine": "burger",
        "name": "Carl's Jr.",
        "phone": "+1 916-392-7485",
        "ref": "1100351",
        "source": "esri/Sacramento_County_CA_Addresses",
        "takeaway": "yes",
        "website": "https://locations.carlsjr.com/ca/sacramento/6201-mack-road",
        "@geometry": "center"
      },
      "geometry": {
        "type": "Point",
        "coordinates": [
          -121.4298931,
          38.4747634
        ]
      },
      "id": "way/549847513"
    },
    {
      "type": "Feature",
      "properties": {
        "@id": "way/551186820",
        "addr:city": "McMinnville",
        "addr:housenumber": "1285",
        "addr:postcode": "97128",
        "addr:state": "OR",
        "addr:street": "Southwest Booth Bend Road",
        "amenity": "fast_food",
        "brand": "Carl's Jr.",
        "brand:wikidata": "Q1043486",
        "building": "retail",
        "cuisine": "burger",
        "drive_through": "yes",
        "name": "Carl's Jr.",
        "opening_hours": "24/7",
        "phone": "+1 503-435-1247",
        "ref": "1101711",
        "takeaway": "yes",
        "website": "https://locations.carlsjr.com/or/mcminnville/1285-sw-booth-bend-rd",
        "@geometry": "center"
      },
      "geometry": {
        "type": "Point",
        "coordinates": [
          -123.2124793,
          45.1927515
        ]
      },
      "id": "way/551186820"
    },
    {
      "type": "Feature",
      "properties": {
        "@id": "way/551528471",
        "addr:city": "Roseburg",
        "addr:housenumber": "2035",
        "addr:postcode": "97471-1648",
        "addr:state": "OR",
        "addr:street": "Stewart Parkway",
        "amenity": "fast_food",
        "brand": "Carl's Jr.",
        "brand:wikidata": "Q1043486",
        "building": "yes",
        "check_date": "2024-12-31",
        "cuisine": "burger",
        "name": "Carl's Jr.",
        "payment:cash": "yes",
        "payment:credit_cards": "yes",
        "payment:debit_cards": "yes",
        "phone": "+1 541-673-8009",
        "ref": "1100780",
        "takeaway": "yes",
        "website": "https://locations.carlsjr.com/or/roseburg/2035-stewart-pkwy",
        "@geometry": "center"
      },
      "geometry": {
        "type": "Point",
        "coordinates": [
          -123.3718177,
          43.2324725
        ]
      },
      "id": "way/551528471"
    },
    {
      "type": "Feature",
      "properties": {
        "@id": "way/553402139",
        "addr:city": "Moore",
        "addr:housenumber": "651",
        "addr:postcode": "73160",
        "addr:state": "OK",
        "addr:street": "Southwest 19th Street",
        "amenity": "fast_food",
        "brand": "Carl's Jr.",
        "brand:wikidata": "Q1043486",
        "building": "yes",
        "cuisine": "burger",
        "name": "Carl's Jr.",
        "phone": "+1 405-895-6262",
        "ref": "1101710",
        "takeaway": "yes",
        "website": "https://locations.carlsjr.com/ok/moore/651-sw-19th-st",
        "@geometry": "center"
      },
      "geometry": {
        "type": "Point",
        "coordinates": [
          -97.4985973,
          35.3201069
        ]
      },
      "id": "way/553402139"
    },
    {
      "type": "Feature",
      "properties": {
        "@id": "way/556381804",
        "addr:city": "Simi Valley",
        "addr:housenumber": "2619",
        "addr:postcode": "93063",
        "addr:state": "CA",
        "addr:street": "Tapo Canyon Road",
        "air_conditioning": "yes",
        "amenity": "fast_food",
        "brand": "Carl's Jr.",
        "brand:wikidata": "Q1043486",
        "building": "yes",
        "cuisine": "burger",
        "drive_through": "yes",
        "name": "Carl's Jr.",
        "opening_hours": "24/7",
        "phone": "+1 805-306-0103",
        "ref": "1100397",
        "smoking": "no",
        "takeaway": "yes",
        "website": "https://locations.carlsjr.com/ca/simi-valley/2619-tapo-canyon-road",
        "wheelchair": "yes",
        "@geometry": "center"
      },
      "geometry": {
        "type": "Point",
        "coordinates": [
          -118.7182563,
          34.2825693
        ]
      },
      "id": "way/556381804"
    },
    {
      "type": "Feature",
      "properties": {
        "@id": "way/556605223",
        "addr:city": "Riverside",
        "addr:housenumber": "1250",
        "addr:postcode": "92507",
        "addr:state": "CA",
        "addr:street": "University Avenue",
        "amenity": "fast_food",
        "brand": "Carl's Jr.",
        "brand:wikidata": "Q1043486",
        "building": "yes",
        "cuisine": "burger",
        "drive_through": "yes",
        "name": "Carl's Jr.",
        "phone": "+1 951-686-3745",
        "ref": "1100105",
        "takeaway": "yes",
        "website": "https://locations.carlsjr.com/ca/riverside/1250-university-ave",
        "@geometry": "center"
      },
      "geometry": {
        "type": "Point",
        "coordinates": [
          -117.3388208,
          33.9752455
        ]
      },
      "id": "way/556605223"
    },
    {
      "type": "Feature",
      "properties": {
        "@id": "way/557347061",
        "addr:city": "Redding",
        "addr:country": "US",
        "addr:housenumber": "833",
        "addr:postcode": "96002",
        "addr:state": "CA",
        "addr:street": "East Cypress Avenue",
        "amenity": "fast_food",
        "brand": "Carl's Jr.",
        "brand:wikidata": "Q1043486",
        "building": "yes",
        "cuisine": "burger",
        "drive_through": "yes",
        "name": "Carl's Jr.",
        "phone": "+1 530-221-7962",
        "ref": "1100711",
        "takeaway": "yes",
        "website": "https://locations.carlsjr.com/ca/redding/833-e.-cypress-avenue",
        "@geometry": "center"
      },
      "geometry": {
        "type": "Point",
        "coordinates": [
          -122.3562946,
          40.5707665
        ]
      },
      "id": "way/557347061"
    },
    {
      "type": "Feature",
      "properties": {
        "@id": "node/557386702",
        "addr:city": "San Diego",
        "addr:housenumber": "2365",
        "addr:postcode": "92154",
        "addr:state": "CA",
        "addr:street": "Roll Drive",
        "amenity": "fast_food",
        "brand": "Carl's Jr.",
        "brand:wikidata": "Q1043486",
        "cuisine": "burger",
        "drive_through": "yes",
        "name": "Carl's Jr.",
        "phone": "+1 619-661-6213",
        "ref": "1100632",
        "takeaway": "yes",
        "website": "https://locations.carlsjr.com/ca/san-diego/2365-roll-drive"
      },
      "geometry": {
        "type": "Point",
        "coordinates": [
          -116.937059,
          32.5553116
        ]
      },
      "id": "node/557386702"
    },
    {
      "type": "Feature",
      "properties": {
        "@id": "way/558815758",
        "addr:city": "Lone Pine",
        "addr:housenumber": "403",
        "addr:postcode": "93545",
        "addr:state": "CA",
        "addr:street": "North Main Street",
        "air_conditioning": "yes",
        "amenity": "fast_food",
        "brand": "Carl's Jr.",
        "brand:wikidata": "Q1043486",
        "building": "retail",
        "cuisine": "burger",
        "drive_through": "yes",
        "indoor_seating": "yes",
        "internet_access": "wlan",
        "name": "Carl's Jr.",
        "opening_hours": "Mo-Su 06:30-23:00",
        "outdoor_seating": "no",
        "payment:cash": "yes",
        "payment:contactless": "yes",
        "payment:credit_cards": "yes",
        "phone": "+1 760-876-1035",
        "ref": "1101108",
        "smoking": "no",
        "takeaway": "yes",
        "website": "https://locations.carlsjr.com/ca/lone-pine/401-n-main-st",
        "@geometry": "center"
      },
      "geometry": {
        "type": "Point",
        "coordinates": [
          -118.0650638,
          36.6077747
        ]
      },
      "id": "way/558815758"
    },
    {
      "type": "Feature",
      "properties": {
        "@id": "way/561419828",
        "addr:city": "San Bernardino",
        "addr:housenumber": "4424",
        "addr:postcode": "92407",
        "addr:state": "CA",
        "addr:street": "University Parkway",
        "amenity": "fast_food",
        "brand": "Carl's Jr.",
        "brand:wikidata": "Q1043486",
        "building": "yes",
        "cuisine": "burger",
        "drive_through": "yes",
        "name": "Carl's Jr.",
        "phone": "+1 909-473-1066",
        "ref": "1100653",
        "takeaway": "yes",
        "website": "https://locations.carlsjr.com/ca/san-bernardino/4424-university-parkway",
        "@geometry": "center"
      },
      "geometry": {
        "type": "Point",
        "coordinates": [
          -117.3333982,
          34.1690696
        ]
      },
      "id": "way/561419828"
    },
    {
      "type": "Feature",
      "properties": {
        "@id": "way/567642226",
        "addr:city": "Lakewood",
        "addr:housenumber": "6125",
        "addr:postcode": "98499",
        "addr:state": "WA",
        "addr:street": "Main Street Southwest",
        "amenity": "fast_food",
        "brand": "Carl's Jr.",
        "brand:wikidata": "Q1043486",
        "building": "yes",
        "cuisine": "burger",
        "drive_through": "yes",
        "name": "Carl's Jr.",
        "phone": "+1-253-584-1111",
        "ref": "1101733",
        "takeaway": "yes",
        "website": "https://locations.carlsjr.com/wa/lakewood/6125-main-st-sw",
        "@geometry": "center"
      },
      "geometry": {
        "type": "Point",
        "coordinates": [
          -122.5200222,
          47.161943
        ]
      },
      "id": "way/567642226"
    },
    {
      "type": "Feature",
      "properties": {
        "@id": "way/569141067",
        "addr:city": "Vancouver",
        "addr:housenumber": "1404",
        "addr:postcode": "98683-9634",
        "addr:state": "WA",
        "addr:street": "Southeast 164th Avenue",
        "amenity": "fast_food",
        "brand": "Carl's Jr.",
        "brand:wikidata": "Q1043486",
        "building": "yes",
        "cuisine": "burger",
        "drive_through": "yes",
        "name": "Carl's Jr.",
        "phone": "+1-360-891-6031",
        "ref": "1100659",
        "takeaway": "yes",
        "website": "https://locations.carlsjr.com/wa/vancouver/1404-se-164th-ave",
        "@geometry": "center"
      },
      "geometry": {
        "type": "Point",
        "coordinates": [
          -122.5046988,
          45.6113057
        ]
      },
      "id": "way/569141067"
    },
    {
      "type": "Feature",
      "properties": {
        "@id": "way/574228346",
        "addr:city": "Turlock",
        "addr:housenumber": "100",
        "addr:postcode": "95380-9588",
        "addr:state": "CA",
        "addr:street": "North Walnut Road",
        "amenity": "fast_food",
        "brand": "Carl's Jr.",
        "brand:wikidata": "Q1043486",
        "building": "yes",
        "cuisine": "burger",
        "name": "Carl's Jr.",
        "phone": "+1 209-632-8141",
        "ref": "1100355",
        "takeaway": "yes",
        "website": "https://locations.carlsjr.com/ca/turlock/100-n-walnut-rd",
        "@geometry": "center"
      },
      "geometry": {
        "type": "Point",
        "coordinates": [
          -120.8714881,
          37.4932424
        ]
      },
      "id": "way/574228346"
    },
    {
      "type": "Feature",
      "properties": {
        "@id": "way/575146569",
        "addr:city": "Anaheim",
        "addr:housenumber": "3110",
        "addr:postcode": "92806",
        "addr:state": "CA",
        "addr:street": "La Palma Avenue",
        "amenity": "fast_food",
        "brand": "Carl's Jr.",
        "brand:wikidata": "Q1043486",
        "building": "yes",
        "check_date": "2023-07-29",
        "cuisine": "burger",
        "drive_through": "yes",
        "name": "Carl's Jr.",
        "phone": "+1 714-630-4164",
        "ref": "1100013",
        "takeaway": "yes",
        "website": "https://locations.carlsjr.com/ca/anaheim/3110-e-la-palma",
        "@geometry": "center"
      },
      "geometry": {
        "type": "Point",
        "coordinates": [
          -117.8565742,
          33.8508447
        ]
      },
      "id": "way/575146569"
    },
    {
      "type": "Feature",
      "properties": {
        "@id": "way/582179663",
        "addr:city": "Fresno",
        "addr:housenumber": "3820",
        "addr:postcode": "93726-5263",
        "addr:state": "CA",
        "addr:street": "North Cedar Avenue",
        "amenity": "fast_food",
        "brand": "Carl's Jr.",
        "brand:wikidata": "Q1043486",
        "building": "yes",
        "cuisine": "burger",
        "name": "Carl's Jr.",
        "phone": "+1 559-225-0288",
        "ref": "1100437",
        "takeaway": "yes",
        "website": "https://locations.carlsjr.com/ca/fresno/3820-n-cedar-ave",
        "@geometry": "center"
      },
      "geometry": {
        "type": "Point",
        "coordinates": [
          -119.7538948,
          36.7871582
        ]
      },
      "id": "way/582179663"
    },
    {
      "type": "Feature",
      "properties": {
        "@id": "way/587550286",
        "addr:city": "Salem",
        "addr:housenumber": "1236",
        "addr:postcode": "97302",
        "addr:state": "OR",
        "addr:street": "23rd Street Southeast",
        "amenity": "fast_food",
        "brand": "Carl's Jr.",
        "brand:wikidata": "Q1043486",
        "building": "yes",
        "building:levels": "1",
        "cuisine": "burger",
        "drive_through": "yes",
        "height": "5",
        "name": "Carl's Jr.",
        "opening_hours": "Mo-Th,Su 06:00-23:00; Fr-Sa 06:00-24:00",
        "phone": "+1 503-485-0346",
        "ref": "1101785",
        "takeaway": "yes",
        "website": "https://locations.carlsjr.com/or/salem/1236-23rd-st-se",
        "@geometry": "center"
      },
      "geometry": {
        "type": "Point",
        "coordinates": [
          -123.0143456,
          44.9235469
        ]
      },
      "id": "way/587550286"
    },
    {
      "type": "Feature",
      "properties": {
        "@id": "node/587616112",
        "addr:city": "Rancho Cucamonga",
        "addr:housenumber": "8736",
        "addr:postcode": "91701",
        "addr:state": "CA",
        "addr:street": "Baseline Road",
        "amenity": "fast_food",
        "brand": "Carl's Jr.",
        "brand:wikidata": "Q1043486",
        "cuisine": "burger",
        "drive_through": "yes",
        "name": "Carl's Jr.",
        "phone": "+1 909-945-1383",
        "ref": "1100126",
        "takeaway": "yes",
        "website": "https://locations.carlsjr.com/ca/rancho-cucamonga/8736-baseline-rd"
      },
      "geometry": {
        "type": "Point",
        "coordinates": [
          -117.6151993,
          34.1219938
        ]
      },
      "id": "node/587616112"
    },
    {
      "type": "Feature",
      "properties": {
        "@id": "way/587745928",
        "addr:city": "Anaheim",
        "addr:housenumber": "2820",
        "addr:postcode": "92806",
        "addr:state": "CA",
        "addr:street": "East Lincoln Avenue",
        "amenity": "fast_food",
        "brand": "Carl's Jr.",
        "brand:wikidata": "Q1043486",
        "building": "yes",
        "cuisine": "burger",
        "drive_through": "yes",
        "name": "Carl's Jr.",
        "outdoor_seating": "yes",
        "phone": "+1 714-630-2874",
        "ref": "1100047",
        "takeaway": "yes",
        "website": "https://locations.carlsjr.com/ca/anaheim/2820-e-lincoln",
        "@geometry": "center"
      },
      "geometry": {
        "type": "Point",
        "coordinates": [
          -117.8709272,
          33.8365921
        ]
      },
      "id": "way/587745928"
    },
    {
      "type": "Feature",
      "properties": {
        "@id": "way/588481457",
        "addr:city": "Tucson",
        "addr:housenumber": "8120",
        "addr:postcode": "85747",
        "addr:state": "AZ",
        "addr:street": "South Houghton Road",
        "amenity": "fast_food",
        "brand": "Carl's Jr.",
        "brand:wikidata": "Q1043486",
        "building": "yes",
        "cuisine": "burger",
        "drive_through": "yes",
        "internet_access": "wlan",
        "internet_access:fee": "no",
        "name": "Carl's Jr.",
        "phone": "+1 520-663-1020",
        "ref": "1101581",
        "source": "Mapbox",
        "takeaway": "yes",
        "website": "https://locations.carlsjr.com/az/tucson/8120-s-houghton-rd",
        "@geometry": "center"
      },
      "geometry": {
        "type": "Point",
        "coordinates": [
          -110.7734593,
          32.1038265
        ]
      },
      "id": "way/588481457"
    },
    {
      "type": "Feature",
      "properties": {
        "@id": "way/593454800",
        "addr:city": "Phoenix",
        "addr:housenumber": "1202",
        "addr:postcode": "85043",
        "addr:state": "AZ",
        "addr:street": "North 51st Avenue",
        "air_conditioning": "yes",
        "amenity": "fast_food",
        "brand": "Carl's Jr.",
        "brand:wikidata": "Q1043486",
        "building": "yes",
        "cuisine": "burger",
        "drive_through": "yes",
        "name": "Carl's Jr.",
        "phone": "+1 602-269-3119",
        "ref": "1100839",
        "source": "esri/USA_NAD_Addresses",
        "takeaway": "yes",
        "website": "https://locations.carlsjr.com/az/phoenix/1202-n-51st-ave",
        "@geometry": "center"
      },
      "geometry": {
        "type": "Point",
        "coordinates": [
          -112.169625,
          33.460674
        ]
      },
      "id": "way/593454800"
    },
    {
      "type": "Feature",
      "properties": {
        "@id": "node/596646241",
        "addr:city": "Santee",
        "addr:country": "US",
        "addr:housenumber": "10009",
        "addr:postcode": "92071",
        "addr:state": "CA",
        "addr:street": "Mission Gorge Road",
        "amenity": "fast_food",
        "brand": "Carl's Jr.",
        "brand:wikidata": "Q1043486",
        "cuisine": "burger",
        "drive_through": "yes",
        "name": "Carl's Jr.",
        "phone": "+1 619-562-8715",
        "ref": "1100385",
        "source": "SanGIS Addresses Public Domain (http://www.sangis.org/)",
        "takeaway": "yes",
        "website": "https://locations.carlsjr.com/ca/santee/10009-mission-gorge-road"
      },
      "geometry": {
        "type": "Point",
        "coordinates": [
          -116.979666,
          32.838155
        ]
      },
      "id": "node/596646241"
    },
    {
      "type": "Feature",
      "properties": {
        "@id": "node/596771974",
        "addr:city": "Fallbrook",
        "addr:housenumber": "1137",
        "addr:postcode": "92028",
        "addr:state": "CA",
        "addr:street": "South Mission Road",
        "amenity": "fast_food",
        "brand": "Carl's Jr.",
        "brand:wikidata": "Q1043486",
        "cuisine": "burger",
        "drive_through": "yes",
        "name": "Carl's Jr.",
        "phone": "+1 760-723-3530",
        "ref": "1100886",
        "source": "SanGIS Addresses Public Domain (http://www.sangis.org/)",
        "takeaway": "yes",
        "website": "https://locations.carlsjr.com/ca/fallbrook/1137-so.-mission-road"
      },
      "geometry": {
        "type": "Point",
        "coordinates": [
          -117.253704,
          33.3713984
        ]
      },
      "id": "node/596771974"
    },
    {
      "type": "Feature",
      "properties": {
        "@id": "way/598414146",
        "addr:city": "Huntington Beach",
        "addr:housenumber": "8291",
        "addr:postcode": "92647",
        "addr:state": "CA",
        "addr:street": "Warner Avenue",
        "amenity": "fast_food",
        "brand": "Carl's Jr.",
        "brand:wikidata": "Q1043486",
        "building": "yes",
        "cuisine": "burger",
        "drive_through": "yes",
        "height": "7.1",
        "name": "Carl's Jr.",
        "phone": "+1 714-848-1206",
        "ref": "1100465",
        "takeaway": "yes",
        "website": "https://locations.carlsjr.com/ca/huntington-beach/8271-warner-ave",
        "@geometry": "center"
      },
      "geometry": {
        "type": "Point",
        "coordinates": [
          -117.9841608,
          33.7161709
        ]
      },
      "id": "way/598414146"
    },
    {
      "type": "Feature",
      "properties": {
        "@id": "way/598515683",
        "addr:city": "Kennewick",
        "addr:housenumber": "1026",
        "addr:postcode": "99336",
        "addr:state": "WA",
        "addr:street": "North Colorado Street",
        "amenity": "fast_food",
        "brand": "Carl's Jr.",
        "brand:wikidata": "Q1043486",
        "building": "yes",
        "cuisine": "burger",
        "name": "Carl's Jr.",
        "note": "May have a common dining area with Green Burrito.",
        "phone": "+1-509-735-4135",
        "ref": "1100141",
        "takeaway": "yes",
        "website": "https://locations.carlsjr.com/wa/kennewick/1026-n-colorado",
        "@geometry": "center"
      },
      "geometry": {
        "type": "Point",
        "coordinates": [
          -119.2229264,
          46.2206523
        ]
      },
      "id": "way/598515683"
    },
    {
      "type": "Feature",
      "properties": {
        "@id": "way/599061602",
        "addr:city": "El Centro",
        "addr:housenumber": "1498",
        "addr:postcode": "92243",
        "addr:state": "CA",
        "addr:street": "West Adams Avenue",
        "amenity": "fast_food",
        "brand": "Carl's Jr.",
        "brand:wikidata": "Q1043486",
        "building": "yes",
        "cuisine": "burger",
        "drive_through": "yes",
        "name": "Carl's Jr.",
        "phone": "+1 760-353-5633",
        "ref": "1100786",
        "takeaway": "yes",
        "website": "https://locations.carlsjr.com/ca/el-centro/1498-adams-ave",
        "@geometry": "center"
      },
      "geometry": {
        "type": "Point",
        "coordinates": [
          -115.5694675,
          32.7968743
        ]
      },
      "id": "way/599061602"
    },
    {
      "type": "Feature",
      "properties": {
        "@id": "way/599072871",
        "addr:city": "Upland",
        "addr:housenumber": "1915",
        "addr:postcode": "91784",
        "addr:state": "CA",
        "addr:street": "North Campus Avenue",
        "amenity": "fast_food",
        "brand": "Carl's Jr.",
        "brand:wikidata": "Q1043486",
        "building": "retail",
        "cuisine": "burger",
        "drive_through": "yes",
        "name": "Carl's Jr.",
        "phone": "+1 909-920-5380",
        "ref": "1100116",
        "takeaway": "yes",
        "website": "https://locations.carlsjr.com/ca/upland/1915-n-campus-ave",
        "@geometry": "center"
      },
      "geometry": {
        "type": "Point",
        "coordinates": [
          -117.6380397,
          34.1329838
        ]
      },
      "id": "way/599072871"
    },
    {
      "type": "Feature",
      "properties": {
        "@id": "way/601339787",
        "addr:city": "Phoenix",
        "addr:housenumber": "3470",
        "addr:postcode": "85308",
        "addr:state": "AZ",
        "addr:street": "West Bell Road",
        "air_conditioning": "yes",
        "amenity": "fast_food",
        "brand": "Carl's Jr.",
        "brand:wikidata": "Q1043486",
        "building": "yes",
        "building:levels": "1",
        "cuisine": "burger",
        "drive_through": "yes",
        "name": "Carl's Jr.",
        "phone": "+1 602-863-3129",
        "ref": "1101078",
        "takeaway": "yes",
        "website": "https://locations.carlsjr.com/az/phoenix/3470-w-bell-rd",
        "@geometry": "center"
      },
      "geometry": {
        "type": "Point",
        "coordinates": [
          -112.1339363,
          33.6400295
        ]
      },
      "id": "way/601339787"
    },
    {
      "type": "Feature",
      "properties": {
        "@id": "node/601378890",
        "addr:city": "Yuba City",
        "addr:housenumber": "1300",
        "addr:postcode": "95993",
        "addr:state": "CA",
        "addr:street": "Bridge Street",
        "air_conditioning": "yes",
        "amenity": "fast_food",
        "brand": "Carl's Jr.",
        "brand:wikidata": "Q1043486",
        "cuisine": "burger",
        "drive_through": "yes",
        "name": "Carl's Jr.",
        "phone": "+1 530-671-0885",
        "ref": "1100788",
        "takeaway": "yes",
        "website": "https://locations.carlsjr.com/ca/yuba-city/1300-bridge-st",
        "wheelchair": "yes"
      },
      "geometry": {
        "type": "Point",
        "coordinates": [
          -121.6350667,
          39.1319548
        ]
      },
      "id": "node/601378890"
    },
    {
      "type": "Feature",
      "properties": {
        "@id": "way/603722776",
        "addr:city": "Medford",
        "addr:housenumber": "1136",
        "addr:postcode": "97504-6120",
        "addr:state": "OR",
        "addr:street": "Biddle Road",
        "amenity": "fast_food",
        "brand": "Carl's Jr.",
        "brand:wikidata": "Q1043486",
        "building": "yes",
        "cuisine": "burger",
        "name": "Carl's Jr.",
        "opening_hours": "Mo-Th,Su 06:00-23:00; Fr,Sa 06:00-23:59",
        "phone": "+1 541-690-1556",
        "ref": "1101840",
        "takeaway": "yes",
        "website": "https://locations.carlsjr.com/or/medford/1136-biddle-rd",
        "@geometry": "center"
      },
      "geometry": {
        "type": "Point",
        "coordinates": [
          -122.8706167,
          42.3407763
        ]
      },
      "id": "way/603722776"
    },
    {
      "type": "Feature",
      "properties": {
        "@id": "way/603862900",
        "addr:city": "Gilbert",
        "addr:housenumber": "5382",
        "addr:postcode": "85295",
        "addr:state": "AZ",
        "addr:street": "South Power Road",
        "air_conditioning": "yes",
        "amenity": "fast_food",
        "brand": "Carl's Jr.",
        "brand:wikidata": "Q1043486",
        "building": "yes",
        "cuisine": "burger",
        "drive_through": "yes",
        "name": "Carl's Jr.",
        "phone": "+1 480-279-1743",
        "ref": "1101755",
        "source": "esri/USA_NAD_Addresses",
        "takeaway": "yes",
        "website": "https://locations.carlsjr.com/az/gilbert/5378-s-power-rd",
        "@geometry": "center"
      },
      "geometry": {
        "type": "Point",
        "coordinates": [
          -111.6874507,
          33.3183018
        ]
      },
      "id": "way/603862900"
    },
    {
      "type": "Feature",
      "properties": {
        "@id": "way/606459800",
        "addr:city": "Caldwell",
        "addr:housenumber": "611",
        "addr:postcode": "83605",
        "addr:state": "ID",
        "addr:street": "North 10th Avenue",
        "amenity": "fast_food",
        "brand": "Carl's Jr.",
        "brand:wikidata": "Q1043486",
        "building": "yes",
        "cuisine": "burger",
        "drive_through": "yes",
        "name": "Carl's Jr.",
        "phone": "+1 208-455-2435",
        "ref": "1101371",
        "source": "microsoft/BuildingFootprints",
        "takeaway": "yes",
        "website": "https://locations.carlsjr.com/id/caldwell/611-n-10th-ave",
        "@geometry": "center"
      },
      "geometry": {
        "type": "Point",
        "coordinates": [
          -116.6802442,
          43.6690648
        ]
      },
      "id": "way/606459800"
    },
    {
      "type": "Feature",
      "properties": {
        "@id": "way/610280648",
        "addr:city": "Clovis",
        "addr:housenumber": "1125",
        "addr:postcode": "93612-0409",
        "addr:state": "CA",
        "addr:street": "Herndon Avenue",
        "amenity": "fast_food",
        "brand": "Carl's Jr.",
        "brand:wikidata": "Q1043486",
        "building": "yes",
        "cuisine": "burger",
        "drive_through": "yes",
        "name": "Carl's Jr.",
        "phone": "+1 559-325-1368",
        "ref": "1100150",
        "takeaway": "yes",
        "website": "https://locations.carlsjr.com/ca/clovis/1125-herndon-ave",
        "@geometry": "center"
      },
      "geometry": {
        "type": "Point",
        "coordinates": [
          -119.6971221,
          36.8377978
        ]
      },
      "id": "way/610280648"
    },
    {
      "type": "Feature",
      "properties": {
        "@id": "node/611549955",
        "addr:city": "Santa Clara",
        "addr:housenumber": "2495",
        "addr:postcode": "95050",
        "addr:state": "CA",
        "addr:street": "Lafayette Street",
        "amenity": "fast_food",
        "brand": "Carl's Jr.",
        "brand:wikidata": "Q1043486",
        "cuisine": "burger",
        "name": "Carl's Jr.",
        "operator": "Carl's Jr.",
        "phone": "+1 408-496-1187",
        "ref": "1101095",
        "takeaway": "yes",
        "website": "https://locations.carlsjr.com/ca/santa-clara/2495-lafayette-st"
      },
      "geometry": {
        "type": "Point",
        "coordinates": [
          -121.949812,
          37.3657883
        ]
      },
      "id": "node/611549955"
    },
    {
      "type": "Feature",
      "properties": {
        "@id": "node/614140907",
        "addr:city": "Foster City",
        "addr:housenumber": "1140",
        "addr:postcode": "94404-1218",
        "addr:state": "CA",
        "addr:street": "Triton Drive",
        "amenity": "fast_food",
        "branch": "& Green Burrito",
        "brand": "Carl's Jr.",
        "brand:wikidata": "Q1043486",
        "cuisine": "burger",
        "drive_through": "yes",
        "name": "Carl's Jr.",
        "phone": "+1 650-349-1221",
        "ref": "1100705",
        "takeaway": "yes",
        "website": "https://locations.carlsjr.com/ca/foster-city/1140-triton-drive"
      },
      "geometry": {
        "type": "Point",
        "coordinates": [
          -122.270473,
          37.5635509
        ]
      },
      "id": "node/614140907"
    },
    {
      "type": "Feature",
      "properties": {
        "@id": "way/621512980",
        "addr:city": "South Salt Lake",
        "addr:housenumber": "16",
        "addr:postcode": "84115",
        "addr:state": "UT",
        "addr:street": "West 3300 South",
        "amenity": "fast_food",
        "brand": "Carl's Jr.",
        "brand:wikidata": "Q1043486",
        "building": "retail",
        "cuisine": "burger",
        "drive_through": "yes",
        "name": "Carl's Jr.",
        "phone": "+1 801-486-6106",
        "ref": "1102786",
        "takeaway": "yes",
        "website": "https://locations.carlsjr.com/ut/south-lake-city/16-w-3300-south",
        "@geometry": "center"
      },
      "geometry": {
        "type": "Point",
        "coordinates": [
          -111.8914991,
          40.7000759
        ]
      },
      "id": "way/621512980"
    },
    {
      "type": "Feature",
      "properties": {
        "@id": "way/621871431",
        "addr:city": "Long Beach",
        "addr:housenumber": "4511",
        "addr:postcode": "90804",
        "addr:state": "CA",
        "addr:street": "Pacific Coast Highway",
        "amenity": "fast_food",
        "brand": "Carl's Jr.",
        "brand:wikidata": "Q1043486",
        "building": "yes",
        "cuisine": "burger",
        "drive_through": "yes",
        "name": "Carl's Jr.",
        "opening_hours": "24/7",
        "outdoor_seating": "no",
        "phone": "+1 562-494-4356",
        "ref": "1102601",
        "takeaway": "yes",
        "website": "https://locations.carlsjr.com/ca/long-beach/4511-e-pacific-coast-hwy",
        "@geometry": "center"
      },
      "geometry": {
        "type": "Point",
        "coordinates": [
          -118.1402037,
          33.7887278
        ]
      },
      "id": "way/621871431"
    },
    {
      "type": "Feature",
      "properties": {
        "@id": "way/625037929",
        "addr:city": "Buena Park",
        "addr:housenumber": "8991",
        "addr:postcode": "90620",
        "addr:state": "CA",
        "addr:street": "Knott Avenue",
        "amenity": "fast_food",
        "brand": "Carl's Jr.",
        "brand:wikidata": "Q1043486",
        "building": "yes",
        "cuisine": "burger",
        "drive_through": "yes",
        "name": "Carl's Jr.",
        "phone": "+1 714-827-7210",
        "ref": "1100357",
        "takeaway": "yes",
        "website": "https://locations.carlsjr.com/ca/buena-park/8991-knott-ave",
        "@geometry": "center"
      },
      "geometry": {
        "type": "Point",
        "coordinates": [
          -118.0113255,
          33.8322388
        ]
      },
      "id": "way/625037929"
    },
    {
      "type": "Feature",
      "properties": {
        "@id": "way/627912783",
        "amenity": "fast_food",
        "brand": "Carl's Jr.",
        "brand:wikidata": "Q1043486",
        "building": "yes",
        "cuisine": "burger",
        "drive_through": "yes",
        "name": "Carl's Jr.",
        "takeaway": "yes",
        "website": "https://locations.carlsjr.com/ak/anchorage/650-w-northern-lights-blvd",
        "@geometry": "center"
      },
      "geometry": {
        "type": "Point",
        "coordinates": [
          -149.8953552,
          61.1948513
        ]
      },
      "id": "way/627912783"
    },
    {
      "type": "Feature",
      "properties": {
        "@id": "way/628220390",
        "addr:city": "Redding",
        "addr:housenumber": "6360",
        "addr:postcode": "96001",
        "addr:state": "CA",
        "addr:street": "West Side Street",
        "amenity": "fast_food",
        "brand": "Carl's Jr.",
        "brand:wikidata": "Q1043486",
        "building": "yes",
        "cuisine": "burger",
        "drive_through": "yes",
        "name": "Carl's Jr.",
        "phone": "+1 530-241-1849",
        "ref": "1100712",
        "takeaway": "yes",
        "website": "https://locations.carlsjr.com/ca/redding/6360-west-side-street",
        "@geometry": "center"
      },
      "geometry": {
        "type": "Point",
        "coordinates": [
          -122.3832287,
          40.5225929
        ]
      },
      "id": "way/628220390"
    },
    {
      "type": "Feature",
      "properties": {
        "@id": "way/647957061",
        "addr:city": "Stanton",
        "addr:housenumber": "11961",
        "addr:postcode": "90680",
        "addr:state": "CA",
        "addr:street": "Beach Boulevard",
        "amenity": "fast_food",
        "brand": "Carl's Jr.",
        "brand:wikidata": "Q1043486",
        "building": "yes",
        "cuisine": "burger",
        "drive_through": "yes",
        "name": "Carl's Jr.",
        "phone": "+1 714-895-5114",
        "ref": "1100580",
        "takeaway": "yes",
        "website": "https://locations.carlsjr.com/ca/stanton/11961-beach-blvd",
        "@geometry": "center"
      },
      "geometry": {
        "type": "Point",
        "coordinates": [
          -117.9934343,
          33.7886569
        ]
      },
      "id": "way/647957061"
    },
    {
      "type": "Feature",
      "properties": {
        "@id": "way/648650372",
        "addr:city": "Carlsbad",
        "addr:country": "US",
        "addr:housenumber": "925",
        "addr:postcode": "92011",
        "addr:state": "CA",
        "addr:street": "Palomar Airport Road",
        "amenity": "fast_food",
        "brand": "Carl's Jr.",
        "brand:wikidata": "Q1043486",
        "building": "retail",
        "cuisine": "burger",
        "drive_through": "yes",
        "name": "Carl's Jr.",
        "phone": "+1 760-438-1132",
        "ref": "1100330",
        "source": "SanGIS Addresses Public Domain (http://www.sangis.org/)",
        "takeaway": "yes",
        "website": "https://locations.carlsjr.com/ca/carlsbad/925-palomar-airport-rd",
        "@geometry": "center"
      },
      "geometry": {
        "type": "Point",
        "coordinates": [
          -117.3183213,
          33.1216755
        ]
      },
      "id": "way/648650372"
    },
    {
      "type": "Feature",
      "properties": {
        "@id": "way/648842227",
        "addr:city": "Redmond",
        "addr:housenumber": "2795",
        "addr:postcode": "97756",
        "addr:state": "OR",
        "addr:street": "South Highway 97",
        "amenity": "fast_food",
        "brand": "Carl's Jr.",
        "brand:wikidata": "Q1043486",
        "building": "yes",
        "cuisine": "burger",
        "name": "Carl's Jr.",
        "phone": "+1 541-548-5553",
        "ref": "1101836",
        "takeaway": "yes",
        "website": "https://locations.carlsjr.com/or/redmond/2795-s-highway-97",
        "@geometry": "center"
      },
      "geometry": {
        "type": "Point",
        "coordinates": [
          -121.1869946,
          44.2494985
        ]
      },
      "id": "way/648842227"
    },
    {
      "type": "Feature",
      "properties": {
        "@id": "way/654631704",
        "addr:city": "Grants Pass",
        "addr:housenumber": "220",
        "addr:postcode": "97526",
        "addr:state": "OR",
        "addr:street": "Northeast Terry Lane",
        "amenity": "fast_food",
        "brand": "Carl's Jr.",
        "brand:wikidata": "Q1043486",
        "building": "yes",
        "cuisine": "burger",
        "drive_through": "yes",
        "name": "Carl's Jr.",
        "phone": "+1 541-244-1717",
        "ref": "1101962",
        "takeaway": "yes",
        "website": "https://locations.carlsjr.com/or/grants-pass/220-ne-terry-ln",
        "@geometry": "center"
      },
      "geometry": {
        "type": "Point",
        "coordinates": [
          -123.3031561,
          42.4371505
        ]
      },
      "id": "way/654631704"
    },
    {
      "type": "Feature",
      "properties": {
        "@id": "way/659620788",
        "addr:city": "Pueblo",
        "addr:housenumber": "102",
        "addr:postcode": "81003",
        "addr:state": "CO",
        "addr:street": "South Santa Fe Avenue",
        "amenity": "fast_food",
        "brand": "Carl's Jr.",
        "brand:wikidata": "Q1043486",
        "building": "yes",
        "building:levels": "1",
        "cuisine": "burger",
        "drive_through": "yes",
        "layer": "1",
        "name": "Carl's Jr.",
        "phone": "+1 719-544-9618",
        "ref": "1101191",
        "takeaway": "yes",
        "website": "https://locations.carlsjr.com/co/pueblo/102-s-santa-fe-ave",
        "@geometry": "center"
      },
      "geometry": {
        "type": "Point",
        "coordinates": [
          -104.6064091,
          38.2676945
        ]
      },
      "id": "way/659620788"
    },
    {
      "type": "Feature",
      "properties": {
        "@id": "way/663309105",
        "addr:city": "Boise",
        "addr:housenumber": "1700",
        "addr:postcode": "83702",
        "addr:state": "ID",
        "addr:street": "West State Street",
        "amenity": "fast_food",
        "brand": "Carl's Jr.",
        "brand:wikidata": "Q1043486",
        "building": "yes",
        "cuisine": "burger",
        "drive_through": "yes",
        "name": "Carl's Jr.",
        "phone": "+1 208-345-1187",
        "ref": "1102240",
        "takeaway": "yes",
        "website": "https://locations.carlsjr.com/id/boise/1700-w-state-st",
        "@geometry": "center"
      },
      "geometry": {
        "type": "Point",
        "coordinates": [
          -116.2111928,
          43.6244028
        ]
      },
      "id": "way/663309105"
    },
    {
      "type": "Feature",
      "properties": {
        "@id": "way/663425413",
        "addr:city": "Boise",
        "addr:housenumber": "226",
        "addr:postcode": "83712",
        "addr:state": "ID",
        "addr:street": "South Broadway Avenue",
        "amenity": "fast_food",
        "brand": "Carl's Jr.",
        "brand:wikidata": "Q1043486",
        "building": "yes",
        "cuisine": "burger",
        "name": "Carl's Jr.",
        "phone": "+1 208-344-7664",
        "ref": "1101217",
        "takeaway": "yes",
        "website": "https://locations.carlsjr.com/id/boise/226-broadway-ave",
        "@geometry": "center"
      },
      "geometry": {
        "type": "Point",
        "coordinates": [
          -116.1927018,
          43.6086619
        ]
      },
      "id": "way/663425413"
    },
    {
      "type": "Feature",
      "properties": {
        "@id": "way/664222813",
        "addr:city": "Lathrop",
        "addr:housenumber": "200",
        "addr:postcode": "95330",
        "addr:state": "CA",
        "addr:street": "East Louise Avenue",
        "amenity": "fast_food",
        "brand": "Carl's Jr.",
        "brand:wikidata": "Q1043486",
        "building": "yes",
        "cuisine": "burger",
        "name": "Carl's Jr.",
        "phone": "+1 209-858-4894",
        "ref": "1100645",
        "takeaway": "yes",
        "website": "https://locations.carlsjr.com/ca/lathrop/200-e-louise-ave",
        "@geometry": "center"
      },
      "geometry": {
        "type": "Point",
        "coordinates": [
          -121.2919659,
          37.811396
        ]
      },
      "id": "way/664222813"
    },
    {
      "type": "Feature",
      "properties": {
        "@id": "way/665215022",
        "addr:city": "Menifee",
        "addr:housenumber": "26100",
        "addr:postcode": "92584",
        "addr:state": "CA",
        "addr:street": "Newport Road",
        "amenity": "fast_food",
        "brand": "Carl's Jr.",
        "brand:wikidata": "Q1043486",
        "building": "yes",
        "cuisine": "burger",
        "drive_through": "yes",
        "name": "Carl's Jr.",
        "phone": "+1 951-679-9887",
        "ref": "1101157",
        "takeaway": "yes",
        "website": "https://locations.carlsjr.com/ca/sun-city/26100-newport-dr",
        "@geometry": "center"
      },
      "geometry": {
        "type": "Point",
        "coordinates": [
          -117.2038275,
          33.6854687
        ]
      },
      "id": "way/665215022"
    },
    {
      "type": "Feature",
      "properties": {
        "@id": "way/669363194",
        "addr:city": "Tucson",
        "addr:housenumber": "3790",
        "addr:postcode": "85741",
        "addr:state": "AZ",
        "addr:street": "West Ina Road",
        "amenity": "fast_food",
        "brand": "Carl's Jr.",
        "brand:wikidata": "Q1043486",
        "building": "yes",
        "cuisine": "burger",
        "drive_through": "yes",
        "name": "Carl's Jr. / Green Burrito",
        "opening_hours": "24/7",
        "phone": "+1 520-744-0392",
        "ref": "1101507",
        "website": "https://locations.carlsjr.com/az/marana/3790-w-ina-rd",
        "@geometry": "center"
      },
      "geometry": {
        "type": "Point",
        "coordinates": [
          -111.0464072,
          32.3380217
        ]
      },
      "id": "way/669363194"
    },
    {
      "type": "Feature",
      "properties": {
        "@id": "way/669386285",
        "addr:city": "Ellensburg",
        "addr:housenumber": "1303",
        "addr:postcode": "98926",
        "addr:state": "WA",
        "addr:street": "Opportunity Street",
        "amenity": "fast_food",
        "brand": "Carl's Jr.",
        "brand:wikidata": "Q1043486",
        "building": "yes",
        "cuisine": "burger",
        "delivery": "no",
        "drive_through": "yes",
        "internet_access": "wlan",
        "name": "Carl's Jr.",
        "opening_hours": "Su-Th 06:00-23:00, Fr-Sa 06:00-23:59",
        "outdoor_seating": "no",
        "phone": "+1-509-933-3006",
        "ref": "1101979",
        "smoking": "no",
        "takeaway": "yes",
        "website": "https://locations.carlsjr.com/wa/ellensburg/1303-s-opportunity-st",
        "@geometry": "center"
      },
      "geometry": {
        "type": "Point",
        "coordinates": [
          -120.5476521,
          46.9804096
        ]
      },
      "id": "way/669386285"
    },
    {
      "type": "Feature",
      "properties": {
        "@id": "way/669388419",
        "addr:city": "Magna",
        "addr:housenumber": "8011",
        "addr:postcode": "84044",
        "addr:state": "UT",
        "addr:street": "West 3500 South",
        "amenity": "fast_food",
        "brand": "Carl's Jr.",
        "brand:wikidata": "Q1043486",
        "building": "yes",
        "cuisine": "burger",
        "name": "Carl's Jr.",
        "phone": "+1 801-508-0057",
        "ref": "1100552",
        "takeaway": "yes",
        "website": "https://locations.carlsjr.com/ut/magna/8011-west-3500-south",
        "@geometry": "center"
      },
      "geometry": {
        "type": "Point",
        "coordinates": [
          -112.0826054,
          40.6961137
        ]
      },
      "id": "way/669388419"
    },
    {
      "type": "Feature",
      "properties": {
        "@id": "way/671941494",
        "addr:city": "Victorville",
        "addr:housenumber": "14503",
        "addr:postcode": "92395",
        "addr:state": "CA",
        "addr:street": "7th Street",
        "amenity": "fast_food",
        "brand": "Carl's Jr.",
        "brand:wikidata": "Q1043486",
        "building": "retail",
        "contact:phone": "+1 760-245-4755",
        "contact:website": "https://locations.carlsjr.com/ca/victorville/14503-7th-st",
        "cuisine": "burger",
        "drive_through": "yes",
        "name": "Carl's Jr.",
        "ref": "1100142",
        "takeaway": "yes",
        "@geometry": "center"
      },
      "geometry": {
        "type": "Point",
        "coordinates": [
          -117.314511,
          34.5144661
        ]
      },
      "id": "way/671941494"
    },
    {
      "type": "Feature",
      "properties": {
        "@id": "way/673450388",
        "addr:city": "Burlington",
        "addr:housenumber": "1543",
        "addr:postcode": "98233",
        "addr:state": "WA",
        "addr:street": "South Burlington Boulevard",
        "amenity": "fast_food",
        "brand": "Carl's Jr.",
        "brand:wikidata": "Q1043486",
        "building": "retail",
        "cuisine": "burger",
        "delivery": "no",
        "internet_access": "no",
        "name": "Carl's Jr.",
        "opening_hours": "Mo-Th,Su 06:00-23:00; Fr-Sa 06:00-00:00",
        "outdoor_seating": "no",
        "phone": "+1-360-899-9470",
        "ref": "1102311",
        "smoking": "no",
        "takeaway": "yes",
        "website": "https://locations.carlsjr.com/wa/burlington/1543-s-burlington-blvd",
        "@geometry": "center"
      },
      "geometry": {
        "type": "Point",
        "coordinates": [
          -122.3362701,
          48.4569227
        ]
      },
      "id": "way/673450388"
    },
    {
      "type": "Feature",
      "properties": {
        "@id": "way/676681221",
        "addr:city": "Meridian",
        "addr:housenumber": "1815",
        "addr:postcode": "83642",
        "addr:state": "ID",
        "addr:street": "South Meridian Road",
        "amenity": "fast_food",
        "brand": "Carl's Jr.",
        "brand:wikidata": "Q1043486",
        "building": "retail",
        "cuisine": "burger",
        "drive_through": "yes",
        "name": "Carl's Jr.",
        "phone": "+1 208-884-2149",
        "ref": "1102241",
        "takeaway": "yes",
        "website": "https://locations.carlsjr.com/id/meridian/1815-s-meridian-rd",
        "@geometry": "center"
      },
      "geometry": {
        "type": "Point",
        "coordinates": [
          -116.3945079,
          43.5885349
        ]
      },
      "id": "way/676681221"
    },
    {
      "type": "Feature",
      "properties": {
        "@id": "way/676765886",
        "addr:city": "Redding",
        "addr:country": "US",
        "addr:housenumber": "1385",
        "addr:postcode": "96003",
        "addr:state": "CA",
        "addr:street": "Churn Creek Road",
        "air_conditioning": "yes",
        "amenity": "fast_food",
        "brand": "Carl's Jr.",
        "brand:wikidata": "Q1043486",
        "building": "yes",
        "cuisine": "burger",
        "drive_through": "yes",
        "name": "Carl's Jr.",
        "phone": "+1 530-221-4362",
        "ref": "1101021",
        "takeaway": "yes",
        "website": "https://locations.carlsjr.com/ca/redding/1385-churn-creek-road",
        "@geometry": "center"
      },
      "geometry": {
        "type": "Point",
        "coordinates": [
          -122.350349,
          40.5869968
        ]
      },
      "id": "way/676765886"
    },
    {
      "type": "Feature",
      "properties": {
        "@id": "way/678748611",
        "addr:city": "Perris",
        "addr:housenumber": "3150",
        "addr:postcode": "92570",
        "addr:state": "CA",
        "addr:street": "Case Road",
        "amenity": "fast_food",
        "brand": "Carl's Jr.",
        "brand:wikidata": "Q1043486",
        "building": "yes",
        "cuisine": "burger",
        "drive_through": "yes",
        "name": "Carl's Jr.",
        "phone": "+1 951-928-2852",
        "ref": "1100692",
        "takeaway": "yes",
        "website": "https://locations.carlsjr.com/ca/perris/3150-case-rd",
        "@geometry": "center"
      },
      "geometry": {
        "type": "Point",
        "coordinates": [
          -117.190691,
          33.7449485
        ]
      },
      "id": "way/678748611"
    },
    {
      "type": "Feature",
      "properties": {
        "@id": "way/681719722",
        "addr:city": "Banning",
        "addr:housenumber": "300",
        "addr:postcode": "92220-6505",
        "addr:state": "CA",
        "addr:street": "South Highland Springs Avenue",
        "amenity": "fast_food",
        "brand": "Carl's Jr.",
        "brand:wikidata": "Q1043486",
        "building": "yes",
        "cuisine": "burger",
        "drive_through": "yes",
        "name": "Carl's Jr.",
        "phone": "+1 951-769-1378",
        "ref": "1100605",
        "takeaway": "yes",
        "website": "https://locations.carlsjr.com/ca/banning/300-s-highland-springs-ave",
        "@geometry": "center"
      },
      "geometry": {
        "type": "Point",
        "coordinates": [
          -116.946364,
          33.9241376
        ]
      },
      "id": "way/681719722"
    },
    {
      "type": "Feature",
      "properties": {
        "@id": "node/682784508",
        "addr:city": "Saint George",
        "addr:housenumber": "136",
        "addr:postcode": "84790",
        "addr:state": "UT",
        "addr:street": "Red Cliffs Drive",
        "amenity": "fast_food",
        "brand": "Carl's Jr.",
        "brand:wikidata": "Q1043486",
        "cuisine": "burger",
        "diet:vegan": "yes",
        "diet:vegetarian": "yes",
        "drive_through": "yes",
        "name": "Carl's Jr.",
        "opening_hours": "Mo-Sa 06:00-22:00; Su 07:00-21:00",
        "phone": "+1 435-674-5622",
        "ref": "1101066",
        "takeaway": "yes",
        "website": "https://locations.carlsjr.com/ut/st.-george/136-red-cliffs-dr",
        "wheelchair": "yes"
      },
      "geometry": {
        "type": "Point",
        "coordinates": [
          -113.553973,
          37.1104548
        ]
      },
      "id": "node/682784508"
    },
    {
      "type": "Feature",
      "properties": {
        "@id": "way/683438941",
        "addr:city": "Tacoma",
        "addr:housenumber": "5925",
        "addr:postcode": "98406",
        "addr:state": "WA",
        "addr:street": "6th Avenue",
        "amenity": "fast_food",
        "brand": "Carl's Jr.",
        "brand:wikidata": "Q1043486",
        "building": "yes",
        "cuisine": "burger",
        "drive_through": "yes",
        "name": "Carl's Jr.",
        "phone": "+1-253-460-3695",
        "ref": "1101612",
        "takeaway": "yes",
        "website": "https://locations.carlsjr.com/wa/tacoma/5925-6th-ave",
        "@geometry": "center"
      },
      "geometry": {
        "type": "Point",
        "coordinates": [
          -122.5183493,
          47.255821
        ]
      },
      "id": "way/683438941"
    },
    {
      "type": "Feature",
      "properties": {
        "@id": "way/686454276",
        "addr:city": "Elk Grove",
        "addr:housenumber": "8401",
        "addr:postcode": "95624",
        "addr:state": "CA",
        "addr:street": "Elk Grove Florin Road",
        "amenity": "fast_food",
        "brand": "Carl's Jr.",
        "brand:wikidata": "Q1043486",
        "building": "yes",
        "cuisine": "burger",
        "drive_through": "yes",
        "name": "Carl's Jr.",
        "phone": "+1 916-681-4038",
        "ref": "1100223",
        "takeaway": "yes",
        "website": "https://locations.carlsjr.com/ca/elk-grove/8401-elk-grove-florin-rd",
        "@geometry": "center"
      },
      "geometry": {
        "type": "Point",
        "coordinates": [
          -121.3712545,
          38.4521478
        ]
      },
      "id": "way/686454276"
    },
    {
      "type": "Feature",
      "properties": {
        "@id": "way/686477544",
        "addr:city": "Elk Grove",
        "addr:housenumber": "8140",
        "addr:postcode": "95758",
        "addr:state": "CA",
        "addr:street": "Sheldon Road",
        "amenity": "fast_food",
        "brand": "Carl's Jr.",
        "brand:wikidata": "Q1043486",
        "building": "yes",
        "cuisine": "burger",
        "drive_through": "yes",
        "name": "Carl's Jr.",
        "phone": "+1 916-681-8923",
        "ref": "1100059",
        "takeaway": "yes",
        "website": "https://locations.carlsjr.com/ca/elk-grove/8140-sheldon-rd",
        "@geometry": "center"
      },
      "geometry": {
        "type": "Point",
        "coordinates": [
          -121.4065861,
          38.4376565
        ]
      },
      "id": "way/686477544"
    },
    {
      "type": "Feature",
      "properties": {
        "@id": "node/691146431",
        "addr:city": "Syracuse",
        "addr:housenumber": "2118",
        "addr:postcode": "84075",
        "addr:state": "UT",
        "addr:street": "West 1700 South",
        "amenity": "fast_food",
        "brand": "Carl's Jr.",
        "brand:wikidata": "Q1043486",
        "check_date": "2025-06-03",
        "cuisine": "burger",
        "drive_through": "yes",
        "name": "Carl's Jr.",
        "opening_hours": "Mo-Sa 07:00-23:00; Su 08:00-21:00",
        "phone": "+1 801-776-6482",
        "ref": "1100335",
        "takeaway": "yes",
        "website": "https://locations.carlsjr.com/ut/syracuse/2118-w-1700-s"
      },
      "geometry": {
        "type": "Point",
        "coordinates": [
          -112.0668932,
          41.0896034
        ]
      },
      "id": "node/691146431"
    },
    {
      "type": "Feature",
      "properties": {
        "@id": "way/693347642",
        "addr:city": "El Paso",
        "addr:housenumber": "10620",
        "addr:postcode": "79935",
        "addr:state": "TX",
        "addr:street": "Montana Avenue",
        "amenity": "fast_food",
        "brand": "Carl's Jr.",
        "brand:wikidata": "Q1043486",
        "building": "yes",
        "cuisine": "burger",
        "name": "Carl's Jr.",
        "phone": "+1 915-591-4250",
        "ref": "1101790",
        "takeaway": "yes",
        "website": "https://locations.carlsjr.com/tx/el-paso/10620-montana-ave",
        "@geometry": "center"
      },
      "geometry": {
        "type": "Point",
        "coordinates": [
          -106.3308054,
          31.7977407
        ]
      },
      "id": "way/693347642"
    },
    {
      "type": "Feature",
      "properties": {
        "@id": "way/694185050",
        "addr:city": "Rio Rancho",
        "addr:housenumber": "751",
        "addr:postcode": "87124",
        "addr:state": "NM",
        "addr:street": "Unser Boulevard",
        "amenity": "fast_food",
        "brand": "Carl's Jr.",
        "brand:wikidata": "Q1043486",
        "building": "yes",
        "cuisine": "burger",
        "drive_through": "yes",
        "name": "Carl's Jr.",
        "opening_hours": "07:00-23:00",
        "phone": "+1 505-891-3443",
        "ref": "1101719",
        "takeaway": "yes",
        "website": "https://locations.carlsjr.com/nm/rio-rancho/751-unser-blvd-se",
        "@geometry": "center"
      },
      "geometry": {
        "type": "Point",
        "coordinates": [
          -106.6974351,
          35.2449991
        ]
      },
      "id": "way/694185050"
    },
    {
      "type": "Feature",
      "properties": {
        "@id": "way/696230902",
        "addr:city": "Fontana",
        "addr:housenumber": "16565",
        "addr:postcode": "92336",
        "addr:state": "CA",
        "addr:street": "Sierra Lakes Parkway",
        "amenity": "fast_food",
        "brand": "Carl's Jr.",
        "brand:wikidata": "Q1043486",
        "building": "yes",
        "cuisine": "burger",
        "drive_through": "yes",
        "name": "Carl's Jr.",
        "phone": "+1 909-428-2704",
        "ref": "1100226",
        "takeaway": "yes",
        "website": "https://locations.carlsjr.com/ca/fontana/16565-sierra-lakes-pkwy",
        "@geometry": "center"
      },
      "geometry": {
        "type": "Point",
        "coordinates": [
          -117.4421502,
          34.138457
        ]
      },
      "id": "way/696230902"
    },
    {
      "type": "Feature",
      "properties": {
        "@id": "way/698835683",
        "addr:city": "Sacramento",
        "addr:housenumber": "8397",
        "addr:postcode": "95826",
        "addr:state": "CA",
        "addr:street": "Folsom Boulevard",
        "amenity": "fast_food",
        "brand": "Carl's Jr.",
        "brand:wikidata": "Q1043486",
        "building": "yes",
        "cuisine": "burger",
        "drive_through": "yes",
        "name": "Carl's Jr.",
        "phone": "+1 916-387-8646",
        "ref": "1100612",
        "takeaway": "yes",
        "website": "https://locations.carlsjr.com/ca/sacramento/8397-folsom-blvd",
        "@geometry": "center"
      },
      "geometry": {
        "type": "Point",
        "coordinates": [
          -121.3938206,
          38.5476168
        ]
      },
      "id": "way/698835683"
    },
    {
      "type": "Feature",
      "properties": {
        "@id": "way/699799671",
        "addr:city": "Victorville",
        "addr:housenumber": "17110",
        "addr:postcode": "92395",
        "addr:state": "CA",
        "addr:street": "Bear Valley Road",
        "amenity": "fast_food",
        "brand": "Carl's Jr.",
        "brand:wikidata": "Q1043486",
        "building": "retail",
        "cuisine": "burger",
        "drive_through": "yes",
        "name": "Carl's Jr.",
        "phone": "+1 760-951-1904",
        "ref": "1100543",
        "takeaway": "yes",
        "website": "https://locations.carlsjr.com/ca/victorville/17110-bear-valley-rd",
        "@geometry": "center"
      },
      "geometry": {
        "type": "Point",
        "coordinates": [
          -117.289096,
          34.471325
        ]
      },
      "id": "way/699799671"
    },
    {
      "type": "Feature",
      "properties": {
        "@id": "way/699946890",
        "addr:city": "Murray",
        "addr:housenumber": "151",
        "addr:postcode": "84107",
        "addr:state": "UT",
        "addr:street": "East 5300 South",
        "air_conditioning": "yes",
        "amenity": "fast_food",
        "brand": "Carl's Jr.",
        "brand:wikidata": "Q1043486",
        "building": "yes",
        "check_date": "2026-05-12",
        "cuisine": "burger",
        "diet:gluten_free": "yes",
        "diet:vegetarian": "yes",
        "drive_through": "yes",
        "name": "Carl's Jr.",
        "opening_hours": "Mo-Sa 05:30-24:00; Su 07:00-22:00",
        "payment:american_express": "yes",
        "payment:cash": "yes",
        "payment:cheque": "yes",
        "payment:debit_cards": "yes",
        "payment:mastercard": "yes",
        "payment:visa": "yes",
        "phone": "+1 801-313-0768",
        "ref": "1100093",
        "source": "Bing",
        "takeaway": "yes",
        "website": "https://locations.carlsjr.com/ut/murray/151-e-5300-s",
        "wheelchair": "yes",
        "@geometry": "center"
      },
      "geometry": {
        "type": "Point",
        "coordinates": [
          -111.8866308,
          40.6563436
        ]
      },
      "id": "way/699946890"
    },
    {
      "type": "Feature",
      "properties": {
        "@id": "way/702088019",
        "addr:city": "Ridgecrest",
        "addr:housenumber": "230",
        "addr:postcode": "93555",
        "addr:state": "CA",
        "addr:street": "South China Lake Boulevard",
        "air_conditioning": "yes",
        "amenity": "fast_food",
        "brand": "Carl's Jr.",
        "brand:wikidata": "Q1043486",
        "building": "retail",
        "cuisine": "burger",
        "delivery": "yes",
        "dog": "no",
        "drive_through": "yes",
        "indoor_seating": "yes",
        "kids_area": "no",
        "name": "Carl's Jr.",
        "opening_hours": "06:00-00:00",
        "outdoor_seating": "no",
        "payment:cards": "yes",
        "payment:cash": "yes",
        "payment:qr_code": "no",
        "phone": "+1 760-375-8280",
        "ref": "1101044",
        "reservation": "no",
        "service:electricity": "no",
        "smoking": "no",
        "source": "usgs_imagery_2008;survey;image",
        "source_ref": "AM909_DSCW1711",
        "takeaway": "yes",
        "website": "https://locations.carlsjr.com/ca/ridgecrest/230-s-china-lake-blvd",
        "wheelchair": "yes",
        "@geometry": "center"
      },
      "geometry": {
        "type": "Point",
        "coordinates": [
          -117.6694187,
          35.6192405
        ]
      },
      "id": "way/702088019"
    },
    {
      "type": "Feature",
      "properties": {
        "@id": "node/704266607",
        "addr:city": "Rancho Cordova",
        "addr:housenumber": "2300",
        "addr:postcode": "95670",
        "addr:state": "CA",
        "addr:street": "Sunrise Boulevard",
        "amenity": "fast_food",
        "brand": "Carl's Jr.",
        "brand:wikidata": "Q1043486",
        "cuisine": "burger",
        "drive_through": "yes",
        "name": "Carl's Jr.",
        "phone": "+1 916-859-0706",
        "ref": "1100043",
        "takeaway": "yes",
        "website": "https://locations.carlsjr.com/ca/rancho-cordova/2300-sunrise-blvd"
      },
      "geometry": {
        "type": "Point",
        "coordinates": [
          -121.2688555,
          38.6177464
        ]
      },
      "id": "node/704266607"
    },
    {
      "type": "Feature",
      "properties": {
        "@id": "way/705304148",
        "addr:city": "Indio",
        "addr:housenumber": "42225",
        "addr:postcode": "92203",
        "addr:state": "CA",
        "addr:street": "Jackson Street",
        "amenity": "fast_food",
        "brand": "Carl's Jr.",
        "brand:wikidata": "Q1043486",
        "building": "yes",
        "cuisine": "burger",
        "drive_through": "yes",
        "name": "Carl's Jr.",
        "phone": "+1 760-347-6149",
        "ref": "1102378",
        "takeaway": "yes",
        "website": "https://locations.carlsjr.com/ca/indio/42225-jackson-st",
        "@geometry": "center"
      },
      "geometry": {
        "type": "Point",
        "coordinates": [
          -116.2170583,
          33.7424479
        ]
      },
      "id": "way/705304148"
    },
    {
      "type": "Feature",
      "properties": {
        "@id": "way/705785077",
        "addr:city": "Albuquerque",
        "addr:housenumber": "1401",
        "addr:postcode": "87107",
        "addr:state": "NM",
        "addr:street": "Renaissance Boulevard Northeast",
        "amenity": "fast_food",
        "brand": "Carl's Jr.",
        "brand:wikidata": "Q1043486",
        "building": "yes",
        "cuisine": "burger",
        "drive_through": "yes",
        "name": "Carl's Jr.",
        "phone": "+1 505-341-2322",
        "ref": "1101368",
        "takeaway": "yes",
        "website": "https://locations.carlsjr.com/nm/albuquerque/1401-renaissance-blvd-ne",
        "@geometry": "center"
      },
      "geometry": {
        "type": "Point",
        "coordinates": [
          -106.6156661,
          35.1378887
        ]
      },
      "id": "way/705785077"
    },
    {
      "type": "Feature",
      "properties": {
        "@id": "way/705822473",
        "addr:city": "Tucson",
        "addr:housenumber": "3289",
        "addr:postcode": "85706",
        "addr:state": "AZ",
        "addr:street": "East Valencia Road",
        "amenity": "fast_food",
        "brand": "Carl's Jr.",
        "brand:wikidata": "Q1043486",
        "building": "yes",
        "cuisine": "burger",
        "drive_through": "yes",
        "name": "Carl's Jr.",
        "phone": "+1 520-295-3536",
        "ref": "1101497",
        "takeaway": "yes",
        "website": "https://locations.carlsjr.com/az/tucson/3289-e-valencia-rd",
        "@geometry": "center"
      },
      "geometry": {
        "type": "Point",
        "coordinates": [
          -110.9221918,
          32.1346906
        ]
      },
      "id": "way/705822473"
    },
    {
      "type": "Feature",
      "properties": {
        "@id": "way/706581867",
        "addr:city": "Rancho Cucamonga",
        "addr:housenumber": "7359",
        "addr:postcode": "91730",
        "addr:state": "CA",
        "addr:street": "Milliken Avenue",
        "amenity": "fast_food",
        "brand": "Carl's Jr.",
        "brand:wikidata": "Q1043486",
        "building": "yes",
        "cuisine": "burger",
        "drive_through": "yes",
        "name": "Carl's Jr.",
        "outdoor_seating": "yes",
        "phone": "+1 909-941-3795",
        "ref": "1100643",
        "source": "local knowledge",
        "takeaway": "yes",
        "website": "https://locations.carlsjr.com/ca/rancho-cucamonga/7359-milliken-ave",
        "@geometry": "center"
      },
      "geometry": {
        "type": "Point",
        "coordinates": [
          -117.5580214,
          34.1203168
        ]
      },
      "id": "way/706581867"
    },
    {
      "type": "Feature",
      "properties": {
        "@id": "way/706811278",
        "addr:city": "Riverside",
        "addr:housenumber": "3483",
        "addr:postcode": "92504",
        "addr:state": "CA",
        "addr:street": "Madison Street",
        "amenity": "fast_food",
        "brand": "Carl's Jr.",
        "brand:wikidata": "Q1043486",
        "building": "yes",
        "cuisine": "burger",
        "drive_through": "yes",
        "name": "Carl's Jr.",
        "phone": "+1 951-351-8792",
        "ref": "1100530",
        "takeaway": "yes",
        "website": "https://locations.carlsjr.com/ca/riverside/3483-madison-street",
        "@geometry": "center"
      },
      "geometry": {
        "type": "Point",
        "coordinates": [
          -117.4047669,
          33.9366586
        ]
      },
      "id": "way/706811278"
    },
    {
      "type": "Feature",
      "properties": {
        "@id": "way/707171035",
        "addr:city": "Corona",
        "addr:housenumber": "230",
        "addr:postcode": "92882",
        "addr:state": "CA",
        "addr:street": "West Foothill Parkway",
        "air_conditioning": "yes",
        "amenity": "fast_food",
        "brand": "Carl's Jr.",
        "brand:wikidata": "Q1043486",
        "building": "yes",
        "cuisine": "burger",
        "diet:gluten_free": "yes",
        "diet:vegan": "yes",
        "diet:vegetarian": "yes",
        "drive_through": "yes",
        "indoor_seating": "yes",
        "name": "Carl's Jr.",
        "opening_hours": "Mo-Sa 06:00-24:00, Su 07:00-23:00",
        "outdoor_seating": "no",
        "phone": "+1 951-738-0809",
        "takeaway": "yes",
        "website": "https://locations.carlsjr.com/ca/corona/230-w-foothill-pkwy",
        "wheelchair": "yes",
        "@geometry": "center"
      },
      "geometry": {
        "type": "Point",
        "coordinates": [
          -117.5739611,
          33.8446202
        ]
      },
      "id": "way/707171035"
    },
    {
      "type": "Feature",
      "properties": {
        "@id": "way/709099808",
        "addr:city": "Wichita Falls",
        "addr:housenumber": "2053",
        "addr:postcode": "76306",
        "addr:state": "TX",
        "addr:street": "Loop 11",
        "amenity": "fast_food",
        "brand": "Carl's Jr.",
        "brand:wikidata": "Q1043486",
        "building": "yes",
        "cuisine": "burger",
        "drive_through": "yes",
        "name": "Carl's Jr.",
        "opening_hours": "Su 07:00-22:00; Mo-Th 06:00-22:00; Fr-Sa 06:00-23:00",
        "phone": "+1 940-855-1771",
        "ref": "1101678",
        "takeaway": "yes",
        "website": "https://locations.carlsjr.com/tx/wichita-falls/2053-loop-11",
        "@geometry": "center"
      },
      "geometry": {
        "type": "Point",
        "coordinates": [
          -98.5321713,
          33.9454544
        ]
      },
      "id": "way/709099808"
    },
    {
      "type": "Feature",
      "properties": {
        "@id": "way/712388154",
        "amenity": "fast_food",
        "brand": "Carl's Jr.",
        "brand:wikidata": "Q1043486",
        "building": "yes",
        "cuisine": "burger",
        "drive_through": "yes",
        "name": "Carl's Jr.",
        "takeaway": "yes",
        "@geometry": "center"
      },
      "geometry": {
        "type": "Point",
        "coordinates": [
          -117.1803489,
          33.9378508
        ]
      },
      "id": "way/712388154"
    },
    {
      "type": "Feature",
      "properties": {
        "@id": "way/717292596",
        "addr:city": "San Diego",
        "addr:country": "US",
        "addr:housenumber": "6566",
        "addr:postcode": "92120",
        "addr:state": "CA",
        "addr:street": "Mission Gorge Road",
        "amenity": "fast_food",
        "brand": "Carl's Jr.",
        "brand:wikidata": "Q1043486",
        "building": "commercial",
        "check_date": "2023-10-07",
        "cuisine": "burger",
        "drive_through": "yes",
        "name": "Carl's Jr.",
        "opening_hours": "Mo-Su 06:00-22:00",
        "phone": "+1 619-281-9813",
        "ref": "1100157",
        "sangis:OBJECTID": "13190",
        "sangis:TYPE": "Commercial",
        "source": "SanGIS Footprints_Nonresidential_SD public domain (http://www.sangis.org/);SanGIS Addresses Public Domain (http://www.sangis.org/);SanGIS Business Sites Public Domain (http://www.sangis.org/)",
        "takeaway": "yes",
        "website": "https://locations.carlsjr.com/ca/san-diego/6566-mission-gorge-road",
        "website:menu": "http://order.carlsjr.com",
        "@geometry": "center"
      },
      "geometry": {
        "type": "Point",
        "coordinates": [
          -117.0979866,
          32.7925756
        ]
      },
      "id": "way/717292596"
    },
    {
      "type": "Feature",
      "properties": {
        "@id": "way/722819505",
        "addr:city": "Chula Vista",
        "addr:country": "US",
        "addr:housenumber": "1100",
        "addr:postcode": "91911",
        "addr:state": "CA",
        "addr:street": "Broadway",
        "amenity": "fast_food",
        "brand": "Carl's Jr.",
        "brand:wikidata": "Q1043486",
        "building": "yes",
        "cuisine": "burger",
        "name": "Carl's Jr.",
        "phone": "+1 619-426-1609",
        "ref": "1100546",
        "source": "SanGIS Addresses Public Domain (http://www.sangis.org/)",
        "takeaway": "yes",
        "website": "https://locations.carlsjr.com/ca/chula-vista/1100-broadway",
        "@geometry": "center"
      },
      "geometry": {
        "type": "Point",
        "coordinates": [
          -117.0816774,
          32.6098898
        ]
      },
      "id": "way/722819505"
    },
    {
      "type": "Feature",
      "properties": {
        "@id": "way/723617075",
        "addr:city": "El Paso",
        "addr:housenumber": "6031",
        "addr:postcode": "79912",
        "addr:state": "TX",
        "addr:street": "North Mesa Street",
        "amenity": "fast_food",
        "brand": "Carl's Jr.",
        "brand:wikidata": "Q1043486",
        "building": "yes",
        "cuisine": "burger",
        "name": "Carl's Jr.",
        "phone": "+1 915-584-4763",
        "ref": "1101745",
        "takeaway": "yes",
        "website": "https://locations.carlsjr.com/tx/el-paso/6031-n-mesa-st",
        "@geometry": "center"
      },
      "geometry": {
        "type": "Point",
        "coordinates": [
          -106.5306805,
          31.8303979
        ]
      },
      "id": "way/723617075"
    },
    {
      "type": "Feature",
      "properties": {
        "@id": "way/728279193",
        "addr:city": "Hemet",
        "addr:housenumber": "3413",
        "addr:postcode": "92545",
        "addr:state": "CA",
        "addr:street": "West Florida Avenue",
        "air_conditioning": "yes",
        "amenity": "fast_food",
        "brand": "Carl's Jr.",
        "brand:wikidata": "Q1043486",
        "building": "retail",
        "cuisine": "burger",
        "diet:vegetarian": "no",
        "drive_through": "yes",
        "name": "Carl's Jr.",
        "opening_hours": "24/7",
        "phone": "+1 951-652-3086",
        "ref": "1100014",
        "takeaway": "yes",
        "website": "https://locations.carlsjr.com/ca/hemet/3413-w-florida-ave",
        "wheelchair": "yes",
        "@geometry": "center"
      },
      "geometry": {
        "type": "Point",
        "coordinates": [
          -117.0085955,
          33.7468473
        ]
      },
      "id": "way/728279193"
    },
    {
      "type": "Feature",
      "properties": {
        "@id": "way/731783409",
        "addr:city": "Salem",
        "addr:housenumber": "1501",
        "addr:postcode": "97301-1963",
        "addr:state": "OR",
        "addr:street": "Lancaster Drive Northeast",
        "amenity": "fast_food",
        "brand": "Carl's Jr.",
        "brand:wikidata": "Q1043486",
        "building": "yes",
        "cuisine": "burger",
        "name": "Carl's Jr.",
        "phone": "+1 503-391-0500",
        "ref": "1101068",
        "takeaway": "yes",
        "website": "https://locations.carlsjr.com/or/salem/1501-lancaster-dr.-ne",
        "@geometry": "center"
      },
      "geometry": {
        "type": "Point",
        "coordinates": [
          -122.984182,
          44.948064
        ]
      },
      "id": "way/731783409"
    },
    {
      "type": "Feature",
      "properties": {
        "@id": "way/732998107",
        "amenity": "fast_food",
        "brand": "Carl's Jr.",
        "brand:wikidata": "Q1043486",
        "building": "yes",
        "contact:facebook": "2019-10-09",
        "cuisine": "burger",
        "name": "Carl's Jr.",
        "takeaway": "yes",
        "wheelchair": "yes",
        "@geometry": "center"
      },
      "geometry": {
        "type": "Point",
        "coordinates": [
          -118.919646,
          34.3955955
        ]
      },
      "id": "way/732998107"
    },
    {
      "type": "Feature",
      "properties": {
        "@id": "way/734456732",
        "addr:city": "Prescott Valley",
        "addr:housenumber": "5785",
        "addr:postcode": "86134",
        "addr:state": "AZ",
        "addr:street": "East State Route 69",
        "amenity": "fast_food",
        "brand": "Carl's Jr.",
        "brand:wikidata": "Q1043486",
        "cuisine": "burger",
        "drive_through": "yes",
        "name": "Carl's Jr.",
        "phone": "+1 928-778-7366",
        "ref": "1102049",
        "takeaway": "yes",
        "website": "https://locations.carlsjr.com/az/prescott-valley/5785-e-state-route-69",
        "@geometry": "center"
      },
      "geometry": {
        "type": "Point",
        "coordinates": [
          -112.3629385,
          34.5778247
        ]
      },
      "id": "way/734456732"
    },
    {
      "type": "Feature",
      "properties": {
        "@id": "way/737128137",
        "addr:city": "Chino",
        "addr:housenumber": "7069",
        "addr:postcode": "91710",
        "addr:state": "CA",
        "addr:street": "Schaefer Avenue",
        "amenity": "fast_food",
        "brand": "Carl's Jr.",
        "brand:wikidata": "Q1043486",
        "building": "yes",
        "cuisine": "burger",
        "drive_through": "yes",
        "name": "Carl's Jr.",
        "phone": "+1 909-364-8013",
        "ref": "1100458",
        "takeaway": "yes",
        "website": "https://locations.carlsjr.com/ca/chino/7069-schaefer-ave",
        "@geometry": "center"
      },
      "geometry": {
        "type": "Point",
        "coordinates": [
          -117.6513154,
          34.0033746
        ]
      },
      "id": "way/737128137"
    },
    {
      "type": "Feature",
      "properties": {
        "@id": "way/738909691",
        "addr:city": "Albuquerque",
        "addr:housenumber": "1312",
        "addr:postcode": "87112",
        "addr:state": "NM",
        "addr:street": "Eubank Avenue Northeast",
        "amenity": "fast_food",
        "brand": "Carl's Jr.",
        "brand:wikidata": "Q1043486",
        "building": "yes",
        "cuisine": "burger",
        "name": "Carl's Jr.",
        "phone": "+1 505-296-6564",
        "ref": "1101316",
        "takeaway": "yes",
        "website": "https://locations.carlsjr.com/nm/albuquerque/1312-eubank-ave-ne",
        "@geometry": "center"
      },
      "geometry": {
        "type": "Point",
        "coordinates": [
          -106.5322647,
          35.09425
        ]
      },
      "id": "way/738909691"
    },
    {
      "type": "Feature",
      "properties": {
        "@id": "way/741327481",
        "addr:city": "Chino",
        "addr:housenumber": "12005",
        "addr:postcode": "91710",
        "addr:state": "CA",
        "addr:street": "Central Avenue",
        "air_conditioning": "yes",
        "amenity": "fast_food",
        "brand": "Carl's Jr.",
        "brand:wikidata": "Q1043486",
        "building": "yes",
        "cuisine": "burger",
        "drive_through": "yes",
        "name": "Carl's Jr.",
        "phone": "+1 909-628-2787",
        "ref": "1100109",
        "takeaway": "yes",
        "website": "https://locations.carlsjr.com/ca/chino/12005-central-ave",
        "@geometry": "center"
      },
      "geometry": {
        "type": "Point",
        "coordinates": [
          -117.6891267,
          34.0352502
        ]
      },
      "id": "way/741327481"
    },
    {
      "type": "Feature",
      "properties": {
        "@id": "way/742353605",
        "addr:city": "Ontario",
        "addr:housenumber": "2421",
        "addr:postcode": "91761",
        "addr:state": "CA",
        "addr:street": "So Vineyard Avenue",
        "amenity": "fast_food",
        "branch": "Green Burrito",
        "brand": "Carl's Jr.",
        "brand:wikidata": "Q1043486",
        "brand_1": "Green Burrito",
        "building": "yes",
        "cuisine": "burger",
        "drive_through": "yes",
        "name": "Carl's Jr.",
        "phone": "+1 909-947-2594",
        "ref": "1100501",
        "source": "bing_imagery_0.06m_200701;survey;image",
        "source_ref": "AM909_DSCX0689",
        "takeaway": "yes",
        "website": "https://locations.carlsjr.com/ca/ontario/2421-so-vineyard-ave.",
        "@geometry": "center"
      },
      "geometry": {
        "type": "Point",
        "coordinates": [
          -117.6105359,
          34.0296401
        ]
      },
      "id": "way/742353605"
    },
    {
      "type": "Feature",
      "properties": {
        "@id": "way/742747791",
        "addr:city": "Santa Rosa",
        "addr:housenumber": "495",
        "addr:postcode": "95401",
        "addr:state": "CA",
        "addr:street": "Stony Point",
        "amenity": "fast_food",
        "brand": "Carl's Jr.",
        "brand:wikidata": "Q1043486",
        "building": "yes",
        "cuisine": "burger",
        "name": "Carl's Jr.",
        "phone": "+1 707-571-7775",
        "ref": "1100862",
        "takeaway": "yes",
        "website": "https://locations.carlsjr.com/ca/santa-rosa/495-stony-point",
        "@geometry": "center"
      },
      "geometry": {
        "type": "Point",
        "coordinates": [
          -122.7428321,
          38.4335066
        ]
      },
      "id": "way/742747791"
    },
    {
      "type": "Feature",
      "properties": {
        "@id": "way/743420691",
        "addr:city": "Salinas",
        "addr:housenumber": "400",
        "addr:postcode": "93901",
        "addr:state": "CA",
        "addr:street": "East Market Street",
        "amenity": "fast_food",
        "brand": "Carl's Jr.",
        "brand:wikidata": "Q1043486",
        "building": "yes",
        "check_date": "2023-11-17",
        "cuisine": "burger",
        "drive_through": "yes",
        "name": "Carl's Jr.",
        "phone": "+1 831-770-1660",
        "ref": "1101478",
        "roof:shape": "flat",
        "takeaway": "yes",
        "website": "https://locations.carlsjr.com/ca/salinas/400-e-market-st",
        "@geometry": "center"
      },
      "geometry": {
        "type": "Point",
        "coordinates": [
          -121.6423899,
          36.6776136
        ]
      },
      "id": "way/743420691"
    },
    {
      "type": "Feature",
      "properties": {
        "@id": "way/743453576",
        "addr:city": "Salem",
        "addr:housenumber": "1135",
        "addr:postcode": "97317-5838",
        "addr:state": "OR",
        "addr:street": "Lancaster Drive Southeast",
        "amenity": "fast_food",
        "brand": "Carl's Jr.",
        "brand:wikidata": "Q1043486",
        "building": "yes",
        "cuisine": "burger",
        "drive_through": "yes",
        "name": "Carl's Jr.",
        "phone": "+1 503-371-4100",
        "ref": "1101156",
        "takeaway": "yes",
        "website": "https://locations.carlsjr.com/or/salem/1135-lancaster-dr-se",
        "@geometry": "center"
      },
      "geometry": {
        "type": "Point",
        "coordinates": [
          -122.9806555,
          44.9148849
        ]
      },
      "id": "way/743453576"
    },
    {
      "type": "Feature",
      "properties": {
        "@id": "way/744264885",
        "addr:city": "San Jose",
        "addr:housenumber": "2802",
        "addr:postcode": "95148",
        "addr:state": "CA",
        "addr:street": "South White Road",
        "amenity": "fast_food",
        "brand": "Carl's Jr.",
        "brand:wikidata": "Q1043486",
        "building": "yes",
        "cuisine": "burger",
        "ele": "54.91",
        "height": "3.49",
        "name": "Carl's Jr.",
        "phone": "+1 408-238-3821",
        "ref": "1101048",
        "takeaway": "yes",
        "website": "https://locations.carlsjr.com/ca/san-jose/2802-s-white-rd",
        "@geometry": "center"
      },
      "geometry": {
        "type": "Point",
        "coordinates": [
          -121.7963193,
          37.3244032
        ]
      },
      "id": "way/744264885"
    },
    {
      "type": "Feature",
      "properties": {
        "@id": "way/749019623",
        "amenity": "fast_food",
        "brand": "Carl's Jr.",
        "brand:wikidata": "Q1043486",
        "building": "yes",
        "check_date": "2026-03-04",
        "cuisine": "burger",
        "name": "Jack in the Box",
        "takeaway": "yes",
        "@geometry": "center"
      },
      "geometry": {
        "type": "Point",
        "coordinates": [
          -123.0288692,
          44.9690341
        ]
      },
      "id": "way/749019623"
    },
    {
      "type": "Feature",
      "properties": {
        "@id": "way/752127807",
        "addr:floor": "1",
        "addr:housenumber": "887",
        "addr:street": "South Westlake Boulevard",
        "amenity": "fast_food",
        "brand": "Carl's Jr.",
        "brand:wikidata": "Q1043486",
        "building": "retail",
        "check_date": "2024-05-25",
        "cuisine": "burger",
        "level": "0",
        "name": "Carl's Jr.",
        "payment:cash": "yes",
        "payment:credit_cards": "yes",
        "payment:debit_cards": "yes",
        "takeaway": "yes",
        "wheelchair": "yes",
        "@geometry": "center"
      },
      "geometry": {
        "type": "Point",
        "coordinates": [
          -118.8278362,
          34.1545394
        ]
      },
      "id": "way/752127807"
    },
    {
      "type": "Feature",
      "properties": {
        "@id": "way/754960567",
        "addr:city": "Mesa",
        "addr:housenumber": "4515",
        "addr:postcode": "85205",
        "addr:state": "AZ",
        "addr:street": "East McKellips Road",
        "air_conditioning": "yes",
        "amenity": "fast_food",
        "brand": "Carl's Jr.",
        "brand:wikidata": "Q1043486",
        "building": "commercial",
        "cuisine": "burger",
        "drive_through": "yes",
        "name": "Carl's Jr.",
        "phone": "+1 480-985-9260",
        "ref": "1101539",
        "source": "esri/USA_NAD_Addresses",
        "takeaway": "yes",
        "website": "https://locations.carlsjr.com/az/mesa/4515-e-mckellips-rd",
        "@geometry": "center"
      },
      "geometry": {
        "type": "Point",
        "coordinates": [
          -111.7340506,
          33.4511224
        ]
      },
      "id": "way/754960567"
    },
    {
      "type": "Feature",
      "properties": {
        "@id": "way/757876438",
        "addr:city": "Eagle Point",
        "addr:housenumber": "78",
        "addr:postcode": "97524",
        "addr:state": "OR",
        "addr:street": "West Linn Road",
        "amenity": "fast_food",
        "brand": "Carl's Jr.",
        "brand:wikidata": "Q1043486",
        "building": "yes",
        "building:levels": "1",
        "cuisine": "burger",
        "drive_through": "yes",
        "name": "Carl's Jr.",
        "opening_hours": "Su-Th 06:00-23:00; Fr-Sa 06:00-24:00",
        "phone": "+1-541-879-0699",
        "ref": "1101805",
        "takeaway": "yes",
        "website": "https://locations.carlsjr.com/or/eagle-point/78-w-linn-rd",
        "@geometry": "center"
      },
      "geometry": {
        "type": "Point",
        "coordinates": [
          -122.8131674,
          42.4724229
        ]
      },
      "id": "way/757876438"
    },
    {
      "type": "Feature",
      "properties": {
        "@id": "way/761306438",
        "addr:city": "National City",
        "addr:housenumber": "1502",
        "addr:postcode": "91950",
        "addr:state": "CA",
        "addr:street": "SWEETWATER",
        "amenity": "fast_food",
        "brand": "Carl's Jr.",
        "brand:wikidata": "Q1043486",
        "building": "yes",
        "cuisine": "burger",
        "name": "Carl's Jr.",
        "phone": "+1 619-474-4382",
        "ref": "1100261",
        "source": "SanGIS Business Sites Public Domain (http://www.sangis.org/)",
        "takeaway": "yes",
        "website": "https://locations.carlsjr.com/ca/national-city/1502-sweetwater",
        "@geometry": "center"
      },
      "geometry": {
        "type": "Point",
        "coordinates": [
          -117.0838304,
          32.6607114
        ]
      },
      "id": "way/761306438"
    },
    {
      "type": "Feature",
      "properties": {
        "@id": "way/762930440",
        "addr:city": "Simi Valley",
        "addr:housenumber": "5786",
        "addr:postcode": "93063",
        "addr:state": "CA",
        "addr:street": "East Los Angeles Avenue",
        "amenity": "fast_food",
        "brand": "Carl's Jr.",
        "brand:wikidata": "Q1043486",
        "building": "yes",
        "cuisine": "burger",
        "drive_through": "yes",
        "name": "Carl's Jr.",
        "phone": "+1 805-581-1162",
        "ref": "1100377",
        "takeaway": "yes",
        "website": "https://locations.carlsjr.com/ca/simi-valley/5786-e-los-angeles-avenue",
        "@geometry": "center"
      },
      "geometry": {
        "type": "Point",
        "coordinates": [
          -118.6792753,
          34.2713335
        ]
      },
      "id": "way/762930440"
    },
    {
      "type": "Feature",
      "properties": {
        "@id": "way/765284381",
        "addr:city": "Mission Viejo",
        "addr:housenumber": "27092",
        "addr:postcode": "92692",
        "addr:state": "CA",
        "addr:street": "La Paz Road",
        "amenity": "fast_food",
        "brand": "Carl's Jr.",
        "brand:wikidata": "Q1043486",
        "building": "yes",
        "cuisine": "burger",
        "drive_through": "yes",
        "height": "4.2",
        "name": "Carl's Jr.",
        "phone": "+1 949-581-2960",
        "ref": "1100112",
        "takeaway": "yes",
        "website": "https://locations.carlsjr.com/ca/mission-viejo/27092-la-paz-rd",
        "@geometry": "center"
      },
      "geometry": {
        "type": "Point",
        "coordinates": [
          -117.6574237,
          33.5963842
        ]
      },
      "id": "way/765284381"
    },
    {
      "type": "Feature",
      "properties": {
        "@id": "way/765531978",
        "addr:city": "Newbury Park",
        "addr:housenumber": "411",
        "addr:postcode": "91320",
        "addr:state": "CA",
        "addr:street": "South Reino Road",
        "amenity": "fast_food",
        "brand": "Carl's Jr.",
        "brand:wikidata": "Q1043486",
        "building": "yes",
        "cuisine": "burger",
        "name": "Carl's Jr.",
        "phone": "+1 805-499-0014",
        "ref": "1100246",
        "takeaway": "yes",
        "website": "https://locations.carlsjr.com/ca/newbury-park/411-south-reino-road",
        "@geometry": "center"
      },
      "geometry": {
        "type": "Point",
        "coordinates": [
          -118.9552804,
          34.1714453
        ]
      },
      "id": "way/765531978"
    },
    {
      "type": "Feature",
      "properties": {
        "@id": "way/765934972",
        "addr:city": "Madera",
        "addr:housenumber": "1305",
        "addr:postcode": "93638",
        "addr:state": "CA",
        "addr:street": "Country Club Drive",
        "amenity": "fast_food",
        "brand": "Carl's Jr.",
        "brand:wikidata": "Q1043486",
        "building": "yes",
        "cuisine": "burger",
        "drive_through": "yes",
        "name": "Carl's Jr.",
        "phone": "+1 559-674-9772",
        "ref": "1100621",
        "takeaway": "yes",
        "website": "https://locations.carlsjr.com/ca/madera/1305-country-club-drive",
        "wheelchair": "yes",
        "@geometry": "center"
      },
      "geometry": {
        "type": "Point",
        "coordinates": [
          -120.07376,
          36.9775146
        ]
      },
      "id": "way/765934972"
    },
    {
      "type": "Feature",
      "properties": {
        "@id": "way/770994822",
        "addr:city": "Chowchilla",
        "addr:housenumber": "125",
        "addr:postcode": "93610-9301",
        "addr:state": "CA",
        "addr:street": "South Chowchilla Boulevard",
        "amenity": "fast_food",
        "brand": "Carl's Jr.",
        "brand:wikidata": "Q1043486",
        "building": "yes",
        "cuisine": "burger",
        "name": "Carl's Jr.",
        "phone": "+1 559-665-7136",
        "ref": "1101183",
        "source": "Esri",
        "takeaway": "yes",
        "website": "https://locations.carlsjr.com/ca/chowchilla/125-s-chowchilla-blvd",
        "@geometry": "center"
      },
      "geometry": {
        "type": "Point",
        "coordinates": [
          -120.2555022,
          37.1251585
        ]
      },
      "id": "way/770994822"
    },
    {
      "type": "Feature",
      "properties": {
        "@id": "node/772704857",
        "addr:city": "San Gabriel",
        "addr:housenumber": "1900",
        "addr:postcode": "91776",
        "addr:state": "CA",
        "addr:street": "San Gabriel Boulevard",
        "amenity": "fast_food",
        "brand": "Carl's Jr.",
        "brand:wikidata": "Q1043486",
        "check_date": "2026-01-19",
        "contact:yelp": "https://www.yelp.com/biz/carls-jr-san-gabriel-2",
        "cuisine": "burger",
        "drive_through": "yes",
        "level": "0",
        "name": "Carl's Jr.",
        "phone": "+1 626-573-8480",
        "ref": "1100189",
        "source": "survey",
        "takeaway": "yes",
        "website": "https://locations.carlsjr.com/ca/san-gabriel/1900-san-gabriel-blvd"
      },
      "geometry": {
        "type": "Point",
        "coordinates": [
          -118.090277,
          34.0746425
        ]
      },
      "id": "node/772704857"
    },
    {
      "type": "Feature",
      "properties": {
        "@id": "way/773055489",
        "addr:city": "Carson City",
        "addr:housenumber": "1250",
        "addr:state": "NV",
        "addr:street": "South Carson Street",
        "amenity": "fast_food",
        "brand": "Carl’s Jr.",
        "brand:wikidata": "Q1043486",
        "building": "retail",
        "cuisine": "burger",
        "drive_through": "yes",
        "name": "Carl’s Jr.",
        "takeaway": "yes",
        "@geometry": "center"
      },
      "geometry": {
        "type": "Point",
        "coordinates": [
          -119.7674351,
          39.1559771
        ]
      },
      "id": "way/773055489"
    },
    {
      "type": "Feature",
      "properties": {
        "@id": "way/776330719",
        "addr:city": "Herriman",
        "addr:housenumber": "5402",
        "addr:postcode": "84096",
        "addr:state": "UT",
        "addr:street": "West 13400 South",
        "amenity": "fast_food",
        "brand": "Carl's Jr.",
        "brand:wikidata": "Q1043486",
        "building": "yes",
        "cuisine": "burger",
        "name": "Carl's Jr.",
        "phone": "+1 801-792-1220",
        "ref": "1102654",
        "takeaway": "yes",
        "website": "https://locations.carlsjr.com/ut/herriman/5402-w-13400-s",
        "@geometry": "center"
      },
      "geometry": {
        "type": "Point",
        "coordinates": [
          -112.0194526,
          40.5083132
        ]
      },
      "id": "way/776330719"
    },
    {
      "type": "Feature",
      "properties": {
        "@id": "way/779656140",
        "addr:city": "San Diego",
        "addr:housenumber": "16613",
        "addr:postcode": "92127",
        "addr:state": "CA",
        "addr:street": "Dove Canyon Road",
        "amenity": "fast_food",
        "brand": "Carl's Jr.",
        "brand:wikidata": "Q1043486",
        "building": "yes",
        "cuisine": "coffee_shop",
        "drive_through": "yes",
        "layer": "1",
        "name": "Starbucks",
        "ref": "1102264",
        "takeaway": "yes",
        "@geometry": "center"
      },
      "geometry": {
        "type": "Point",
        "coordinates": [
          -117.1105704,
          33.01459
        ]
      },
      "id": "way/779656140"
    },
    {
      "type": "Feature",
      "properties": {
        "@id": "way/780246929",
        "brand": "Carl's Jr.",
        "brand:wikidata": "Q1043486",
        "building": "commercial",
        "check_date": "2025-12-18",
        "cuisine": "burger",
        "disused:amenity": "fast_food",
        "drive_through": "yes",
        "name": "Carl's Jr.",
        "takeaway": "yes",
        "@geometry": "center"
      },
      "geometry": {
        "type": "Point",
        "coordinates": [
          -122.2312826,
          38.1407835
        ]
      },
      "id": "way/780246929"
    },
    {
      "type": "Feature",
      "properties": {
        "@id": "way/780996665",
        "addr:city": "Houston",
        "addr:housenumber": "12714",
        "addr:postcode": "77044",
        "addr:state": "TX",
        "addr:street": "West Lake Houston Parkway",
        "amenity": "fast_food",
        "brand": "Carl's Jr.",
        "brand:wikidata": "Q1043486",
        "building": "yes",
        "check_date": "2020-03-13",
        "cuisine": "burger",
        "name": "Carl's Jr.",
        "takeaway": "yes",
        "@geometry": "center"
      },
      "geometry": {
        "type": "Point",
        "coordinates": [
          -95.194884,
          29.9241575
        ]
      },
      "id": "way/780996665"
    },
    {
      "type": "Feature",
      "properties": {
        "@id": "way/782223537",
        "addr:city": "Kennewick",
        "addr:housenumber": "2804",
        "addr:postcode": "99336",
        "addr:state": "WA",
        "addr:street": "West Kennewick Avenue",
        "amenity": "fast_food",
        "brand": "Carl's Jr.",
        "brand:wikidata": "Q1043486",
        "building": "yes",
        "cuisine": "burger",
        "delivery": "no",
        "drive_through": "yes",
        "name": "Carl's Jr.",
        "opening_hours": "Su-Th 05:00-23:00; Fr-Sa 05:00-24:00",
        "phone": "+1-509-374-5222",
        "ref": "1100151",
        "takeaway": "no",
        "website": "https://locations.carlsjr.com/wa/kennewick/2804-w-kennewick-ave",
        "@geometry": "center"
      },
      "geometry": {
        "type": "Point",
        "coordinates": [
          -119.1595705,
          46.2098376
        ]
      },
      "id": "way/782223537"
    },
    {
      "type": "Feature",
      "properties": {
        "@id": "way/785160918",
        "addr:city": "Santa Ana",
        "addr:housenumber": "2511",
        "addr:postcode": "92704",
        "addr:state": "CA",
        "addr:street": "South Bristol Street",
        "amenity": "fast_food",
        "brand": "Carl's Jr.",
        "brand:wikidata": "Q1043486",
        "building": "yes",
        "cuisine": "burger",
        "drive_through": "yes",
        "height": "7.2",
        "name": "Carl's Jr.",
        "phone": "+1 714-557-2812",
        "ref": "1100077",
        "takeaway": "yes",
        "website": "https://locations.carlsjr.com/ca/santa-ana/2511-s-bristol",
        "@geometry": "center"
      },
      "geometry": {
        "type": "Point",
        "coordinates": [
          -117.8850255,
          33.7132082
        ]
      },
      "id": "way/785160918"
    },
    {
      "type": "Feature",
      "properties": {
        "@id": "way/787352378",
        "addr:city": "Frederickson",
        "addr:housenumber": "17802",
        "addr:postcode": "98375",
        "addr:state": "WA",
        "addr:street": "Canyon Road East",
        "air_conditioning": "yes",
        "amenity": "fast_food",
        "brand": "Carl's Jr.",
        "brand:wikidata": "Q1043486",
        "building": "yes",
        "cuisine": "burger",
        "drive_through": "yes",
        "indoor_seating": "yes",
        "name": "Carl's Jr.",
        "opening_hours": "Su-Th 06:00-23:00, Fr,Sa 06:00-24:00",
        "outdoor_seating": "no",
        "phone": "+1-253-847-2245",
        "ref": "1102497",
        "takeaway": "yes",
        "website": "https://locations.carlsjr.com/wa/frederickson/17802-canyon-road-e",
        "wheelchair": "yes",
        "@geometry": "center"
      },
      "geometry": {
        "type": "Point",
        "coordinates": [
          -122.3569887,
          47.0947944
        ]
      },
      "id": "way/787352378"
    },
    {
      "type": "Feature",
      "properties": {
        "@id": "way/791566284",
        "addr:housenumber": "4410",
        "addr:street": "Rocklin Road",
        "amenity": "fast_food",
        "brand": "Carl's Jr.",
        "brand:wikidata": "Q1043486",
        "building": "yes",
        "check_date": "2011-06-21",
        "cuisine": "burger",
        "drive_through": "yes",
        "name": "Carl's Jr.",
        "takeaway": "yes",
        "@geometry": "center"
      },
      "geometry": {
        "type": "Point",
        "coordinates": [
          -121.2255128,
          38.7880119
        ]
      },
      "id": "way/791566284"
    },
    {
      "type": "Feature",
      "properties": {
        "@id": "way/794483722",
        "addr:city": "Eugene",
        "addr:housenumber": "1996",
        "addr:postcode": "97402",
        "addr:state": "OR",
        "addr:street": "Echo Hollow Road",
        "amenity": "fast_food",
        "brand": "Carl's Jr.",
        "brand:wikidata": "Q1043486",
        "building": "yes",
        "cuisine": "burger",
        "name": "Carl's Jr.",
        "phone": "+1 541-505-8646",
        "ref": "1102021",
        "takeaway": "yes",
        "website": "https://locations.carlsjr.com/or/eugene/1996-echo-hollow-rd",
        "@geometry": "center"
      },
      "geometry": {
        "type": "Point",
        "coordinates": [
          -123.168417,
          44.0842434
        ]
      },
      "id": "way/794483722"
    },
    {
      "type": "Feature",
      "properties": {
        "@id": "way/801828138",
        "addr:city": "El Paso",
        "addr:housenumber": "1124",
        "addr:postcode": "79925",
        "addr:state": "TX",
        "addr:street": "McRae Boulevard",
        "amenity": "fast_food",
        "brand": "Carl's Jr.",
        "brand:wikidata": "Q1043486",
        "building": "yes",
        "cuisine": "burger",
        "drive_through": "yes",
        "internet_access": "yes",
        "name": "Carl's Jr.",
        "phone": "+1 915-591-0409",
        "ref": "1102776",
        "takeaway": "yes",
        "website": "https://locations.carlsjr.com/tx/el-paso/1124-mcrae-blvd",
        "@geometry": "center"
      },
      "geometry": {
        "type": "Point",
        "coordinates": [
          -106.3544672,
          31.7607071
        ]
      },
      "id": "way/801828138"
    },
    {
      "type": "Feature",
      "properties": {
        "@id": "way/805151142",
        "addr:city": "Santa Paula",
        "addr:housenumber": "230",
        "addr:postcode": "93060",
        "addr:state": "CA",
        "addr:street": "East Harvard Boulevard",
        "amenity": "fast_food",
        "brand": "Carl's Jr.",
        "brand:wikidata": "Q1043486",
        "building": "yes",
        "cuisine": "burger",
        "name": "Carl's Jr.",
        "opening_hours": "Mo-Su 06:00-01:00",
        "phone": "+1 805-525-9666",
        "ref": "1100523",
        "takeaway": "yes",
        "website": "https://locations.carlsjr.com/ca/santa-paula/230-e-harvard-blvd",
        "wheelchair": "yes",
        "@geometry": "center"
      },
      "geometry": {
        "type": "Point",
        "coordinates": [
          -119.0690517,
          34.3470023
        ]
      },
      "id": "way/805151142"
    },
    {
      "type": "Feature",
      "properties": {
        "@id": "way/810897083",
        "amenity": "fast_food",
        "brand": "Carl's Jr.",
        "brand:wikidata": "Q1043486",
        "building": "yes",
        "cuisine": "burger",
        "drive_through": "yes",
        "name": "Carl's Jr.",
        "source": "microsoft/BuildingFootprints",
        "takeaway": "yes",
        "website": "https://locations.carlsjr.com/ak/eagle-river/12319-old-glenn-hwy",
        "@geometry": "center"
      },
      "geometry": {
        "type": "Point",
        "coordinates": [
          -149.5652765,
          61.331591
        ]
      },
      "id": "way/810897083"
    },
    {
      "type": "Feature",
      "properties": {
        "@id": "way/814277494",
        "addr:city": "Firestone",
        "addr:housenumber": "4238",
        "addr:postcode": "80504",
        "addr:state": "CO",
        "addr:street": "Union Street",
        "amenity": "fast_food",
        "brand": "Carl's Jr.",
        "brand:wikidata": "Q1043486",
        "building": "yes",
        "cuisine": "burger",
        "name": "Carl's Jr.",
        "phone": "+1 303-684-9412",
        "ref": "1101513",
        "takeaway": "yes",
        "website": "https://locations.carlsjr.com/co/firestone/4238-union-st",
        "@geometry": "center"
      },
      "geometry": {
        "type": "Point",
        "coordinates": [
          -104.9754697,
          40.1628163
        ]
      },
      "id": "way/814277494"
    },
    {
      "type": "Feature",
      "properties": {
        "@id": "way/819982832",
        "addr:city": "Centerville",
        "addr:country": "US",
        "addr:housenumber": "385",
        "addr:postcode": "84014",
        "addr:state": "UT",
        "addr:street": "North Frontage Road",
        "air_conditioning": "yes",
        "amenity": "fast_food",
        "brand": "Carl's Jr.",
        "brand:wikidata": "Q1043486",
        "building": "retail",
        "cuisine": "burger",
        "drive_through": "yes",
        "name": "Carl's Jr.",
        "opening_hours": "Mo-Th 06:00-24:00; Fr-Sa 06:00-01:00; Su 07:00-23:00",
        "payment:cash": "yes",
        "payment:cheque": "yes",
        "payment:credit_cards": "yes",
        "payment:debit_cards": "yes",
        "phone": "+1 801-294-7892",
        "ref": "1100602",
        "smoking": "outside",
        "source": "website",
        "takeaway": "yes",
        "website": "https://locations.carlsjr.com/ut/centerville/385-n-800-w",
        "wheelchair": "yes",
        "@geometry": "center"
      },
      "geometry": {
        "type": "Point",
        "coordinates": [
          -111.8895055,
          40.9210524
        ]
      },
      "id": "way/819982832"
    },
    {
      "type": "Feature",
      "properties": {
        "@id": "way/823997504",
        "addr:city": "Chula Vista",
        "addr:housenumber": "2097",
        "addr:postcode": "91915",
        "addr:state": "CA",
        "addr:street": "Olympic Parkway",
        "amenity": "fast_food",
        "brand": "Carl's Jr.",
        "brand:wikidata": "Q1043486",
        "building": "yes",
        "cuisine": "burger",
        "drive_through": "yes",
        "name": "Carl's Jr.",
        "phone": "+1 619-421-9257",
        "ref": "1100281",
        "takeaway": "yes",
        "website": "https://locations.carlsjr.com/ca/chula-vista/2097-olympic-pkwy",
        "@geometry": "center"
      },
      "geometry": {
        "type": "Point",
        "coordinates": [
          -116.9667233,
          32.6298243
        ]
      },
      "id": "way/823997504"
    },
    {
      "type": "Feature",
      "properties": {
        "@id": "way/825313427",
        "addr:city": "Mesa",
        "addr:housenumber": "2002",
        "addr:postcode": "85201",
        "addr:state": "AZ",
        "addr:street": "North Country Club Drive",
        "air_conditioning": "yes",
        "amenity": "fast_food",
        "brand": "Carl's Jr.",
        "brand:wikidata": "Q1043486",
        "building": "yes",
        "cuisine": "burger",
        "drive_through": "yes",
        "name": "Carl's Jr.",
        "phone": "+1 480-834-3381",
        "ref": "1101611",
        "source": "esri/USA_NAD_Addresses;esri_USDOT_Arizona",
        "takeaway": "yes",
        "website": "https://locations.carlsjr.com/az/mesa/2002-n-country-club-dr",
        "@geometry": "center"
      },
      "geometry": {
        "type": "Point",
        "coordinates": [
          -111.8402516,
          33.451879
        ]
      },
      "id": "way/825313427"
    },
    {
      "type": "Feature",
      "properties": {
        "@id": "way/826814838",
        "addr:city": "Portland",
        "addr:housenumber": "205",
        "addr:postcode": "97211",
        "addr:state": "OR",
        "addr:street": "Northeast Columbia Boulevard",
        "amenity": "fast_food",
        "brand": "Carl's Jr.",
        "brand:wikidata": "Q1043486",
        "building": "yes",
        "cuisine": "burger",
        "drive_through": "yes",
        "name": "Carl's Jr.",
        "phone": "+1 503-477-6387",
        "ref": "1102562",
        "takeaway": "yes",
        "website": "https://locations.carlsjr.com/or/portland/250-ne-columbia-blvd",
        "@geometry": "center"
      },
      "geometry": {
        "type": "Point",
        "coordinates": [
          -122.6624372,
          45.5810783
        ]
      },
      "id": "way/826814838"
    },
    {
      "type": "Feature",
      "properties": {
        "@id": "way/827242453",
        "addr:city": "Tahlequah",
        "addr:housenumber": "1850",
        "addr:postcode": "74464",
        "addr:state": "OK",
        "addr:street": "South Muskogee Avenue",
        "amenity": "fast_food",
        "brand": "Carl's Jr.",
        "brand:wikidata": "Q1043486",
        "building": "retail",
        "cuisine": "burger",
        "drive_through": "yes",
        "name": "Carl's Jr.",
        "phone": "+1 918-207-0437",
        "ref": "1101724",
        "takeaway": "yes",
        "website": "https://locations.carlsjr.com/ok/tahlequah/1850-s-muskogee-ave",
        "@geometry": "center"
      },
      "geometry": {
        "type": "Point",
        "coordinates": [
          -94.9776473,
          35.8921465
        ]
      },
      "id": "way/827242453"
    },
    {
      "type": "Feature",
      "properties": {
        "@id": "way/830912612",
        "addr:city": "Arvin",
        "addr:housenumber": "5631",
        "addr:postcode": "93203",
        "addr:state": "CA",
        "addr:street": "Laval Road",
        "air_conditioning": "yes",
        "amenity": "fast_food",
        "brand": "Carl's Jr.",
        "brand:wikidata": "Q1043486",
        "building": "yes",
        "cuisine": "burger",
        "drive_through": "yes",
        "name": "Carl's Jr.",
        "outdoor_seating": "yes",
        "phone": "+1 661-858-1162",
        "ref": "1100480",
        "smoking": "no",
        "takeaway": "yes",
        "website": "https://locations.carlsjr.com/ca/arvin/5631-laval-rd",
        "wheelchair": "yes",
        "@geometry": "center"
      },
      "geometry": {
        "type": "Point",
        "coordinates": [
          -118.9404051,
          34.9889013
        ]
      },
      "id": "way/830912612"
    },
    {
      "type": "Feature",
      "properties": {
        "@id": "way/846292764",
        "addr:city": "Arcata",
        "addr:housenumber": "4900",
        "addr:postcode": "95521-8301",
        "addr:state": "CA",
        "addr:street": "Valley West Boulevard",
        "air_conditioning": "yes",
        "amenity": "fast_food",
        "brand": "Carl's Jr.",
        "brand:wikidata": "Q1043486",
        "building": "retail",
        "cuisine": "burger",
        "drive_through": "yes",
        "name": "Carl's Jr.",
        "phone": "+1 707-822-9058",
        "ref": "1101139",
        "takeaway": "yes",
        "website": "https://locations.carlsjr.com/ca/arcata/4900-valley-west-blvd",
        "wheelchair": "yes",
        "@geometry": "center"
      },
      "geometry": {
        "type": "Point",
        "coordinates": [
          -124.0830405,
          40.9024613
        ]
      },
      "id": "way/846292764"
    },
    {
      "type": "Feature",
      "properties": {
        "@id": "way/851358300",
        "addr:city": "Santa Fe Springs",
        "addr:housenumber": "12940",
        "addr:postcode": "90670",
        "addr:state": "CA",
        "addr:street": "Imperial Highway",
        "amenity": "fast_food",
        "brand": "Carl's Jr.",
        "brand:wikidata": "Q1043486",
        "building": "yes",
        "cuisine": "burger",
        "drive_through": "yes",
        "name": "Carl's Jr.",
        "phone": "+1 562-863-4702",
        "ref": "1100696",
        "takeaway": "yes",
        "website": "https://locations.carlsjr.com/ca/santa-fe-springs/12940-imperial-hwy",
        "@geometry": "center"
      },
      "geometry": {
        "type": "Point",
        "coordinates": [
          -118.0557703,
          33.9168908
        ]
      },
      "id": "way/851358300"
    },
    {
      "type": "Feature",
      "properties": {
        "@id": "way/853555494",
        "addr:city": "Queen Creek",
        "addr:housenumber": "21064",
        "addr:postcode": "85142",
        "addr:state": "AZ",
        "addr:street": "East Ocotillo Road",
        "air_conditioning": "yes",
        "amenity": "fast_food",
        "brand": "Carl's Jr.",
        "brand:wikidata": "Q1043486",
        "building": "yes",
        "cuisine": "burger",
        "drive_through": "yes",
        "name": "Carl's Jr.",
        "phone": "+1 480-987-7713",
        "ref": "1102032",
        "source": "esri/USA_NAD_Addresses",
        "takeaway": "yes",
        "website": "https://locations.carlsjr.com/az/queen-creek/21064-e-ocotillo-rd",
        "@geometry": "center"
      },
      "geometry": {
        "type": "Point",
        "coordinates": [
          -111.6287563,
          33.2490635
        ]
      },
      "id": "way/853555494"
    },
    {
      "type": "Feature",
      "properties": {
        "@id": "way/854211189",
        "addr:city": "Woodward",
        "addr:housenumber": "2617",
        "addr:postcode": "73801",
        "addr:state": "OK",
        "addr:street": "Oklahoma Avenue",
        "amenity": "fast_food",
        "brand": "Carl's Jr.",
        "brand:wikidata": "Q1043486",
        "building": "yes",
        "cuisine": "burger",
        "name": "Carl's Jr.",
        "phone": "+1 580-256-2283",
        "ref": "1101768",
        "source": "microsoft/BuildingFootprints",
        "takeaway": "yes",
        "website": "https://locations.carlsjr.com/ok/woodward/2617-oklahoma-ave",
        "@geometry": "center"
      },
      "geometry": {
        "type": "Point",
        "coordinates": [
          -99.4142079,
          36.4331372
        ]
      },
      "id": "way/854211189"
    },
    {
      "type": "Feature",
      "properties": {
        "@id": "way/857219272",
        "addr:city": "Edmond",
        "addr:housenumber": "917",
        "addr:postcode": "73013",
        "addr:state": "OK",
        "addr:street": "West Danforth Road",
        "amenity": "fast_food",
        "brand": "Carl's Jr.",
        "brand:wikidata": "Q1043486",
        "building": "yes",
        "cuisine": "chicken",
        "drive_through": "yes",
        "name": "Golden Chick",
        "source": "microsoft/BuildingFootprints",
        "takeaway": "yes",
        "website": "http://locatons.goldenchick",
        "@geometry": "center"
      },
      "geometry": {
        "type": "Point",
        "coordinates": [
          -97.4973585,
          35.6679195
        ]
      },
      "id": "way/857219272"
    },
    {
      "type": "Feature",
      "properties": {
        "@id": "node/857781253",
        "addr:city": "South El Monte",
        "addr:housenumber": "1625",
        "addr:postcode": "91733",
        "addr:state": "CA",
        "addr:street": "Santa Anita Avenue",
        "amenity": "fast_food",
        "brand": "Carl's Jr.",
        "brand:wikidata": "Q1043486",
        "check_date": "2010-08-13",
        "cuisine": "burger",
        "drive_through": "yes",
        "name": "Carl's Jr.",
        "phone": "+1 626-452-0587",
        "ref": "1100017",
        "source": "usgs_imagery;survey;image",
        "source_ref": "AM909_DSCU3746",
        "takeaway": "yes",
        "website": "https://locations.carlsjr.com/ca/s-el-monte/1625-santa-anita-ave"
      },
      "geometry": {
        "type": "Point",
        "coordinates": [
          -118.0427378,
          34.0474524
        ]
      },
      "id": "node/857781253"
    },
    {
      "type": "Feature",
      "properties": {
        "@id": "way/858706668",
        "addr:city": "Rancho Cucamonga",
        "addr:housenumber": "11738",
        "addr:postcode": "91730",
        "addr:state": "CA",
        "addr:street": "Foothill Boulevard",
        "amenity": "fast_food",
        "brand": "Carl's Jr.",
        "brand:wikidata": "Q1043486",
        "building": "yes",
        "cuisine": "burger",
        "drive_through": "yes",
        "name": "Carl's Jr.",
        "phone": "+1 909-941-0041",
        "ref": "1100200",
        "source": "bing_imagery_0.06m_200701;survey;image",
        "source_ref": "AM909_DSCM7007",
        "takeaway": "yes",
        "website": "https://locations.carlsjr.com/ca/rancho-cucamonga/11738-foothill-blvd",
        "@geometry": "center"
      },
      "geometry": {
        "type": "Point",
        "coordinates": [
          -117.5493649,
          34.106822
        ]
      },
      "id": "way/858706668"
    },
    {
      "type": "Feature",
      "properties": {
        "@id": "way/865237531",
        "addr:city": "Ardmore",
        "addr:housenumber": "1608",
        "addr:postcode": "73401",
        "addr:state": "OK",
        "addr:street": "North Commerce Street",
        "amenity": "fast_food",
        "brand": "Carl's Jr.",
        "brand:wikidata": "Q1043486",
        "building": "yes",
        "cuisine": "burger",
        "name": "Carl's Jr.",
        "phone": "+1 580-223-8822",
        "ref": "1101647",
        "takeaway": "yes",
        "website": "https://locations.carlsjr.com/ok/ardmore/1608-n-commerce",
        "@geometry": "center"
      },
      "geometry": {
        "type": "Point",
        "coordinates": [
          -97.1425122,
          34.1918882
        ]
      },
      "id": "way/865237531"
    },
    {
      "type": "Feature",
      "properties": {
        "@id": "way/866039760",
        "addr:city": "Marietta",
        "addr:housenumber": "1306",
        "addr:postcode": "73448",
        "addr:state": "OK",
        "addr:street": "Memorial Drive",
        "amenity": "fast_food",
        "brand": "Carl's Jr.",
        "brand:wikidata": "Q1043486",
        "building": "yes",
        "cuisine": "burger",
        "name": "Carl's Jr.",
        "phone": "+1 580-276-4979",
        "ref": "1101646",
        "takeaway": "yes",
        "website": "https://locations.carlsjr.com/ok/marietta/1306-memorial-dr",
        "@geometry": "center"
      },
      "geometry": {
        "type": "Point",
        "coordinates": [
          -97.1319976,
          33.9410115
        ]
      },
      "id": "way/866039760"
    },
    {
      "type": "Feature",
      "properties": {
        "@id": "way/880513139",
        "amenity": "fast_food",
        "brand": "Carl's Jr.",
        "brand:wikidata": "Q1043486",
        "building": "commercial",
        "cuisine": "burger",
        "name": "Carl's Jr.",
        "takeaway": "yes",
        "@geometry": "center"
      },
      "geometry": {
        "type": "Point",
        "coordinates": [
          -96.6706452,
          35.2338436
        ]
      },
      "id": "way/880513139"
    },
    {
      "type": "Feature",
      "properties": {
        "@id": "way/886065834",
        "addr:city": "Tucson",
        "addr:housenumber": "1880",
        "addr:postcode": "85719",
        "addr:state": "AZ",
        "addr:street": "East Broadway Boulevard",
        "amenity": "fast_food",
        "brand": "Carl's Jr.",
        "brand:wikidata": "Q1043486",
        "building": "commercial",
        "cuisine": "burger",
        "drive_through": "yes",
        "name": "Carl's Jr.",
        "phone": "+1 520-624-5267",
        "ref": "1101500",
        "takeaway": "yes",
        "website": "https://locations.carlsjr.com/az/tucson/1880-e-broadway-blvd",
        "@geometry": "center"
      },
      "geometry": {
        "type": "Point",
        "coordinates": [
          -110.9445491,
          32.2211293
        ]
      },
      "id": "way/886065834"
    },
    {
      "type": "Feature",
      "properties": {
        "@id": "way/888307918",
        "addr:city": "Gilbert",
        "addr:housenumber": "85",
        "addr:postcode": "85297",
        "addr:state": "AZ",
        "addr:street": "East Germann Road",
        "air_conditioning": "yes",
        "amenity": "fast_food",
        "brand": "Carl's Jr.",
        "brand:wikidata": "Q1043486",
        "building": "yes",
        "cuisine": "burger",
        "drive_through": "yes",
        "name": "Carl's Jr.",
        "phone": "+1 480-899-0644",
        "ref": "1101609",
        "source": "esri/USA_NAD_Addresses",
        "takeaway": "yes",
        "website": "https://locations.carlsjr.com/az/gilbert/85-e-germann-rd",
        "@geometry": "center"
      },
      "geometry": {
        "type": "Point",
        "coordinates": [
          -111.7881347,
          33.2769297
        ]
      },
      "id": "way/888307918"
    },
    {
      "type": "Feature",
      "properties": {
        "@id": "way/889007548",
        "addr:city": "Kingman",
        "addr:housenumber": "3340",
        "addr:postcode": "86409",
        "addr:state": "AZ",
        "addr:street": "Stockton Hill Avenue",
        "amenity": "fast_food",
        "brand": "Carl's Jr.",
        "brand:wikidata": "Q1043486",
        "building": "retail",
        "cuisine": "burger",
        "name": "Carl's Jr.",
        "phone": "+1 928-681-1111",
        "ref": "1101997",
        "takeaway": "yes",
        "website": "https://locations.carlsjr.com/az/kingman/3440-stockton-hill-rd",
        "@geometry": "center"
      },
      "geometry": {
        "type": "Point",
        "coordinates": [
          -114.0356144,
          35.2230009
        ]
      },
      "id": "way/889007548"
    },
    {
      "type": "Feature",
      "properties": {
        "@id": "way/889105042",
        "addr:city": "Upland",
        "addr:housenumber": "688",
        "addr:postcode": "91786",
        "addr:state": "CA",
        "addr:street": "East Foothill Boulevard",
        "amenity": "fast_food",
        "brand": "Carl's Jr.",
        "brand:wikidata": "Q1043486",
        "building": "yes",
        "cuisine": "burger",
        "drive_through": "yes",
        "name": "Carl's Jr.",
        "phone": "+1 909-920-6641",
        "ref": "1100134",
        "source": "survey;image;usgs_imagery",
        "source_ref": "AM909_DSCQ4109",
        "takeaway": "yes",
        "website": "https://locations.carlsjr.com/ca/upland/688-e-foothill-blvd",
        "@geometry": "center"
      },
      "geometry": {
        "type": "Point",
        "coordinates": [
          -117.6428503,
          34.1065238
        ]
      },
      "id": "way/889105042"
    },
    {
      "type": "Feature",
      "properties": {
        "@id": "way/892485751",
        "addr:city": "Tyler",
        "addr:housenumber": "16242",
        "addr:postcode": "75708",
        "addr:state": "TX",
        "addr:street": "US Highway 271",
        "addr:unit": "300",
        "amenity": "fast_food",
        "brand": "Carl's Jr.",
        "brand:wikidata": "Q1043486",
        "building": "restaurant",
        "cuisine": "burger",
        "name": "Carl's Jr.",
        "phone": "+1 903-877-3756",
        "ref": "1102531",
        "takeaway": "yes",
        "website": "https://locations.carlsjr.com/tx/tyler/16242-us-hwy-271",
        "@geometry": "center"
      },
      "geometry": {
        "type": "Point",
        "coordinates": [
          -95.1345695,
          32.4395387
        ]
      },
      "id": "way/892485751"
    },
    {
      "type": "Feature",
      "properties": {
        "@id": "node/900587722",
        "addr:city": "Ventura",
        "addr:housenumber": "2427",
        "addr:postcode": "93003",
        "addr:state": "CA",
        "addr:street": "East Thompson Boulevard",
        "amenity": "fast_food",
        "branch": "Green Burrito",
        "brand": "Carl's Jr.",
        "brand:wikidata": "Q1043486",
        "cuisine": "burger",
        "drive_through": "yes",
        "name": "Carl's Jr.",
        "phone": "+1 805-641-0401",
        "ref": "1100183",
        "source": "usgs_imagery_2007_0.5ft;survey;image",
        "source_ref": "AM909_DSCS7578",
        "takeaway": "yes",
        "website": "https://locations.carlsjr.com/ca/ventura/2427-e-thompson-blvd"
      },
      "geometry": {
        "type": "Point",
        "coordinates": [
          -119.2644394,
          34.2735277
        ]
      },
      "id": "node/900587722"
    },
    {
      "type": "Feature",
      "properties": {
        "@id": "way/903939186",
        "addr:city": "Boise",
        "addr:housenumber": "1609",
        "addr:postcode": "83709",
        "addr:state": "ID",
        "addr:street": "South Entertainment Avenue",
        "amenity": "fast_food",
        "brand": "Carl's Jr.",
        "brand:wikidata": "Q1043486",
        "building": "yes",
        "cuisine": "burger",
        "drive_through": "yes",
        "name": "Carl's Jr.",
        "opening_hours": "Mo-Th 06:00-23:00; Fr-Sa 06:00-24:00; Su 07:00-23:00",
        "phone": "+1 208-321-0597",
        "ref": "1101518",
        "source": "microsoft/BuildingFootprints",
        "takeaway": "yes",
        "website": "https://locations.carlsjr.com/id/boise/1609-entertainment-ave",
        "@geometry": "center"
      },
      "geometry": {
        "type": "Point",
        "coordinates": [
          -116.2812853,
          43.5895702
        ]
      },
      "id": "way/903939186"
    },
    {
      "type": "Feature",
      "properties": {
        "@id": "way/908972597",
        "addr:city": "Upland",
        "addr:housenumber": "1610",
        "addr:postcode": "91786",
        "addr:state": "CA",
        "addr:street": "West Foothill Boulevard",
        "amenity": "fast_food",
        "brand": "Carl's Jr.",
        "brand:wikidata": "Q1043486",
        "building": "yes",
        "cuisine": "burger",
        "drive_through": "yes",
        "name": "Carl's Jr.",
        "phone": "+1 909-949-3089",
        "ref": "1100270",
        "takeaway": "yes",
        "website": "https://locations.carlsjr.com/ca/upland/1610-w-foothill-blvd",
        "@geometry": "center"
      },
      "geometry": {
        "type": "Point",
        "coordinates": [
          -117.6811833,
          34.1065238
        ]
      },
      "id": "way/908972597"
    },
    {
      "type": "Feature",
      "properties": {
        "@id": "node/913992982",
        "addr:city": "Stevenson Ranch",
        "addr:housenumber": "24715",
        "addr:postcode": "91381",
        "addr:state": "CA",
        "addr:street": "Pico Canyon Road",
        "amenity": "fast_food",
        "brand": "Carl's Jr.",
        "brand:wikidata": "Q1043486",
        "cuisine": "burger",
        "drive_through": "yes",
        "name": "Carl's Jr.",
        "phone": "+1 661-259-9098",
        "ref": "1100429",
        "source": "usgs_imagery_2006;survey;image",
        "source_ref": "AM909_DSCV3657",
        "takeaway": "yes",
        "website": "https://locations.carlsjr.com/ca/stevenson-ranch/24715-pico-canyon-rd"
      },
      "geometry": {
        "type": "Point",
        "coordinates": [
          -118.5672203,
          34.3796428
        ]
      },
      "id": "node/913992982"
    },
    {
      "type": "Feature",
      "properties": {
        "@id": "way/914233406",
        "addr:city": "Albuquerque",
        "addr:housenumber": "5511",
        "addr:postcode": "87113",
        "addr:state": "NM",
        "addr:street": "Alameda Boulevard Northeast",
        "amenity": "fast_food",
        "brand": "Carl's Jr.",
        "brand:wikidata": "Q1043486",
        "building": "yes",
        "cuisine": "burger",
        "drive_through": "yes",
        "name": "Carl's Jr.",
        "phone": "+1 505-858-0400",
        "ref": "1101378",
        "takeaway": "yes",
        "website": "https://locations.carlsjr.com/nm/albuquerque/5511-alameda-blvd-ne",
        "@geometry": "center"
      },
      "geometry": {
        "type": "Point",
        "coordinates": [
          -106.5834623,
          35.1855409
        ]
      },
      "id": "way/914233406"
    },
    {
      "type": "Feature",
      "properties": {
        "@id": "way/919626665",
        "addr:city": "Oxnard",
        "addr:housenumber": "2301",
        "addr:postcode": "93036",
        "addr:state": "CA",
        "addr:street": "North Oxnard Boulevard",
        "amenity": "fast_food",
        "brand": "Carl's Jr.",
        "brand:wikidata": "Q1043486",
        "building": "yes",
        "cuisine": "burger",
        "name": "Carl's Jr.",
        "phone": "+1 805-485-0202",
        "ref": "1100297",
        "takeaway": "yes",
        "website": "https://locations.carlsjr.com/ca/oxnard/2301-n-oxnard-blvd",
        "@geometry": "center"
      },
      "geometry": {
        "type": "Point",
        "coordinates": [
          -119.1780931,
          34.2267439
        ]
      },
      "id": "way/919626665"
    },
    {
      "type": "Feature",
      "properties": {
        "@id": "way/925388679",
        "addr:city": "San Jose",
        "addr:housenumber": "1346",
        "addr:postcode": "95129",
        "addr:state": "CA",
        "addr:street": "Saratoga Avenue",
        "amenity": "fast_food",
        "brand": "Carl's Jr.",
        "brand:wikidata": "Q1043486",
        "building": "yes",
        "cuisine": "burger",
        "drive_through": "yes",
        "ele": "67.41",
        "height": "3.20",
        "layer": "1",
        "name": "Carl's Jr.",
        "phone": "+1 408-246-6966",
        "ref": "1101035",
        "takeaway": "yes",
        "website": "https://locations.carlsjr.com/ca/san-jose/1346-saratoga-avenue",
        "@geometry": "center"
      },
      "geometry": {
        "type": "Point",
        "coordinates": [
          -121.9822082,
          37.299859
        ]
      },
      "id": "way/925388679"
    },
    {
      "type": "Feature",
      "properties": {
        "@id": "way/926281500",
        "addr:city": "Las Vegas",
        "addr:housenumber": "3866",
        "addr:postcode": "89102",
        "addr:state": "NV",
        "addr:street": "West Sahara",
        "amenity": "fast_food",
        "brand": "Carl's Jr.",
        "brand:wikidata": "Q1043486",
        "building": "yes",
        "contact:phone": "+1 702-734-2276",
        "cuisine": "burger",
        "drive_through": "yes",
        "name": "Carl's Jr.",
        "opening_hours": "Mo-Su 06:00-10:00|| \"Drivethrough 06:00-11:00\"",
        "ref": "1101083",
        "takeaway": "yes",
        "website": "https://locations.carlsjr.com/nv/las-vegas/3866-w-sahara",
        "@geometry": "center"
      },
      "geometry": {
        "type": "Point",
        "coordinates": [
          -115.1928432,
          36.144804
        ]
      },
      "id": "way/926281500"
    },
    {
      "type": "Feature",
      "properties": {
        "@id": "way/932656184",
        "addr:city": "Mesa",
        "addr:housenumber": "1352",
        "addr:postcode": "85204",
        "addr:state": "AZ",
        "addr:street": "South Gilbert Road",
        "air_conditioning": "yes",
        "amenity": "fast_food",
        "brand": "Carl's Jr.",
        "brand:wikidata": "Q1043486",
        "building": "yes",
        "cuisine": "burger",
        "drive_through": "yes",
        "name": "Carl's Jr.",
        "phone": "+1 480-892-4793",
        "ref": "1100826",
        "takeaway": "yes",
        "website": "https://locations.carlsjr.com/az/mesa/1352-s-gilbert-rd",
        "@geometry": "center"
      },
      "geometry": {
        "type": "Point",
        "coordinates": [
          -111.7887104,
          33.3902081
        ]
      },
      "id": "way/932656184"
    },
    {
      "type": "Feature",
      "properties": {
        "@id": "way/935076855",
        "amenity": "fast_food",
        "brand": "Carl's Jr.",
        "brand:wikidata": "Q1043486",
        "building": "retail",
        "cuisine": "burger",
        "drive_through": "yes",
        "name": "Carl's Jr.",
        "takeaway": "yes",
        "@geometry": "center"
      },
      "geometry": {
        "type": "Point",
        "coordinates": [
          -117.3818976,
          34.107229
        ]
      },
      "id": "way/935076855"
    },
    {
      "type": "Feature",
      "properties": {
        "@id": "way/938941782",
        "addr:city": "Eureka",
        "addr:housenumber": "3160",
        "addr:postcode": "95501",
        "addr:state": "CA",
        "addr:street": "So Broadway",
        "air_conditioning": "yes",
        "amenity": "fast_food",
        "brand": "Carl's Jr.",
        "brand:wikidata": "Q1043486",
        "building": "yes",
        "cuisine": "burger",
        "drive_through": "yes",
        "indoor_seating": "yes",
        "name": "Carl's Jr.",
        "outdoor_seating": "separate",
        "phone": "+1 707-442-1690",
        "ref": "1101138",
        "takeaway": "yes",
        "website": "https://locations.carlsjr.com/ca/eureka/3160-so-broadway",
        "wheelchair": "yes",
        "@geometry": "center"
      },
      "geometry": {
        "type": "Point",
        "coordinates": [
          -124.1862808,
          40.7802024
        ]
      },
      "id": "way/938941782"
    },
    {
      "type": "Feature",
      "properties": {
        "@id": "way/939051535",
        "addr:city": "Jurupa Valley",
        "addr:housenumber": "6221",
        "addr:postcode": "91752",
        "addr:street": "Pats Ranch Road",
        "amenity": "fast_food",
        "brand": "Carl's Jr.",
        "brand:wikidata": "Q1043486",
        "building": "retail",
        "cuisine": "burger",
        "drive_through": "yes",
        "name": "Carl's Jr.",
        "source": "microsoft/BuildingFootprints",
        "takeaway": "yes",
        "@geometry": "center"
      },
      "geometry": {
        "type": "Point",
        "coordinates": [
          -117.544268,
          33.9739575
        ]
      },
      "id": "way/939051535"
    },
    {
      "type": "Feature",
      "properties": {
        "@id": "way/941658787",
        "addr:city": "Brentwood",
        "addr:housenumber": "6291",
        "addr:postcode": "94513",
        "addr:state": "CA",
        "addr:street": "Lone Tree Way",
        "amenity": "fast_food",
        "brand": "Carl's Jr.",
        "brand:wikidata": "Q1043486",
        "building": "yes",
        "cuisine": "burger",
        "name": "Carl's Jr.",
        "phone": "+1 925-308-7010",
        "ref": "1101568",
        "takeaway": "yes",
        "website": "https://locations.carlsjr.com/ca/brentwood/6291-lone-tree-way",
        "@geometry": "center"
      },
      "geometry": {
        "type": "Point",
        "coordinates": [
          -121.7359369,
          37.9610885
        ]
      },
      "id": "way/941658787"
    },
    {
      "type": "Feature",
      "properties": {
        "@id": "way/942931979",
        "addr:city": "Brigham City",
        "addr:housenumber": "20",
        "addr:postcode": "84302",
        "addr:state": "UT",
        "addr:street": "South 1550 West",
        "amenity": "fast_food",
        "brand": "Carl's Jr.",
        "brand:wikidata": "Q1043486",
        "building": "yes",
        "building:material": "brick",
        "cuisine": "burger",
        "name": "Carl's Jr.",
        "opening_hours": "24/7",
        "phone": "+1 435-723-7935",
        "ref": "1102552",
        "takeaway": "yes",
        "website": "https://locations.carlsjr.com/ut/brigham-city/20-south-1550-west",
        "@geometry": "center"
      },
      "geometry": {
        "type": "Point",
        "coordinates": [
          -112.053764,
          41.5088454
        ]
      },
      "id": "way/942931979"
    },
    {
      "type": "Feature",
      "properties": {
        "@id": "way/945329591",
        "addr:city": "Huntington Beach",
        "addr:housenumber": "6882",
        "addr:postcode": "92647",
        "addr:state": "CA",
        "addr:street": "Warner",
        "amenity": "fast_food",
        "brand": "Carl's Jr.",
        "brand:wikidata": "Q1043486",
        "building": "yes",
        "cuisine": "burger",
        "drive_through": "yes",
        "name": "Carl's Jr.",
        "phone": "+1 714-842-7666",
        "ref": "1100067",
        "takeaway": "yes",
        "website": "https://locations.carlsjr.com/ca/huntington-beach/6882-warner",
        "@geometry": "center"
      },
      "geometry": {
        "type": "Point",
        "coordinates": [
          -118.0088949,
          33.7150667
        ]
      },
      "id": "way/945329591"
    },
    {
      "type": "Feature",
      "properties": {
        "@id": "way/947245240",
        "amenity": "fast_food",
        "brand": "Carl's Jr.",
        "brand:wikidata": "Q1043486",
        "building": "yes",
        "cuisine": "burger",
        "name": "Carl's Jr.",
        "source": "Mapbox",
        "takeaway": "yes",
        "@geometry": "center"
      },
      "geometry": {
        "type": "Point",
        "coordinates": [
          -104.6628329,
          38.2363718
        ]
      },
      "id": "way/947245240"
    },
    {
      "type": "Feature",
      "properties": {
        "@id": "node/947563220",
        "addr:city": "Idaho Springs",
        "addr:housenumber": "2901",
        "addr:postcode": "80452",
        "addr:state": "CO",
        "addr:street": "Colorado Boulevard",
        "amenity": "fast_food",
        "brand": "Carl's Jr.",
        "brand:wikidata": "Q1043486",
        "cuisine": "burger",
        "drive_through": "yes",
        "name": "Carl's Jr.",
        "phone": "+1 303-567-2255",
        "ref": "1101825",
        "takeaway": "yes",
        "website": "https://locations.carlsjr.com/co/idaho-springs/2901-colorado-blvd"
      },
      "geometry": {
        "type": "Point",
        "coordinates": [
          -105.4977602,
          39.7414201
        ]
      },
      "id": "node/947563220"
    },
    {
      "type": "Feature",
      "properties": {
        "@id": "way/954078418",
        "addr:city": "Sand Springs",
        "addr:housenumber": "1120",
        "addr:postcode": "74063",
        "addr:state": "OK",
        "addr:street": "East Charles Page Boulevard",
        "amenity": "fast_food",
        "brand": "Carl's Jr.",
        "brand:wikidata": "Q1043486",
        "building": "yes",
        "cuisine": "burger",
        "name": "Carl's Jr.",
        "phone": "+1 918-241-2958",
        "ref": "1101670",
        "takeaway": "yes",
        "website": "https://locations.carlsjr.com/ok/sand-springs/1120-e-charles-page-blvd",
        "@geometry": "center"
      },
      "geometry": {
        "type": "Point",
        "coordinates": [
          -96.0909825,
          36.1393907
        ]
      },
      "id": "way/954078418"
    },
    {
      "type": "Feature",
      "properties": {
        "@id": "way/954442193",
        "addr:city": "Monroe",
        "addr:housenumber": "19143",
        "addr:postcode": "98272",
        "addr:state": "WA",
        "addr:street": "North Kelsey Street",
        "amenity": "fast_food",
        "brand": "Carl's Jr.",
        "brand:wikidata": "Q1043486",
        "building": "yes",
        "cuisine": "burger",
        "name": "Carl's Jr.",
        "phone": "+1-360-799-6903",
        "ref": "1102424",
        "takeaway": "yes",
        "website": "https://locations.carlsjr.com/wa/monroe/19143-n-kelsey-st",
        "@geometry": "center"
      },
      "geometry": {
        "type": "Point",
        "coordinates": [
          -121.974193,
          47.8648534
        ]
      },
      "id": "way/954442193"
    },
    {
      "type": "Feature",
      "properties": {
        "@id": "way/959567839",
        "addr:city": "El Cajon",
        "addr:country": "US",
        "addr:housenumber": "520",
        "addr:postcode": "92021",
        "addr:state": "CA",
        "addr:street": "North 2nd Street",
        "amenity": "fast_food",
        "brand": "Carl's Jr.",
        "brand:wikidata": "Q1043486",
        "building": "retail",
        "cuisine": "burger",
        "drive_through": "yes",
        "name": "Carl's Jr.",
        "phone": "+1 619-579-7083",
        "ref": "1100483",
        "source": "SanGIS Business Sites Public Domain (http://www.sangis.org/);SanGIS Addresses Public Domain (http://www.sangis.org/)",
        "takeaway": "yes",
        "website": "https://locations.carlsjr.com/ca/el-cajon/520-n-second-street",
        "@geometry": "center"
      },
      "geometry": {
        "type": "Point",
        "coordinates": [
          -116.9362014,
          32.8007355
        ]
      },
      "id": "way/959567839"
    },
    {
      "type": "Feature",
      "properties": {
        "@id": "way/959657049",
        "addr:city": "Las Vegas",
        "addr:housenumber": "7125",
        "addr:postcode": "89118",
        "addr:state": "NV",
        "addr:street": "South Rainbow Boulevard",
        "amenity": "fast_food",
        "brand": "Carl's Jr.",
        "brand:wikidata": "Q1043486",
        "building": "yes",
        "check_date": "2022-06-22",
        "cuisine": "burger",
        "drive_through": "yes",
        "name": "Carl's Jr.",
        "payment:american_express": "yes",
        "payment:cash": "yes",
        "payment:credit_cards": "yes",
        "payment:debit_cards": "yes",
        "payment:mastercard": "yes",
        "payment:visa": "yes",
        "phone": "+1 702-269-5906",
        "ref": "1101820",
        "takeaway": "yes",
        "website": "https://locations.carlsjr.com/nv/las-vegas/7125-s-rainbow-blvd",
        "@geometry": "center"
      },
      "geometry": {
        "type": "Point",
        "coordinates": [
          -115.2432596,
          36.0592626
        ]
      },
      "id": "way/959657049"
    },
    {
      "type": "Feature",
      "properties": {
        "@id": "way/959856788",
        "addr:city": "Chula Vista",
        "addr:country": "US",
        "addr:housenumber": "695",
        "addr:postcode": "91910",
        "addr:state": "CA",
        "addr:street": "H Street",
        "amenity": "fast_food",
        "brand": "Carl's Jr.",
        "brand:wikidata": "Q1043486",
        "building": "yes",
        "cuisine": "burger",
        "drive_through": "yes",
        "name": "Carl's Jr.",
        "phone": "+1 619-476-4420",
        "ref": "1100409",
        "source": "SanGIS Addresses Public Domain (http://www.sangis.org/)",
        "takeaway": "yes",
        "website": "https://locations.carlsjr.com/ca/chula-vista/695-h-st",
        "@geometry": "center"
      },
      "geometry": {
        "type": "Point",
        "coordinates": [
          -117.0937644,
          32.6300727
        ]
      },
      "id": "way/959856788"
    },
    {
      "type": "Feature",
      "properties": {
        "@id": "way/960979211",
        "addr:city": "Spring Valley",
        "addr:country": "US",
        "addr:housenumber": "3722",
        "addr:postcode": "91977",
        "addr:state": "CA",
        "addr:street": "Kenora Drive",
        "amenity": "fast_food",
        "brand": "Carl's Jr.",
        "brand:wikidata": "Q1043486",
        "building": "yes",
        "cuisine": "burger",
        "drive_through": "yes",
        "name": "Carl's Jr.",
        "phone": "+1 619-460-6963",
        "ref": "1100118",
        "source": "SanGIS Addresses Public Domain (http://www.sangis.org/);SanGIS Business Sites Public Domain (http://www.sangis.org/)",
        "takeaway": "yes",
        "website": "https://locations.carlsjr.com/ca/spring-valley/3722-kenora",
        "@geometry": "center"
      },
      "geometry": {
        "type": "Point",
        "coordinates": [
          -116.9888206,
          32.7469543
        ]
      },
      "id": "way/960979211"
    },
    {
      "type": "Feature",
      "properties": {
        "@id": "way/962535319",
        "addr:city": "Tracy",
        "addr:housenumber": "2380",
        "addr:postcode": "95377",
        "addr:state": "CA",
        "addr:street": "West Grant Line Road",
        "amenity": "fast_food",
        "brand": "Carl's Jr.",
        "brand:wikidata": "Q1043486",
        "building": "yes",
        "cuisine": "burger",
        "drive_through": "yes",
        "name": "Carl's Jr.",
        "phone": "+1 209-835-5494",
        "ref": "1100801",
        "source": "microsoft/BuildingFootprints",
        "takeaway": "yes",
        "website": "https://locations.carlsjr.com/ca/tracy/2380-w-grant-line-rd",
        "@geometry": "center"
      },
      "geometry": {
        "type": "Point",
        "coordinates": [
          -121.4601675,
          37.7537315
        ]
      },
      "id": "way/962535319"
    },
    {
      "type": "Feature",
      "properties": {
        "@id": "way/962762241",
        "addr:city": "Tracy",
        "addr:state": "CA",
        "amenity": "fast_food",
        "brand": "Carl's Jr.",
        "brand:wikidata": "Q1043486",
        "building": "yes",
        "cuisine": "burger",
        "name": "Carl's Jr.",
        "source": "microsoft/BuildingFootprints",
        "takeaway": "yes",
        "@geometry": "center"
      },
      "geometry": {
        "type": "Point",
        "coordinates": [
          -121.435484,
          37.7505053
        ]
      },
      "id": "way/962762241"
    },
    {
      "type": "Feature",
      "properties": {
        "@id": "way/964734440",
        "addr:city": "Corona",
        "addr:housenumber": "1865",
        "addr:postcode": "92882",
        "addr:state": "CA",
        "addr:street": "West 6th Street",
        "amenity": "fast_food",
        "brand": "Carl's Jr.",
        "brand:wikidata": "Q1043486",
        "building": "yes",
        "check_date": "2023-04-08",
        "cuisine": "burger",
        "drive_through": "yes",
        "name": "Carl's Jr.",
        "phone": "+1 951-734-2880",
        "ref": "1100700",
        "takeaway": "yes",
        "website": "https://locations.carlsjr.com/ca/corona/1865-w-6th",
        "@geometry": "center"
      },
      "geometry": {
        "type": "Point",
        "coordinates": [
          -117.6023919,
          33.8796796
        ]
      },
      "id": "way/964734440"
    },
    {
      "type": "Feature",
      "properties": {
        "@id": "way/967248442",
        "addr:city": "Longmont",
        "addr:housenumber": "1754",
        "addr:postcode": "80501",
        "addr:state": "CO",
        "addr:street": "Hover Street",
        "amenity": "fast_food",
        "brand": "Carl's Jr.",
        "brand:wikidata": "Q1043486",
        "building": "yes",
        "cuisine": "burger",
        "drive_through": "yes",
        "name": "Carl's Jr.",
        "phone": "+1 303-776-6215",
        "ref": "1101512",
        "source": "esri_USDOT_ColoradoOITGIS",
        "takeaway": "yes",
        "website": "https://locations.carlsjr.com/co/longmont/1754-hover-st",
        "@geometry": "center"
      },
      "geometry": {
        "type": "Point",
        "coordinates": [
          -105.1300839,
          40.1901332
        ]
      },
      "id": "way/967248442"
    },
    {
      "type": "Feature",
      "properties": {
        "@id": "way/970741993",
        "addr:city": "San Bernardino",
        "addr:housenumber": "192",
        "addr:postcode": "92408",
        "addr:state": "CA",
        "addr:street": "East Redlands Boulevard",
        "amenity": "fast_food",
        "brand": "Carl's Jr.",
        "brand:wikidata": "Q1043486",
        "building": "yes",
        "cuisine": "burger",
        "drive_through": "yes",
        "name": "Carl's Jr.",
        "phone": "+1 909-824-5966",
        "ref": "1100499",
        "takeaway": "yes",
        "website": "https://locations.carlsjr.com/ca/san-bernardino/192-e-redlands-blvd",
        "@geometry": "center"
      },
      "geometry": {
        "type": "Point",
        "coordinates": [
          -117.2831166,
          34.0633747
        ]
      },
      "id": "way/970741993"
    },
    {
      "type": "Feature",
      "properties": {
        "@id": "way/971804299",
        "addr:city": "Jackson",
        "addr:housenumber": "11230",
        "addr:postcode": "95642",
        "addr:state": "CA",
        "addr:street": "Prospect Drive",
        "amenity": "fast_food",
        "brand": "Carl's Jr.",
        "brand:wikidata": "Q1043486",
        "building": "yes",
        "cuisine": "burger",
        "name": "Carl's Jr.",
        "phone": "+1 209-257-1938",
        "ref": "1102437",
        "takeaway": "yes",
        "website": "https://locations.carlsjr.com/ca/jackson/11230-prospect-dr",
        "@geometry": "center"
      },
      "geometry": {
        "type": "Point",
        "coordinates": [
          -120.8002697,
          38.37021
        ]
      },
      "id": "way/971804299"
    },
    {
      "type": "Feature",
      "properties": {
        "@id": "way/972409762",
        "addr:city": "Riverside",
        "addr:housenumber": "8919",
        "addr:postcode": "92509",
        "addr:state": "CA",
        "addr:street": "Limonite Avenue",
        "amenity": "fast_food",
        "brand": "Carl's Jr.",
        "brand:wikidata": "Q1043486",
        "building": "yes",
        "cuisine": "burger",
        "drive_through": "yes",
        "name": "Carl's Jr.",
        "phone": "+1 951-681-3970",
        "ref": "1101097",
        "takeaway": "yes",
        "website": "https://locations.carlsjr.com/ca/riverside/8919-limonite-ave",
        "@geometry": "center"
      },
      "geometry": {
        "type": "Point",
        "coordinates": [
          -117.4781784,
          33.9759468
        ]
      },
      "id": "way/972409762"
    },
    {
      "type": "Feature",
      "properties": {
        "@id": "way/973315370",
        "addr:city": "Las Vegas",
        "addr:housenumber": "6949",
        "addr:postcode": "89148",
        "addr:state": "NV",
        "addr:street": "North Durango Drive",
        "amenity": "fast_food",
        "brand": "Carl's Jr.",
        "brand:wikidata": "Q1043486",
        "building": "yes",
        "cuisine": "burger",
        "name": "Carl's Jr.",
        "phone": "+1 702-293-2230",
        "ref": "1101830",
        "takeaway": "yes",
        "website": "https://locations.carlsjr.com/nv/las-vegas/6949-n-durango-dr",
        "@geometry": "center"
      },
      "geometry": {
        "type": "Point",
        "coordinates": [
          -115.2883265,
          36.2861386
        ]
      },
      "id": "way/973315370"
    },
    {
      "type": "Feature",
      "properties": {
        "@id": "way/974874376",
        "addr:city": "Greenfield",
        "addr:housenumber": "369",
        "addr:postcode": "93927",
        "addr:state": "CA",
        "addr:street": "Walnut Avenue",
        "amenity": "fast_food",
        "brand": "Carl's Jr.",
        "brand:wikidata": "Q1043486",
        "building": "yes",
        "cuisine": "burger",
        "drive_through": "yes",
        "name": "Carl's Jr.",
        "opening_hours": "Su-Th 07:00-22:00; Fr-Sa 07:00-23:00",
        "phone": "+1 831-674-5818",
        "ref": "1102607",
        "takeaway": "yes",
        "website": "https://locations.carlsjr.com/ca/greenfield/369-walnut-ave",
        "@geometry": "center"
      },
      "geometry": {
        "type": "Point",
        "coordinates": [
          -121.2417042,
          36.3303145
        ]
      },
      "id": "way/974874376"
    },
    {
      "type": "Feature",
      "properties": {
        "@id": "way/979751025",
        "addr:city": "Fontana",
        "addr:housenumber": "8924",
        "addr:postcode": "92335",
        "addr:state": "CA",
        "addr:street": "Sierra Avenue",
        "amenity": "fast_food",
        "brand": "Carl's Jr.",
        "brand:wikidata": "Q1043486",
        "building": "yes",
        "cuisine": "burger",
        "drive_through": "yes",
        "name": "Carl's Jr.",
        "phone": "+1 909-823-7200",
        "ref": "1100248",
        "takeaway": "yes",
        "website": "https://locations.carlsjr.com/ca/fontana/8924-sierra-ave",
        "@geometry": "center"
      },
      "geometry": {
        "type": "Point",
        "coordinates": [
          -117.436231,
          34.0917249
        ]
      },
      "id": "way/979751025"
    },
    {
      "type": "Feature",
      "properties": {
        "@id": "way/979938008",
        "addr:city": "Phoenix",
        "addr:housenumber": "5040",
        "addr:postcode": "85339",
        "addr:state": "AZ",
        "addr:street": "West Baseline Road",
        "air_conditioning": "yes",
        "amenity": "fast_food",
        "brand": "Carl's Jr.",
        "brand:wikidata": "Q1043486",
        "building": "yes",
        "check_date": "2022-12-22",
        "cuisine": "burger",
        "delivery": "no",
        "drive_through": "yes",
        "internet_access": "no",
        "name": "Carl's Jr.",
        "outdoor_seating": "no",
        "payment:debit_cards": "yes",
        "payment:mastercard": "yes",
        "payment:visa": "yes",
        "phone": "+1 623-925-8322",
        "ref": "1101599",
        "smoking": "no",
        "source": "microsoft/BuildingFootprints;esri/USA_NAD_Addresses",
        "takeaway": "yes",
        "website": "https://locations.carlsjr.com/az/laveen/5040-w-baseline-rd",
        "wheelchair": "limited",
        "@geometry": "center"
      },
      "geometry": {
        "type": "Point",
        "coordinates": [
          -112.1669155,
          33.3782237
        ]
      },
      "id": "way/979938008"
    },
    {
      "type": "Feature",
      "properties": {
        "@id": "way/983581273",
        "addr:city": "Fresno",
        "addr:housenumber": "5625",
        "addr:postcode": "93727-4641",
        "addr:state": "CA",
        "addr:street": "East Kings Canyon Road",
        "amenity": "fast_food",
        "brand": "Carl's Jr.",
        "brand:wikidata": "Q1043486",
        "building": "yes",
        "cuisine": "burger",
        "name": "Carl's Jr.",
        "phone": "+1 559-454-8379",
        "ref": "1100583",
        "takeaway": "yes",
        "website": "https://locations.carlsjr.com/ca/fresno/5625-e.-kings-canyon-road",
        "@geometry": "center"
      },
      "geometry": {
        "type": "Point",
        "coordinates": [
          -119.6985702,
          36.736187
        ]
      },
      "id": "way/983581273"
    },
    {
      "type": "Feature",
      "properties": {
        "@id": "way/985022328",
        "addr:city": "Oakley",
        "addr:housenumber": "915",
        "addr:postcode": "94561",
        "addr:state": "CA",
        "addr:street": "Main Street",
        "amenity": "fast_food",
        "brand": "Carl's Jr.",
        "brand:wikidata": "Q1043486",
        "building": "yes",
        "cuisine": "burger",
        "name": "Carl's Jr.",
        "phone": "+1 925-778-5472",
        "ref": "1101150",
        "takeaway": "yes",
        "website": "https://locations.carlsjr.com/ca/oakley/915-main-st",
        "@geometry": "center"
      },
      "geometry": {
        "type": "Point",
        "coordinates": [
          -121.7521372,
          38.0046428
        ]
      },
      "id": "way/985022328"
    },
    {
      "type": "Feature",
      "properties": {
        "@id": "way/990683145",
        "addr:city": "El Paso",
        "addr:housenumber": "11300",
        "addr:postcode": "79934",
        "addr:state": "TX",
        "addr:street": "McCombs Street",
        "amenity": "fast_food",
        "brand": "Carl's Jr.",
        "brand:wikidata": "Q1043486",
        "building": "yes",
        "cuisine": "burger",
        "name": "Carl's Jr.",
        "phone": "+1 915-821-0869",
        "ref": "1102596",
        "takeaway": "yes",
        "website": "https://locations.carlsjr.com/tx/el-paso/11300-mccombs-street",
        "@geometry": "center"
      },
      "geometry": {
        "type": "Point",
        "coordinates": [
          -106.4071183,
          31.9387261
        ]
      },
      "id": "way/990683145"
    },
    {
      "type": "Feature",
      "properties": {
        "@id": "way/992370873",
        "addr:city": "Palmdale",
        "addr:housenumber": "5006",
        "addr:postcode": "93551",
        "addr:state": "CA",
        "addr:street": "W Avenue North",
        "amenity": "fast_food",
        "brand": "Carl's Jr.",
        "brand:wikidata": "Q1043486",
        "building": "yes",
        "cuisine": "burger",
        "name": "Carl's Jr.",
        "phone": "+1 661-722-1081",
        "ref": "1100315",
        "takeaway": "yes",
        "website": "https://locations.carlsjr.com/ca/palmdale/5006-w-avenue-n",
        "@geometry": "center"
      },
      "geometry": {
        "type": "Point",
        "coordinates": [
          -118.2193309,
          34.6304416
        ]
      },
      "id": "way/992370873"
    },
    {
      "type": "Feature",
      "properties": {
        "@id": "way/994404258",
        "addr:city": "El Cajon",
        "addr:housenumber": "624",
        "addr:postcode": "92020",
        "addr:state": "CA",
        "addr:street": "Fletcher Parkway",
        "amenity": "fast_food",
        "brand": "Carl's Jr.",
        "brand:wikidata": "Q1043486",
        "building": "yes",
        "cuisine": "burger",
        "drive_through": "yes",
        "name": "Carl's Jr.",
        "phone": "+1 619-447-5452",
        "ref": "1100089",
        "source": "SanGIS Addresses Public Domain (http://www.sangis.org/)",
        "takeaway": "yes",
        "website": "https://locations.carlsjr.com/ca/el-cajon/624-fletcher-pkwy",
        "@geometry": "center"
      },
      "geometry": {
        "type": "Point",
        "coordinates": [
          -116.9697627,
          32.8081835
        ]
      },
      "id": "way/994404258"
    },
    {
      "type": "Feature",
      "properties": {
        "@id": "way/995488105",
        "addr:city": "Airway Heights",
        "addr:housenumber": "10620",
        "addr:postcode": "99224",
        "addr:state": "WA",
        "addr:street": "West Highway 2",
        "amenity": "fast_food",
        "brand": "Carl's Jr.",
        "brand:wikidata": "Q1043486",
        "building": "yes",
        "cuisine": "burger",
        "name": "Carl's Jr.",
        "phone": "+1-509-455-2332",
        "ref": "1100054",
        "takeaway": "yes",
        "website": "https://locations.carlsjr.com/wa/airway-heights/10620-w-highway-2",
        "@geometry": "center"
      },
      "geometry": {
        "type": "Point",
        "coordinates": [
          -117.5594919,
          47.6434825
        ]
      },
      "id": "way/995488105"
    },
    {
      "type": "Feature",
      "properties": {
        "@id": "node/1003368290",
        "addr:city": "Roseville",
        "addr:housenumber": "9065",
        "addr:postcode": "95747",
        "addr:state": "CA",
        "addr:street": "Woodcreek Oaks Boulevard",
        "amenity": "fast_food",
        "brand": "Carl's Jr.",
        "brand:wikidata": "Q1043486",
        "cuisine": "burger",
        "drive_through": "yes",
        "name": "Carl's Jr.",
        "phone": "+1 916-773-7423",
        "ref": "1100655",
        "takeaway": "yes",
        "website": "https://locations.carlsjr.com/ca/roseville/9065-woodcreek-oaks-blvd"
      },
      "geometry": {
        "type": "Point",
        "coordinates": [
          -121.329879,
          38.7948484
        ]
      },
      "id": "node/1003368290"
    },
    {
      "type": "Feature",
      "properties": {
        "@id": "way/1006901298",
        "addr:city": "Orem",
        "addr:housenumber": "1331",
        "addr:postcode": "84057",
        "addr:state": "UT",
        "addr:street": "North State Street",
        "amenity": "fast_food",
        "brand": "Carl's Jr.",
        "brand:wikidata": "Q1043486",
        "building": "yes",
        "cuisine": "burger",
        "name": "Carl's Jr.",
        "phone": "+1 801-235-9030",
        "ref": "1101146",
        "takeaway": "yes",
        "website": "https://locations.carlsjr.com/ut/orem/1331-n-state-st",
        "@geometry": "center"
      },
      "geometry": {
        "type": "Point",
        "coordinates": [
          -111.7063945,
          40.3215385
        ]
      },
      "id": "way/1006901298"
    },
    {
      "type": "Feature",
      "properties": {
        "@id": "way/1009489848",
        "addr:city": "Tulsa",
        "addr:country": "US",
        "addr:housenumber": "4994",
        "addr:postcode": "74135",
        "addr:state": "OK",
        "addr:street": "East 41st Street South",
        "amenity": "fast_food",
        "brand": "Carl's Jr.",
        "brand:wikidata": "Q1043486",
        "building": "retail",
        "check_date": "2025-02-22",
        "cuisine": "burger",
        "drive_through": "yes",
        "internet_access": "wlan",
        "internet_access:fee": "no",
        "name": "Carl's Jr.",
        "opening_hours": "Mo-Sa 06:00-22:00; Su 07:00-22:00",
        "payment:cash": "yes",
        "payment:credit_cards": "yes",
        "payment:debit_cards": "yes",
        "phone": "+1 918-664-1760",
        "ref": "1101671",
        "takeaway": "yes",
        "website": "https://locations.carlsjr.com/ok/tulsa/4994-e-41st/",
        "wheelchair": "yes",
        "@geometry": "center"
      },
      "geometry": {
        "type": "Point",
        "coordinates": [
          -95.9176413,
          36.1039575
        ]
      },
      "id": "way/1009489848"
    },
    {
      "type": "Feature",
      "properties": {
        "@id": "way/1017457803",
        "addr:city": "Las Vegas",
        "addr:housenumber": "2035",
        "addr:postcode": "89104",
        "addr:state": "NV",
        "addr:street": "East Charleston",
        "amenity": "fast_food",
        "brand": "Carl's Jr.",
        "brand:wikidata": "Q1043486",
        "building": "yes",
        "cuisine": "burger",
        "name": "Carl's Jr.",
        "phone": "+1 702-385-7720",
        "ref": "1100758",
        "source": "microsoft/BuildingFootprints",
        "takeaway": "yes",
        "website": "https://locations.carlsjr.com/nv/las-vegas/2035-e.-charleston",
        "@geometry": "center"
      },
      "geometry": {
        "type": "Point",
        "coordinates": [
          -115.1193865,
          36.1592465
        ]
      },
      "id": "way/1017457803"
    },
    {
      "type": "Feature",
      "properties": {
        "@id": "way/1020704007",
        "addr:city": "Santa Rosa",
        "addr:housenumber": "373",
        "addr:postcode": "95403",
        "addr:state": "CA",
        "addr:street": "Aviation Boulevard",
        "amenity": "fast_food",
        "brand": "Carl's Jr.",
        "brand:wikidata": "Q1043486",
        "building": "retail",
        "changing_table": "yes",
        "changing_table:fee": "no",
        "cuisine": "burger",
        "drive_through": "yes",
        "name": "Carl's Jr.",
        "outdoor_seating": "yes",
        "phone": "+1 707-575-5945",
        "ref": "1101381",
        "takeaway": "yes",
        "toilets": "yes",
        "toilets:access": "customers",
        "website": "https://locations.carlsjr.com/ca/santa-rosa/373-aviation-blvd",
        "@geometry": "center"
      },
      "geometry": {
        "type": "Point",
        "coordinates": [
          -122.7808727,
          38.5116816
        ]
      },
      "id": "way/1020704007"
    },
    {
      "type": "Feature",
      "properties": {
        "@id": "way/1023114761",
        "addr:city": "Bountiful",
        "addr:housenumber": "195",
        "addr:postcode": "84010",
        "addr:state": "UT",
        "addr:street": "West 500 South",
        "amenity": "fast_food",
        "brand": "Carl's Jr.",
        "brand:wikidata": "Q1043486",
        "building": "retail",
        "check_date": "2026-05-22",
        "cuisine": "burger",
        "drive_through": "yes",
        "name": "Carl's Jr.",
        "opening_hours": "Mo-Fr 06:00-24:00; Sa 06:00-01:00, Su 09:00-23:00",
        "phone": "+1 801-294-6980",
        "ref": "1100380",
        "takeaway": "yes",
        "website": "https://locations.carlsjr.com/ut/bountiful/195-w-500-south",
        "@geometry": "center"
      },
      "geometry": {
        "type": "Point",
        "coordinates": [
          -111.8851298,
          40.8838975
        ]
      },
      "id": "way/1023114761"
    },
    {
      "type": "Feature",
      "properties": {
        "@id": "way/1029549101",
        "addr:city": "West Jordan",
        "addr:housenumber": "9025",
        "addr:postcode": "84088",
        "addr:state": "UT",
        "addr:street": "South Redwood Road",
        "amenity": "fast_food",
        "brand": "Carl's Jr.",
        "brand:wikidata": "Q1043486",
        "building": "retail",
        "building:levels": "1",
        "cuisine": "burger",
        "drive_through": "yes",
        "name": "Carl's Jr.",
        "phone": "+1 801-352-1128",
        "ref": "1100322",
        "takeaway": "yes",
        "website": "https://locations.carlsjr.com/ut/west-jordan/9025-s-redwood-rd",
        "@geometry": "center"
      },
      "geometry": {
        "type": "Point",
        "coordinates": [
          -111.938158,
          40.5869592
        ]
      },
      "id": "way/1029549101"
    },
    {
      "type": "Feature",
      "properties": {
        "@id": "way/1030458259",
        "addr:city": "Yakima",
        "addr:housenumber": "2208",
        "addr:postcode": "98903",
        "addr:state": "WA",
        "addr:street": "South 1st Street",
        "amenity": "fast_food",
        "brand": "Carl's Jr.",
        "brand:wikidata": "Q1043486",
        "building": "yes",
        "cuisine": "burger",
        "mapwithai:source": "MapWithAI",
        "name": "Carl's Jr.",
        "phone": "+1-509-895-7349",
        "ref": "1102075",
        "takeaway": "yes",
        "website": "https://locations.carlsjr.com/wa/yakima/2208-s-1st-st",
        "@geometry": "center"
      },
      "geometry": {
        "type": "Point",
        "coordinates": [
          -120.4873945,
          46.5696585
        ]
      },
      "id": "way/1030458259"
    },
    {
      "type": "Feature",
      "properties": {
        "@id": "node/1036654719",
        "addr:city": "Soledad",
        "addr:housenumber": "1000",
        "addr:postcode": "93960",
        "addr:state": "CA",
        "addr:street": "Front Street",
        "amenity": "fast_food",
        "brand": "Carl's Jr.",
        "brand:wikidata": "Q1043486",
        "cuisine": "burger",
        "drive_through": "yes",
        "name": "Carl's Jr.",
        "phone": "+1 831-678-2880",
        "ref": "1100871",
        "takeaway": "yes",
        "website": "https://locations.carlsjr.com/ca/soledad/1000-front-street"
      },
      "geometry": {
        "type": "Point",
        "coordinates": [
          -121.322617,
          36.419039
        ]
      },
      "id": "node/1036654719"
    },
    {
      "type": "Feature",
      "properties": {
        "@id": "way/1037403053",
        "addr:city": "Carpinteria",
        "addr:housenumber": "4610",
        "addr:postcode": "93013",
        "addr:state": "CA",
        "addr:street": "Carpinteria Avenue",
        "amenity": "fast_food",
        "brand": "Carl's Jr.",
        "brand:wikidata": "Q1043486",
        "building": "restaurant",
        "cuisine": "burger",
        "name": "Carl's Jr.",
        "phone": "+1 805-684-4079",
        "ref": "1100688",
        "takeaway": "yes",
        "website": "https://locations.carlsjr.com/ca/carpinteria/4610-carpinteria-ave",
        "@geometry": "center"
      },
      "geometry": {
        "type": "Point",
        "coordinates": [
          -119.5248353,
          34.4024752
        ]
      },
      "id": "way/1037403053"
    },
    {
      "type": "Feature",
      "properties": {
        "@id": "way/1046586318",
        "addr:city": "Colorado Springs",
        "addr:housenumber": "2360",
        "addr:postcode": "80909",
        "addr:state": "CO",
        "addr:street": "North Academy Boulevard",
        "amenity": "fast_food",
        "brand": "Carl's Jr.",
        "brand:wikidata": "Q1043486",
        "building": "yes",
        "cuisine": "burger",
        "delivery": "yes",
        "drive_through": "yes",
        "internet_access": "wlan",
        "name": "Carl's Jr.",
        "opening_hours": "24/7",
        "opening_hours:drive_through": "24/7",
        "phone": "+1-719-559-4590",
        "ref": "1102587",
        "takeaway": "yes",
        "website": "https://locations.carlsjr.com/co/colorado-springs/2360-n-academy-blvd",
        "@geometry": "center"
      },
      "geometry": {
        "type": "Point",
        "coordinates": [
          -104.7577384,
          38.8665575
        ]
      },
      "id": "way/1046586318"
    },
    {
      "type": "Feature",
      "properties": {
        "@id": "way/1047308364",
        "addr:city": "Costa Mesa",
        "addr:housenumber": "1501",
        "addr:postcode": "92627",
        "addr:state": "CA",
        "addr:street": "Newport Boulevard",
        "amenity": "fast_food",
        "brand": "Carl's Jr.",
        "brand:wikidata": "Q1043486",
        "building": "yes",
        "cuisine": "burger",
        "drive_through": "yes",
        "height": "6.14",
        "name": "Carl's Jr.",
        "opening_hours": "Mo-Th 06:00-01:00; Fr-Sa 06:00-02:00; Su 06:00-01:00",
        "phone": "+1 949-631-1079",
        "ref": "1100230",
        "source": "esri/Orange_County_CA_Buildings_v2",
        "source_ref": "AM909_DSCU4190",
        "takeaway": "yes",
        "website": "https://locations.carlsjr.com/ca/costa-mesa/1501-newport-blvd",
        "@geometry": "center"
      },
      "geometry": {
        "type": "Point",
        "coordinates": [
          -117.9255809,
          33.6310388
        ]
      },
      "id": "way/1047308364"
    },
    {
      "type": "Feature",
      "properties": {
        "@id": "way/1049604097",
        "addr:city": "Phoenix",
        "addr:country": "US",
        "addr:housenumber": "2342",
        "addr:postcode": "85016",
        "addr:state": "AZ",
        "addr:street": "East Thomas Road",
        "air_conditioning": "yes",
        "amenity": "fast_food",
        "brand": "Carl's Jr.",
        "brand:wikidata": "Q1043486",
        "building": "retail",
        "cuisine": "burger",
        "drive_through": "yes",
        "name": "Carl's Jr.",
        "phone": "+1 602-955-6419",
        "ref": "1100836",
        "source": "esri/USA_NAD_Addresses;esri_USDOT_Arizona;microsoft/BuildingFootprints",
        "takeaway": "yes",
        "website": "https://locations.carlsjr.com/az/phoenix/2342-e-thomas-rd",
        "@geometry": "center"
      },
      "geometry": {
        "type": "Point",
        "coordinates": [
          -112.0307561,
          33.4807169
        ]
      },
      "id": "way/1049604097"
    },
    {
      "type": "Feature",
      "properties": {
        "@id": "way/1050212793",
        "addr:city": "West Valley City",
        "addr:housenumber": "3535",
        "addr:postcode": "84119",
        "addr:state": "UT",
        "addr:street": "West 3500 South",
        "amenity": "fast_food",
        "brand": "Carl's Jr.",
        "brand:wikidata": "Q1043486",
        "building": "retail",
        "cuisine": "burger",
        "delivery": "yes",
        "drive_through": "yes",
        "name": "Carl's Jr.",
        "opening_hours": "Mo-Sa 06:00-23:00; Su 07:00-23:00",
        "phone": "+1 801-966-1606",
        "ref": "1100399",
        "source": "Bing",
        "takeaway": "yes",
        "website": "https://locations.carlsjr.com/ut/west-valley-city/3535-west-3500-south",
        "@geometry": "center"
      },
      "geometry": {
        "type": "Point",
        "coordinates": [
          -111.9754147,
          40.6962368
        ]
      },
      "id": "way/1050212793"
    },
    {
      "type": "Feature",
      "properties": {
        "@id": "way/1051032300",
        "addr:city": "Taylorsville",
        "addr:housenumber": "3812",
        "addr:postcode": "84129",
        "addr:state": "UT",
        "addr:street": "West 5400 South",
        "amenity": "fast_food",
        "brand": "Carl's Jr.",
        "brand:wikidata": "Q1043486",
        "building": "retail",
        "check_date": "2026-08-13",
        "cuisine": "burger",
        "delivery": "yes",
        "drive_through": "yes",
        "name": "Carl's Jr.",
        "opening_hours": "Mo 06:00-23:00; Tu-Th 06:00-22:00; Fr-Sa 06:00-23:00; Su 07:00-22:00",
        "phone": "+1 801-840-5200",
        "ref": "1102729",
        "takeaway": "yes",
        "website": "https://locations.carlsjr.com/ut/taylorsville/3812-west-5400-south",
        "@geometry": "center"
      },
      "geometry": {
        "type": "Point",
        "coordinates": [
          -111.9821976,
          40.6533511
        ]
      },
      "id": "way/1051032300"
    },
    {
      "type": "Feature",
      "properties": {
        "@id": "way/1068060046",
        "addr:city": "West Valley City",
        "addr:country": "US",
        "addr:housenumber": "3387",
        "addr:postcode": "84120",
        "addr:state": "UT",
        "addr:street": "South 5600 West",
        "amenity": "fast_food",
        "brand": "Carl's Jr.",
        "brand:wikidata": "Q1043486",
        "building": "retail",
        "cuisine": "burger",
        "drive_through": "yes",
        "name": "Carl's Jr.",
        "phone": "+1 801-965-8888",
        "ref": "1100432",
        "takeaway": "yes",
        "website": "https://locations.carlsjr.com/ut/west-valley-city/3387-south-5600-west",
        "@geometry": "center"
      },
      "geometry": {
        "type": "Point",
        "coordinates": [
          -112.0242703,
          40.6985935
        ]
      },
      "id": "way/1068060046"
    },
    {
      "type": "Feature",
      "properties": {
        "@id": "way/1071226119",
        "addr:city": "Rialto",
        "addr:housenumber": "2022",
        "addr:postcode": "92377",
        "addr:state": "CA",
        "addr:street": "North Riverside Avenue",
        "amenity": "fast_food",
        "brand": "Carl's Jr.",
        "brand:wikidata": "Q1043486",
        "building": "yes",
        "cuisine": "burger",
        "drive_through": "yes",
        "name": "Carl's Jr.",
        "phone": "+1 909-873-4766",
        "ref": "1100582",
        "takeaway": "yes",
        "website": "https://locations.carlsjr.com/ca/rialto/2022-n-riverside-ave",
        "@geometry": "center"
      },
      "geometry": {
        "type": "Point",
        "coordinates": [
          -117.3713756,
          34.1381222
        ]
      },
      "id": "way/1071226119"
    },
    {
      "type": "Feature",
      "properties": {
        "@id": "way/1071334211",
        "addr:city": "Roseburg",
        "addr:housenumber": "250",
        "addr:postcode": "97471",
        "addr:state": "OR",
        "addr:street": "Grant Smith Road",
        "amenity": "fast_food",
        "brand": "Carl's Jr.",
        "brand:wikidata": "Q1043486",
        "building": "yes",
        "cuisine": "burger",
        "drive_through": "yes",
        "name": "Carl's Jr.",
        "phone": "+1 541-900-6300",
        "ref": "1102926",
        "takeaway": "yes",
        "website": "https://locations.carlsjr.com/or/roseburg/250-grant-smith-road",
        "@geometry": "center"
      },
      "geometry": {
        "type": "Point",
        "coordinates": [
          -123.3705144,
          43.1497746
        ]
      },
      "id": "way/1071334211"
    },
    {
      "type": "Feature",
      "properties": {
        "@id": "way/1073216809",
        "addr:city": "San Bernardino",
        "addr:housenumber": "293",
        "addr:postcode": "92404",
        "addr:state": "CA",
        "addr:street": "East 40th Street",
        "amenity": "fast_food",
        "brand": "Carl's Jr.",
        "brand:wikidata": "Q1043486",
        "building": "yes",
        "cuisine": "burger",
        "drive_through": "yes",
        "name": "Carl's Jr.",
        "phone": "+1 909-881-1997",
        "ref": "1102773",
        "takeaway": "yes",
        "website": "https://locations.carlsjr.com/ca/san-bernardino/293-e-40th-st",
        "@geometry": "center"
      },
      "geometry": {
        "type": "Point",
        "coordinates": [
          -117.2794558,
          34.1646497
        ]
      },
      "id": "way/1073216809"
    },
    {
      "type": "Feature",
      "properties": {
        "@id": "way/1076652131",
        "amenity": "fast_food",
        "brand": "Carl's Jr.",
        "brand:wikidata": "Q1043486",
        "building": "retail",
        "cuisine": "burger",
        "mapillary": "1453190810124134",
        "name": "Carl's Jr.",
        "source": "microsoft/BuildingFootprints",
        "takeaway": "yes",
        "@geometry": "center"
      },
      "geometry": {
        "type": "Point",
        "coordinates": [
          -121.3033601,
          38.8742428
        ]
      },
      "id": "way/1076652131"
    },
    {
      "type": "Feature",
      "properties": {
        "@id": "way/1079194957",
        "addr:city": "Rialto",
        "addr:housenumber": "1334",
        "addr:postcode": "92376",
        "addr:state": "CA",
        "addr:street": "South Riverside Avenue",
        "amenity": "fast_food",
        "brand": "Carl's Jr.",
        "brand:wikidata": "Q1043486",
        "building": "yes",
        "cuisine": "burger",
        "drive_through": "yes",
        "name": "Carl's Jr.",
        "opening_hours": "Mo-Tu 00:00-24:00; We-Su 06:00-23:00",
        "phone": "+1 909-562-0113",
        "ref": "1100428",
        "takeaway": "yes",
        "website": "https://locations.carlsjr.com/ca/rialto/1334-s-riverside-ave",
        "@geometry": "center"
      },
      "geometry": {
        "type": "Point",
        "coordinates": [
          -117.3707902,
          34.0767376
        ]
      },
      "id": "way/1079194957"
    },
    {
      "type": "Feature",
      "properties": {
        "@id": "way/1082171929",
        "addr:city": "Perris",
        "addr:housenumber": "69",
        "addr:postcode": "92571",
        "addr:state": "CA",
        "addr:street": "West Nuevo Road",
        "amenity": "fast_food",
        "brand": "Carl's Jr.",
        "brand:wikidata": "Q1043486",
        "building": "yes",
        "cuisine": "burger",
        "drive_through": "yes",
        "name": "Carl's Jr.",
        "phone": "+1 951-943-3266",
        "ref": "1100522",
        "takeaway": "yes",
        "website": "https://locations.carlsjr.com/ca/perris/69-w-nuevo-rd",
        "@geometry": "center"
      },
      "geometry": {
        "type": "Point",
        "coordinates": [
          -117.2275137,
          33.8007517
        ]
      },
      "id": "way/1082171929"
    },
    {
      "type": "Feature",
      "properties": {
        "@id": "way/1083778025",
        "addr:city": "Salt Lake City",
        "addr:housenumber": "1654",
        "addr:postcode": "84104",
        "addr:state": "UT",
        "addr:street": "South Redwood Road",
        "amenity": "fast_food",
        "brand": "Carl's Jr.",
        "brand:wikidata": "Q1043486",
        "building": "retail",
        "cuisine": "burger",
        "delivery": "yes",
        "drive_through": "yes",
        "name": "Carl's Jr.",
        "opening_hours": "Mo 06:00-23:00; Tu-Sa 06:00-22:00; Su 07:00-22:00",
        "phone": "+1 801-972-2977",
        "ref": "1102671",
        "takeaway": "yes",
        "website": "https://locations.carlsjr.com/ut/salt-lake-city/1654-s.-redwood-rd",
        "@geometry": "center"
      },
      "geometry": {
        "type": "Point",
        "coordinates": [
          -111.9394161,
          40.7340497
        ]
      },
      "id": "way/1083778025"
    },
    {
      "type": "Feature",
      "properties": {
        "@id": "way/1084052702",
        "addr:city": "Clovis",
        "addr:housenumber": "1930",
        "addr:postcode": "93612-2712",
        "addr:state": "CA",
        "addr:street": "Clovis Avenue",
        "amenity": "fast_food",
        "attribution": "Fresno_County_GIS",
        "brand": "Carl's Jr.",
        "brand:wikidata": "Q1043486",
        "building": "commercial",
        "cuisine": "burger",
        "name": "Carl's Jr.",
        "opening_hours": "Tu-Th,Su 05:00-01:00, Fr,Sa 05:00-02:00, Mo 05:00-23:00",
        "phone": "+1 559-298-7200",
        "ref": "1100467",
        "source": "http://www.co.fresno.ca.us/%5Cdepartmentpage.aspx?id=16313",
        "takeaway": "yes",
        "website": "https://locations.carlsjr.com/ca/clovis/1930-clovis-ave",
        "@geometry": "center"
      },
      "geometry": {
        "type": "Point",
        "coordinates": [
          -119.7006997,
          36.809263
        ]
      },
      "id": "way/1084052702"
    },
    {
      "type": "Feature",
      "properties": {
        "@id": "way/1086322045",
        "amenity": "fast_food",
        "brand": "Carl's Jr.",
        "brand:wikidata": "Q1043486",
        "building": "yes",
        "check_date": "2025-08-21",
        "cuisine": "burger",
        "name": "Carl's Jr.",
        "takeaway": "yes",
        "@geometry": "center"
      },
      "geometry": {
        "type": "Point",
        "coordinates": [
          -110.9808388,
          31.9107372
        ]
      },
      "id": "way/1086322045"
    },
    {
      "type": "Feature",
      "properties": {
        "@id": "way/1087110399",
        "addr:city": "Lancaster",
        "addr:housenumber": "2114",
        "addr:postcode": "93535",
        "addr:state": "CA",
        "addr:street": "East Avenue J",
        "amenity": "fast_food",
        "brand": "Carl's Jr.",
        "brand:wikidata": "Q1043486",
        "building": "retail",
        "cuisine": "burger",
        "drive_through": "yes",
        "name": "Carl's Jr.",
        "phone": "+1 661-726-1405",
        "ref": "1102951",
        "takeaway": "yes",
        "website": "https://locations.carlsjr.com/ca/lancaster/2114-e-avenue-j",
        "@geometry": "center"
      },
      "geometry": {
        "type": "Point",
        "coordinates": [
          -118.0921039,
          34.6893619
        ]
      },
      "id": "way/1087110399"
    },
    {
      "type": "Feature",
      "properties": {
        "@id": "way/1097424556",
        "addr:city": "Coeur D'Alene",
        "addr:housenumber": "216",
        "addr:postcode": "83814",
        "addr:state": "ID",
        "addr:street": "West Appleway Avenue",
        "amenity": "fast_food",
        "brand": "Carl's Jr.",
        "brand:wikidata": "Q1043486",
        "building": "yes",
        "cuisine": "burger",
        "drive_through": "yes",
        "name": "Carl's Jr.",
        "opening_hours": "Mo-Sa 06:00-00:00, Su 07:00-00:00",
        "phone": "+1 208-665-2342",
        "ref": "1102871",
        "takeaway": "yes",
        "website": "https://locations.carlsjr.com/id/coeur-d-alene/216-w-appleway-avenue",
        "@geometry": "center"
      },
      "geometry": {
        "type": "Point",
        "coordinates": [
          -116.7892108,
          47.7004763
        ]
      },
      "id": "way/1097424556"
    },
    {
      "type": "Feature",
      "properties": {
        "@id": "way/1106556584",
        "addr:city": "Keizer",
        "addr:housenumber": "8982",
        "addr:postcode": "97303",
        "addr:state": "OR",
        "addr:street": "Truckman Way Northeast",
        "amenity": "fast_food",
        "brand": "Carl's Jr.",
        "brand:wikidata": "Q1043486",
        "building": "yes",
        "cuisine": "burger",
        "name": "Carl's Jr.",
        "phone": "+1 503-584-1673",
        "ref": "1102543",
        "takeaway": "yes",
        "website": "https://locations.carlsjr.com/or/keizer/8982-truckman-way-ne",
        "@geometry": "center"
      },
      "geometry": {
        "type": "Point",
        "coordinates": [
          -122.9760429,
          45.048924
        ]
      },
      "id": "way/1106556584"
    },
    {
      "type": "Feature",
      "properties": {
        "@id": "way/1108078496",
        "addr:city": "Visalia",
        "addr:housenumber": "3350",
        "addr:postcode": "93277-7770",
        "addr:state": "CA",
        "addr:street": "South Mooney",
        "amenity": "fast_food",
        "brand": "Carl's Jr.",
        "brand:wikidata": "Q1043486",
        "building": "yes",
        "cuisine": "burger",
        "name": "Carl's Jr.",
        "phone": "+1 559-733-4465",
        "ref": "1100185",
        "source": "microsoft/BuildingFootprints",
        "takeaway": "yes",
        "website": "https://locations.carlsjr.com/ca/visalia/3350-s-mooney",
        "@geometry": "center"
      },
      "geometry": {
        "type": "Point",
        "coordinates": [
          -119.3130671,
          36.300481
        ]
      },
      "id": "way/1108078496"
    },
    {
      "type": "Feature",
      "properties": {
        "@id": "way/1115020647",
        "amenity": "fast_food",
        "brand": "Carl's Jr.",
        "brand:wikidata": "Q1043486",
        "building": "yes",
        "cuisine": "burger",
        "drive_through": "yes",
        "name": "Carl's Jr.",
        "takeaway": "yes",
        "website": "https://locations.carlsjr.com/az/winslow/704-mikes-peak-boulevard",
        "@geometry": "center"
      },
      "geometry": {
        "type": "Point",
        "coordinates": [
          -110.7014556,
          35.0410343
        ]
      },
      "id": "way/1115020647"
    },
    {
      "type": "Feature",
      "properties": {
        "@id": "way/1115402633",
        "addr:city": "Albuquerque",
        "addr:housenumber": "6700",
        "addr:postcode": "87121",
        "addr:state": "NM",
        "addr:street": "Central Avenue Southwest",
        "amenity": "fast_food",
        "brand": "Carl's Jr.",
        "brand:wikidata": "Q1043486",
        "building": "yes",
        "cuisine": "burger",
        "drive_through": "yes",
        "name": "Carl's Jr.",
        "phone": "+1 505-352-5111",
        "ref": "1101585",
        "source": "microsoft/BuildingFootprints",
        "takeaway": "yes",
        "website": "https://locations.carlsjr.com/nm/albuquerque/6700-central-ave-sw",
        "@geometry": "center"
      },
      "geometry": {
        "type": "Point",
        "coordinates": [
          -106.7121383,
          35.079007
        ]
      },
      "id": "way/1115402633"
    },
    {
      "type": "Feature",
      "properties": {
        "@id": "way/1117022450",
        "addr:city": "Las Vegas",
        "addr:housenumber": "6960",
        "addr:postcode": "89147",
        "addr:state": "NV",
        "addr:street": "West Tropicana Avenue",
        "amenity": "fast_food",
        "brand": "Carl's Jr.",
        "brand:wikidata": "Q1043486",
        "building": "yes",
        "cuisine": "burger",
        "drive_through": "yes",
        "name": "Carl's Jr.",
        "opening_hours": "24/7",
        "phone": "+1 701-367-7181",
        "ref": "1100874",
        "source": "microsoft/BuildingFootprints",
        "takeaway": "yes",
        "website": "https://locations.carlsjr.com/nv/las-vegas/6960-w-tropicana-ave",
        "@geometry": "center"
      },
      "geometry": {
        "type": "Point",
        "coordinates": [
          -115.2441333,
          36.1001345
        ]
      },
      "id": "way/1117022450"
    },
    {
      "type": "Feature",
      "properties": {
        "@id": "way/1117689595",
        "addr:city": "Henderson",
        "addr:housenumber": "146",
        "addr:postcode": "89012",
        "addr:state": "NV",
        "addr:street": "North Stephanie Street",
        "amenity": "fast_food",
        "brand": "Carl's Jr.",
        "brand:wikidata": "Q1043486",
        "building": "yes",
        "cuisine": "burger",
        "drive_through": "yes",
        "name": "Carl's Jr.",
        "opening_hours": "24/7",
        "phone": "+1 702-483-6354",
        "ref": "1102535",
        "takeaway": "yes",
        "website": "https://locations.carlsjr.com/nv/henderson/146-n-stephanie-st",
        "@geometry": "center"
      },
      "geometry": {
        "type": "Point",
        "coordinates": [
          -115.0463533,
          36.0357931
        ]
      },
      "id": "way/1117689595"
    },
    {
      "type": "Feature",
      "properties": {
        "@id": "way/1119407544",
        "addr:city": "Thousand Oaks",
        "addr:housenumber": "1384",
        "addr:postcode": "91360",
        "addr:state": "CA",
        "addr:street": "North Moorpark Road",
        "amenity": "fast_food",
        "brand": "Carl's Jr.",
        "brand:wikidata": "Q1043486",
        "building": "yes",
        "cuisine": "burger",
        "name": "Carl's Jr.",
        "phone": "+1 805-495-7779",
        "ref": "1100069",
        "takeaway": "yes",
        "website": "https://locations.carlsjr.com/ca/thousand-oaks/1384-moorpark-road",
        "@geometry": "center"
      },
      "geometry": {
        "type": "Point",
        "coordinates": [
          -118.8693418,
          34.1976912
        ]
      },
      "id": "way/1119407544"
    },
    {
      "type": "Feature",
      "properties": {
        "@id": "way/1121067285",
        "addr:city": "Las Cruces",
        "addr:housenumber": "3965",
        "addr:postcode": "88012",
        "addr:state": "NM",
        "addr:street": "Bataan Memorial West",
        "amenity": "fast_food",
        "brand": "Carl's Jr.",
        "brand:wikidata": "Q1043486",
        "building": "yes",
        "cuisine": "burger",
        "name": "Carl's Jr.",
        "phone": "+1 575-382-2018",
        "ref": "1102784",
        "takeaway": "yes",
        "website": "https://locations.carlsjr.com/nm/las-cruces/3965-bataan-memorial-west",
        "@geometry": "center"
      },
      "geometry": {
        "type": "Point",
        "coordinates": [
          -106.7417684,
          32.3723207
        ]
      },
      "id": "way/1121067285"
    },
    {
      "type": "Feature",
      "properties": {
        "@id": "way/1144063239",
        "addr:city": "Porterville",
        "addr:housenumber": "431",
        "addr:postcode": "93257-5916",
        "addr:state": "CA",
        "addr:street": "West Vandalia Avenue",
        "air_conditioning": "yes",
        "amenity": "fast_food",
        "brand": "Carl's Jr.",
        "brand:wikidata": "Q1043486",
        "building": "yes",
        "cuisine": "burger",
        "drive_through": "yes",
        "name": "Carl's Jr.",
        "phone": "+1 559-793-1667",
        "ref": "1100482",
        "source": "microsoft/BuildingFootprints",
        "takeaway": "yes",
        "website": "https://locations.carlsjr.com/ca/porterville/431-w-vandalia-ave",
        "wheelchair": "yes",
        "@geometry": "center"
      },
      "geometry": {
        "type": "Point",
        "coordinates": [
          -119.0266928,
          36.0526071
        ]
      },
      "id": "way/1144063239"
    },
    {
      "type": "Feature",
      "properties": {
        "@id": "way/1154435701",
        "addr:city": "La Quinta",
        "addr:housenumber": "78672",
        "addr:postcode": "92253",
        "addr:state": "CA",
        "addr:street": "Highway 111",
        "amenity": "fast_food",
        "brand": "Carl's Jr.",
        "brand:wikidata": "Q1043486",
        "building": "yes",
        "cuisine": "burger",
        "drive_through": "yes",
        "name": "Carl's Jr.",
        "opening_hours": "Su-Th 06:00-24:00; Fr-Sa 06:00-01:00",
        "phone": "+1 760-771-1330",
        "ref": "1101082",
        "source": "microsoft/BuildingFootprints",
        "takeaway": "yes",
        "website": "https://locations.carlsjr.com/ca/la-quinta/78672-highway-111/",
        "@geometry": "center"
      },
      "geometry": {
        "type": "Point",
        "coordinates": [
          -116.293072,
          33.7142744
        ]
      },
      "id": "way/1154435701"
    },
    {
      "type": "Feature",
      "properties": {
        "@id": "way/1155684278",
        "addr:city": "Eloy",
        "addr:housenumber": "3090",
        "addr:postcode": "85131",
        "addr:state": "AZ",
        "addr:street": "North Toltec Road",
        "amenity": "fast_food",
        "brand": "Carl's Jr.",
        "brand:wikidata": "Q1043486",
        "building": "commercial",
        "cuisine": "burger",
        "drive_through": "yes",
        "name": "Carl's Jr.",
        "phone": "+1 520-466-9385",
        "ref": "1100827",
        "takeaway": "yes",
        "website": "https://locations.carlsjr.com/az/eloy/3090-n-toltec-rd",
        "@geometry": "center"
      },
      "geometry": {
        "type": "Point",
        "coordinates": [
          -111.619758,
          32.7803092
        ]
      },
      "id": "way/1155684278"
    },
    {
      "type": "Feature",
      "properties": {
        "@id": "way/1166311979",
        "amenity": "fast_food",
        "brand": "Carl's Jr.",
        "brand:wikidata": "Q1043486",
        "building": "yes",
        "cuisine": "burger",
        "name": "Carl's Jr.",
        "takeaway": "yes",
        "@geometry": "center"
      },
      "geometry": {
        "type": "Point",
        "coordinates": [
          -120.9936214,
          37.6806585
        ]
      },
      "id": "way/1166311979"
    },
    {
      "type": "Feature",
      "properties": {
        "@id": "way/1197492209",
        "addr:city": "North Las Vegas",
        "addr:housenumber": "2670",
        "addr:postcode": "89030",
        "addr:state": "NV",
        "addr:street": "East Craig Road",
        "amenity": "fast_food",
        "brand": "Carl's Jr.",
        "brand:wikidata": "Q1043486",
        "building": "yes",
        "cuisine": "burger",
        "name": "Carl's Jr.",
        "phone": "+1 702-399-9671",
        "ref": "1101704",
        "takeaway": "yes",
        "website": "https://locations.carlsjr.com/nv/north-las-vegas/2670-e-craig-rd",
        "@geometry": "center"
      },
      "geometry": {
        "type": "Point",
        "coordinates": [
          -115.1133476,
          36.2403457
        ]
      },
      "id": "way/1197492209"
    },
    {
      "type": "Feature",
      "properties": {
        "@id": "way/1201537366",
        "addr:city": "Tulsa",
        "addr:country": "US",
        "addr:housenumber": "6916",
        "addr:postcode": "74133",
        "addr:state": "OK",
        "addr:street": "South Mingo Road",
        "amenity": "fast_food",
        "brand": "Carl's Jr.",
        "brand:wikidata": "Q1043486",
        "building": "yes",
        "cuisine": "burger",
        "name": "Carl's Jr.",
        "phone": "+1 918-893-4775",
        "ref": "1102214",
        "source": "INCOG",
        "takeaway": "yes",
        "website": "https://locations.carlsjr.com/ok/tulsa/6916-s-mingo-rd",
        "@geometry": "center"
      },
      "geometry": {
        "type": "Point",
        "coordinates": [
          -95.8690585,
          36.0630304
        ]
      },
      "id": "way/1201537366"
    },
    {
      "type": "Feature",
      "properties": {
        "@id": "node/1207263046",
        "addr:city": "San Jacinto",
        "addr:housenumber": "1171",
        "addr:postcode": "92583",
        "addr:state": "CA",
        "addr:street": "North State Street",
        "amenity": "fast_food",
        "branch": "Green Burrito",
        "brand": "Carl's Jr.",
        "brand:wikidata": "Q1043486",
        "cuisine": "burger",
        "drive_through": "yes",
        "name": "Carl's Jr.",
        "phone": "+1 951-654-3642",
        "ref": "1100122",
        "source": "bing_imagery_0.25m_201005;survey;image",
        "source_ref": "AM909_DSCX2054",
        "takeaway": "yes",
        "website": "https://locations.carlsjr.com/ca/san-jacinto/1171-n-state-st"
      },
      "geometry": {
        "type": "Point",
        "coordinates": [
          -116.970294,
          33.8022743
        ]
      },
      "id": "node/1207263046"
    },
    {
      "type": "Feature",
      "properties": {
        "@id": "way/1210291230",
        "addr:city": "Elsinore",
        "addr:housenumber": "259",
        "addr:postcode": "84724",
        "addr:state": "UT",
        "addr:street": "South Old Highway 89",
        "amenity": "fast_food",
        "brand": "Carl's Jr.",
        "brand:wikidata": "Q1043486",
        "breakfast": "Mo-Su 07:00-10:30",
        "building": "yes",
        "cuisine": "burger",
        "drive_through": "yes",
        "name": "Carl's Jr.",
        "opening_hours": "Mo-Su 07:00-20:00",
        "opening_hours:drive_through": "Mo-Su 07:00-22:00",
        "phone": "+1 435-527-8804",
        "ref": "1102641",
        "takeaway": "yes",
        "website": "https://locations.carlsjr.com/ut/elsinore/259-south-old-highway-89",
        "@geometry": "center"
      },
      "geometry": {
        "type": "Point",
        "coordinates": [
          -112.1533816,
          38.6818082
        ]
      },
      "id": "way/1210291230"
    },
    {
      "type": "Feature",
      "properties": {
        "@id": "way/1215492512",
        "addr:city": "Lancaster",
        "addr:housenumber": "1511",
        "addr:postcode": "93534",
        "addr:state": "CA",
        "addr:street": "West Avenue K",
        "amenity": "fast_food",
        "brand": "Carl's Jr.",
        "brand:wikidata": "Q1043486",
        "building": "yes",
        "cuisine": "burger",
        "name": "Carl's Jr.",
        "phone": "+1 661-948-6188",
        "ref": "1100128",
        "takeaway": "yes",
        "website": "https://locations.carlsjr.com/ca/lancaster/1511-w-avenue-k",
        "@geometry": "center"
      },
      "geometry": {
        "type": "Point",
        "coordinates": [
          -118.156036,
          34.6752657
        ]
      },
      "id": "way/1215492512"
    },
    {
      "type": "Feature",
      "properties": {
        "@id": "node/1216897964",
        "addr:city": "Colorado Springs",
        "addr:housenumber": "425",
        "addr:postcode": "80907",
        "addr:state": "CO",
        "addr:street": "Garden Of The Gods",
        "amenity": "fast_food",
        "brand": "Carl's Jr.",
        "brand:wikidata": "Q1043486",
        "cuisine": "burger",
        "drive_through": "yes",
        "name": "Carl's Jr.",
        "phone": "+1 719-599-5511",
        "ref": "1101201",
        "takeaway": "yes",
        "website": "https://locations.carlsjr.com/co/colorado-springs/425-garden-of-the-gods"
      },
      "geometry": {
        "type": "Point",
        "coordinates": [
          -104.8278406,
          38.8964648
        ]
      },
      "id": "node/1216897964"
    },
    {
      "type": "Feature",
      "properties": {
        "@id": "node/1223809231",
        "amenity": "fast_food",
        "brand": "Carl's Jr.",
        "brand:wikidata": "Q1043486",
        "check_date": "2011-03-29",
        "cuisine": "burger",
        "drive_through": "yes",
        "name": "Carl's Jr.",
        "source": "bing_imagery_0.06m_200801;survey;image",
        "source_ref": "AM909_DSCW8881",
        "takeaway": "yes"
      },
      "geometry": {
        "type": "Point",
        "coordinates": [
          -118.0720337,
          34.0812102
        ]
      },
      "id": "node/1223809231"
    },
    {
      "type": "Feature",
      "properties": {
        "@id": "way/1226251151",
        "addr:city": "Shreveport",
        "addr:housenumber": "161",
        "addr:postcode": "71107",
        "addr:state": "LA",
        "addr:street": "Freestate Boulevard",
        "amenity": "fast_food",
        "brand": "Carl's Jr.",
        "brand:wikidata": "Q1043486",
        "building": "commercial",
        "building:levels": "1",
        "cuisine": "burger",
        "drive_through": "yes",
        "height": "5",
        "name": "Carl's Jr.",
        "opening_hours": "Mo-Su 06:00-23:00",
        "phone": "+1-318-459-3753",
        "takeaway": "yes",
        "website": "https://www.carlsjr.com",
        "@geometry": "center"
      },
      "geometry": {
        "type": "Point",
        "coordinates": [
          -93.7675078,
          32.5344454
        ]
      },
      "id": "way/1226251151"
    },
    {
      "type": "Feature",
      "properties": {
        "@id": "way/1230255912",
        "addr:city": "Purcell",
        "addr:housenumber": "503",
        "addr:postcode": "73080",
        "addr:state": "OK",
        "addr:street": "West Washington Street",
        "amenity": "fast_food",
        "brand": "Carl's Jr.",
        "brand:wikidata": "Q1043486",
        "building": "yes",
        "cuisine": "burger",
        "name": "Carl's Jr.",
        "phone": "+1 405-527-9595",
        "ref": "1101230",
        "takeaway": "yes",
        "website": "https://locations.carlsjr.com/ok/purcell/503-w-washington-st",
        "@geometry": "center"
      },
      "geometry": {
        "type": "Point",
        "coordinates": [
          -97.3664524,
          35.0141915
        ]
      },
      "id": "way/1230255912"
    },
    {
      "type": "Feature",
      "properties": {
        "@id": "way/1230683564",
        "addr:city": "Oroville",
        "addr:housenumber": "2730",
        "addr:postcode": "95966",
        "addr:state": "CA",
        "addr:street": "Olive Highway",
        "amenity": "fast_food",
        "brand": "Carl's Jr.",
        "brand:wikidata": "Q1043486",
        "building": "yes",
        "cuisine": "burger",
        "name": "Carl's Jr.",
        "phone": "+1 530-712-9267",
        "ref": "1102649",
        "takeaway": "yes",
        "website": "https://locations.carlsjr.com/ca/oroville/2730-olive-hwy",
        "@geometry": "center"
      },
      "geometry": {
        "type": "Point",
        "coordinates": [
          -121.5421882,
          39.5041518
        ]
      },
      "id": "way/1230683564"
    },
    {
      "type": "Feature",
      "properties": {
        "@id": "way/1232091982",
        "addr:city": "Nogales",
        "addr:housenumber": "800",
        "addr:postcode": "85621",
        "addr:state": "AZ",
        "addr:street": "West Mariposa Road",
        "amenity": "fast_food",
        "brand": "Carl's Jr.",
        "brand:wikidata": "Q1043486",
        "building": "yes",
        "check_date": "2025-02-20",
        "cuisine": "burger",
        "drive_through": "yes",
        "name": "Carl's Jr.",
        "opening_hours": "06:00-24:00",
        "operator": "Carl's Jr",
        "phone": "+1 520-281-9699",
        "ref": "1101501",
        "source": "esri/USA_NAD_Addresses",
        "takeaway": "yes",
        "website": "https://locations.carlsjr.com/az/nogales/800-w-mariposa-rd",
        "@geometry": "center"
      },
      "geometry": {
        "type": "Point",
        "coordinates": [
          -110.947322,
          31.3649876
        ]
      },
      "id": "way/1232091982"
    },
    {
      "type": "Feature",
      "properties": {
        "@id": "node/1234350302",
        "addr:city": "Fullerton",
        "addr:housenumber": "4010",
        "addr:postcode": "92835",
        "addr:state": "CA",
        "addr:street": "South Harbor Boulevard",
        "amenity": "fast_food",
        "brand": "Carl's Jr.",
        "brand:wikidata": "Q1043486",
        "cuisine": "burger",
        "drive_through": "yes",
        "name": "Carl's Jr.",
        "phone": "+1 714-441-0701",
        "ref": "1100573",
        "takeaway": "yes",
        "website": "https://locations.carlsjr.com/ca/fullerton/4010-n-harbor-blvd"
      },
      "geometry": {
        "type": "Point",
        "coordinates": [
          -117.9327128,
          33.9180387
        ]
      },
      "id": "node/1234350302"
    },
    {
      "type": "Feature",
      "properties": {
        "@id": "way/1235771946",
        "addr:city": "North Las Vegas",
        "addr:housenumber": "1824",
        "addr:postcode": "89030",
        "addr:state": "NV",
        "addr:street": "East Lake Mead Boulevard",
        "amenity": "fast_food",
        "brand": "Carl's Jr.",
        "brand:wikidata": "Q1043486",
        "building": "yes",
        "cuisine": "burger",
        "name": "Carl's Jr.",
        "phone": "+1 702-642-1674",
        "ref": "1100750",
        "source": "microsoft/BuildingFootprints",
        "takeaway": "yes",
        "website": "https://locations.carlsjr.com/nv/north-las-vegas/1824-e-lake-mead-blvd",
        "@geometry": "center"
      },
      "geometry": {
        "type": "Point",
        "coordinates": [
          -115.1211258,
          36.1962882
        ]
      },
      "id": "way/1235771946"
    },
    {
      "type": "Feature",
      "properties": {
        "@id": "way/1235772816",
        "addr:city": "North Las Vegas",
        "addr:housenumber": "1440",
        "addr:postcode": "89030",
        "addr:state": "NV",
        "addr:street": "West Cheyenne Avenue",
        "amenity": "fast_food",
        "brand": "Carl's Jr.",
        "brand:wikidata": "Q1043486",
        "building": "yes",
        "cuisine": "burger",
        "drive_through": "yes",
        "internet_access": "wlan",
        "name": "Carl's Jr.",
        "opening_hours": "06:00-24:00",
        "phone": "+1 702-399-1023",
        "source": "microsoft/BuildingFootprints",
        "takeaway": "yes",
        "website": "https://locations.carlsjr.com/nv/north-las-vegas/1440-w-cheyenne-ave/",
        "@geometry": "center"
      },
      "geometry": {
        "type": "Point",
        "coordinates": [
          -115.1607008,
          36.2188311
        ]
      },
      "id": "way/1235772816"
    },
    {
      "type": "Feature",
      "properties": {
        "@id": "way/1236459322",
        "addr:city": "Henderson",
        "addr:housenumber": "3780",
        "addr:postcode": "89120",
        "addr:state": "NV",
        "addr:street": "East Sunset Road",
        "amenity": "fast_food",
        "brand": "Carl's Jr.",
        "brand:wikidata": "Q1043486",
        "building": "yes",
        "cuisine": "burger",
        "drive_through": "yes",
        "name": "Carl's Jr.",
        "source": "microsoft/BuildingFootprints",
        "takeaway": "yes",
        "website": "https://locations.carlsjr.com/nv/las-vegas/3780-sunset-road/",
        "@geometry": "center"
      },
      "geometry": {
        "type": "Point",
        "coordinates": [
          -115.0924989,
          36.0716036
        ]
      },
      "id": "way/1236459322"
    },
    {
      "type": "Feature",
      "properties": {
        "@id": "way/1243964129",
        "addr:city": "Simi Valley",
        "addr:housenumber": "2402",
        "addr:postcode": "93065",
        "addr:state": "CA",
        "addr:street": "Erringer Road",
        "air_conditioning": "yes",
        "amenity": "fast_food",
        "branch": "#110",
        "brand": "Carl's Jr.",
        "brand:wikidata": "Q1043486",
        "building": "yes",
        "check_date": "2024-03-12",
        "cuisine": "burger",
        "drive_through": "yes",
        "highchair": "yes",
        "internet_access": "wlan",
        "internet_access:fee": "customers",
        "name": "Carl's Jr.",
        "opening_hours": "24/7",
        "payment:cash": "yes",
        "payment:credit_cards": "yes",
        "payment:debit_cards": "yes",
        "phone": "+1 805-526-6915",
        "ref": "1100110",
        "source": "local knowledge;survey",
        "takeaway": "yes",
        "website": "https://www.carlsjr.com/",
        "@geometry": "center"
      },
      "geometry": {
        "type": "Point",
        "coordinates": [
          -118.7608664,
          34.2794176
        ]
      },
      "id": "way/1243964129"
    },
    {
      "type": "Feature",
      "properties": {
        "@id": "way/1244085968",
        "addr:city": "Las Vegas",
        "addr:housenumber": "1991",
        "addr:state": "NV",
        "addr:street": "North Decatur Boulevard",
        "amenity": "fast_food",
        "brand": "Carl's Jr.",
        "brand:wikidata": "Q1043486",
        "building": "commercial",
        "cuisine": "burger",
        "name": "Carl's Jr.",
        "source": "microsoft/BuildingFootprints",
        "takeaway": "yes",
        "@geometry": "center"
      },
      "geometry": {
        "type": "Point",
        "coordinates": [
          -115.2065192,
          36.1950585
        ]
      },
      "id": "way/1244085968"
    },
    {
      "type": "Feature",
      "properties": {
        "@id": "way/1244151772",
        "addr:city": "Las Vegas",
        "addr:housenumber": "7598",
        "addr:postcode": "89128",
        "addr:state": "NV",
        "addr:street": "Vegas Drive",
        "amenity": "fast_food",
        "brand": "Carl's Jr.",
        "brand:wikidata": "Q1043486",
        "building": "yes",
        "cuisine": "burger",
        "drive_through": "yes",
        "name": "Carl's Jr.",
        "opening_hours": "We-Su 06:00-23:00; Mo-Tu 00:00-24:00",
        "phone": "+1 702-228-2114",
        "ref": "1101834",
        "source": "microsoft/BuildingFootprints",
        "takeaway": "yes",
        "website": "https://locations.carlsjr.com/nv/las-vegas/7598-vegas-dr",
        "@geometry": "center"
      },
      "geometry": {
        "type": "Point",
        "coordinates": [
          -115.2596942,
          36.1891433
        ]
      },
      "id": "way/1244151772"
    },
    {
      "type": "Feature",
      "properties": {
        "@id": "way/1257251245",
        "addr:city": "Blythe",
        "addr:housenumber": "160",
        "addr:postcode": "92225",
        "addr:state": "CA",
        "addr:street": "South Lovekin Boulevard",
        "amenity": "fast_food",
        "brand": "Carl's Jr.",
        "brand:wikidata": "Q1043486",
        "building": "yes",
        "cuisine": "burger",
        "drive_through": "yes",
        "name": "Carl's Jr.",
        "phone": "+1 760-922-3500",
        "ref": "1100769",
        "takeaway": "yes",
        "website": "https://locations.carlsjr.com/ca/blythe/160-s-lovekin",
        "@geometry": "center"
      },
      "geometry": {
        "type": "Point",
        "coordinates": [
          -114.6052349,
          33.6090164
        ]
      },
      "id": "way/1257251245"
    },
    {
      "type": "Feature",
      "properties": {
        "@id": "way/1266706182",
        "addr:city": "Henderson",
        "addr:housenumber": "3520",
        "addr:postcode": "89044",
        "addr:state": "NV",
        "addr:street": "Volunteer Boulevard",
        "amenity": "fast_food",
        "brand": "Carl's Jr.",
        "brand:wikidata": "Q1043486",
        "building": "yes",
        "cuisine": "burger",
        "drive_through": "yes",
        "name": "Carl's Jr.",
        "opening_hours": "Su-Th 06:00-00:00; Fr-Sa 06:00-01:00",
        "phone": "+1-702-760-3437",
        "source": "microsoft/BuildingFootprints",
        "takeaway": "yes",
        "website": "https://locations.carlsjr.com/nv/henderson/3520-volunteer-blvd/",
        "@geometry": "center"
      },
      "geometry": {
        "type": "Point",
        "coordinates": [
          -115.1425416,
          35.960282
        ]
      },
      "id": "way/1266706182"
    },
    {
      "type": "Feature",
      "properties": {
        "@id": "node/1278385790",
        "addr:city": "San Bruno",
        "addr:housenumber": "899",
        "addr:postcode": "94066-2949",
        "addr:state": "CA",
        "addr:street": "Cherry Avenue",
        "amenity": "fast_food",
        "brand": "Carl's Jr.",
        "brand:wikidata": "Q1043486",
        "cuisine": "burger",
        "drive_through": "yes",
        "name": "Carl's Jr.",
        "phone": "+1 650-583-6467",
        "ref": "1100716",
        "takeaway": "yes",
        "website": "https://locations.carlsjr.com/ca/san-bruno/899-cherry-avenue",
        "wheelchair": "yes"
      },
      "geometry": {
        "type": "Point",
        "coordinates": [
          -122.42561,
          37.627127
        ]
      },
      "id": "node/1278385790"
    },
    {
      "type": "Feature",
      "properties": {
        "@id": "way/1283066152",
        "addr:city": "Florence",
        "addr:housenumber": "502",
        "addr:postcode": "81226",
        "addr:state": "CO",
        "addr:street": "East Main Street",
        "amenity": "fast_food",
        "brand": "Carl's Jr.",
        "brand:wikidata": "Q1043486",
        "building": "yes",
        "cuisine": "burger",
        "name": "Carl's Jr.",
        "phone": "+1 719-784-4600",
        "ref": "1101187",
        "takeaway": "yes",
        "website": "https://locations.carlsjr.com/co/florence/502-e-main-st",
        "@geometry": "center"
      },
      "geometry": {
        "type": "Point",
        "coordinates": [
          -105.1115954,
          38.3883662
        ]
      },
      "id": "way/1283066152"
    },
    {
      "type": "Feature",
      "properties": {
        "@id": "way/1284522617",
        "addr:city": "Lehi",
        "addr:housenumber": "3536",
        "addr:postcode": "84043",
        "addr:state": "UT",
        "addr:street": "West Maple Loop",
        "amenity": "fast_food",
        "brand": "Carl's Jr.",
        "brand:wikidata": "Q1043486",
        "building": "commercial",
        "cuisine": "burger",
        "drive_through": "yes",
        "name": "Carl's Jr.",
        "phone": "+1 801-766-6889",
        "ref": "1102210",
        "source": "esri/Utah_County_UT_Buildings",
        "takeaway": "yes",
        "website": "https://locations.carlsjr.com/ut/lehi/3536-n-maple-loop-dr",
        "@geometry": "center"
      },
      "geometry": {
        "type": "Point",
        "coordinates": [
          -111.8953993,
          40.4314901
        ]
      },
      "id": "way/1284522617"
    },
    {
      "type": "Feature",
      "properties": {
        "@id": "way/1286736054",
        "addr:city": "Fresno",
        "addr:housenumber": "3983",
        "addr:postcode": "93726",
        "addr:state": "CA",
        "addr:street": "North Blackstone Avenue",
        "amenity": "fast_food",
        "brand": "Carl's Jr.",
        "brand:wikidata": "Q1043486",
        "building": "yes",
        "cuisine": "burger",
        "drive_through": "yes",
        "name": "Carl's Jr.",
        "opening_hours": "Mo-Th 06:00-24:00; Fr-Sa 06:00-25:00; Su 07:00-23:00",
        "phone": "+1-559-225-2428",
        "takeaway": "yes",
        "website": "https://locations.carlsjr.com/ca/fresno/3983-n-blackstone",
        "website:menu": "https://order.carlsjr.com/location/-ca-fresno-3983-n-blackstone/menu?y_source=1_MTIzODc3NzktNzE1LWxvY2F0aW9uLm1lbnVfdXJs",
        "@geometry": "center"
      },
      "geometry": {
        "type": "Point",
        "coordinates": [
          -119.7909134,
          36.7901046
        ]
      },
      "id": "way/1286736054"
    },
    {
      "type": "Feature",
      "properties": {
        "@id": "way/1289526332",
        "amenity": "fast_food",
        "brand": "Carl's Jr.",
        "brand:wikidata": "Q1043486",
        "building": "yes",
        "cuisine": "burger",
        "drive_through": "yes",
        "name": "Carl's Jr.",
        "takeaway": "yes",
        "@geometry": "center"
      },
      "geometry": {
        "type": "Point",
        "coordinates": [
          -117.2253717,
          33.9405092
        ]
      },
      "id": "way/1289526332"
    },
    {
      "type": "Feature",
      "properties": {
        "@id": "way/1292677406",
        "addr:city": "Lawton",
        "addr:housenumber": "1305",
        "addr:postcode": "73505",
        "addr:state": "OK",
        "addr:street": "Northwest Sheridan Road",
        "amenity": "fast_food",
        "brand": "Carl's Jr.",
        "brand:wikidata": "Q1043486",
        "building": "yes",
        "cuisine": "burger",
        "drive_through": "yes",
        "name": "Carl's Jr.",
        "phone": "+1 580-354-9160",
        "ref": "1101723",
        "takeaway": "yes",
        "website": "https://locations.carlsjr.com/ok/lawton/1305-nw-sheridan-rd",
        "@geometry": "center"
      },
      "geometry": {
        "type": "Point",
        "coordinates": [
          -98.4217839,
          34.6213104
        ]
      },
      "id": "way/1292677406"
    },
    {
      "type": "Feature",
      "properties": {
        "@id": "way/1295397412",
        "amenity": "fast_food",
        "brand": "Carl's Jr.",
        "brand:wikidata": "Q1043486",
        "building": "yes",
        "cuisine": "burger",
        "name": "Carl's Jr.",
        "takeaway": "yes",
        "@geometry": "center"
      },
      "geometry": {
        "type": "Point",
        "coordinates": [
          -119.2781047,
          36.3304735
        ]
      },
      "id": "way/1295397412"
    },
    {
      "type": "Feature",
      "properties": {
        "@id": "way/1296793903",
        "amenity": "fast_food",
        "brand": "Carl's Jr.",
        "brand:wikidata": "Q1043486",
        "building": "yes",
        "cuisine": "burger",
        "name": "Carl's Jr.",
        "source": "microsoft/BuildingFootprints",
        "takeaway": "yes",
        "@geometry": "center"
      },
      "geometry": {
        "type": "Point",
        "coordinates": [
          -115.5413635,
          32.9789277
        ]
      },
      "id": "way/1296793903"
    },
    {
      "type": "Feature",
      "properties": {
        "@id": "way/1297792657",
        "amenity": "fast_food",
        "brand": "Carl's Jr.",
        "brand:wikidata": "Q1043486",
        "building": "yes",
        "cuisine": "burger",
        "name": "Carl's Jr.",
        "source": "microsoft/BuildingFootprints",
        "takeaway": "yes",
        "@geometry": "center"
      },
      "geometry": {
        "type": "Point",
        "coordinates": [
          -121.2835406,
          38.1150586
        ]
      },
      "id": "way/1297792657"
    },
    {
      "type": "Feature",
      "properties": {
        "@id": "way/1301777158",
        "addr:city": "Madera",
        "addr:housenumber": "301",
        "addr:postcode": "93637-5430",
        "addr:state": "CA",
        "addr:street": "South Madera Avenue",
        "amenity": "fast_food",
        "brand": "Carl's Jr.",
        "brand:wikidata": "Q1043486",
        "building": "restaurant",
        "cuisine": "burger",
        "drive_through": "yes",
        "mapillary": "240711139063219",
        "name": "Carl's Jr.",
        "phone": "+1-559-674-7863",
        "ref": "1100360",
        "takeaway": "yes",
        "website": "https://locations.carlsjr.com/ca/madera/301-s.-madera-ave.",
        "@geometry": "center"
      },
      "geometry": {
        "type": "Point",
        "coordinates": [
          -120.0557806,
          36.9521218
        ]
      },
      "id": "way/1301777158"
    },
    {
      "type": "Feature",
      "properties": {
        "@id": "way/1315771160",
        "addr:city": "Colorado Springs",
        "addr:housenumber": "4626",
        "addr:postcode": "80924",
        "addr:state": "CO",
        "addr:street": "Freshwater Point",
        "air_conditioning": "yes",
        "amenity": "fast_food",
        "brand": "Carl's Jr.",
        "brand:wikidata": "Q1043486",
        "building": "yes",
        "check_date": "2026-03-23",
        "contact:facebook": "https://www.facebook.com/carlsjr/",
        "contact:instagram": "https://www.instagram.com/carlsjr/",
        "cuisine": "burger",
        "delivery": "yes",
        "drive_through": "yes",
        "internet_access": "wlan",
        "name": "Carl's Jr.",
        "opening_hours": "Mo-Fr 06:00-22:00; Sa 07:00-22:00; Su 07:00-21:00",
        "phone": "+1-719-375-1400",
        "takeaway": "yes",
        "website": "https://locations.carlsjr.com/co/colorado-springs/4626-freshwater-point",
        "@geometry": "center"
      },
      "geometry": {
        "type": "Point",
        "coordinates": [
          -104.7414787,
          38.9714352
        ]
      },
      "id": "way/1315771160"
    },
    {
      "type": "Feature",
      "properties": {
        "@id": "way/1316622536",
        "amenity": "fast_food",
        "brand": "Carl's Jr.",
        "brand:wikidata": "Q1043486",
        "building": "yes",
        "cuisine": "burger",
        "name": "Carl's Jr.",
        "takeaway": "yes",
        "@geometry": "center"
      },
      "geometry": {
        "type": "Point",
        "coordinates": [
          -119.3366884,
          36.3267155
        ]
      },
      "id": "way/1316622536"
    },
    {
      "type": "Feature",
      "properties": {
        "@id": "way/1319713332",
        "addr:city": "Shreveport",
        "addr:housenumber": "9352",
        "addr:postcode": "71118-3127",
        "addr:state": "LA",
        "addr:street": "Mansfield Road",
        "amenity": "fast_food",
        "brand": "Carl's Jr.",
        "brand:wikidata": "Q1043486",
        "building": "commercial",
        "building:levels": "1",
        "cuisine": "burger",
        "drive_through": "yes",
        "height": "5",
        "name": "Carl's Jr.",
        "opening_hours": "Mo-Su 06:00-23:00",
        "phone": "+1-318-686-4600",
        "takeaway": "yes",
        "website": "https://www.carlsjr.com/",
        "@geometry": "center"
      },
      "geometry": {
        "type": "Point",
        "coordinates": [
          -93.8081106,
          32.3991185
        ]
      },
      "id": "way/1319713332"
    },
    {
      "type": "Feature",
      "properties": {
        "@id": "way/1340904795",
        "amenity": "fast_food",
        "brand": "Carl's Jr.",
        "brand:wikidata": "Q1043486",
        "building": "yes",
        "cuisine": "burger",
        "name": "Carl's Jr.",
        "takeaway": "yes",
        "@geometry": "center"
      },
      "geometry": {
        "type": "Point",
        "coordinates": [
          -116.2377945,
          33.7123479
        ]
      },
      "id": "way/1340904795"
    },
    {
      "type": "Feature",
      "properties": {
        "@id": "way/1342957080",
        "addr:city": "Chula Vista",
        "addr:country": "US",
        "addr:housenumber": "996",
        "addr:postcode": "91911",
        "addr:state": "CA",
        "addr:street": "3rd Avenue",
        "amenity": "fast_food",
        "brand": "Carl's Jr.",
        "brand:wikidata": "Q1043486",
        "building": "yes",
        "cuisine": "burger",
        "drive_through": "yes",
        "name": "Carl's Jr.",
        "phone": "+1-619-426-6786",
        "ref": "1100083",
        "source": "microsoft/BuildingFootprints;SanGIS Business Sites Public Domain (http://www.sangis.org/);SanGIS Addresses Public Domain (http://www.sangis.org/)",
        "takeaway": "yes",
        "website": "https://locations.carlsjr.com/ca/chula-vista/996-third-ave",
        "@geometry": "center"
      },
      "geometry": {
        "type": "Point",
        "coordinates": [
          -117.0708529,
          32.6172981
        ]
      },
      "id": "way/1342957080"
    },
    {
      "type": "Feature",
      "properties": {
        "@id": "way/1343932703",
        "addr:city": "Aurora",
        "addr:housenumber": "7390",
        "addr:postcode": "80016",
        "addr:state": "CO",
        "addr:street": "South Gartrell Road",
        "amenity": "fast_food",
        "brand": "Carl's Jr.",
        "brand:wikidata": "Q1043486",
        "building": "yes",
        "cuisine": "burger",
        "name": "Carl's Jr.",
        "takeaway": "yes",
        "@geometry": "center"
      },
      "geometry": {
        "type": "Point",
        "coordinates": [
          -104.7224983,
          39.5830064
        ]
      },
      "id": "way/1343932703"
    },
    {
      "type": "Feature",
      "properties": {
        "@id": "way/1348306192",
        "addr:city": "Fresno",
        "addr:housenumber": "5275",
        "addr:postcode": "93722",
        "addr:state": "CA",
        "addr:street": "West Shaw Avenue",
        "amenity": "fast_food",
        "brand": "Carl's Jr.",
        "brand:wikidata": "Q1043486",
        "building": "yes",
        "cuisine": "burger",
        "drive_through": "yes",
        "layer": "1",
        "name": "Carl's Jr.",
        "opening_hours": "Mo-Tu 00:00-24:00; We-Su 06:00-23:00",
        "phone": "+1-559-275-6526",
        "takeaway": "yes",
        "website": "https://locations.carlsjr.com/ca/fresno/5275-w-shaw-ave",
        "website:menu": "https://www.carlsjr.com/menu?utm_source=Yext&utm_medium=Visit%2520Website&utm_campaign=Menu",
        "@geometry": "center"
      },
      "geometry": {
        "type": "Point",
        "coordinates": [
          -119.884551,
          36.8076753
        ]
      },
      "id": "way/1348306192"
    },
    {
      "type": "Feature",
      "properties": {
        "@id": "way/1348560974",
        "amenity": "fast_food",
        "brand": "Carl's Jr.",
        "brand:wikidata": "Q1043486",
        "building": "yes",
        "cuisine": "burger",
        "drive_through": "yes",
        "name": "Carl's Jr.",
        "takeaway": "yes",
        "@geometry": "center"
      },
      "geometry": {
        "type": "Point",
        "coordinates": [
          -117.5777065,
          34.0001376
        ]
      },
      "id": "way/1348560974"
    },
    {
      "type": "Feature",
      "properties": {
        "@id": "way/1359093387",
        "addr:city": "Modesto",
        "addr:housenumber": "118",
        "addr:postcode": "95358",
        "addr:state": "CA",
        "addr:street": "East Whitmore Avenue",
        "amenity": "fast_food",
        "brand": "Carl's Jr.",
        "brand:wikidata": "Q1043486",
        "building": "yes",
        "building:levels": "1",
        "cuisine": "burger",
        "drive_through": "yes",
        "name": "Carl's Jr.",
        "opening_hours": "24/7",
        "phone": "+1-209-537-4763",
        "takeaway": "yes",
        "website": "https://locations.carlsjr.com/ca/modesto/118-e-whitmore-ave",
        "@geometry": "center"
      },
      "geometry": {
        "type": "Point",
        "coordinates": [
          -120.993218,
          37.5945045
        ]
      },
      "id": "way/1359093387"
    },
    {
      "type": "Feature",
      "properties": {
        "@id": "way/1365400758",
        "addr:city": "Henderson",
        "addr:housenumber": "340",
        "addr:postcode": "89015",
        "addr:state": "NV",
        "addr:street": "West Lake Mead Parkway",
        "amenity": "fast_food",
        "brand": "Carl's Jr.",
        "brand:wikidata": "Q1043486",
        "building": "yes",
        "cuisine": "burger",
        "name": "Carl's Jr.",
        "source": "microsoft/BuildingFootprints",
        "takeaway": "yes",
        "@geometry": "center"
      },
      "geometry": {
        "type": "Point",
        "coordinates": [
          -114.9929269,
          36.0367927
        ]
      },
      "id": "way/1365400758"
    },
    {
      "type": "Feature",
      "properties": {
        "@id": "way/1365463444",
        "amenity": "fast_food",
        "brand": "Carl's Jr.",
        "brand:wikidata": "Q1043486",
        "building": "retail",
        "cuisine": "burger",
        "name": "Carl's Jr.",
        "source": "microsoft/BuildingFootprints",
        "takeaway": "yes",
        "@geometry": "center"
      },
      "geometry": {
        "type": "Point",
        "coordinates": [
          -115.2448858,
          36.1724546
        ]
      },
      "id": "way/1365463444"
    },
    {
      "type": "Feature",
      "properties": {
        "@id": "way/1378677164",
        "addr:city": "Bremerton",
        "addr:housenumber": "4815",
        "addr:postcode": "98312",
        "addr:state": "WA",
        "addr:street": "Kitsap Way",
        "air_conditioning": "yes",
        "amenity": "fast_food",
        "brand": "Carl's Jr.",
        "brand:wikidata": "Q1043486",
        "building": "yes",
        "cuisine": "burger",
        "diet:vegetarian": "no",
        "drive_through": "yes",
        "indoor_seating": "yes",
        "name": "Carl's Jr.",
        "opening_hours": "Mo-Sa 06:00-00:00; Su 09:00-00:00",
        "outdoor_seating": "no",
        "phone": "+1-360-728-2126",
        "ref": "1102496",
        "smoking": "no",
        "takeaway": "yes",
        "website": "https://locations.carlsjr.com/wa/bremerton/4815-kitsap-way",
        "@geometry": "center"
      },
      "geometry": {
        "type": "Point",
        "coordinates": [
          -122.6798662,
          47.5689297
        ]
      },
      "id": "way/1378677164"
    },
    {
      "type": "Feature",
      "properties": {
        "@id": "node/1379944476",
        "addr:city": "Murrieta",
        "addr:housenumber": "28023",
        "addr:postcode": "92563",
        "addr:state": "CA",
        "addr:street": "Scott Road",
        "amenity": "fast_food",
        "brand": "Carl's Jr.",
        "brand:wikidata": "Q1043486",
        "cuisine": "burger",
        "drive_through": "yes",
        "name": "Carl's Jr.",
        "phone": "+1 951-672-3814",
        "ref": "1101520",
        "source": "bing_imagery_0.25m_201005;survey;image",
        "source_ref": "AM909_DSCY1232",
        "takeaway": "yes",
        "website": "https://locations.carlsjr.com/ca/murrieta/28023-scott-rd"
      },
      "geometry": {
        "type": "Point",
        "coordinates": [
          -117.1693714,
          33.6411867
        ]
      },
      "id": "node/1379944476"
    },
    {
      "type": "Feature",
      "properties": {
        "@id": "way/1381844452",
        "addr:city": "Medford",
        "addr:housenumber": "3060",
        "addr:postcode": "97504-9102",
        "addr:state": "OR",
        "addr:street": "Crater Lake Highway",
        "amenity": "fast_food",
        "brand": "Carl's Jr.",
        "brand:wikidata": "Q1043486",
        "building": "yes",
        "cuisine": "burger",
        "drive_through": "yes",
        "name": "Carl's Jr.",
        "opening_hours": "06:00-24:00",
        "phone": "+1-541-773-5278",
        "ref": "1101783",
        "takeaway": "yes",
        "website": "https://locations.carlsjr.com/or/medford/3060-crater-lake-hwy",
        "@geometry": "center"
      },
      "geometry": {
        "type": "Point",
        "coordinates": [
          -122.8575232,
          42.3612891
        ]
      },
      "id": "way/1381844452"
    },
    {
      "type": "Feature",
      "properties": {
        "@id": "way/1384503032",
        "amenity": "fast_food",
        "brand": "Carl's Jr.",
        "brand:wikidata": "Q1043486",
        "building": "yes",
        "cuisine": "burger",
        "drive_through": "yes",
        "name": "Carl's Jr.",
        "takeaway": "yes",
        "website": "https://locations.carlsjr.com/az/bullhead-city/640-n.-hwy-95",
        "@geometry": "center"
      },
      "geometry": {
        "type": "Point",
        "coordinates": [
          -114.5660934,
          35.1644822
        ]
      },
      "id": "way/1384503032"
    },
    {
      "type": "Feature",
      "properties": {
        "@id": "node/1387190536",
        "addr:city": "Rocklin",
        "addr:housenumber": "4315",
        "addr:postcode": "95677",
        "addr:state": "CA",
        "addr:street": "Sierra College Boulevard",
        "amenity": "fast_food",
        "brand": "Carl's Jr.",
        "brand:wikidata": "Q1043486",
        "cuisine": "burger",
        "name": "Carl's Jr.",
        "phone": "+1 916-660-9912",
        "ref": "1101370",
        "takeaway": "yes",
        "website": "https://locations.carlsjr.com/ca/rocklin/4315-sierra-college-blvd"
      },
      "geometry": {
        "type": "Point",
        "coordinates": [
          -121.2047168,
          38.8058702
        ]
      },
      "id": "node/1387190536"
    },
    {
      "type": "Feature",
      "properties": {
        "@id": "node/1399431853",
        "addr:city": "Fullerton",
        "addr:housenumber": "1070",
        "addr:postcode": "92835",
        "addr:state": "CA",
        "addr:street": "East Bastanchury Road",
        "amenity": "fast_food",
        "brand": "Carl's Jr.",
        "brand:wikidata": "Q1043486",
        "cuisine": "burger",
        "drive_through": "yes",
        "name": "Carl's Jr.",
        "phone": "+1 714-256-1154",
        "ref": "1100635",
        "takeaway": "yes",
        "website": "https://locations.carlsjr.com/ca/fullerton/1070-east-bastanchury-road"
      },
      "geometry": {
        "type": "Point",
        "coordinates": [
          -117.910536,
          33.8991018
        ]
      },
      "id": "node/1399431853"
    },
    {
      "type": "Feature",
      "properties": {
        "@id": "way/1412557948",
        "addr:city": "Farmington",
        "addr:country": "US",
        "addr:housenumber": "2300",
        "addr:postcode": "87401",
        "addr:street": "East Main Street",
        "amenity": "fast_food",
        "brand": "Carl's Jr.",
        "brand:wikidata": "Q1043486",
        "building": "commercial",
        "cuisine": "burger",
        "name": "Carl's Jr.",
        "opening_hours": "Mo-Th 06:30-22:00; Fr-Sa 06:30-23:00; Su 07:00-22:00",
        "phone": "+1 505-326-9141",
        "takeaway": "yes",
        "website": "https://locations.carlsjr.com/nm/farmington/2300-e-main-st/",
        "@geometry": "center"
      },
      "geometry": {
        "type": "Point",
        "coordinates": [
          -108.1772902,
          36.7393504
        ]
      },
      "id": "way/1412557948"
    },
    {
      "type": "Feature",
      "properties": {
        "@id": "node/1412694860",
        "addr:city": "Riverside",
        "addr:housenumber": "6061",
        "addr:postcode": "92503",
        "addr:state": "CA",
        "addr:street": "Van Buren Boulevard",
        "amenity": "fast_food",
        "brand": "Carl's Jr.",
        "brand:wikidata": "Q1043486",
        "cuisine": "burger",
        "drive_through": "yes",
        "name": "Carl's Jr.",
        "phone": "+1 951-688-0770",
        "ref": "1100194",
        "source": "bing_imagery_0.06m_200706;survey;image",
        "source_ref": "AM909_DSCX9307",
        "takeaway": "yes",
        "website": "https://locations.carlsjr.com/ca/riverside/6061-van-buren-blvd"
      },
      "geometry": {
        "type": "Point",
        "coordinates": [
          -117.4533819,
          33.9432224
        ]
      },
      "id": "node/1412694860"
    },
    {
      "type": "Feature",
      "properties": {
        "@id": "way/1421009913",
        "addr:city": "Fresno",
        "addr:housenumber": "6003",
        "addr:postcode": "93722",
        "addr:state": "CA",
        "addr:street": "North Figarden Dr",
        "amenity": "fast_food",
        "brand": "Carl's Jr.",
        "brand:wikidata": "Q1043486",
        "building": "commercial",
        "cuisine": "burger",
        "name": "Carl's Jr.",
        "opening_hours": "Mo-Fr 06:00-24:00, Sa,Su 07:00-24:00",
        "takeaway": "yes",
        "@geometry": "center"
      },
      "geometry": {
        "type": "Point",
        "coordinates": [
          -119.8709647,
          36.8226514
        ]
      },
      "id": "way/1421009913"
    },
    {
      "type": "Feature",
      "properties": {
        "@id": "way/1424731462",
        "addr:city": "Gila Bend",
        "addr:housenumber": "826",
        "addr:postcode": "85337",
        "addr:state": "AZ",
        "addr:street": "West Pima Street",
        "amenity": "fast_food",
        "brand": "Carl's Jr.",
        "brand:wikidata": "Q1043486",
        "building": "yes",
        "cuisine": "burger",
        "drive_through": "yes",
        "name": "Carl's Jr.",
        "phone": "+1 928-683-9973",
        "ref": "1101877",
        "source": "esri/USA_NAD_Addresses",
        "takeaway": "yes",
        "website": "https://locations.carlsjr.com/az/gila-bend/826-w-pima-st",
        "@geometry": "center"
      },
      "geometry": {
        "type": "Point",
        "coordinates": [
          -112.7345897,
          32.9437567
        ]
      },
      "id": "way/1424731462"
    },
    {
      "type": "Feature",
      "properties": {
        "@id": "way/1427584005",
        "addr:city": "Fresno",
        "addr:housenumber": "1052",
        "addr:postcode": "93710",
        "addr:state": "CA",
        "addr:street": "East Shaw Avenue",
        "amenity": "fast_food",
        "brand": "Carl's Jr.",
        "brand:wikidata": "Q1043486",
        "building": "yes",
        "cuisine": "burger",
        "drive_through": "yes",
        "name": "Carl's Jr.",
        "opening_hours": "Mo-Tu 00:00-24:00; We-Su 06:00-23:00",
        "phone": "+1-559-221-8990",
        "takeaway": "yes",
        "website": "https://locations.carlsjr.com/ca/fresno/1052-e-shaw",
        "website:menu": "https://www.carlsjr.com/menu",
        "@geometry": "center"
      },
      "geometry": {
        "type": "Point",
        "coordinates": [
          -119.7713472,
          36.8089798
        ]
      },
      "id": "way/1427584005"
    },
    {
      "type": "Feature",
      "properties": {
        "@id": "way/1432604328",
        "amenity": "fast_food",
        "brand": "Carl's Jr.",
        "brand:wikidata": "Q1043486",
        "building": "yes",
        "cuisine": "burger",
        "name": "Carl's Jr.",
        "takeaway": "yes",
        "@geometry": "center"
      },
      "geometry": {
        "type": "Point",
        "coordinates": [
          -119.772069,
          36.7071555
        ]
      },
      "id": "way/1432604328"
    },
    {
      "type": "Feature",
      "properties": {
        "@id": "way/1444611698",
        "addr:city": "Fontana",
        "addr:housenumber": "14454",
        "addr:postcode": "92335",
        "addr:state": "CA",
        "addr:street": "Valley Boulevard",
        "amenity": "fast_food",
        "brand": "Carl's Jr.",
        "brand:wikidata": "Q1043486",
        "building": "yes",
        "cuisine": "burger",
        "drive_through": "yes",
        "name": "Carl's Jr.",
        "takeaway": "yes",
        "website": "https://locations.carlsjr.com/ca/fontana/14454-valley-blvd",
        "@geometry": "center"
      },
      "geometry": {
        "type": "Point",
        "coordinates": [
          -117.4899788,
          34.0705343
        ]
      },
      "id": "way/1444611698"
    },
    {
      "type": "Feature",
      "properties": {
        "@id": "way/1459279220",
        "addr:city": "Jerome",
        "addr:housenumber": "2700",
        "addr:postcode": "83338",
        "addr:state": "ID",
        "addr:street": "South Lincoln Avenue",
        "amenity": "fast_food",
        "brand": "Carl's Jr.",
        "brand:wikidata": "Q1043486",
        "building": "yes",
        "cuisine": "burger",
        "drive_through": "yes",
        "name": "Carl's Jr.",
        "phone": "+1-208-324-8232",
        "takeaway": "yes",
        "website": "https://www.carlsjr.com/",
        "@geometry": "center"
      },
      "geometry": {
        "type": "Point",
        "coordinates": [
          -114.517892,
          42.6933222
        ]
      },
      "id": "way/1459279220"
    },
    {
      "type": "Feature",
      "properties": {
        "@id": "node/1460525068",
        "addr:city": "City Of Commerce",
        "addr:housenumber": "5501",
        "addr:postcode": "90040",
        "addr:state": "CA",
        "addr:street": "Telegraph Road",
        "amenity": "fast_food",
        "brand": "Carl's Jr.",
        "brand:wikidata": "Q1043486",
        "cuisine": "burger",
        "drive_through": "yes",
        "name": "Carl's Jr.",
        "phone": "+1 323-725-1386",
        "ref": "1100337",
        "source": "bing_imagery_0.25m_201005;survey;image",
        "source_ref": "AM909_DSCX2371",
        "takeaway": "yes",
        "website": "https://locations.carlsjr.com/ca/city-of-commerce/5501-telegraph-rd"
      },
      "geometry": {
        "type": "Point",
        "coordinates": [
          -118.1562027,
          34.0079839
        ]
      },
      "id": "node/1460525068"
    },
    {
      "type": "Feature",
      "properties": {
        "@id": "way/1463609548",
        "amenity": "fast_food",
        "brand": "Carl's Jr.",
        "brand:wikidata": "Q1043486",
        "building": "yes",
        "cuisine": "burger",
        "drive_through": "yes",
        "layer": "1",
        "name": "Carl's Jr.",
        "takeaway": "yes",
        "@geometry": "center"
      },
      "geometry": {
        "type": "Point",
        "coordinates": [
          -117.2544448,
          34.1355574
        ]
      },
      "id": "way/1463609548"
    },
    {
      "type": "Feature",
      "properties": {
        "@id": "way/1488420429",
        "amenity": "fast_food",
        "brand": "Carl's Jr.",
        "brand:wikidata": "Q1043486",
        "building": "yes",
        "cuisine": "burger",
        "name": "Carl's Jr.",
        "takeaway": "yes",
        "@geometry": "center"
      },
      "geometry": {
        "type": "Point",
        "coordinates": [
          -105.0894957,
          39.9730395
        ]
      },
      "id": "way/1488420429"
    },
    {
      "type": "Feature",
      "properties": {
        "@id": "way/1491427897",
        "addr:city": "Bullhead City",
        "addr:housenumber": "2195",
        "addr:postcode": "86442",
        "addr:state": "AZ",
        "addr:street": "S Mohave Valley Highway",
        "amenity": "fast_food",
        "brand": "Carl's Jr.",
        "brand:wikidata": "Q1043486",
        "building": "yes",
        "cuisine": "burger",
        "drive_through": "yes",
        "name": "Carl's Jr.",
        "takeaway": "yes",
        "@geometry": "center"
      },
      "geometry": {
        "type": "Point",
        "coordinates": [
          -114.5984223,
          35.1086705
        ]
      },
      "id": "way/1491427897"
    },
    {
      "type": "Feature",
      "properties": {
        "@id": "node/1492593845",
        "addr:city": "Clayton",
        "addr:housenumber": "1530",
        "addr:postcode": "94517-1072",
        "addr:state": "CA",
        "addr:street": "Kirker Pass Road",
        "amenity": "fast_food",
        "brand": "Carl's Jr.",
        "brand:wikidata": "Q1043486",
        "cuisine": "burger",
        "drive_through": "yes",
        "name": "Carl's Jr.",
        "phone": "+1 925-672-9324",
        "ref": "1101018",
        "takeaway": "yes",
        "website": "https://locations.carlsjr.com/ca/clayton/1530-kirker-pass-road",
        "wheelchair": "yes"
      },
      "geometry": {
        "type": "Point",
        "coordinates": [
          -121.9556248,
          37.9529497
        ]
      },
      "id": "node/1492593845"
    },
    {
      "type": "Feature",
      "properties": {
        "@id": "node/1494035421",
        "addr:city": "Fullerton",
        "addr:housenumber": "222",
        "addr:postcode": "92832",
        "addr:state": "CA",
        "addr:street": "North Euclid",
        "amenity": "fast_food",
        "brand": "Carl's Jr.",
        "brand:wikidata": "Q1043486",
        "cuisine": "burger",
        "drive_through": "yes",
        "name": "Carl's Jr.",
        "phone": "+1 714-870-7432",
        "ref": "1100344",
        "source": "Bing",
        "takeaway": "yes",
        "website": "https://locations.carlsjr.com/ca/fullerton/222-n-euclid"
      },
      "geometry": {
        "type": "Point",
        "coordinates": [
          -117.9417397,
          33.8718524
        ]
      },
      "id": "node/1494035421"
    },
    {
      "type": "Feature",
      "properties": {
        "@id": "way/1494108103",
        "amenity": "fast_food",
        "brand": "Carl's Jr.",
        "brand:wikidata": "Q1043486",
        "building": "yes",
        "cuisine": "burger",
        "name": "Carl's Jr.",
        "takeaway": "yes",
        "@geometry": "center"
      },
      "geometry": {
        "type": "Point",
        "coordinates": [
          -119.0035209,
          35.3535776
        ]
      },
      "id": "way/1494108103"
    },
    {
      "type": "Feature",
      "properties": {
        "@id": "way/1498091110",
        "addr:city": "Tulsa",
        "addr:housenumber": "5722",
        "addr:postcode": "74107",
        "addr:state": "OK",
        "addr:street": "South 49th Avenue West",
        "amenity": "fast_food",
        "brand": "Carl's Jr.",
        "brand:wikidata": "Q1043486",
        "building": "retail",
        "cuisine": "burger",
        "drive-through": "yes",
        "name": "Carl's Jr.",
        "phone": "+1 918-445-0075",
        "ref": "1101672",
        "takeaway": "yes",
        "website": "https://locations.carlsjr.com/ok/tulsa/5722-s-49th-west-ave",
        "@geometry": "center"
      },
      "geometry": {
        "type": "Point",
        "coordinates": [
          -96.0511138,
          36.0794184
        ]
      },
      "id": "way/1498091110"
    },
    {
      "type": "Feature",
      "properties": {
        "@id": "way/1524140426",
        "amenity": "fast_food",
        "brand": "Carl's Jr.",
        "brand:wikidata": "Q1043486",
        "building": "yes",
        "cuisine": "burger",
        "name": "Carl's Jr.",
        "takeaway": "yes",
        "@geometry": "center"
      },
      "geometry": {
        "type": "Point",
        "coordinates": [
          -119.7721888,
          36.7643807
        ]
      },
      "id": "way/1524140426"
    },
    {
      "type": "Feature",
      "properties": {
        "@id": "way/1525293389",
        "addr:city": "Fullerton",
        "addr:housenumber": "3240",
        "addr:postcode": "92831",
        "addr:state": "CA",
        "addr:street": "Yorba Linda Boulevard",
        "amenity": "fast_food",
        "brand": "Carl's Jr.",
        "brand:wikidata": "Q1043486",
        "building": "yes",
        "cuisine": "burger",
        "drive_through": "yes",
        "name": "Carl's Jr.",
        "phone": "+1 714-528-5910",
        "ref": "1100056",
        "takeaway": "yes",
        "website": "https://locations.carlsjr.com/ca/fullerton/3240-yorba-linda-blvd",
        "@geometry": "center"
      },
      "geometry": {
        "type": "Point",
        "coordinates": [
          -117.868515,
          33.8882016
        ]
      },
      "id": "way/1525293389"
    },
    {
      "type": "Feature",
      "properties": {
        "@id": "way/1537575219",
        "addr:city": "Colusa",
        "addr:housenumber": "844",
        "addr:postcode": "95932",
        "addr:state": "CA",
        "addr:street": "Bridge Street",
        "amenity": "fast_food",
        "brand": "Carl's Jr.",
        "brand:wikidata": "Q1043486",
        "building": "yes",
        "cuisine": "burger",
        "name": "Carl's Jr.",
        "takeaway": "yes",
        "@geometry": "center"
      },
      "geometry": {
        "type": "Point",
        "coordinates": [
          -122.0039984,
          39.2064798
        ]
      },
      "id": "way/1537575219"
    },
    {
      "type": "Feature",
      "properties": {
        "@id": "way/1559183629",
        "amenity": "fast_food",
        "branch": "Harry Reid Int'l Airport",
        "brand": "Carl's Jr.",
        "brand:wikidata": "Q1043486",
        "check_date": "2023-11-25",
        "cuisine": "burger",
        "indoor": "room",
        "indoor_seating": "yes",
        "level": "2",
        "name": "Carl's Jr.",
        "outdoor_seating": "no",
        "room": "restaurant",
        "takeaway": "yes",
        "website": "https://locations.carlsjr.com/nv/las-vegas/5757-wayne-newton-blvd,-terminal-3",
        "@geometry": "center"
      },
      "geometry": {
        "type": "Point",
        "coordinates": [
          -115.1353594,
          36.0860416
        ]
      },
      "id": "way/1559183629"
    },
    {
      "type": "Feature",
      "properties": {
        "@id": "node/1625460135",
        "addr:city": "Elk Grove",
        "addr:housename": "Carl's Jr",
        "addr:housenumber": "9664",
        "addr:postcode": "95757",
        "addr:state": "CA",
        "addr:street": "9664 Bruceville Road",
        "air_conditioning": "yes",
        "amenity": "fast_food",
        "brand": "Carl's Jr.",
        "brand:wikidata": "Q1043486",
        "cuisine": "burger",
        "drive_through": "yes",
        "name": "Carl's Jr.",
        "phone": "+1 916-714-2476",
        "ref": "1100567",
        "takeaway": "yes",
        "website": "https://locations.carlsjr.com/ca/elk-grove/9664-bruceville-rd"
      },
      "geometry": {
        "type": "Point",
        "coordinates": [
          -121.418281,
          38.4065135
        ]
      },
      "id": "node/1625460135"
    },
    {
      "type": "Feature",
      "properties": {
        "@id": "node/1761879416",
        "addr:city": "Ceres",
        "addr:housenumber": "2420",
        "addr:postcode": "95307-2837",
        "addr:state": "CA",
        "addr:street": "Mitchell Road",
        "amenity": "fast_food",
        "brand": "Carl's Jr.",
        "brand:wikidata": "Q1043486",
        "cuisine": "burger",
        "drive_through": "yes",
        "name": "Carl's Jr.",
        "phone": "+1 209-537-2277",
        "ref": "1100776",
        "takeaway": "yes",
        "website": "https://locations.carlsjr.com/ca/ceres/2420-mitchell-rd"
      },
      "geometry": {
        "type": "Point",
        "coordinates": [
          -120.9382586,
          37.595056
        ]
      },
      "id": "node/1761879416"
    },
    {
      "type": "Feature",
      "properties": {
        "@id": "node/1774648000",
        "addr:city": "Santa Maria",
        "addr:housenumber": "2185",
        "addr:postcode": "93454-7842",
        "addr:state": "CA",
        "addr:street": "South Broadway",
        "amenity": "fast_food",
        "brand": "Carl's Jr.",
        "brand:wikidata": "Q1043486",
        "cuisine": "burger",
        "drive_through": "yes",
        "name": "Carl's Jr.",
        "phone": "+1 805-928-2120",
        "ref": "1100242",
        "takeaway": "yes",
        "website": "https://locations.carlsjr.com/ca/santa-maria/2185-s-broadway"
      },
      "geometry": {
        "type": "Point",
        "coordinates": [
          -120.4365421,
          34.9211995
        ]
      },
      "id": "node/1774648000"
    },
    {
      "type": "Feature",
      "properties": {
        "@id": "node/1791111352",
        "addr:city": "Glendale",
        "addr:housenumber": "424",
        "addr:postcode": "91204",
        "addr:state": "CA",
        "addr:street": "West Los Feliz Road",
        "amenity": "fast_food",
        "brand": "Carl's Jr.",
        "brand:wikidata": "Q1043486",
        "cuisine": "burger",
        "drive_through": "yes",
        "name": "Carl's Jr.",
        "phone": "+1 818-240-3941",
        "ref": "1100650",
        "takeaway": "yes",
        "website": "https://locations.carlsjr.com/ca/glendale/424-w-los-feliz-rd"
      },
      "geometry": {
        "type": "Point",
        "coordinates": [
          -118.260031,
          34.1276715
        ]
      },
      "id": "node/1791111352"
    },
    {
      "type": "Feature",
      "properties": {
        "@id": "node/1878305889",
        "addr:city": "Fresno",
        "addr:housenumber": "1611",
        "addr:postcode": "93741",
        "addr:state": "CA",
        "addr:street": "North Blackstone Avenue",
        "amenity": "fast_food",
        "brand": "Carl's Jr.",
        "brand:wikidata": "Q1043486",
        "cuisine": "burger",
        "description": "Fast-food chain known for its variety of piled-high burgers & meal combos, plus shakes.",
        "drive_through": "yes",
        "name": "Carl's Jr.",
        "opening_hours": "Su 07:00-24:00; Mo-Th 06:00-24:00; Fr-Sa 06:00-01:00",
        "phone": "+1 559-266-0386",
        "ref": "1100640",
        "takeaway": "yes",
        "website": "https://locations.carlsjr.com/ca/fresno/1611-n.-blackstone-ave.",
        "website:menu": "https://order.carlsjr.com/location/-ca-fresno-1611-n-blackstone-ave/menu?y_source=1_MTIzODg5MDctNzE1LWxvY2F0aW9uLm1lbnVfdXJs"
      },
      "geometry": {
        "type": "Point",
        "coordinates": [
          -119.790941,
          36.7653893
        ]
      },
      "id": "node/1878305889"
    },
    {
      "type": "Feature",
      "properties": {
        "@id": "node/1895826589",
        "addr:city": "Modesto",
        "addr:housenumber": "1600",
        "addr:postcode": "95355-3008",
        "addr:state": "CA",
        "addr:street": "Oakdale Road",
        "amenity": "fast_food",
        "brand": "Carl's Jr.",
        "brand:wikidata": "Q1043486",
        "cuisine": "burger",
        "drive_through": "yes",
        "name": "Carl's Jr.",
        "phone": "+1 209-551-0921",
        "ref": "1101065",
        "takeaway": "yes",
        "website": "https://locations.carlsjr.com/ca/modesto/1600-oakdale-rd"
      },
      "geometry": {
        "type": "Point",
        "coordinates": [
          -120.957056,
          37.6674975
        ]
      },
      "id": "node/1895826589"
    },
    {
      "type": "Feature",
      "properties": {
        "@id": "node/1965965650",
        "addr:city": "Napavine",
        "addr:country": "US",
        "addr:housenumber": "1276",
        "addr:postcode": "98565",
        "addr:state": "WA",
        "addr:street": "Rush Road",
        "amenity": "fast_food",
        "brand": "Carl's Jr.",
        "brand:wikidata": "Q1043486",
        "cuisine": "burger",
        "drive_through": "yes",
        "name": "Carl's Jr.",
        "phone": "+1-360-748-6495",
        "ref": "1101930",
        "takeaway": "yes",
        "website": "https://locations.carlsjr.com/wa/napavine/1276-rush-rd"
      },
      "geometry": {
        "type": "Point",
        "coordinates": [
          -122.9074588,
          46.6039341
        ]
      },
      "id": "node/1965965650"
    },
    {
      "type": "Feature",
      "properties": {
        "@id": "node/2047680024",
        "addr:city": "Sacramento",
        "addr:housenumber": "7151",
        "addr:postcode": "95823",
        "addr:state": "CA",
        "addr:street": "Franklin Boulevard",
        "amenity": "fast_food",
        "brand": "Carl's Jr.",
        "brand:wikidata": "Q1043486",
        "cuisine": "burger",
        "drive_through": "yes",
        "name": "Carl's Jr.",
        "phone": "+1 916-421-2923",
        "ref": "1100199",
        "takeaway": "yes",
        "website": "https://locations.carlsjr.com/ca/sacramento/7151-franklin-blvd"
      },
      "geometry": {
        "type": "Point",
        "coordinates": [
          -121.458979,
          38.496505
        ]
      },
      "id": "node/2047680024"
    },
    {
      "type": "Feature",
      "properties": {
        "@id": "node/2079981929",
        "amenity": "fast_food",
        "brand": "Carl's Jr.",
        "brand:wikidata": "Q1043486",
        "check_date": "2012-12-23",
        "cuisine": "burger",
        "drive_through": "yes",
        "name": "Carl's Jr.",
        "takeaway": "yes"
      },
      "geometry": {
        "type": "Point",
        "coordinates": [
          -106.585655,
          35.1095176
        ]
      },
      "id": "node/2079981929"
    },
    {
      "type": "Feature",
      "properties": {
        "@id": "node/2080818385",
        "addr:city": "Sacramento",
        "addr:housenumber": "2241",
        "addr:postcode": "95835",
        "addr:state": "CA",
        "addr:street": "Del Paso Road",
        "amenity": "fast_food",
        "brand": "Carl's Jr.",
        "brand:wikidata": "Q1043486",
        "cuisine": "burger",
        "drive_through": "yes",
        "name": "Carl's Jr.",
        "phone": "+1 916-928-6091",
        "ref": "1100301",
        "takeaway": "yes",
        "website": "https://locations.carlsjr.com/ca/sacramento/2241-del-paso-rd"
      },
      "geometry": {
        "type": "Point",
        "coordinates": [
          -121.509741,
          38.6564244
        ]
      },
      "id": "node/2080818385"
    },
    {
      "type": "Feature",
      "properties": {
        "@id": "node/2330942511",
        "addr:city": "West Jordan",
        "addr:housenumber": "7033",
        "addr:postcode": "84084",
        "addr:state": "UT",
        "addr:street": "South Plaza Center Drive",
        "amenity": "fast_food",
        "brand": "Carl's Jr.",
        "brand:wikidata": "Q1043486",
        "cuisine": "burger",
        "drive_through": "yes",
        "name": "Carl's Jr.",
        "phone": "+1 801-260-1224",
        "ref": "1100208",
        "source": "Bing",
        "takeaway": "yes",
        "website": "https://locations.carlsjr.com/ut/west-jordan/7033-plaza-center-dr"
      },
      "geometry": {
        "type": "Point",
        "coordinates": [
          -111.9787167,
          40.6234172
        ]
      },
      "id": "node/2330942511"
    },
    {
      "type": "Feature",
      "properties": {
        "@id": "node/2335837486",
        "addr:city": "Taylorsville",
        "addr:housenumber": "5596",
        "addr:postcode": "84123",
        "addr:state": "UT",
        "addr:street": "South Redwood Road",
        "air_conditioning": "yes",
        "amenity": "fast_food",
        "branch": "Green Burrito",
        "brand": "Carl's Jr.",
        "brand:wikidata": "Q1043486",
        "cuisine": "burger",
        "drive_through": "yes",
        "name": "Carl's Jr.",
        "opening_hours": "Mo-Sa 06:00-23:00; Su 07:00-22:00",
        "phone": "+1 801-965-1580",
        "ref": "1100188",
        "source": "Bing",
        "takeaway": "yes",
        "website": "https://locations.carlsjr.com/ut/taylorsville/5596-s-redwood-rd",
        "wheelchair": "yes"
      },
      "geometry": {
        "type": "Point",
        "coordinates": [
          -111.939554,
          40.6496729
        ]
      },
      "id": "node/2335837486"
    },
    {
      "type": "Feature",
      "properties": {
        "@id": "node/2385532316",
        "addr:city": "Lacey",
        "addr:housenumber": "3816",
        "addr:postcode": "98503",
        "addr:state": "WA",
        "addr:street": "Pacific Avenue Southeast",
        "amenity": "fast_food",
        "brand": "Carl's Jr.",
        "brand:wikidata": "Q1043486",
        "cuisine": "burger",
        "drive_through": "yes",
        "indoor_seating": "yes",
        "name": "Carl's Jr.",
        "outdoor_seating": "no",
        "phone": "+1-360-413-0000",
        "ref": "1101732",
        "takeaway": "yes",
        "website": "https://locations.carlsjr.com/wa/lacey/3816-pacific-ave-se"
      },
      "geometry": {
        "type": "Point",
        "coordinates": [
          -122.8378549,
          47.040314
        ]
      },
      "id": "node/2385532316"
    },
    {
      "type": "Feature",
      "properties": {
        "@id": "node/2399755245",
        "amenity": "fast_food",
        "brand": "Carl's Jr.",
        "brand:wikidata": "Q1043486",
        "cuisine": "burger",
        "drive_through": "yes",
        "name": "Carl's Jr.",
        "takeaway": "yes",
        "website": "https://locations.carlsjr.com/id/nampa/1212-12th-ave-road"
      },
      "geometry": {
        "type": "Point",
        "coordinates": [
          -116.5723079,
          43.5568124
        ]
      },
      "id": "node/2399755245"
    },
    {
      "type": "Feature",
      "properties": {
        "@id": "node/2399881189",
        "addr:city": "Los Angeles",
        "addr:floor": "A",
        "addr:housenumber": "308",
        "addr:postcode": "90095",
        "addr:state": "CA",
        "addr:street": "Westwood Plaza",
        "amenity": "fast_food",
        "brand": "Carl's Jr.",
        "brand:wikidata": "Q1043486",
        "cuisine": "burger",
        "drive_through": "no",
        "level": "1",
        "name": "Carl's Jr.",
        "phone": "+1 310-824-1497",
        "ref": "1100505",
        "takeaway": "yes",
        "website": "https://locations.carlsjr.com/ca/los-angeles/308-westwood-plaza"
      },
      "geometry": {
        "type": "Point",
        "coordinates": [
          -118.4439683,
          34.0700736
        ]
      },
      "id": "node/2399881189"
    },
    {
      "type": "Feature",
      "properties": {
        "@id": "node/2436073184",
        "addr:city": "Fountain",
        "addr:housenumber": "7495",
        "addr:postcode": "80817",
        "addr:state": "CO",
        "addr:street": "Fountain Mesa Road",
        "amenity": "fast_food",
        "brand": "Carl's Jr.",
        "brand:wikidata": "Q1043486",
        "cuisine": "burger",
        "drive_through": "yes",
        "name": "Carl's Jr.",
        "phone": "+1 719-322-0255",
        "ref": "1101744",
        "takeaway": "yes",
        "website": "https://locations.carlsjr.com/co/fountain/7945-fountain-mesa-rd",
        "wheelchair": "yes"
      },
      "geometry": {
        "type": "Point",
        "coordinates": [
          -104.700883,
          38.7175574
        ]
      },
      "id": "node/2436073184"
    },
    {
      "type": "Feature",
      "properties": {
        "@id": "node/2510099927",
        "addr:city": "Gallup",
        "addr:housenumber": "1590",
        "addr:postcode": "87301",
        "addr:state": "NM",
        "addr:street": "West Maloney Avenue",
        "amenity": "fast_food",
        "brand": "Carl's Jr.",
        "brand:wikidata": "Q1043486",
        "cuisine": "burger",
        "drive_through": "yes",
        "name": "Carl's Jr.",
        "phone": "+1 505-863-8129",
        "ref": "1101544",
        "takeaway": "yes",
        "website": "https://locations.carlsjr.com/nm/gallup/1590-w-maloney-ave"
      },
      "geometry": {
        "type": "Point",
        "coordinates": [
          -108.7673841,
          35.5272127
        ]
      },
      "id": "node/2510099927"
    },
    {
      "type": "Feature",
      "properties": {
        "@id": "node/2510444730",
        "addr:city": "Oakdale",
        "addr:housenumber": "1449",
        "addr:postcode": "95361",
        "addr:state": "CA",
        "addr:street": "East F Street",
        "amenity": "fast_food",
        "brand": "Carl's Jr.",
        "brand:wikidata": "Q1043486",
        "cuisine": "burger",
        "drive_through": "yes",
        "name": "Carl's Jr.",
        "phone": "+1 209-847-2948",
        "ref": "1100790",
        "takeaway": "yes",
        "website": "https://locations.carlsjr.com/ca/oakdale/1449-e.-f-st"
      },
      "geometry": {
        "type": "Point",
        "coordinates": [
          -120.8314133,
          37.7720886
        ]
      },
      "id": "node/2510444730"
    },
    {
      "type": "Feature",
      "properties": {
        "@id": "node/2555822622",
        "addr:city": "Kettleman City",
        "addr:housenumber": "33300",
        "addr:postcode": "93239",
        "addr:state": "CA",
        "addr:street": "Hubert Way",
        "amenity": "fast_food",
        "brand": "Carl's Jr.",
        "brand:wikidata": "Q1043486",
        "cuisine": "burger",
        "name": "Carl's Jr.",
        "phone": "+1 559-386-5355",
        "ref": "1100193",
        "source": "local_knowledge",
        "takeaway": "yes",
        "website": "https://locations.carlsjr.com/ca/kettleman-city/33300-hubert-way"
      },
      "geometry": {
        "type": "Point",
        "coordinates": [
          -119.960919,
          35.9884331
        ]
      },
      "id": "node/2555822622"
    },
    {
      "type": "Feature",
      "properties": {
        "@id": "node/2574536874",
        "addr:city": "Banning",
        "addr:housenumber": "1888",
        "addr:postcode": "92220-4270",
        "addr:state": "CA",
        "addr:street": "West Ramsey",
        "amenity": "fast_food",
        "brand": "Carl's Jr.",
        "brand:wikidata": "Q1043486",
        "cuisine": "burger",
        "drive_through": "yes",
        "name": "Carl's Jr.",
        "phone": "+1 951-849-5541",
        "ref": "1100152",
        "takeaway": "yes",
        "website": "https://locations.carlsjr.com/ca/banning/1888-w-ramsey"
      },
      "geometry": {
        "type": "Point",
        "coordinates": [
          -116.897338,
          33.9250879
        ]
      },
      "id": "node/2574536874"
    },
    {
      "type": "Feature",
      "properties": {
        "@id": "node/2605485638",
        "addr:city": "Scotts Valley",
        "addr:housenumber": "5620",
        "addr:postcode": "95066",
        "addr:state": "CA",
        "addr:street": "Scotts Valley Drive",
        "amenity": "fast_food",
        "brand": "Carl's Jr.",
        "brand:wikidata": "Q1043486",
        "cuisine": "burger",
        "drive_through": "yes",
        "name": "Carl's Jr.",
        "opening_hours": "Mo-Su 06:00-23:00",
        "phone": "+1 831-430-9080",
        "ref": "1102116",
        "takeaway": "yes",
        "website": "https://locations.carlsjr.com/ca/scotts-valley/5620-scotts-valley-dr"
      },
      "geometry": {
        "type": "Point",
        "coordinates": [
          -122.0063923,
          37.0619003
        ]
      },
      "id": "node/2605485638"
    },
    {
      "type": "Feature",
      "properties": {
        "@id": "node/2613496977",
        "addr:city": "Riverbank",
        "addr:housenumber": "2773",
        "addr:postcode": "95367",
        "addr:state": "CA",
        "addr:street": "Patterson Road",
        "amenity": "fast_food",
        "brand": "Carl's Jr.",
        "brand:wikidata": "Q1043486",
        "cuisine": "burger",
        "drive_through": "yes",
        "name": "Carl's Jr.",
        "phone": "+1 209-863-8767",
        "ref": "1102200",
        "takeaway": "yes",
        "website": "https://locations.carlsjr.com/ca/riverbank/2773-patterson-rd"
      },
      "geometry": {
        "type": "Point",
        "coordinates": [
          -120.945784,
          37.7331224
        ]
      },
      "id": "node/2613496977"
    },
    {
      "type": "Feature",
      "properties": {
        "@id": "node/2662689687",
        "addr:city": "Saint George",
        "addr:housenumber": "1624",
        "addr:postcode": "84770",
        "addr:state": "UT",
        "addr:street": "West Sunset Boulevard",
        "amenity": "fast_food",
        "brand": "Carl's Jr.",
        "brand:wikidata": "Q1043486",
        "cuisine": "burger",
        "name": "Carl's Jr.",
        "phone": "+1 435-673-9290",
        "ref": "1101940",
        "takeaway": "yes",
        "website": "https://locations.carlsjr.com/ut/saint-george/1624-w-sunset-blvd"
      },
      "geometry": {
        "type": "Point",
        "coordinates": [
          -113.618076,
          37.1231043
        ]
      },
      "id": "node/2662689687"
    },
    {
      "type": "Feature",
      "properties": {
        "@id": "node/2683994391",
        "addr:housenumber": "5130",
        "addr:postcode": "97303",
        "addr:state": "OR",
        "addr:street": "River Road North",
        "amenity": "fast_food",
        "brand": "Carl's Jr.",
        "brand:wikidata": "Q1043486",
        "check_date": "2026-08-19",
        "cuisine": "burger",
        "drive_through": "yes",
        "internet_access": "wlan",
        "name": "Carl's Jr.",
        "opening_hours": "06:00-24:00",
        "opening_hours:drive_through": "06:00-24:00",
        "payment:cash": "yes",
        "payment:credit_cards": "yes",
        "payment:debit_cards": "yes",
        "phone": "+1 503-390-9227",
        "takeaway": "yes",
        "website": "https://locations.carlsjr.com/or/keizer/5130-river-rd.-ne/",
        "wheelchair": "yes"
      },
      "geometry": {
        "type": "Point",
        "coordinates": [
          -123.0261293,
          44.9996114
        ]
      },
      "id": "node/2683994391"
    },
    {
      "type": "Feature",
      "properties": {
        "@id": "node/2699532407",
        "addr:city": "San Diego",
        "addr:housenumber": "3381",
        "addr:postcode": "92110",
        "addr:state": "CA",
        "addr:street": "Rosecrans Street",
        "amenity": "fast_food",
        "brand": "Carl's Jr.",
        "brand:wikidata": "Q1043486",
        "cuisine": "burger",
        "drive_through": "yes",
        "name": "Carl's Jr.",
        "phone": "+1 619-226-0070",
        "ref": "1100332",
        "takeaway": "yes",
        "website": "https://locations.carlsjr.com/ca/san-diego/3381-rosecrans-st"
      },
      "geometry": {
        "type": "Point",
        "coordinates": [
          -117.2048098,
          32.7484742
        ]
      },
      "id": "node/2699532407"
    },
    {
      "type": "Feature",
      "properties": {
        "@id": "node/2735668174",
        "addr:city": "Grants Pass",
        "addr:housenumber": "1802",
        "addr:postcode": "97526",
        "addr:state": "OR",
        "addr:street": "Northwest 6th Street",
        "amenity": "fast_food",
        "brand": "Carl's Jr.",
        "brand:wikidata": "Q1043486",
        "cuisine": "burger",
        "drive_through": "yes",
        "name": "Carl's Jr.",
        "phone": "+1 541-474-0649",
        "ref": "1102330",
        "takeaway": "yes",
        "website": "https://locations.carlsjr.com/or/grants-pass/1802-nw-6th-st"
      },
      "geometry": {
        "type": "Point",
        "coordinates": [
          -123.3229953,
          42.4585979
        ]
      },
      "id": "node/2735668174"
    },
    {
      "type": "Feature",
      "properties": {
        "@id": "node/2828296770",
        "addr:city": "Denver",
        "addr:housenumber": "4050",
        "addr:postcode": "80216",
        "addr:state": "CO",
        "addr:street": "Colorado Boulevard",
        "amenity": "fast_food",
        "brand": "Carl's Jr.",
        "brand:wikidata": "Q1043486",
        "cuisine": "burger",
        "drive_through": "yes",
        "name": "Carl's Jr.",
        "opening_hours": "Mo-Sa 06:00-23:00; Su 07:00-23:00",
        "phone": "+1 720-941-6311",
        "ref": "1101773",
        "source": "Bing",
        "takeaway": "yes",
        "website": "https://locations.carlsjr.com/co/denver/4050-colorado-blvd"
      },
      "geometry": {
        "type": "Point",
        "coordinates": [
          -104.9400924,
          39.7739645
        ]
      },
      "id": "node/2828296770"
    },
    {
      "type": "Feature",
      "properties": {
        "@id": "node/2933940388",
        "addr:city": "Aurora",
        "addr:housenumber": "2240",
        "addr:postcode": "80014",
        "addr:state": "CO",
        "addr:street": "South Chambers Road",
        "amenity": "fast_food",
        "branch": "Green Burrito",
        "brand": "Carl's Jr.",
        "brand:wikidata": "Q1043486",
        "cuisine": "burger",
        "name": "Carl's Jr.",
        "opening_hours": "Mo-We 06:00-24:00, Th-Sa 06:00-01:00, Su 07:00-24:00",
        "phone": "+1 720-748-3101",
        "ref": "1101373",
        "source": "Bing",
        "takeaway": "yes",
        "website": "https://locations.carlsjr.com/co/aurora/2240-s-chambers-st"
      },
      "geometry": {
        "type": "Point",
        "coordinates": [
          -104.809425,
          39.6757737
        ]
      },
      "id": "node/2933940388"
    },
    {
      "type": "Feature",
      "properties": {
        "@id": "node/2983777853",
        "addr:city": "Rancho Cordova",
        "addr:housenumber": "3100",
        "addr:postcode": "95742",
        "addr:state": "CA",
        "addr:street": "Sunrise Boulevard",
        "amenity": "fast_food",
        "brand": "Carl's Jr.",
        "brand:wikidata": "Q1043486",
        "cuisine": "burger",
        "drive_through": "yes",
        "name": "Carl's Jr.",
        "phone": "+1 916-631-8115",
        "ref": "1100534",
        "takeaway": "yes",
        "website": "https://locations.carlsjr.com/ca/rancho-cordova/3100-sunrise-blvd"
      },
      "geometry": {
        "type": "Point",
        "coordinates": [
          -121.2659342,
          38.5895908
        ]
      },
      "id": "node/2983777853"
    },
    {
      "type": "Feature",
      "properties": {
        "@id": "node/3396513641",
        "addr:city": "San Francisco",
        "addr:housenumber": "1",
        "addr:postcode": "94102",
        "addr:state": "CA",
        "addr:street": "Hallidie Plaza",
        "amenity": "fast_food",
        "brand": "Carl's Jr.",
        "brand:wikidata": "Q1043486",
        "check_date": "2026-07-23",
        "check_date:opening_hours": "2026-07-23",
        "cuisine": "burger",
        "level": "0",
        "name": "Carl's Jr.",
        "opening_hours": "24/7",
        "phone": "+1 415-391-5799",
        "ref": "1100763",
        "smoking": "no",
        "takeaway": "yes",
        "website": "https://locations.carlsjr.com/ca/san-francisco/1-hallidie-plaza",
        "wheelchair": "yes"
      },
      "geometry": {
        "type": "Point",
        "coordinates": [
          -122.4087225,
          37.7842915
        ]
      },
      "id": "node/3396513641"
    },
    {
      "type": "Feature",
      "properties": {
        "@id": "node/3716140894",
        "addr:city": "Desert Hot Springs",
        "addr:housenumber": "13010",
        "addr:postcode": "92240",
        "addr:state": "CA",
        "addr:street": "Palm Drive",
        "amenity": "fast_food",
        "brand": "Carl's Jr.",
        "brand:wikidata": "Q1043486",
        "cuisine": "burger",
        "drive_through": "yes",
        "name": "Carl's Jr.",
        "phone": "+1 760-329-0120",
        "ref": "1100730",
        "takeaway": "yes",
        "website": "https://locations.carlsjr.com/ca/desert-hot-springs/13010-palm-dr"
      },
      "geometry": {
        "type": "Point",
        "coordinates": [
          -116.5004223,
          33.9537136
        ]
      },
      "id": "node/3716140894"
    },
    {
      "type": "Feature",
      "properties": {
        "@id": "node/3834980724",
        "addr:city": "Las Vegas",
        "addr:housenumber": "5091",
        "addr:postcode": "89110",
        "addr:state": "NV",
        "addr:street": "East Bonanza Road",
        "amenity": "fast_food",
        "brand": "Carl's Jr.",
        "brand:wikidata": "Q1043486",
        "cuisine": "burger",
        "drive_through": "yes",
        "name": "Carl's Jr.",
        "phone": "+1 702-459-7877",
        "ref": "1100759",
        "takeaway": "yes",
        "website": "https://locations.carlsjr.com/nv/las-vegas/5091-e-bonanza-rd"
      },
      "geometry": {
        "type": "Point",
        "coordinates": [
          -115.062651,
          36.1736837
        ]
      },
      "id": "node/3834980724"
    },
    {
      "type": "Feature",
      "properties": {
        "@id": "node/3871398250",
        "addr:city": "Sacramento",
        "addr:housenumber": "2460",
        "addr:postcode": "95833",
        "addr:state": "CA",
        "addr:street": "West El Camino Avenue",
        "amenity": "fast_food",
        "brand": "Carl's Jr.",
        "brand:wikidata": "Q1043486",
        "cuisine": "burger",
        "drive_through": "yes",
        "name": "Carl's Jr.",
        "phone": "+1 916-564-8663",
        "ref": "1100421",
        "takeaway": "yes",
        "website": "https://locations.carlsjr.com/ca/sacramento/2460-w.-el-camino-avenue"
      },
      "geometry": {
        "type": "Point",
        "coordinates": [
          -121.5155916,
          38.6140601
        ]
      },
      "id": "node/3871398250"
    },
    {
      "type": "Feature",
      "properties": {
        "@id": "node/4041876637",
        "addr:city": "Ontario",
        "addr:housenumber": "4555",
        "addr:postcode": "91761",
        "addr:state": "CA",
        "addr:street": "East Jurupa Street",
        "amenity": "fast_food",
        "brand": "Carl's Jr.",
        "brand:wikidata": "Q1043486",
        "cuisine": "burger",
        "drive_through": "yes",
        "name": "Carl's Jr.",
        "phone": "+1 909-605-0506",
        "ref": "1100668",
        "takeaway": "yes",
        "website": "https://locations.carlsjr.com/ca/ontario/4555-e-jurupa-st"
      },
      "geometry": {
        "type": "Point",
        "coordinates": [
          -117.553757,
          34.0484276
        ]
      },
      "id": "node/4041876637"
    },
    {
      "type": "Feature",
      "properties": {
        "@id": "node/4083153322",
        "addr:city": "Cathedral City",
        "addr:housenumber": "32250",
        "addr:postcode": "92234",
        "addr:state": "CA",
        "addr:street": "Date Palm Drive",
        "amenity": "fast_food",
        "brand": "Carl's Jr.",
        "brand:wikidata": "Q1043486",
        "cuisine": "burger",
        "drive_through": "yes",
        "name": "Carl's Jr.",
        "phone": "+1 760-328-9875",
        "ref": "1100873",
        "takeaway": "yes",
        "website": "https://locations.carlsjr.com/ca/cathedral-city/32-250-date-palm-dr"
      },
      "geometry": {
        "type": "Point",
        "coordinates": [
          -116.457611,
          33.8142002
        ]
      },
      "id": "node/4083153322"
    },
    {
      "type": "Feature",
      "properties": {
        "@id": "node/4085842267",
        "addr:city": "Upper Lake",
        "addr:housenumber": "775",
        "addr:postcode": "95485",
        "addr:state": "CA",
        "addr:street": "West Highway 20",
        "amenity": "fast_food",
        "brand": "Carl's Jr.",
        "brand:wikidata": "Q1043486",
        "cuisine": "burger",
        "drive_through": "yes",
        "name": "Carl's Jr.",
        "phone": "+1 707-275-9701",
        "ref": "1101933",
        "takeaway": "yes",
        "website": "https://locations.carlsjr.com/ca/upper-lake/775-w-hwy-20"
      },
      "geometry": {
        "type": "Point",
        "coordinates": [
          -122.92007,
          39.1628338
        ]
      },
      "id": "node/4085842267"
    },
    {
      "type": "Feature",
      "properties": {
        "@id": "node/4182391653",
        "addr:city": "Hudson",
        "addr:housenumber": "201",
        "addr:postcode": "80642",
        "addr:state": "CO",
        "addr:street": "East Bison Highway",
        "amenity": "fast_food",
        "brand": "Carl's Jr.",
        "brand:wikidata": "Q1043486",
        "cuisine": "burger",
        "name": "Carl's Jr.",
        "phone": "+1 303-536-4080",
        "ref": "1101775",
        "source": "Bing",
        "takeaway": "yes",
        "website": "https://locations.carlsjr.com/co/hudson/201-e-bison-way"
      },
      "geometry": {
        "type": "Point",
        "coordinates": [
          -104.648685,
          40.0774837
        ]
      },
      "id": "node/4182391653"
    },
    {
      "type": "Feature",
      "properties": {
        "@id": "node/4227715493",
        "addr:city": "Calexico",
        "addr:housenumber": "221",
        "addr:postcode": "92231",
        "addr:state": "CA",
        "addr:street": "West Birch Street",
        "amenity": "fast_food",
        "brand": "Carl's Jr.",
        "brand:wikidata": "Q1043486",
        "cuisine": "burger",
        "drive_through": "yes",
        "internet_access": "wlan",
        "name": "Carl's Jr.",
        "opening_hours": "Mo-Su 06:00-24:00",
        "phone": "+1 760-357-3717",
        "ref": "1101349",
        "takeaway": "yes",
        "website": "https://locations.carlsjr.com/ca/calexico/221-w-birch-st"
      },
      "geometry": {
        "type": "Point",
        "coordinates": [
          -115.5020993,
          32.6796526
        ]
      },
      "id": "node/4227715493"
    },
    {
      "type": "Feature",
      "properties": {
        "@id": "node/4272218335",
        "amenity": "fast_food",
        "brand": "Carl's Jr.",
        "brand:wikidata": "Q1043486",
        "check_date": "2016-06-29",
        "cuisine": "burger",
        "drive_through": "yes",
        "name": "Carl's Jr.",
        "takeaway": "yes"
      },
      "geometry": {
        "type": "Point",
        "coordinates": [
          -111.8315977,
          40.5941208
        ]
      },
      "id": "node/4272218335"
    },
    {
      "type": "Feature",
      "properties": {
        "@id": "node/4359143890",
        "addr:city": "Orange",
        "addr:housenumber": "145",
        "addr:postcode": "92867",
        "addr:state": "CA",
        "addr:street": "North Tustin Street",
        "amenity": "fast_food",
        "brand": "Carl's Jr.",
        "brand:wikidata": "Q1043486",
        "cuisine": "burger",
        "drive_through": "yes",
        "name": "Carl's Jr.",
        "name:en": "Carl's Jr.",
        "phone": "+1 714-771-1579",
        "ref": "1100462",
        "takeaway": "yes",
        "website": "https://locations.carlsjr.com/ca/orange/145-n-tustin-st"
      },
      "geometry": {
        "type": "Point",
        "coordinates": [
          -117.8352819,
          33.788671
        ]
      },
      "id": "node/4359143890"
    },
    {
      "type": "Feature",
      "properties": {
        "@id": "node/4416233893",
        "addr:city": "Reno",
        "addr:county": "Washoe",
        "addr:housenumber": "10170",
        "addr:postcode": "89503",
        "addr:state": "NV",
        "addr:street": "North McCarran Boulevard",
        "addr:unit": "D",
        "amenity": "fast_food",
        "brand": "Carl's Jr.",
        "brand:wikidata": "Q1043486",
        "check_date": "2023-07-29",
        "cuisine": "burger",
        "drive_through": "yes",
        "internet_access": "wlan",
        "internet_access:fee": "no",
        "name": "Carl's Jr.",
        "opening_hours": "Mo-Sa 06:00-23:00; Su 06:00-21:00",
        "phone": "+1 775-746-0336",
        "ref": "1101176",
        "takeaway": "yes",
        "toilets": "yes",
        "toilets:access": "customers",
        "website": "https://locations.carlsjr.com/nv/reno/10170-n-mccarran-blvd"
      },
      "geometry": {
        "type": "Point",
        "coordinates": [
          -119.861532,
          39.5267111
        ]
      },
      "id": "node/4416233893"
    },
    {
      "type": "Feature",
      "properties": {
        "@id": "node/4441102343",
        "addr:city": "Industry",
        "addr:housenumber": "13151",
        "addr:postcode": "91746",
        "addr:state": "CA",
        "addr:street": "Crossroads Parkway South",
        "amenity": "fast_food",
        "brand": "Carl's Jr.",
        "brand:wikidata": "Q1043486",
        "cuisine": "burger",
        "drive_through": "yes",
        "name": "Carl's Jr.",
        "opening_hours": "24/7",
        "phone": "+1 562-695-2510",
        "ref": "1100526",
        "takeaway": "yes",
        "website": "https://locations.carlsjr.com/ca/city-of-industry/13151-crossroads-pkwy-s"
      },
      "geometry": {
        "type": "Point",
        "coordinates": [
          -118.0145212,
          34.02838
        ]
      },
      "id": "node/4441102343"
    },
    {
      "type": "Feature",
      "properties": {
        "@id": "node/4476141589",
        "addr:city": "Ritzville",
        "addr:housenumber": "1370",
        "addr:postcode": "99169",
        "addr:state": "WA",
        "addr:street": "North Highway 261",
        "amenity": "fast_food",
        "brand": "Carl's Jr.",
        "brand:wikidata": "Q1043486",
        "cuisine": "burger",
        "drive_through": "yes",
        "indoor_seating": "yes",
        "name": "Carl's Jr.",
        "phone": "+1-509-659-1015",
        "ref": "1102167",
        "takeaway": "yes",
        "website": "https://locations.carlsjr.com/wa/ritzville/1370-n-hwy-261"
      },
      "geometry": {
        "type": "Point",
        "coordinates": [
          -118.36669,
          47.1133075
        ]
      },
      "id": "node/4476141589"
    },
    {
      "type": "Feature",
      "properties": {
        "@id": "node/4529154393",
        "addr:city": "Harbor City",
        "addr:housenumber": "840",
        "addr:postcode": "90710",
        "addr:state": "CA",
        "addr:street": "Sepulveda Boulevard",
        "amenity": "fast_food",
        "brand": "Carl's Jr.",
        "brand:wikidata": "Q1043486",
        "cuisine": "burger",
        "drive_through": "yes",
        "name": "Carl's Jr.",
        "name:en": "Carl's Jr.",
        "phone": "+1 310-549-0969",
        "ref": "1100634",
        "takeaway": "yes",
        "website": "https://locations.carlsjr.com/ca/harbor-city/840-sepulveda-blvd"
      },
      "geometry": {
        "type": "Point",
        "coordinates": [
          -118.290068,
          33.8097615
        ]
      },
      "id": "node/4529154393"
    },
    {
      "type": "Feature",
      "properties": {
        "@id": "node/4529154493",
        "addr:city": "Torrance",
        "addr:housenumber": "2210",
        "addr:postcode": "90504",
        "addr:state": "CA",
        "addr:street": "West Redondo Beach Boulevard",
        "amenity": "fast_food",
        "brand": "Carl's Jr.",
        "brand:wikidata": "Q1043486",
        "cuisine": "burger",
        "drive_through": "yes",
        "internet_access": "wlan",
        "name": "Carl's Jr.",
        "name:en": "Carl's Jr.",
        "phone": "+1 310-323-1472",
        "ref": "1100066",
        "takeaway": "yes",
        "website": "https://locations.carlsjr.com/ca/torrance/2210-w-redondo-beach-blvd"
      },
      "geometry": {
        "type": "Point",
        "coordinates": [
          -118.318206,
          33.8853409
        ]
      },
      "id": "node/4529154493"
    },
    {
      "type": "Feature",
      "properties": {
        "@id": "node/4548627792",
        "addr:city": "Post Falls",
        "addr:housenumber": "4208",
        "addr:postcode": "83854-7323",
        "addr:state": "ID",
        "addr:street": "West Expo Parkway",
        "amenity": "fast_food",
        "brand": "Carl's Jr.",
        "brand:wikidata": "Q1043486",
        "cuisine": "burger",
        "drive_through": "yes",
        "name": "Carl's Jr.",
        "name:en": "Carls Jr.",
        "phone": "+1 208-773-4479",
        "ref": "1101869",
        "takeaway": "yes",
        "website": "https://locations.carlsjr.com/id/post-falls/4208-w-expo-pkwy"
      },
      "geometry": {
        "type": "Point",
        "coordinates": [
          -117.0032613,
          47.7110519
        ]
      },
      "id": "node/4548627792"
    },
    {
      "type": "Feature",
      "properties": {
        "@id": "node/4548659489",
        "addr:city": "Boardman",
        "addr:housenumber": "78665",
        "addr:postcode": "97818",
        "addr:state": "OR",
        "addr:street": "Tower Road",
        "amenity": "fast_food",
        "brand": "Carl's Jr.",
        "brand:wikidata": "Q1043486",
        "cuisine": "burger",
        "name": "Carl's Jr.",
        "name:en": "Carl's Jr.",
        "phone": "+1 541-481-3160",
        "ref": "1102162",
        "takeaway": "yes",
        "website": "https://locations.carlsjr.com/or/boardman/78665-tower-road"
      },
      "geometry": {
        "type": "Point",
        "coordinates": [
          -119.7986979,
          45.825279
        ]
      },
      "id": "node/4548659489"
    },
    {
      "type": "Feature",
      "properties": {
        "@id": "node/4584752216",
        "addr:city": "Pasadena",
        "addr:housenumber": "485",
        "addr:postcode": "91107",
        "addr:state": "CA",
        "addr:street": "North Rosemead Boulevard",
        "amenity": "fast_food",
        "brand": "Carl's Jr.",
        "brand:wikidata": "Q1043486",
        "check_date": "2026-01-05",
        "contact:yelp": "https://www.yelp.com/biz/carls-jr-pasadena",
        "cuisine": "burger",
        "delivery": "yes",
        "drive_through": "yes",
        "internet_access": "wlan",
        "internet_access:fee": "no",
        "name": "Carl's Jr.",
        "opening_hours": "24/7",
        "opening_hours:drive_through": "24/7",
        "phone": "+1 626-351-1801",
        "ref": "1100670",
        "takeaway": "yes",
        "website": "https://locations.carlsjr.com/ca/pasadena/485-n-rosemead-blvd"
      },
      "geometry": {
        "type": "Point",
        "coordinates": [
          -118.0785814,
          34.1545445
        ]
      },
      "id": "node/4584752216"
    },
    {
      "type": "Feature",
      "properties": {
        "@id": "node/4611578319",
        "addr:city": "Stockton",
        "addr:housenumber": "7432",
        "addr:postcode": "95207",
        "addr:state": "CA",
        "addr:street": "Pacific Avenue",
        "amenity": "fast_food",
        "brand": "Carl's Jr.",
        "brand:wikidata": "Q1043486",
        "cuisine": "burger",
        "drive_through": "yes",
        "name": "Carl's Jr.",
        "phone": "+1 209-957-2000",
        "ref": "1100494",
        "takeaway": "yes",
        "website": "https://locations.carlsjr.com/ca/stockton/7432-pacific-avenue"
      },
      "geometry": {
        "type": "Point",
        "coordinates": [
          -121.3225205,
          38.0171673
        ]
      },
      "id": "node/4611578319"
    },
    {
      "type": "Feature",
      "properties": {
        "@id": "node/4646787048",
        "addr:city": "Vacaville",
        "addr:housenumber": "289",
        "addr:postcode": "95687",
        "addr:state": "CA",
        "addr:street": "Orange Drive",
        "amenity": "fast_food",
        "brand": "Carl's Jr.",
        "brand:wikidata": "Q1043486",
        "cuisine": "burger",
        "drive_through": "yes",
        "name": "Carl's Jr.",
        "phone": "+1 707-452-1499",
        "ref": "1100671",
        "takeaway": "yes",
        "website": "https://locations.carlsjr.com/ca/vacaville/289-orange-drive"
      },
      "geometry": {
        "type": "Point",
        "coordinates": [
          -121.9561804,
          38.369078
        ]
      },
      "id": "node/4646787048"
    },
    {
      "type": "Feature",
      "properties": {
        "@id": "node/4660717929",
        "addr:city": "Tooele",
        "addr:housenumber": "1291",
        "addr:postcode": "84074",
        "addr:state": "UT",
        "addr:street": "North Main Street",
        "amenity": "fast_food",
        "brand": "Carl's Jr.",
        "brand:wikidata": "Q1043486",
        "cuisine": "burger",
        "drive_through": "yes",
        "name": "Carl's Jr.",
        "phone": "+1 435-843-5541",
        "ref": "1100020",
        "takeaway": "yes",
        "website": "https://locations.carlsjr.com/ut/tooele/1291-n-main-st"
      },
      "geometry": {
        "type": "Point",
        "coordinates": [
          -112.2976542,
          40.5569822
        ]
      },
      "id": "node/4660717929"
    },
    {
      "type": "Feature",
      "properties": {
        "@id": "node/4696753697",
        "addr:city": "Long Beach",
        "addr:housenumber": "271",
        "addr:postcode": "90806",
        "addr:state": "CA",
        "addr:street": "East Willow Street",
        "amenity": "fast_food",
        "brand": "Carl's Jr.",
        "brand:wikidata": "Q1043486",
        "cuisine": "burger",
        "drive_through": "yes",
        "name": "Carl's Jr.",
        "opening_hours": "24/7",
        "phone": "+1 562-981-9192",
        "ref": "1100228",
        "takeaway": "yes",
        "website": "https://locations.carlsjr.com/ca/long-beach/271-east-willow-street"
      },
      "geometry": {
        "type": "Point",
        "coordinates": [
          -118.18973,
          33.804773
        ]
      },
      "id": "node/4696753697"
    },
    {
      "type": "Feature",
      "properties": {
        "@id": "node/4739789310",
        "addr:city": "Salem",
        "addr:housenumber": "555",
        "addr:postcode": "97304",
        "addr:state": "OR",
        "addr:street": "Edgewater Street Northwest",
        "amenity": "fast_food",
        "brand": "Carl's Jr.",
        "brand:wikidata": "Q1043486",
        "cuisine": "burger",
        "drive_through": "yes",
        "name": "Carl's Jr.",
        "phone": "+1 503-689-1176",
        "ref": "1102548",
        "takeaway": "yes",
        "website": "https://locations.carlsjr.com/or/salem/555-edgewater-st-nw"
      },
      "geometry": {
        "type": "Point",
        "coordinates": [
          -123.0495284,
          44.9452965
        ]
      },
      "id": "node/4739789310"
    },
    {
      "type": "Feature",
      "properties": {
        "@id": "node/4866974390",
        "addr:city": "Salina",
        "addr:housenumber": "1659",
        "addr:postcode": "84654",
        "addr:state": "UT",
        "addr:street": "South State Street",
        "air_conditioning": "yes",
        "amenity": "fast_food",
        "brand": "Carl's Jr.",
        "brand:wikidata": "Q1043486",
        "check_date": "2026-08-06",
        "cuisine": "burger",
        "drive_through": "yes",
        "name": "Carl's Jr.",
        "outdoor_seating": "yes",
        "payment:cash": "yes",
        "payment:contactless": "yes",
        "payment:credit_cards": "yes",
        "payment:debit_cards": "yes",
        "phone": "+1 435-529-2048",
        "ref": "1102020",
        "stroller": "yes",
        "takeaway": "yes",
        "website": "https://locations.carlsjr.com/ut/salina/1659-s-state-st",
        "wheelchair": "yes"
      },
      "geometry": {
        "type": "Point",
        "coordinates": [
          -111.8538159,
          38.9350994
        ]
      },
      "id": "node/4866974390"
    },
    {
      "type": "Feature",
      "properties": {
        "@id": "node/5054469401",
        "addr:city": "Lake Havasu City",
        "addr:housenumber": "275",
        "addr:postcode": "86403",
        "addr:state": "AZ",
        "addr:street": "North Lake Havasu Avenue",
        "amenity": "fast_food",
        "brand": "Carl's Jr.",
        "brand:wikidata": "Q1043486",
        "cuisine": "burger",
        "drive_through": "yes",
        "name": "Carl's Jr.",
        "phone": "+1 928-680-4025",
        "ref": "1101045",
        "takeaway": "yes",
        "website": "https://locations.carlsjr.com/az/lake-havasu-city/275-n-lake-havasu-avenue"
      },
      "geometry": {
        "type": "Point",
        "coordinates": [
          -114.348607,
          34.482174
        ]
      },
      "id": "node/5054469401"
    },
    {
      "type": "Feature",
      "properties": {
        "@id": "node/5111896533",
        "addr:city": "Los Angeles",
        "addr:housenumber": "3500",
        "addr:postcode": "90010",
        "addr:state": "CA",
        "addr:street": "Wilshire Boulevard",
        "amenity": "fast_food",
        "brand": "Carl's Jr.",
        "brand:wikidata": "Q1043486",
        "check_date": "2026-08-18",
        "contact:yelp": "https://www.yelp.com/biz/carls-jr-los-angeles-21",
        "cuisine": "burger",
        "drive_through": "no",
        "name": "Carl's Jr.",
        "phone": "+1 213-386-6902",
        "ref": "1100253",
        "takeaway": "yes",
        "website": "https://locations.carlsjr.com/ca/los-angeles/3500-wilshire-blvd."
      },
      "geometry": {
        "type": "Point",
        "coordinates": [
          -118.3007244,
          34.0615742
        ]
      },
      "id": "node/5111896533"
    },
    {
      "type": "Feature",
      "properties": {
        "@id": "node/5126086305",
        "addr:city": "Holbrook",
        "addr:housenumber": "1635",
        "addr:postcode": "86025",
        "addr:state": "AZ",
        "addr:street": "North Navajo Boulevard",
        "amenity": "fast_food",
        "brand": "Carl's Jr.",
        "brand:wikidata": "Q1043486",
        "cuisine": "burger",
        "drive_through": "yes",
        "name": "Carl's Jr.",
        "phone": "+1 928-524-2252",
        "ref": "1102172",
        "takeaway": "yes",
        "website": "https://locations.carlsjr.com/az/holbrook/1635-n-navajo-blvd"
      },
      "geometry": {
        "type": "Point",
        "coordinates": [
          -110.1514981,
          34.9190196
        ]
      },
      "id": "node/5126086305"
    },
    {
      "type": "Feature",
      "properties": {
        "@id": "node/5183012703",
        "addr:city": "Freedom",
        "addr:housenumber": "1901",
        "addr:postcode": "95019",
        "addr:state": "CA",
        "addr:street": "Freedom Boulevard",
        "amenity": "fast_food",
        "brand": "Carl's Jr.",
        "brand:wikidata": "Q1043486",
        "cuisine": "burger",
        "drive_through": "yes",
        "name": "Carl's Jr.",
        "phone": "+1 831-722-6920",
        "ref": "1101028",
        "takeaway": "yes",
        "website": "https://locations.carlsjr.com/ca/freedom/1901-freedom-blvd"
      },
      "geometry": {
        "type": "Point",
        "coordinates": [
          -121.774003,
          36.9351404
        ]
      },
      "id": "node/5183012703"
    },
    {
      "type": "Feature",
      "properties": {
        "@id": "node/5240553934",
        "addr:city": "Huntington Beach",
        "addr:housenumber": "16101",
        "addr:postcode": "92649",
        "addr:state": "CA",
        "addr:street": "Bolsa Chica Street",
        "amenity": "fast_food",
        "brand": "Carl's Jr.",
        "brand:wikidata": "Q1043486",
        "cuisine": "burger",
        "drive_through": "yes",
        "name": "Carl's Jr.",
        "phone": "+1 714-846-2422",
        "ref": "1100130",
        "takeaway": "yes",
        "website": "https://locations.carlsjr.com/ca/huntington-beach/16031-bolsa-chica"
      },
      "geometry": {
        "type": "Point",
        "coordinates": [
          -118.042037,
          33.7292007
        ]
      },
      "id": "node/5240553934"
    },
    {
      "type": "Feature",
      "properties": {
        "@id": "node/5285295265",
        "addr:city": "Newark",
        "addr:housenumber": "5670",
        "addr:postcode": "94560",
        "addr:state": "CA",
        "addr:street": "Thornton Avenue",
        "amenity": "fast_food",
        "brand": "Carl's Jr.",
        "brand:wikidata": "Q1043486",
        "cuisine": "burger",
        "delivery": "no",
        "drive_through": "yes",
        "name": "Carl's Jr.",
        "outdoor_seating": "no",
        "phone": "+1 510-493-2352",
        "ref": "1101064",
        "smoking": "outside",
        "takeaway": "yes",
        "website": "https://locations.carlsjr.com/ca/newark/5670-thornton-ave"
      },
      "geometry": {
        "type": "Point",
        "coordinates": [
          -122.0265673,
          37.5411591
        ]
      },
      "id": "node/5285295265"
    },
    {
      "type": "Feature",
      "properties": {
        "@id": "node/5305841911",
        "addr:city": "Sacramento",
        "addr:housenumber": "899",
        "addr:postcode": "95815",
        "addr:state": "CA",
        "addr:street": "El Camino",
        "amenity": "fast_food",
        "brand": "Carl's Jr.",
        "brand:wikidata": "Q1043486",
        "cuisine": "burger",
        "drive_through": "yes",
        "name": "Carl's Jr.",
        "phone": "+1 916-929-1087",
        "ref": "1100553",
        "takeaway": "yes",
        "website": "https://locations.carlsjr.com/ca/sacramento/899-el-camino"
      },
      "geometry": {
        "type": "Point",
        "coordinates": [
          -121.4465235,
          38.6113541
        ]
      },
      "id": "node/5305841911"
    },
    {
      "type": "Feature",
      "properties": {
        "@id": "node/5317099721",
        "addr:city": "Torrance",
        "addr:housenumber": "1259",
        "addr:postcode": "90502",
        "addr:state": "CA",
        "addr:street": "West Carson Street",
        "amenity": "fast_food",
        "brand": "Carl's Jr.",
        "brand:wikidata": "Q1043486",
        "cuisine": "burger",
        "drive_through": "yes",
        "name": "Carl's Jr.",
        "phone": "+1 310-212-7941",
        "ref": "1100426",
        "takeaway": "yes",
        "website": "https://locations.carlsjr.com/ca/torrance/1259-w-carson-st"
      },
      "geometry": {
        "type": "Point",
        "coordinates": [
          -118.2989271,
          33.8318921
        ]
      },
      "id": "node/5317099721"
    },
    {
      "type": "Feature",
      "properties": {
        "@id": "node/5326303588",
        "addr:city": "Woodland",
        "addr:housenumber": "1556",
        "addr:postcode": "95776",
        "addr:state": "CA",
        "addr:street": "East Main Street",
        "amenity": "fast_food",
        "brand": "Carl's Jr.",
        "brand:wikidata": "Q1043486",
        "cuisine": "burger",
        "drive_through": "yes",
        "name": "Carl's Jr.",
        "phone": "+1 530-669-7124",
        "ref": "1100417",
        "takeaway": "yes",
        "website": "https://locations.carlsjr.com/ca/woodland/1556-e-main-st"
      },
      "geometry": {
        "type": "Point",
        "coordinates": [
          -121.7491002,
          38.6768786
        ]
      },
      "id": "node/5326303588"
    },
    {
      "type": "Feature",
      "properties": {
        "@id": "node/5517321849",
        "addr:floor": "3",
        "amenity": "fast_food",
        "brand": "Carl's Jr.",
        "brand:wikidata": "Q1043486",
        "check_date": "2025-09-14",
        "cuisine": "burger",
        "drive_through": "no",
        "internet_access": "wlan",
        "internet_access:fee": "no",
        "name": "Carl's Jr.",
        "payment:cash": "yes",
        "payment:credit_cards": "yes",
        "payment:debit_cards": "yes",
        "phone": "+1-310-890-3363",
        "takeaway": "yes",
        "url": "https://www.flylax.com/lax-dining-and-shopping-details?id=1071",
        "website": "https://locations.carlsjr.com/ca/los-angeles/terminal-8-sp-8e-lax-1-world-way"
      },
      "geometry": {
        "type": "Point",
        "coordinates": [
          -118.3973649,
          33.9425188
        ]
      },
      "id": "node/5517321849"
    },
    {
      "type": "Feature",
      "properties": {
        "@id": "node/5554534622",
        "addr:city": "Hereford",
        "addr:housenumber": "901",
        "addr:postcode": "79045",
        "addr:state": "TX",
        "addr:street": "West 1st Street",
        "amenity": "fast_food",
        "brand": "Carl's Jr.",
        "brand:wikidata": "Q1043486",
        "cuisine": "burger",
        "name": "Carl's Jr.",
        "phone": "+1 806-346-4494",
        "ref": "1102503",
        "takeaway": "yes",
        "website": "https://locations.carlsjr.com/tx/hereford/901-w.-1st-street"
      },
      "geometry": {
        "type": "Point",
        "coordinates": [
          -102.4073674,
          34.8100041
        ]
      },
      "id": "node/5554534622"
    },
    {
      "type": "Feature",
      "properties": {
        "@id": "node/5642695723",
        "amenity": "fast_food",
        "brand": "Carl's Jr.",
        "brand:wikidata": "Q1043486",
        "cuisine": "burger",
        "drive_through": "no",
        "name": "Carl's Jr.",
        "opening_hours": "Mo-Sa 05:00-23:00; Su 06:00-23:00",
        "takeaway": "yes",
        "website": "https://locations.carlsjr.com/ca/santa-ana/18601-airport-way"
      },
      "geometry": {
        "type": "Point",
        "coordinates": [
          -117.8633507,
          33.6767133
        ]
      },
      "id": "node/5642695723"
    },
    {
      "type": "Feature",
      "properties": {
        "@id": "node/5695396198",
        "addr:city": "Los Angeles",
        "addr:housenumber": "1611",
        "addr:postcode": "90006",
        "addr:state": "CA",
        "addr:street": "South Western Avenue",
        "amenity": "fast_food",
        "brand": "Carl's Jr.",
        "brand:wikidata": "Q1043486",
        "cuisine": "burger",
        "drive_through": "yes",
        "name": "Carl's Jr.",
        "phone": "+1 323-731-0384",
        "ref": "1100012",
        "takeaway": "yes",
        "website": "https://locations.carlsjr.com/ca/los-angeles/1611-s-western-ave"
      },
      "geometry": {
        "type": "Point",
        "coordinates": [
          -118.3093764,
          34.0430898
        ]
      },
      "id": "node/5695396198"
    },
    {
      "type": "Feature",
      "properties": {
        "@id": "node/5714417520",
        "addr:city": "Carmichael",
        "addr:housenumber": "5935",
        "addr:postcode": "95608",
        "addr:state": "CA",
        "addr:street": "Madison Avenue",
        "amenity": "fast_food",
        "brand": "Carl's Jr.",
        "brand:wikidata": "Q1043486",
        "cuisine": "burger",
        "drive_through": "yes",
        "name": "Carl's Jr.",
        "phone": "+1 916-348-7735",
        "ref": "1100562",
        "takeaway": "yes",
        "website": "https://locations.carlsjr.com/ca/carmichael/5935-madison-avenue"
      },
      "geometry": {
        "type": "Point",
        "coordinates": [
          -121.326504,
          38.6610913
        ]
      },
      "id": "node/5714417520"
    },
    {
      "type": "Feature",
      "properties": {
        "@id": "node/5737856191",
        "addr:city": "Guthrie",
        "addr:housenumber": "2700",
        "addr:postcode": "73044",
        "addr:state": "OK",
        "addr:street": "East Highway 33",
        "amenity": "fast_food",
        "brand": "Carl's Jr.",
        "brand:wikidata": "Q1043486",
        "cuisine": "burger",
        "drive_through": "yes",
        "name": "Carl's Jr.",
        "phone": "+1 405-260-4566",
        "ref": "1102432",
        "takeaway": "yes",
        "website": "https://locations.carlsjr.com/ok/guthrie/2700-e-highway-33"
      },
      "geometry": {
        "type": "Point",
        "coordinates": [
          -97.3923379,
          35.8798512
        ]
      },
      "id": "node/5737856191"
    },
    {
      "type": "Feature",
      "properties": {
        "@id": "node/5782600454",
        "addr:city": "Mojave",
        "addr:housenumber": "15900",
        "addr:postcode": "93501",
        "addr:state": "CA",
        "addr:street": "Sierra Highway",
        "air_conditioning": "yes",
        "amenity": "fast_food",
        "brand": "Carl's Jr.",
        "brand:wikidata": "Q1043486",
        "cuisine": "burger",
        "drive_through": "yes",
        "name": "Carl's Jr.",
        "phone": "+1 661-824-2858",
        "ref": "1100176",
        "smoking": "no",
        "takeaway": "yes",
        "website": "https://locations.carlsjr.com/ca/mojave/15900-sierra-highway",
        "wheelchair": "yes"
      },
      "geometry": {
        "type": "Point",
        "coordinates": [
          -118.173332,
          35.0527892
        ]
      },
      "id": "node/5782600454"
    },
    {
      "type": "Feature",
      "properties": {
        "@id": "node/6034828811",
        "addr:city": "Beaverton",
        "addr:housenumber": "14495",
        "addr:postcode": "97005",
        "addr:state": "OR",
        "addr:street": "Southwest Tualatin Valley Highway",
        "amenity": "fast_food",
        "brand": "Carl's Jr.",
        "brand:wikidata": "Q1043486",
        "cuisine": "burger",
        "drive_through": "yes",
        "name": "Carl's Jr.",
        "phone": "+1 503-746-5245",
        "ref": "1102545",
        "takeaway": "yes",
        "website": "https://locations.carlsjr.com/or/beaverton/14495-sw-tualatin-valley-highway"
      },
      "geometry": {
        "type": "Point",
        "coordinates": [
          -122.8255434,
          45.4898309
        ]
      },
      "id": "node/6034828811"
    },
    {
      "type": "Feature",
      "properties": {
        "@id": "node/6174056832",
        "addr:city": "Buellton",
        "addr:housenumber": "208",
        "addr:postcode": "93427-9654",
        "addr:state": "CA",
        "addr:street": "East Highway 246",
        "amenity": "fast_food",
        "brand": "Carl's Jr.",
        "brand:wikidata": "Q1043486",
        "cuisine": "burger",
        "name": "Carl's Jr.",
        "phone": "+1 805-693-1125",
        "ref": "1100211",
        "takeaway": "yes",
        "website": "https://locations.carlsjr.com/ca/buellton/208-e.-highway-246"
      },
      "geometry": {
        "type": "Point",
        "coordinates": [
          -120.188837,
          34.6107953
        ]
      },
      "id": "node/6174056832"
    },
    {
      "type": "Feature",
      "properties": {
        "@id": "node/6247523400",
        "amenity": "fast_food",
        "brand": "Carl's Jr.",
        "brand:wikidata": "Q1043486",
        "cuisine": "burger",
        "drive_through": "yes",
        "name": "Carl's Jr.",
        "takeaway": "yes",
        "website": "https://locations.carlsjr.com/ca/long-beach/1212-n-bellflower-blvd"
      },
      "geometry": {
        "type": "Point",
        "coordinates": [
          -118.113704,
          33.781377
        ]
      },
      "id": "node/6247523400"
    },
    {
      "type": "Feature",
      "properties": {
        "@id": "node/6373069242",
        "addr:city": "Williams",
        "addr:housenumber": "300",
        "addr:postcode": "95987",
        "addr:state": "CA",
        "addr:street": "South Vann Street",
        "amenity": "fast_food",
        "brand": "Carl's Jr.",
        "brand:wikidata": "Q1043486",
        "cuisine": "burger",
        "drive_through": "yes",
        "name": "Carl's Jr.",
        "phone": "+1 530-473-5058",
        "ref": "1100620",
        "takeaway": "yes",
        "website": "https://locations.carlsjr.com/ca/williams/300-s-vann-st"
      },
      "geometry": {
        "type": "Point",
        "coordinates": [
          -122.1409136,
          39.1577123
        ]
      },
      "id": "node/6373069242"
    },
    {
      "type": "Feature",
      "properties": {
        "@id": "node/6536141300",
        "addr:city": "North Highlands",
        "addr:housenumber": "4805",
        "addr:postcode": "95660",
        "addr:state": "CA",
        "addr:street": "Watt Avenue",
        "amenity": "fast_food",
        "brand": "Carl's Jr.",
        "brand:wikidata": "Q1043486",
        "cuisine": "burger",
        "drive_through": "yes",
        "name": "Carl's Jr.",
        "phone": "+1 916-338-2275",
        "ref": "1100545",
        "takeaway": "yes",
        "website": "https://locations.carlsjr.com/ca/north-highlands/4805-watt-ave"
      },
      "geometry": {
        "type": "Point",
        "coordinates": [
          -121.3836264,
          38.6525317
        ]
      },
      "id": "node/6536141300"
    },
    {
      "type": "Feature",
      "properties": {
        "@id": "node/6546346098",
        "addr:city": "Sacramento",
        "addr:housenumber": "1315",
        "addr:postcode": "95831",
        "addr:state": "CA",
        "addr:street": "Florin Road",
        "amenity": "fast_food",
        "brand": "Carl's Jr.",
        "brand:wikidata": "Q1043486",
        "cuisine": "burger",
        "drive_through": "yes",
        "name": "Carl's Jr.",
        "phone": "+1 916-427-9999",
        "ref": "1102759",
        "takeaway": "yes",
        "website": "https://locations.carlsjr.com/ca/sacramento/1315-florin-road"
      },
      "geometry": {
        "type": "Point",
        "coordinates": [
          -121.508804,
          38.4958746
        ]
      },
      "id": "node/6546346098"
    },
    {
      "type": "Feature",
      "properties": {
        "@id": "node/6567050709",
        "addr:city": "Citrus Heights",
        "addr:housenumber": "6400",
        "addr:postcode": "95621",
        "addr:state": "CA",
        "addr:street": "Antelope Road",
        "amenity": "fast_food",
        "brand": "Carl's Jr.",
        "brand:wikidata": "Q1043486",
        "cuisine": "burger",
        "drive_through": "yes",
        "name": "Carl's Jr.",
        "phone": "+1 916-725-2521",
        "ref": "1101055",
        "takeaway": "yes",
        "website": "https://locations.carlsjr.com/ca/citrus-heights/6400-antelope-road"
      },
      "geometry": {
        "type": "Point",
        "coordinates": [
          -121.315048,
          38.7070308
        ]
      },
      "id": "node/6567050709"
    },
    {
      "type": "Feature",
      "properties": {
        "@id": "node/6649128440",
        "addr:city": "Dinuba",
        "addr:housenumber": "904",
        "addr:postcode": "93618-9170",
        "addr:state": "CA",
        "addr:street": "West El Monte Way",
        "amenity": "fast_food",
        "brand": "Carl's Jr.",
        "brand:wikidata": "Q1043486",
        "cuisine": "burger",
        "drive_through": "yes",
        "name": "Carl's Jr.",
        "phone": "+1 559-595-9137",
        "ref": "1100293",
        "takeaway": "yes",
        "website": "https://locations.carlsjr.com/ca/dinuba/904-w-el-monte-way"
      },
      "geometry": {
        "type": "Point",
        "coordinates": [
          -119.4052395,
          36.5456123
        ]
      },
      "id": "node/6649128440"
    },
    {
      "type": "Feature",
      "properties": {
        "@id": "node/6685472179",
        "addr:city": "Santa Rosa",
        "addr:housenumber": "1000",
        "addr:postcode": "95405",
        "addr:state": "CA",
        "addr:street": "Farmers Lane",
        "amenity": "fast_food",
        "brand": "Carl's Jr.",
        "brand:wikidata": "Q1043486",
        "check_date": "2023-11-23",
        "cuisine": "burger",
        "drive_through": "yes",
        "name": "Carl's Jr.",
        "payment:cash": "yes",
        "payment:credit_cards": "yes",
        "payment:debit_cards": "yes",
        "phone": "+1 707-571-2001",
        "ref": "1100866",
        "takeaway": "yes",
        "website": "https://locations.carlsjr.com/ca/santa-rosa/1000-farmers-ln"
      },
      "geometry": {
        "type": "Point",
        "coordinates": [
          -122.6868425,
          38.4416141
        ]
      },
      "id": "node/6685472179"
    },
    {
      "type": "Feature",
      "properties": {
        "@id": "node/6709187251",
        "addr:city": "Granite Bay",
        "addr:housenumber": "8477",
        "addr:postcode": "95746",
        "addr:state": "CA",
        "addr:street": "Sierra College Boulevard",
        "amenity": "fast_food",
        "brand": "Carl's Jr.",
        "brand:wikidata": "Q1043486",
        "cuisine": "burger",
        "drive_through": "yes",
        "name": "Carl's Jr.",
        "phone": "+1 916-797-2775",
        "ref": "1100333",
        "takeaway": "yes",
        "website": "https://locations.carlsjr.com/ca/granite-bay/8477-sierra-college-blvd"
      },
      "geometry": {
        "type": "Point",
        "coordinates": [
          -121.2256001,
          38.744824
        ]
      },
      "id": "node/6709187251"
    },
    {
      "type": "Feature",
      "properties": {
        "@id": "node/6719099281",
        "addr:city": "Cottonwood",
        "addr:housenumber": "2560",
        "addr:postcode": "86326",
        "addr:state": "AZ",
        "addr:street": "East Rio Mesa Trail",
        "amenity": "fast_food",
        "brand": "Carl's Jr.",
        "brand:wikidata": "Q1043486",
        "cuisine": "burger",
        "drive_through": "yes",
        "name": "Carl's Jr.",
        "phone": "+1 928-634-5338",
        "ref": "1101874",
        "takeaway": "yes",
        "website": "https://locations.carlsjr.com/az/cottonwood/2560-e-rio-mesa-trl"
      },
      "geometry": {
        "type": "Point",
        "coordinates": [
          -111.9983651,
          34.7123164
        ]
      },
      "id": "node/6719099281"
    },
    {
      "type": "Feature",
      "properties": {
        "@id": "node/6743320417",
        "addr:city": "Duarte",
        "addr:housenumber": "1302",
        "addr:postcode": "91010",
        "addr:state": "CA",
        "addr:street": "Huntington Drive",
        "amenity": "fast_food",
        "brand": "Carl's Jr.",
        "brand:wikidata": "Q1043486",
        "cuisine": "burger",
        "delivery": "yes",
        "drive_through": "yes",
        "name": "Carl's Jr.",
        "outdoor_seating": "no",
        "phone": "+1 626-303-6319",
        "ref": "1100407",
        "smoking": "outside",
        "takeaway": "yes",
        "website": "https://locations.carlsjr.com/ca/duarte/1302-huntington-drive"
      },
      "geometry": {
        "type": "Point",
        "coordinates": [
          -117.9771367,
          34.1392207
        ]
      },
      "id": "node/6743320417"
    },
    {
      "type": "Feature",
      "properties": {
        "@id": "node/6789685440",
        "addr:city": "Sacramento",
        "addr:housenumber": "2280",
        "addr:postcode": "95825",
        "addr:state": "CA",
        "addr:street": "Arden Way",
        "amenity": "fast_food",
        "brand": "Carl's Jr.",
        "brand:wikidata": "Q1043486",
        "cuisine": "burger",
        "drive_through": "yes",
        "name": "Carl's Jr.",
        "phone": "+1 916-920-8157",
        "ref": "1100195",
        "takeaway": "yes",
        "website": "https://locations.carlsjr.com/ca/sacramento/2280-arden-way"
      },
      "geometry": {
        "type": "Point",
        "coordinates": [
          -121.4110952,
          38.595755
        ]
      },
      "id": "node/6789685440"
    },
    {
      "type": "Feature",
      "properties": {
        "@id": "node/6794311088",
        "addr:city": "San Ysidro",
        "addr:housenumber": "4463",
        "addr:postcode": "92173",
        "addr:state": "CA",
        "addr:street": "Camino De La Plaza",
        "amenity": "fast_food",
        "brand": "Carl's Jr.",
        "brand:wikidata": "Q1043486",
        "cuisine": "burger",
        "name": "Carl's Jr.",
        "opening_hours": "Mo-Su 09:00-21:00",
        "outdoor_seating": "yes",
        "phone": "+1 619-941-1075",
        "ref": "1102588",
        "takeaway": "yes",
        "website": "https://locations.carlsjr.com/ca/san-ysidro/4463-camino-de-la-plaza"
      },
      "geometry": {
        "type": "Point",
        "coordinates": [
          -117.0372883,
          32.542803
        ]
      },
      "id": "node/6794311088"
    },
    {
      "type": "Feature",
      "properties": {
        "@id": "node/6814288133",
        "addr:city": "Prosser",
        "addr:housenumber": "700",
        "addr:postcode": "99350",
        "addr:state": "WA",
        "addr:street": "Wine Country Road",
        "amenity": "fast_food",
        "brand": "Carl's Jr.",
        "brand:wikidata": "Q1043486",
        "cuisine": "burger",
        "name": "Carl's Jr.",
        "phone": "+1-509-786-1295",
        "ref": "1102530",
        "takeaway": "yes",
        "website": "https://locations.carlsjr.com/wa/prosser/700-wine-country-road"
      },
      "geometry": {
        "type": "Point",
        "coordinates": [
          -119.7931999,
          46.2194292
        ]
      },
      "id": "node/6814288133"
    },
    {
      "type": "Feature",
      "properties": {
        "@id": "node/6928761294",
        "addr:city": "San Diego",
        "addr:country": "US",
        "addr:housenumber": "3803",
        "addr:postcode": "92111",
        "addr:state": "CA",
        "addr:street": "Convoy Street",
        "amenity": "fast_food",
        "brand": "Carl's Jr.",
        "brand:wikidata": "Q1043486",
        "cuisine": "burger",
        "name": "Carl's Jr.",
        "phone": "+1 858-565-4032",
        "ref": "1100491",
        "sangis:OBJECTID": "1081",
        "sangis:TYPE": "Commercial",
        "source": "SanGIS Footprints_Nonresidential_SD public domain (http://www.sangis.org/);SanGIS Addresses Public Domain (http://www.sangis.org/);SanGIS Business Sites Public Domain (http://www.sangis.org/)",
        "takeaway": "yes",
        "website": "https://locations.carlsjr.com/ca/san-diego/3833-convoy-street"
      },
      "geometry": {
        "type": "Point",
        "coordinates": [
          -117.1522909,
          32.813329
        ]
      },
      "id": "node/6928761294"
    },
    {
      "type": "Feature",
      "properties": {
        "@id": "node/6959356769",
        "addr:city": "Merced",
        "addr:housenumber": "300",
        "addr:postcode": "95348",
        "addr:state": "CA",
        "addr:street": "West Olive Avenue",
        "amenity": "fast_food",
        "brand": "Carl's Jr.",
        "brand:wikidata": "Q1043486",
        "cuisine": "burger",
        "description": "Fast Food",
        "drive_through": "yes",
        "name": "Carl's Jr.",
        "phone": "+1 209-723-5429",
        "ref": "1100597",
        "takeaway": "yes",
        "website": "https://locations.carlsjr.com/ca/merced/300-w-olive-ave"
      },
      "geometry": {
        "type": "Point",
        "coordinates": [
          -120.4740572,
          37.3185955
        ]
      },
      "id": "node/6959356769"
    },
    {
      "type": "Feature",
      "properties": {
        "@id": "node/6961331806",
        "addr:city": "Lemon Grove",
        "addr:country": "US",
        "addr:housenumber": "7162",
        "addr:postcode": "91945",
        "addr:state": "CA",
        "addr:street": "Broadway",
        "amenity": "fast_food",
        "brand": "Carl's Jr.",
        "brand:wikidata": "Q1043486",
        "cuisine": "burger",
        "drive_through": "yes",
        "name": "Carl's Jr.",
        "phone": "+1 619-464-0474",
        "ref": "1101043",
        "source": "SanGIS Addresses Public Domain (http://www.sangis.org/);SanGIS Business Sites Public Domain (http://www.sangis.org/)",
        "takeaway": "yes",
        "website": "https://locations.carlsjr.com/ca/lemon-grove/7162-broadway"
      },
      "geometry": {
        "type": "Point",
        "coordinates": [
          -117.0441771,
          32.742922
        ]
      },
      "id": "node/6961331806"
    },
    {
      "type": "Feature",
      "properties": {
        "@id": "node/6974555846",
        "amenity": "fast_food",
        "brand": "Carl's Jr.",
        "brand:wikidata": "Q1043486",
        "check_date": "2019-11-13",
        "cuisine": "burger",
        "drive_through": "yes",
        "name": "Carl's Jr.",
        "takeaway": "yes"
      },
      "geometry": {
        "type": "Point",
        "coordinates": [
          -103.6252279,
          48.1538619
        ]
      },
      "id": "node/6974555846"
    },
    {
      "type": "Feature",
      "properties": {
        "@id": "node/7007015004",
        "addr:city": "Arcadia",
        "addr:housenumber": "165",
        "addr:postcode": "91006",
        "addr:state": "CA",
        "addr:street": "East Duarte Road",
        "amenity": "fast_food",
        "brand": "Carl's Jr.",
        "brand:wikidata": "Q1043486",
        "cuisine": "burger",
        "drive_through": "yes",
        "name": "Carl's Jr.",
        "phone": "+1 626-447-4840",
        "ref": "1100072",
        "takeaway": "yes",
        "website": "https://locations.carlsjr.com/ca/arcadia/165-e-duarte-rd"
      },
      "geometry": {
        "type": "Point",
        "coordinates": [
          -118.0254804,
          34.1306831
        ]
      },
      "id": "node/7007015004"
    },
    {
      "type": "Feature",
      "properties": {
        "@id": "node/7041046351",
        "addr:city": "Grand Junction",
        "addr:housenumber": "748",
        "addr:postcode": "81505-9728",
        "addr:state": "CO",
        "addr:street": "22 Road",
        "amenity": "fast_food",
        "brand": "Carl's Jr.",
        "brand:wikidata": "Q1043486",
        "cuisine": "burger",
        "name": "Carl's Jr.",
        "phone": "+1 970-241-1563",
        "ref": "1102118",
        "takeaway": "yes",
        "website": "https://locations.carlsjr.com/co/grand-junction/748-22-rd"
      },
      "geometry": {
        "type": "Point",
        "coordinates": [
          -108.6462283,
          39.1142523
        ]
      },
      "id": "node/7041046351"
    },
    {
      "type": "Feature",
      "properties": {
        "@id": "node/7057304250",
        "addr:city": "Carolina",
        "addr:state": "PR",
        "addr:street": "Carril de Taxis",
        "amenity": "fast_food",
        "brand": "Carl's Jr.",
        "brand:wikidata": "Q1043486",
        "check_date": "2019-12-15",
        "cuisine": "burger",
        "name": "Carl's Jr.",
        "takeaway": "yes"
      },
      "geometry": {
        "type": "Point",
        "coordinates": [
          -66.0063653,
          18.4359047
        ]
      },
      "id": "node/7057304250"
    },
    {
      "type": "Feature",
      "properties": {
        "@id": "node/7081437861",
        "addr:city": "Montebello",
        "addr:housenumber": "1471",
        "addr:postcode": "90640",
        "addr:state": "CA",
        "addr:street": "North Montebello Boulevard",
        "amenity": "fast_food",
        "brand": "Carl's Jr.",
        "brand:wikidata": "Q1043486",
        "cuisine": "burger",
        "drive_through": "yes",
        "name": "Carl's Jr.",
        "phone": "+1 323-721-9989",
        "ref": "1100637",
        "takeaway": "yes",
        "website": "https://locations.carlsjr.com/ca/montebello/1471-n.-montebello-blvd"
      },
      "geometry": {
        "type": "Point",
        "coordinates": [
          -118.0932565,
          34.0328304
        ]
      },
      "id": "node/7081437861"
    },
    {
      "type": "Feature",
      "properties": {
        "@id": "node/7081446937",
        "addr:city": "Azusa",
        "addr:housenumber": "1190",
        "addr:postcode": "91702",
        "addr:state": "CA",
        "addr:street": "West Foothill Boulevard",
        "amenity": "fast_food",
        "brand": "Carl's Jr.",
        "brand:wikidata": "Q1043486",
        "cuisine": "burger",
        "drive_through": "yes",
        "name": "Carl's Jr.",
        "phone": "+1 626-334-5340",
        "ref": "1100598",
        "takeaway": "yes",
        "website": "https://locations.carlsjr.com/ca/azusa/1190-west-foothill-blvd"
      },
      "geometry": {
        "type": "Point",
        "coordinates": [
          -117.9246747,
          34.1332105
        ]
      },
      "id": "node/7081446937"
    },
    {
      "type": "Feature",
      "properties": {
        "@id": "node/7234558954",
        "amenity": "fast_food",
        "brand": "Carl's Jr.",
        "brand:wikidata": "Q1043486",
        "cuisine": "burger",
        "drive_through": "yes",
        "name": "Carl's Jr.",
        "takeaway": "yes",
        "website": "https://locations.carlsjr.com/hi/wailuku/15-kapoli-street"
      },
      "geometry": {
        "type": "Point",
        "coordinates": [
          -156.5107284,
          20.7955933
        ]
      },
      "id": "node/7234558954"
    },
    {
      "type": "Feature",
      "properties": {
        "@id": "node/7278492833",
        "addr:city": "Sealy",
        "addr:housenumber": "6709",
        "addr:postcode": "77474",
        "addr:state": "TX",
        "addr:street": "United States Highway 90",
        "amenity": "fast_food",
        "brand": "Carl's Jr.",
        "brand:wikidata": "Q1043486",
        "cuisine": "burger",
        "name": "Carl's Jr.",
        "phone": "+1 979-732-2986",
        "ref": "1102092",
        "takeaway": "yes",
        "website": "https://locations.carlsjr.com/tx/sealy/6709-us-hwy-90"
      },
      "geometry": {
        "type": "Point",
        "coordinates": [
          -96.3303796,
          29.7426963
        ]
      },
      "id": "node/7278492833"
    },
    {
      "type": "Feature",
      "properties": {
        "@id": "node/7294883512",
        "addr:city": "Dixon",
        "addr:housenumber": "125",
        "addr:postcode": "95620",
        "addr:state": "CA",
        "addr:street": "Gateway Plaza",
        "amenity": "fast_food",
        "brand": "Carl's Jr.",
        "brand:wikidata": "Q1043486",
        "cuisine": "burger",
        "name": "Carl's Jr.",
        "phone": "+1 707-678-1372",
        "ref": "1100323",
        "takeaway": "yes",
        "website": "https://locations.carlsjr.com/ca/dixon/125-gateway-plz"
      },
      "geometry": {
        "type": "Point",
        "coordinates": [
          -121.8552396,
          38.4462463
        ]
      },
      "id": "node/7294883512"
    },
    {
      "type": "Feature",
      "properties": {
        "@id": "node/7411399504",
        "addr:city": "Yuba City",
        "addr:housenumber": "995",
        "addr:postcode": "95993",
        "addr:state": "CA",
        "addr:street": "Tharp Road",
        "amenity": "fast_food",
        "brand": "Carl's Jr.",
        "brand:wikidata": "Q1043486",
        "cuisine": "burger",
        "name": "Carl's Jr.",
        "phone": "+1 530-673-0995",
        "ref": "1101804",
        "takeaway": "yes",
        "website": "https://locations.carlsjr.com/ca/yuba-city/995-tharp-rd"
      },
      "geometry": {
        "type": "Point",
        "coordinates": [
          -121.6481785,
          39.141205
        ]
      },
      "id": "node/7411399504"
    },
    {
      "type": "Feature",
      "properties": {
        "@id": "node/7439785956",
        "addr:city": "Cedar City",
        "addr:housenumber": "2645",
        "addr:postcode": "84721",
        "addr:state": "UT",
        "addr:street": "North Canyon Ranch Drive",
        "amenity": "fast_food",
        "brand": "Carl's Jr.",
        "brand:wikidata": "Q1043486",
        "cuisine": "burger",
        "name": "Carl's Jr.",
        "phone": "+1 435-865-7407",
        "ref": "1101576",
        "takeaway": "yes",
        "website": "https://locations.carlsjr.com/ut/cedar-city/2645-n-canyon-ranch-dr"
      },
      "geometry": {
        "type": "Point",
        "coordinates": [
          -113.0512798,
          37.7257223
        ]
      },
      "id": "node/7439785956"
    },
    {
      "type": "Feature",
      "properties": {
        "@id": "node/7523516363",
        "addr:city": "Galt",
        "addr:housenumber": "1065",
        "addr:postcode": "95632",
        "addr:state": "CA",
        "addr:street": "C Street",
        "amenity": "fast_food",
        "brand": "Carl's Jr.",
        "brand:wikidata": "Q1043486",
        "cuisine": "burger",
        "drive_through": "yes",
        "name": "Carl's Jr.",
        "phone": "+1 209-745-6843",
        "ref": "1100624",
        "takeaway": "yes",
        "website": "https://locations.carlsjr.com/ca/galt/1065-c-street"
      },
      "geometry": {
        "type": "Point",
        "coordinates": [
          -121.2966858,
          38.2533862
        ]
      },
      "id": "node/7523516363"
    },
    {
      "type": "Feature",
      "properties": {
        "@id": "node/7525424072",
        "addr:city": "Lodi",
        "addr:housenumber": "820",
        "addr:postcode": "95240",
        "addr:state": "CA",
        "addr:street": "West Kettleman Lane",
        "amenity": "fast_food",
        "brand": "Carl's Jr.",
        "brand:wikidata": "Q1043486",
        "cuisine": "burger",
        "name": "Carl's Jr.",
        "phone": "+1 209-333-1288",
        "ref": "1100319",
        "takeaway": "yes",
        "website": "https://locations.carlsjr.com/ca/lodi/820-w.-kettleman-lane"
      },
      "geometry": {
        "type": "Point",
        "coordinates": [
          -121.2835394,
          38.1150496
        ]
      },
      "id": "node/7525424072"
    },
    {
      "type": "Feature",
      "properties": {
        "@id": "node/7801721641",
        "addr:city": "Heber City",
        "addr:housenumber": "669",
        "addr:postcode": "84032",
        "addr:state": "UT",
        "addr:street": "South Main Street",
        "amenity": "fast_food",
        "brand": "Carl's Jr.",
        "brand:wikidata": "Q1043486",
        "cuisine": "burger",
        "name": "Carl's Jr.",
        "phone": "+1 435-654-4704",
        "ref": "1102656",
        "takeaway": "yes",
        "website": "https://locations.carlsjr.com/ut/heber-city/669-south-main-street"
      },
      "geometry": {
        "type": "Point",
        "coordinates": [
          -111.4131329,
          40.4993007
        ]
      },
      "id": "node/7801721641"
    },
    {
      "type": "Feature",
      "properties": {
        "@id": "node/8119557218",
        "addr:city": "Santa Clarita",
        "addr:housenumber": "27606",
        "addr:postcode": "91355",
        "addr:state": "CA",
        "addr:street": "North Newhall Ranch Road",
        "amenity": "fast_food",
        "brand": "Carl's Jr.",
        "brand:wikidata": "Q1043486",
        "cuisine": "burger",
        "name": "Carl's Jr.",
        "phone": "+1 661-257-3114",
        "ref": "1100334",
        "takeaway": "yes",
        "website": "https://locations.carlsjr.com/ca/santa-clarita/27606-n-newhall-ranch-rd"
      },
      "geometry": {
        "type": "Point",
        "coordinates": [
          -118.5639454,
          34.4375199
        ]
      },
      "id": "node/8119557218"
    },
    {
      "type": "Feature",
      "properties": {
        "@id": "node/8301071312",
        "addr:city": "Culver City",
        "addr:housenumber": "3816",
        "addr:postcode": "90230",
        "addr:state": "CA",
        "addr:street": "South Sepulveda Boulevard",
        "amenity": "fast_food",
        "brand": "Carl's Jr.",
        "brand:wikidata": "Q1043486",
        "cuisine": "burger",
        "drive_through": "yes",
        "name": "Carl's Jr.",
        "opening_hours": "24/7",
        "phone": "+1 310-397-4119",
        "ref": "1100086",
        "takeaway": "yes",
        "website": "https://locations.carlsjr.com/ca/culver-city/3816-s-sepulveda-blvd"
      },
      "geometry": {
        "type": "Point",
        "coordinates": [
          -118.4165215,
          34.0124481
        ]
      },
      "id": "node/8301071312"
    },
    {
      "type": "Feature",
      "properties": {
        "@id": "node/8316417048",
        "addr:city": "Ely",
        "addr:housenumber": "1701",
        "addr:postcode": "89301",
        "addr:state": "NV",
        "addr:street": "Great Basin Road",
        "amenity": "fast_food",
        "brand": "Carl's Jr.",
        "brand:wikidata": "Q1043486",
        "cuisine": "burger",
        "drive_through": "yes",
        "name": "Carl's Jr.",
        "phone": "+1 775-289-3240",
        "ref": "1102517",
        "takeaway": "yes",
        "website": "https://locations.carlsjr.com/nv/ely/1701-great-basin-road"
      },
      "geometry": {
        "type": "Point",
        "coordinates": [
          -114.8696994,
          39.2419944
        ]
      },
      "id": "node/8316417048"
    },
    {
      "type": "Feature",
      "properties": {
        "@id": "node/8502455211",
        "addr:city": "Los Altos",
        "addr:housenumber": "5000",
        "addr:postcode": "94022-1500",
        "addr:state": "CA",
        "addr:street": "El Camino Real",
        "amenity": "fast_food",
        "brand": "Carl's Jr.",
        "brand:wikidata": "Q1043486",
        "cuisine": "burger",
        "diet:vegetarian": "yes",
        "drive_through": "yes",
        "internet_access": "wlan",
        "internet_access:fee": "no",
        "internet_access:ssid": "CarlsJR_Wireless",
        "name": "Carl's Jr.",
        "opening_hours": "24/7",
        "phone": "+1 650-965-9002",
        "ref": "1101040",
        "smoking": "no",
        "takeaway": "yes",
        "toilets:access": "permissive",
        "website": "https://locations.carlsjr.com/ca/los-altos/5000-el-camino-real"
      },
      "geometry": {
        "type": "Point",
        "coordinates": [
          -122.1054148,
          37.3968636
        ]
      },
      "id": "node/8502455211"
    },
    {
      "type": "Feature",
      "properties": {
        "@id": "node/8873817804",
        "addr:city": "Idaho Falls",
        "addr:housenumber": "1115",
        "addr:postcode": "83401",
        "addr:state": "ID",
        "addr:street": "Northgate Mile",
        "amenity": "fast_food",
        "brand": "Carl's Jr.",
        "brand:wikidata": "Q1043486",
        "cuisine": "burger",
        "name": "Carl's Jr.",
        "phone": "+1 208-522-1779",
        "ref": "1101909",
        "takeaway": "yes",
        "website": "https://locations.carlsjr.com/id/idaho-falls/1115-northgate-mile"
      },
      "geometry": {
        "type": "Point",
        "coordinates": [
          -112.0233629,
          43.5071786
        ]
      },
      "id": "node/8873817804"
    },
    {
      "type": "Feature",
      "properties": {
        "@id": "node/9061266234",
        "amenity": "fast_food",
        "brand": "Carl's Jr.",
        "brand:wikidata": "Q1043486",
        "cuisine": "burger",
        "name": "Carl's Jr.",
        "takeaway": "yes"
      },
      "geometry": {
        "type": "Point",
        "coordinates": [
          -103.5503188,
          37.9876652
        ]
      },
      "id": "node/9061266234"
    },
    {
      "type": "Feature",
      "properties": {
        "@id": "node/9347651892",
        "addr:city": "Riverside",
        "addr:housenumber": "4240",
        "addr:postcode": "92505",
        "addr:state": "CA",
        "addr:street": "Riverwalk Parkway",
        "amenity": "fast_food",
        "brand": "Carl's Jr.",
        "brand:wikidata": "Q1043486",
        "cuisine": "burger",
        "drive_through": "yes",
        "name": "Carl's Jr.",
        "phone": "+1 951-351-9706",
        "ref": "1100424",
        "takeaway": "yes",
        "website": "https://locations.carlsjr.com/ca/riverside/4240-riverwalk-pkwy"
      },
      "geometry": {
        "type": "Point",
        "coordinates": [
          -117.4942376,
          33.9035564
        ]
      },
      "id": "node/9347651892"
    },
    {
      "type": "Feature",
      "properties": {
        "@id": "node/9400964379",
        "addr:city": "Winnemucca",
        "addr:housenumber": "3550",
        "addr:postcode": "89445",
        "addr:state": "NV",
        "addr:street": "Winnemucca Boulevard",
        "amenity": "fast_food",
        "brand": "Carl's Jr.",
        "brand:wikidata": "Q1043486",
        "cuisine": "burger",
        "name": "Carl's Jr.",
        "phone": "+1 775-375-3070",
        "ref": "1102820",
        "takeaway": "yes",
        "website": "https://locations.carlsjr.com/nv/winnemucca/3550-winnemucca-blvd"
      },
      "geometry": {
        "type": "Point",
        "coordinates": [
          -117.757184,
          40.9507676
        ]
      },
      "id": "node/9400964379"
    },
    {
      "type": "Feature",
      "properties": {
        "@id": "node/9402128675",
        "addr:city": "Angleton",
        "addr:housenumber": "2301",
        "addr:postcode": "77515",
        "addr:state": "TX",
        "addr:street": "FM 523",
        "amenity": "fast_food",
        "brand": "Carl's Jr.",
        "brand:wikidata": "Q1043486",
        "cuisine": "burger",
        "name": "Carl's Jr.",
        "phone": "+1 979-849-5936",
        "ref": "1102518",
        "takeaway": "yes",
        "website": "https://locations.carlsjr.com/tx/angleton/2301-fm-523"
      },
      "geometry": {
        "type": "Point",
        "coordinates": [
          -95.4566082,
          29.1964288
        ]
      },
      "id": "node/9402128675"
    },
    {
      "type": "Feature",
      "properties": {
        "@id": "node/9556815006",
        "addr:city": "Santa Monica",
        "addr:housenumber": "2727",
        "addr:postcode": "90404",
        "addr:state": "CA",
        "addr:street": "Santa Monica",
        "amenity": "fast_food",
        "brand": "Carl's Jr.",
        "brand:wikidata": "Q1043486",
        "cuisine": "burger",
        "drive_through": "yes",
        "name": "Carl's Jr.",
        "phone": "+1 310-828-0124",
        "ref": "1100115",
        "takeaway": "yes",
        "website": "https://locations.carlsjr.com/ca/santa-monica/2727-santa-monica"
      },
      "geometry": {
        "type": "Point",
        "coordinates": [
          -118.4731646,
          34.0348187
        ]
      },
      "id": "node/9556815006"
    },
    {
      "type": "Feature",
      "properties": {
        "@id": "node/9768616102",
        "addr:city": "Heyburn",
        "addr:housenumber": "260",
        "addr:postcode": "83336",
        "addr:state": "ID",
        "addr:street": "Centennial Drive",
        "amenity": "fast_food",
        "brand": "Carl's Jr.",
        "brand:wikidata": "Q1043486",
        "cuisine": "burger",
        "name": "Carl's Jr.",
        "phone": "+1 208-434-8783",
        "ref": "1101554",
        "takeaway": "yes",
        "website": "https://locations.carlsjr.com/id/heyburn/260-centennial-dr"
      },
      "geometry": {
        "type": "Point",
        "coordinates": [
          -113.7409821,
          42.5645367
        ]
      },
      "id": "node/9768616102"
    },
    {
      "type": "Feature",
      "properties": {
        "@id": "node/9799165192",
        "addr:city": "Logan",
        "addr:housenumber": "1135",
        "addr:postcode": "84321",
        "addr:state": "UT",
        "addr:street": "South 100 West",
        "amenity": "fast_food",
        "brand": "Carl's Jr.",
        "brand:wikidata": "Q1043486",
        "cuisine": "burger",
        "drive_through": "yes",
        "name": "Carl's Jr.",
        "phone": "+1 435-713-2102",
        "ref": "1100411",
        "takeaway": "yes",
        "website": "https://locations.carlsjr.com/ut/logan/1135-s-100-w"
      },
      "geometry": {
        "type": "Point",
        "coordinates": [
          -111.8395025,
          41.7118634
        ]
      },
      "id": "node/9799165192"
    },
    {
      "type": "Feature",
      "properties": {
        "@id": "node/9981118648",
        "addr:city": "Rancho Cordova",
        "addr:housenumber": "10311",
        "addr:postcode": "95670",
        "addr:state": "CA",
        "addr:street": "Folsom Boulevard",
        "amenity": "fast_food",
        "brand": "Carl's Jr.",
        "brand:wikidata": "Q1043486",
        "cuisine": "burger",
        "name": "Carl's Jr.",
        "phone": "+1 916-362-4590",
        "ref": "1100190",
        "takeaway": "yes",
        "website": "https://locations.carlsjr.com/ca/rancho-cordova/10311-folsom-blvd"
      },
      "geometry": {
        "type": "Point",
        "coordinates": [
          -121.307739,
          38.5872059
        ]
      },
      "id": "node/9981118648"
    },
    {
      "type": "Feature",
      "properties": {
        "@id": "node/10081054413",
        "amenity": "fast_food",
        "brand": "Carl's Jr.",
        "brand:wikidata": "Q1043486",
        "cuisine": "burger",
        "drive_through": "yes",
        "name": "Carl's Jr.",
        "takeaway": "yes"
      },
      "geometry": {
        "type": "Point",
        "coordinates": [
          -114.5179299,
          42.6933336
        ]
      },
      "id": "node/10081054413"
    },
    {
      "type": "Feature",
      "properties": {
        "@id": "node/10279471308",
        "addr:city": "Los Angeles",
        "addr:housenumber": "11224",
        "addr:postcode": "90047",
        "addr:state": "CA",
        "addr:street": "South Western Avenue",
        "amenity": "fast_food",
        "brand": "Carl's Jr.",
        "brand:wikidata": "Q1043486",
        "cuisine": "burger",
        "drive_through": "yes",
        "name": "Carl's Jr.",
        "phone": "+1 323-242-0011",
        "ref": "1101133",
        "takeaway": "yes",
        "website": "https://locations.carlsjr.com/ca/los-angeles/11224-s-western-ave"
      },
      "geometry": {
        "type": "Point",
        "coordinates": [
          -118.3084851,
          33.9318637
        ]
      },
      "id": "node/10279471308"
    },
    {
      "type": "Feature",
      "properties": {
        "@id": "node/10285309346",
        "addr:city": "Riverside",
        "addr:housenumber": "2940",
        "addr:postcode": "92503",
        "addr:state": "CA",
        "addr:street": "Van Buren Boulevard",
        "amenity": "fast_food",
        "brand": "Carl's Jr.",
        "brand:wikidata": "Q1043486",
        "cuisine": "burger",
        "drive_through": "yes",
        "name": "Carl's Jr.",
        "phone": "+1 909-973-9041",
        "ref": "1103042",
        "takeaway": "yes",
        "website": "https://locations.carlsjr.com/ca/riverside/2940-van-buren-blvd-ste-100"
      },
      "geometry": {
        "type": "Point",
        "coordinates": [
          -117.4372965,
          33.9084957
        ]
      },
      "id": "node/10285309346"
    },
    {
      "type": "Feature",
      "properties": {
        "@id": "node/10596881800",
        "addr:city": "Los Angeles",
        "addr:housenumber": "1005",
        "addr:postcode": "90019",
        "addr:state": "CA",
        "addr:street": "South Fairfax Avenue",
        "amenity": "fast_food",
        "brand": "Carl's Jr.",
        "brand:wikidata": "Q1043486",
        "cuisine": "burger",
        "drive_through": "yes",
        "name": "Carl's Jr.",
        "phone": "+1 323-935-4122",
        "ref": "1100097",
        "takeaway": "yes",
        "website": "https://locations.carlsjr.com/ca/los-angeles/1005-s-fairfax-ave"
      },
      "geometry": {
        "type": "Point",
        "coordinates": [
          -118.3642136,
          34.0580122
        ]
      },
      "id": "node/10596881800"
    },
    {
      "type": "Feature",
      "properties": {
        "@id": "node/10666809842",
        "addr:city": "Los Angeles",
        "addr:housenumber": "3215",
        "addr:postcode": "90031",
        "addr:state": "CA",
        "addr:street": "North Broadway",
        "amenity": "fast_food",
        "brand": "Carl's Jr.",
        "brand:wikidata": "Q1043486",
        "cuisine": "burger",
        "drive_through": "yes",
        "name": "Carl's Jr.",
        "phone": "+1 323-441-8878",
        "ref": "1101414",
        "takeaway": "yes",
        "website": "https://locations.carlsjr.com/ca/los-angeles/3215-n-broadway"
      },
      "geometry": {
        "type": "Point",
        "coordinates": [
          -118.2071794,
          34.0740344
        ]
      },
      "id": "node/10666809842"
    },
    {
      "type": "Feature",
      "properties": {
        "@id": "node/10719863406",
        "addr:city": "Reedley",
        "addr:housenumber": "810",
        "addr:postcode": "93654-2441",
        "addr:state": "CA",
        "addr:street": "North Reed Avenue",
        "amenity": "fast_food",
        "brand": "Carl's Jr.",
        "brand:wikidata": "Q1043486",
        "cuisine": "burger",
        "name": "Carl's Jr.",
        "phone": "+1 559-638-5413",
        "ref": "1100570",
        "takeaway": "yes",
        "website": "https://locations.carlsjr.com/ca/reedley/810-n-reed-ave"
      },
      "geometry": {
        "type": "Point",
        "coordinates": [
          -119.4573943,
          36.6035193
        ]
      },
      "id": "node/10719863406"
    },
    {
      "type": "Feature",
      "properties": {
        "@id": "node/10733107083",
        "addr:city": "Fort Stockton",
        "addr:housenumber": "2723",
        "addr:postcode": "79735",
        "addr:state": "TX",
        "addr:street": "E US HWY 290",
        "amenity": "fast_food",
        "brand": "Carl's Jr.",
        "brand:wikidata": "Q1043486",
        "cuisine": "burger",
        "drive_through": "yes",
        "name": "Carl's Jr.",
        "opening_hours": "We-Su 06:00-23:00; Mo, Tu 00:00-00:00",
        "phone": "+1 432-336-3650",
        "ref": "1102254",
        "takeaway": "yes",
        "website": "https://locations.carlsjr.com/tx/ft-stockton/2723-e-us-hwy-290"
      },
      "geometry": {
        "type": "Point",
        "coordinates": [
          -102.8523296,
          30.8935504
        ]
      },
      "id": "node/10733107083"
    },
    {
      "type": "Feature",
      "properties": {
        "@id": "node/10900653692",
        "addr:city": "Albany",
        "addr:housenumber": "1109",
        "addr:postcode": "97322",
        "addr:state": "OR",
        "addr:street": "Waverly Drive Southeast",
        "amenity": "fast_food",
        "brand": "Carl's Jr.",
        "brand:wikidata": "Q1043486",
        "cuisine": "burger",
        "name": "Carl's Jr.",
        "opening_hours": "Mo-Su 06:00-23:00; Fr,Sa 06:00-24:00",
        "phone": "+1 541-967-3910",
        "ref": "1101069",
        "takeaway": "yes",
        "website": "https://locations.carlsjr.com/or/albany/1109-waverly-drive-se"
      },
      "geometry": {
        "type": "Point",
        "coordinates": [
          -123.0726356,
          44.6312472
        ]
      },
      "id": "node/10900653692"
    },
    {
      "type": "Feature",
      "properties": {
        "@id": "node/10935426843",
        "addr:city": "Wasco",
        "addr:housenumber": "1308",
        "addr:postcode": "93280",
        "addr:state": "CA",
        "addr:street": "Highway 46",
        "amenity": "fast_food",
        "brand": "Carl's Jr.",
        "brand:wikidata": "Q1043486",
        "cuisine": "burger",
        "name": "Carl's Jr.",
        "phone": "+1 661-758-4557",
        "ref": "1100463",
        "takeaway": "yes",
        "website": "https://locations.carlsjr.com/ca/wasco/1308-highway-46"
      },
      "geometry": {
        "type": "Point",
        "coordinates": [
          -119.3422506,
          35.6018557
        ]
      },
      "id": "node/10935426843"
    },
    {
      "type": "Feature",
      "properties": {
        "@id": "node/10972370982",
        "addr:city": "Ontario",
        "addr:housenumber": "1617",
        "addr:postcode": "97914",
        "addr:state": "OR",
        "addr:street": "East Idaho Avenue",
        "amenity": "fast_food",
        "brand": "Carl's Jr.",
        "brand:wikidata": "Q1043486",
        "cuisine": "burger",
        "name": "Carl's Jr.",
        "phone": "+1 541-889-4020",
        "ref": "1101631",
        "takeaway": "yes",
        "website": "https://locations.carlsjr.com/or/ontario/1617-e-idaho-ave"
      },
      "geometry": {
        "type": "Point",
        "coordinates": [
          -116.9427674,
          44.0251314
        ]
      },
      "id": "node/10972370982"
    },
    {
      "type": "Feature",
      "properties": {
        "@id": "node/11018699230",
        "addr:city": "Bakersfield",
        "addr:housenumber": "5555",
        "addr:postcode": "93309",
        "addr:state": "CA",
        "addr:street": "Gosford Road",
        "amenity": "fast_food",
        "brand": "Carl's Jr.",
        "brand:wikidata": "Q1043486",
        "cuisine": "burger",
        "name": "Carl's Jr.",
        "phone": "+1 661-665-1709",
        "ref": "1100471",
        "takeaway": "yes",
        "website": "https://locations.carlsjr.com/ca/bakersfield/5555-gosford-rd"
      },
      "geometry": {
        "type": "Point",
        "coordinates": [
          -119.0926749,
          35.3049048
        ]
      },
      "id": "node/11018699230"
    },
    {
      "type": "Feature",
      "properties": {
        "@id": "node/11032365182",
        "addr:city": "Phoenix",
        "addr:housenumber": "2750",
        "addr:postcode": "85017",
        "addr:state": "AZ",
        "addr:street": "West Thomas Road",
        "amenity": "fast_food",
        "brand": "Carl's Jr.",
        "brand:wikidata": "Q1043486",
        "capacity": "100",
        "cuisine": "burger",
        "name": "Carl's Jr.",
        "phone": "+1 602-233-1385",
        "ref": "1101584",
        "source": "esri/USA_NAD_Addresses",
        "takeaway": "yes",
        "website": "https://locations.carlsjr.com/az/phoenix/2750-w-thomas-rd"
      },
      "geometry": {
        "type": "Point",
        "coordinates": [
          -112.1196631,
          33.4807931
        ]
      },
      "id": "node/11032365182"
    },
    {
      "type": "Feature",
      "properties": {
        "@id": "node/11045721213",
        "amenity": "fast_food",
        "brand": "Carl's Jr.",
        "brand:wikidata": "Q1043486",
        "check_date": "2023-07-14",
        "cuisine": "burger",
        "name": "Carl's Jr.",
        "proposed": "yes",
        "takeaway": "yes"
      },
      "geometry": {
        "type": "Point",
        "coordinates": [
          -112.4141181,
          33.6050858
        ]
      },
      "id": "node/11045721213"
    },
    {
      "type": "Feature",
      "properties": {
        "@id": "node/11105721272",
        "addr:city": "North Highlands",
        "addr:housenumber": "7523",
        "addr:postcode": "95660",
        "addr:state": "CA",
        "addr:street": "Watt Avenue",
        "amenity": "fast_food",
        "brand": "Carl's Jr.",
        "brand:wikidata": "Q1043486",
        "cuisine": "burger",
        "name": "Carl's Jr.",
        "phone": "+1 916-334-7525",
        "ref": "1100614",
        "takeaway": "yes",
        "website": "https://locations.carlsjr.com/ca/north-highlands/7523-watt-ave"
      },
      "geometry": {
        "type": "Point",
        "coordinates": [
          -121.3833446,
          38.7034101
        ]
      },
      "id": "node/11105721272"
    },
    {
      "type": "Feature",
      "properties": {
        "@id": "node/11236686885",
        "addr:city": "Litchfield Park",
        "addr:housenumber": "13025",
        "addr:postcode": "85340",
        "addr:state": "AZ",
        "addr:street": "West Camelback Road",
        "amenity": "fast_food",
        "brand": "Carl's Jr.",
        "brand:wikidata": "Q1043486",
        "cuisine": "burger",
        "drive_through": "yes",
        "name": "Carl's Jr.",
        "phone": "+1 480-386-0164",
        "ref": "1103100",
        "takeaway": "yes",
        "website": "https://locations.carlsjr.com/az/litchfield-park/13025-west-camelback-rd"
      },
      "geometry": {
        "type": "Point",
        "coordinates": [
          -112.3393807,
          33.5072155
        ]
      },
      "id": "node/11236686885"
    },
    {
      "type": "Feature",
      "properties": {
        "@id": "node/11397302041",
        "addr:city": "Los Angeles",
        "addr:housenumber": "1439",
        "addr:postcode": "90001",
        "addr:state": "CA",
        "addr:street": "East Gage Avenue",
        "amenity": "fast_food",
        "brand": "Carl's Jr.",
        "brand:wikidata": "Q1043486",
        "cuisine": "burger",
        "drive_through": "yes",
        "name": "Carl's Jr.",
        "phone": "+1 323-588-5324",
        "ref": "1100440",
        "takeaway": "yes",
        "website": "https://locations.carlsjr.com/ca/los-angeles/1439-e-gage-ave"
      },
      "geometry": {
        "type": "Point",
        "coordinates": [
          -118.247991,
          33.9823762
        ]
      },
      "id": "node/11397302041"
    },
    {
      "type": "Feature",
      "properties": {
        "@id": "node/11430295023",
        "addr:city": "Placerville",
        "addr:housenumber": "93",
        "addr:postcode": "95667",
        "addr:state": "CA",
        "addr:street": "Fair Lane",
        "amenity": "fast_food",
        "brand": "Carl's Jr.",
        "brand:wikidata": "Q1043486",
        "cuisine": "burger",
        "name": "Carl's Jr.",
        "phone": "+1 279-242-4451",
        "ref": "1101056",
        "takeaway": "yes",
        "website": "https://locations.carlsjr.com/ca/placerville/93-fair-ln"
      },
      "geometry": {
        "type": "Point",
        "coordinates": [
          -120.8310433,
          38.7227022
        ]
      },
      "id": "node/11430295023"
    },
    {
      "type": "Feature",
      "properties": {
        "@id": "node/11501424497",
        "addr:city": "Reno",
        "addr:housenumber": "1195",
        "addr:postcode": "89502",
        "addr:state": "NV",
        "addr:street": "Kietzke Lane",
        "amenity": "fast_food",
        "brand": "Carl's Jr.",
        "brand:wikidata": "Q1043486",
        "cuisine": "burger",
        "name": "Carl's Jr.",
        "phone": "+1 775-322-3277",
        "ref": "1100797",
        "takeaway": "yes",
        "website": "https://locations.carlsjr.com/nv/reno/1195-kietzke-ln"
      },
      "geometry": {
        "type": "Point",
        "coordinates": [
          -119.7896952,
          39.5133132
        ]
      },
      "id": "node/11501424497"
    },
    {
      "type": "Feature",
      "properties": {
        "@id": "node/11501452093",
        "addr:city": "Aurora",
        "addr:housenumber": "15199",
        "addr:postcode": "80011",
        "addr:state": "CO",
        "addr:street": "East Colfax Avenue",
        "amenity": "fast_food",
        "brand": "Carl's Jr.",
        "brand:wikidata": "Q1043486",
        "cuisine": "burger",
        "name": "Carl's Jr.",
        "phone": "+1 303-340-0397",
        "ref": "1100928",
        "takeaway": "yes",
        "website": "https://locations.carlsjr.com/co/aurora/15199-e.-colfax-ave."
      },
      "geometry": {
        "type": "Point",
        "coordinates": [
          -104.8115302,
          39.7404653
        ]
      },
      "id": "node/11501452093"
    },
    {
      "type": "Feature",
      "properties": {
        "@id": "node/11548913648",
        "addr:city": "Fairfield",
        "addr:housenumber": "2380",
        "addr:postcode": "94533",
        "addr:state": "CA",
        "addr:street": "North Texas Street",
        "amenity": "fast_food",
        "brand": "Carl's Jr.",
        "brand:wikidata": "Q1043486",
        "cuisine": "burger",
        "name": "Carl's Jr.",
        "phone": "+1 707-425-6993",
        "ref": "1100249",
        "takeaway": "yes",
        "website": "https://locations.carlsjr.com/ca/fairfield/2380-n-texas-st"
      },
      "geometry": {
        "type": "Point",
        "coordinates": [
          -122.0336503,
          38.2721311
        ]
      },
      "id": "node/11548913648"
    },
    {
      "type": "Feature",
      "properties": {
        "@id": "node/11674106931",
        "addr:city": "Klamath Falls",
        "addr:housenumber": "250",
        "addr:postcode": "97601",
        "addr:state": "OR",
        "addr:street": "Obrien Way",
        "amenity": "fast_food",
        "brand": "Carl's Jr.",
        "brand:wikidata": "Q1043486",
        "cuisine": "burger",
        "name": "Carl's Jr.",
        "phone": "+1 541-363-4499",
        "ref": "1102962",
        "takeaway": "yes",
        "website": "https://locations.carlsjr.com/or/klamath-falls/250-obrien-way"
      },
      "geometry": {
        "type": "Point",
        "coordinates": [
          -121.7994053,
          42.2581822
        ]
      },
      "id": "node/11674106931"
    },
    {
      "type": "Feature",
      "properties": {
        "@id": "node/11768542032",
        "addr:city": "Simi Valley",
        "addr:housenumber": "1208",
        "addr:postcode": "93065",
        "addr:state": "CA",
        "addr:street": "Madera Road",
        "amenity": "fast_food",
        "brand": "Carl's Jr.",
        "brand:wikidata": "Q1043486",
        "cuisine": "burger",
        "delivery": "yes",
        "drive_through": "yes",
        "internet_access": "no",
        "name": "Carl's Jr.",
        "opening_hours": "Mo-Su 06:00-24:00",
        "outdoor_seating": "no",
        "payment:apple_pay": "yes",
        "payment:credit_cards": "yes",
        "payment:cryptocurrencies": "yes",
        "phone": "+1 805-522-8627",
        "ref": "1100156",
        "takeaway": "yes",
        "website": "https://locations.carlsjr.com/ca/simi-valley/1208-madera-rd/",
        "website:menu": "https://www.carlsjr.com/full-menu"
      },
      "geometry": {
        "type": "Point",
        "coordinates": [
          -118.79581,
          34.26096
        ]
      },
      "id": "node/11768542032"
    },
    {
      "type": "Feature",
      "properties": {
        "@id": "node/11846391954",
        "addr:city": "Fresno",
        "addr:housenumber": "3092",
        "addr:postcode": "93711",
        "addr:state": "CA",
        "addr:street": "West Shaw Avenue",
        "amenity": "fast_food",
        "brand": "Carl's Jr.",
        "brand:wikidata": "Q1043486",
        "cuisine": "burger",
        "drive_through": "yes",
        "name": "Carl's Jr.",
        "opening_hours": "Mo-Th 06:00-24:00; Fr-Sa 06:00-25:00; Su 07:00-24:00",
        "phone": "+1 559-276-0196",
        "ref": "1100563",
        "takeaway": "yes",
        "website": "https://locations.carlsjr.com/ca/fresno/3092-west-shaw-avenue",
        "website:menu": "https://order.carlsjr.com/location/-ca-fresno-3092-west-shaw-avenue/menu?y_source=1_MTIzODc5MjYtNzE1LWxvY2F0aW9uLm1lbnVfdXJs"
      },
      "geometry": {
        "type": "Point",
        "coordinates": [
          -119.8463942,
          36.8085559
        ]
      },
      "id": "node/11846391954"
    },
    {
      "type": "Feature",
      "properties": {
        "@id": "node/11911077023",
        "addr:city": "Laramie",
        "addr:country": "US",
        "addr:housenumber": "1770",
        "addr:postcode": "82072",
        "addr:state": "WY",
        "addr:street": "McCue Street",
        "amenity": "fast_food",
        "brand": "Carl's Jr.",
        "brand:wikidata": "Q1043486",
        "cuisine": "burger",
        "name": "Carl's Jr.",
        "phone": "+1 307-742-2638",
        "ref": "1102592",
        "takeaway": "yes",
        "website": "https://locations.carlsjr.com/wy/laramie/1770-north-mccue-street"
      },
      "geometry": {
        "type": "Point",
        "coordinates": [
          -105.6110516,
          41.329021
        ]
      },
      "id": "node/11911077023"
    },
    {
      "type": "Feature",
      "properties": {
        "@id": "node/11911077045",
        "addr:city": "Green River",
        "addr:housenumber": "8901",
        "addr:postcode": "82935",
        "addr:state": "WY",
        "addr:street": "Highway 374",
        "amenity": "fast_food",
        "brand": "Carl's Jr.",
        "brand:wikidata": "Q1043486",
        "cuisine": "burger",
        "name": "Carl's Jr.",
        "phone": "+1-307-364-9007",
        "ref": "1102963",
        "takeaway": "yes",
        "website": "https://locations.carlsjr.com/wy/green-river/8901-highway-374"
      },
      "geometry": {
        "type": "Point",
        "coordinates": [
          -109.5396454,
          41.5601632
        ]
      },
      "id": "node/11911077045"
    },
    {
      "type": "Feature",
      "properties": {
        "@id": "node/11923897141",
        "addr:city": "Glendora",
        "addr:housenumber": "810",
        "addr:postcode": "91740",
        "addr:state": "CA",
        "addr:street": "South Grand",
        "amenity": "fast_food",
        "brand": "Carl's Jr.",
        "brand:wikidata": "Q1043486",
        "cuisine": "burger",
        "drive_through": "yes",
        "name": "Carl's Jr.",
        "phone": "+1 626-963-4010",
        "ref": "1100085",
        "takeaway": "yes",
        "website": "https://locations.carlsjr.com/ca/glendora/810-s-grand"
      },
      "geometry": {
        "type": "Point",
        "coordinates": [
          -117.87221,
          34.12482
        ]
      },
      "id": "node/11923897141"
    },
    {
      "type": "Feature",
      "properties": {
        "@id": "node/11923897155",
        "addr:city": "Baldwin Park",
        "addr:housenumber": "14080",
        "addr:postcode": "91706",
        "addr:state": "CA",
        "addr:street": "Francisquito",
        "amenity": "fast_food",
        "brand": "Carl's Jr.",
        "brand:wikidata": "Q1043486",
        "cuisine": "burger",
        "drive_through": "yes",
        "name": "Carl's Jr.",
        "phone": "+1 626-962-2911",
        "ref": "1100062",
        "takeaway": "yes",
        "website": "https://locations.carlsjr.com/ca/baldwin-park/14080-francisquito"
      },
      "geometry": {
        "type": "Point",
        "coordinates": [
          -117.9689,
          34.06429
        ]
      },
      "id": "node/11923897155"
    },
    {
      "type": "Feature",
      "properties": {
        "@id": "node/11923916973",
        "addr:city": "El Monte",
        "addr:housenumber": "3832",
        "addr:postcode": "91732",
        "addr:state": "CA",
        "addr:street": "Peck Road",
        "amenity": "fast_food",
        "brand": "Carl's Jr.",
        "brand:wikidata": "Q1043486",
        "cuisine": "burger",
        "drive_through": "yes",
        "name": "Carl's Jr.",
        "phone": "+1 626-350-1642",
        "ref": "1100292",
        "takeaway": "yes",
        "website": "https://locations.carlsjr.com/ca/el-monte/3832-peck-road"
      },
      "geometry": {
        "type": "Point",
        "coordinates": [
          -118.02192,
          34.07534
        ]
      },
      "id": "node/11923916973"
    },
    {
      "type": "Feature",
      "properties": {
        "@id": "node/11948593431",
        "addr:city": "Twin Falls",
        "addr:housenumber": "282",
        "addr:postcode": "83301",
        "addr:state": "ID",
        "addr:street": "Blue Lakes Boulevard North",
        "amenity": "fast_food",
        "brand": "Carl's Jr.",
        "brand:wikidata": "Q1043486",
        "cuisine": "burger",
        "drive_through": "yes",
        "internet_access": "wlan",
        "name": "Carl's Jr.",
        "opening_hours": "Mo-Su 06:00-23:00",
        "phone": "+1 208-736-1849",
        "takeaway": "yes",
        "website": "https://locations.carlsjr.com/id/twin-falls/292-blue-lakes-blvd-n./"
      },
      "geometry": {
        "type": "Point",
        "coordinates": [
          -114.459818,
          42.5666014
        ]
      },
      "id": "node/11948593431"
    },
    {
      "type": "Feature",
      "properties": {
        "@id": "node/11959273267",
        "addr:city": "Von Ormy",
        "addr:housenumber": "11361",
        "addr:postcode": "78073-3138",
        "addr:state": "TX",
        "addr:street": "Ih 35 South",
        "amenity": "fast_food",
        "brand": "Carl's Jr.",
        "brand:wikidata": "Q1043486",
        "cuisine": "burger",
        "name": "Carl's Jr.",
        "phone": "+1 210-623-5516",
        "ref": "1101350",
        "takeaway": "yes",
        "website": "https://locations.carlsjr.com/tx/von-ormy/11361-ih-35-s"
      },
      "geometry": {
        "type": "Point",
        "coordinates": [
          -98.61775,
          29.31096
        ]
      },
      "id": "node/11959273267"
    },
    {
      "type": "Feature",
      "properties": {
        "@id": "node/11965646590",
        "addr:city": "Canoga Park",
        "addr:housenumber": "20105",
        "addr:postcode": "91306",
        "addr:state": "CA",
        "addr:street": "Saticoy",
        "amenity": "fast_food",
        "brand": "Carl's Jr.",
        "brand:wikidata": "Q1043486",
        "cuisine": "burger",
        "drive_through": "yes",
        "name": "Carl's Jr.",
        "phone": "+1 818-709-0689",
        "ref": "1100262",
        "takeaway": "yes",
        "website": "https://locations.carlsjr.com/ca/canoga-park/20105-saticoy"
      },
      "geometry": {
        "type": "Point",
        "coordinates": [
          -118.5718023,
          34.2085655
        ]
      },
      "id": "node/11965646590"
    },
    {
      "type": "Feature",
      "properties": {
        "@id": "node/11965646624",
        "addr:city": "Sun Valley",
        "addr:housenumber": "8401",
        "addr:postcode": "91352",
        "addr:state": "CA",
        "addr:street": "Laurel Canyon Boulevard",
        "amenity": "fast_food",
        "brand": "Carl's Jr.",
        "brand:wikidata": "Q1043486",
        "cuisine": "burger",
        "drive_through": "yes",
        "name": "Carl's Jr.",
        "phone": "+1 818-504-9167",
        "ref": "1100311",
        "takeaway": "yes",
        "website": "https://locations.carlsjr.com/ca/sun-valley/8401-laurel-canyon-blvd"
      },
      "geometry": {
        "type": "Point",
        "coordinates": [
          -118.3967938,
          34.2232044
        ]
      },
      "id": "node/11965646624"
    },
    {
      "type": "Feature",
      "properties": {
        "@id": "node/11965646627",
        "addr:city": "North Hollywood",
        "addr:housenumber": "6202",
        "addr:postcode": "91606",
        "addr:state": "CA",
        "addr:street": "Laurel Canyon Boulevard",
        "amenity": "fast_food",
        "brand": "Carl's Jr.",
        "brand:wikidata": "Q1043486",
        "cuisine": "burger",
        "drive_through": "yes",
        "name": "Carl's Jr.",
        "phone": "+1 818-762-3927",
        "ref": "1100079",
        "takeaway": "yes",
        "website": "https://locations.carlsjr.com/ca/north-hollywood/6202-laurel-canyon-blvd"
      },
      "geometry": {
        "type": "Point",
        "coordinates": [
          -118.39625,
          34.18326
        ]
      },
      "id": "node/11965646627"
    },
    {
      "type": "Feature",
      "properties": {
        "@id": "node/11980076453",
        "addr:city": "East Wenatchee",
        "addr:housenumber": "300",
        "addr:postcode": "98802",
        "addr:state": "WA",
        "addr:street": "Grant Road",
        "amenity": "fast_food",
        "brand": "Carl's Jr.",
        "brand:wikidata": "Q1043486",
        "cuisine": "burger",
        "name": "Carl's Jr.",
        "phone": "+1-509-884-7785",
        "ref": "1102466",
        "takeaway": "yes",
        "website": "https://locations.carlsjr.com/wa/east-wenatchee/300-grant-rd"
      },
      "geometry": {
        "type": "Point",
        "coordinates": [
          -120.28432,
          47.40561
        ]
      },
      "id": "node/11980076453"
    },
    {
      "type": "Feature",
      "properties": {
        "@id": "node/11980210106",
        "addr:city": "Compton",
        "addr:housenumber": "1400",
        "addr:postcode": "90221",
        "addr:state": "CA",
        "addr:street": "East Rosecrans Avenue",
        "amenity": "fast_food",
        "brand": "Carl's Jr.",
        "brand:wikidata": "Q1043486",
        "cuisine": "burger",
        "drive_through": "yes",
        "name": "Carl's Jr.",
        "phone": "+1 310-632-6359",
        "ref": "1100049",
        "takeaway": "yes",
        "website": "https://locations.carlsjr.com/ca/compton/1400-e-rosecrans-ave"
      },
      "geometry": {
        "type": "Point",
        "coordinates": [
          -118.20802,
          33.90302
        ]
      },
      "id": "node/11980210106"
    },
    {
      "type": "Feature",
      "properties": {
        "@id": "node/11980210139",
        "addr:city": "Los Angeles",
        "addr:housenumber": "2110",
        "addr:postcode": "90057",
        "addr:state": "CA",
        "addr:street": "West 7th Street",
        "amenity": "fast_food",
        "brand": "Carl's Jr.",
        "brand:wikidata": "Q1043486",
        "cuisine": "burger",
        "drive_through": "yes",
        "name": "Carl's Jr.",
        "phone": "+1 213-388-8582",
        "ref": "1102184",
        "takeaway": "yes",
        "website": "https://locations.carlsjr.com/ca/los-angeles/2110-w-7th-st"
      },
      "geometry": {
        "type": "Point",
        "coordinates": [
          -118.27748,
          34.05641
        ]
      },
      "id": "node/11980210139"
    },
    {
      "type": "Feature",
      "properties": {
        "@id": "node/11980210150",
        "addr:city": "Los Angeles",
        "addr:housenumber": "2912",
        "addr:postcode": "90007",
        "addr:state": "CA",
        "addr:street": "South Figueroa",
        "amenity": "fast_food",
        "brand": "Carl's Jr.",
        "brand:wikidata": "Q1043486",
        "cuisine": "burger",
        "drive_through": "yes",
        "name": "Carl's Jr.",
        "phone": "+1 213-747-5801",
        "ref": "1100321",
        "takeaway": "yes",
        "website": "https://locations.carlsjr.com/ca/los-angeles/2912-s-figueroa"
      },
      "geometry": {
        "type": "Point",
        "coordinates": [
          -118.27746,
          34.02522
        ]
      },
      "id": "node/11980210150"
    },
    {
      "type": "Feature",
      "properties": {
        "@id": "node/11980210154",
        "addr:city": "Los Angeles",
        "addr:housenumber": "1001",
        "addr:postcode": "90037",
        "addr:state": "CA",
        "addr:street": "West Martin Luther King Jr",
        "amenity": "fast_food",
        "brand": "Carl's Jr.",
        "brand:wikidata": "Q1043486",
        "cuisine": "burger",
        "drive_through": "yes",
        "name": "Carl's Jr.",
        "phone": "+1 323-766-8290",
        "ref": "1100804",
        "takeaway": "yes",
        "website": "https://locations.carlsjr.com/ca/los-angeles/1001-w-martin-luther-king-jr"
      },
      "geometry": {
        "type": "Point",
        "coordinates": [
          -118.29192,
          34.01115
        ]
      },
      "id": "node/11980210154"
    },
    {
      "type": "Feature",
      "properties": {
        "@id": "node/11980218986",
        "addr:city": "Los Angeles",
        "addr:housenumber": "3005",
        "addr:postcode": "90020",
        "addr:state": "CA",
        "addr:street": "West 6th Street",
        "amenity": "fast_food",
        "brand": "Carl's Jr.",
        "brand:wikidata": "Q1043486",
        "cuisine": "burger",
        "drive_through": "yes",
        "name": "Carl's Jr.",
        "phone": "+1 213-380-4255",
        "ref": "1100273",
        "takeaway": "yes",
        "website": "https://locations.carlsjr.com/ca/los-angeles/3005-w-6th-st"
      },
      "geometry": {
        "type": "Point",
        "coordinates": [
          -118.28744,
          34.06396
        ]
      },
      "id": "node/11980218986"
    },
    {
      "type": "Feature",
      "properties": {
        "@id": "node/11980218996",
        "addr:city": "Los Angeles",
        "addr:housenumber": "5151",
        "addr:postcode": "90032",
        "addr:state": "CA",
        "addr:street": "State University Drive",
        "amenity": "fast_food",
        "brand": "Carl's Jr.",
        "brand:wikidata": "Q1043486",
        "cuisine": "burger",
        "drive_through": "no",
        "name": "Carl's Jr.",
        "phone": "+1 323-343-6780",
        "ref": "1101487",
        "takeaway": "yes",
        "website": "https://locations.carlsjr.com/ca/los-angeles/5151-state-university-dr"
      },
      "geometry": {
        "type": "Point",
        "coordinates": [
          -118.1703729,
          34.0655922
        ]
      },
      "id": "node/11980218996"
    },
    {
      "type": "Feature",
      "properties": {
        "@id": "node/11980219022",
        "addr:city": "Pico Rivera",
        "addr:housenumber": "9400",
        "addr:postcode": "90660",
        "addr:state": "CA",
        "addr:street": "Slauson Avenue",
        "amenity": "fast_food",
        "brand": "Carl's Jr.",
        "brand:wikidata": "Q1043486",
        "cuisine": "burger",
        "drive_through": "yes",
        "name": "Carl's Jr.",
        "phone": "+1 562-942-7681",
        "ref": "1100379",
        "takeaway": "yes",
        "website": "https://locations.carlsjr.com/ca/pico-rivera/9400-slauson-avenue"
      },
      "geometry": {
        "type": "Point",
        "coordinates": [
          -118.09695,
          33.96823
        ]
      },
      "id": "node/11980219022"
    },
    {
      "type": "Feature",
      "properties": {
        "@id": "node/11980224338",
        "addr:city": "Placentia",
        "addr:housenumber": "750",
        "addr:postcode": "92870",
        "addr:state": "CA",
        "addr:street": "North Rose Drive",
        "amenity": "fast_food",
        "brand": "Carl's Jr.",
        "brand:wikidata": "Q1043486",
        "cuisine": "burger",
        "drive_through": "yes",
        "name": "Carl's Jr.",
        "phone": "+1 714-524-8770",
        "ref": "1100663",
        "takeaway": "yes",
        "website": "https://locations.carlsjr.com/ca/placentia/750-n-rose-drive"
      },
      "geometry": {
        "type": "Point",
        "coordinates": [
          -117.84309,
          33.87769
        ]
      },
      "id": "node/11980224338"
    },
    {
      "type": "Feature",
      "properties": {
        "@id": "node/11980224365",
        "addr:city": "Whittier",
        "addr:housenumber": "10409",
        "addr:postcode": "90606",
        "addr:state": "CA",
        "addr:street": "Whittier Boulevard",
        "amenity": "fast_food",
        "brand": "Carl's Jr.",
        "brand:wikidata": "Q1043486",
        "cuisine": "burger",
        "drive_through": "yes",
        "name": "Carl's Jr.",
        "phone": "+1 562-692-3114",
        "ref": "1100256",
        "takeaway": "yes",
        "website": "https://locations.carlsjr.com/ca/whittier/10409-whittier-blvd."
      },
      "geometry": {
        "type": "Point",
        "coordinates": [
          -118.0676,
          33.99275
        ]
      },
      "id": "node/11980224365"
    },
    {
      "type": "Feature",
      "properties": {
        "@id": "node/11980259922",
        "addr:city": "Carson",
        "addr:housenumber": "1881",
        "addr:postcode": "90746",
        "addr:state": "CA",
        "addr:street": "East Del Amo Boulevard",
        "amenity": "fast_food",
        "brand": "Carl's Jr.",
        "brand:wikidata": "Q1043486",
        "cuisine": "burger",
        "drive_through": "yes",
        "name": "Carl's Jr.",
        "phone": "+1 310-763-2744",
        "ref": "1100625",
        "takeaway": "yes",
        "website": "https://locations.carlsjr.com/ca/carson/1881-e-del-amo-blvd"
      },
      "geometry": {
        "type": "Point",
        "coordinates": [
          -118.23434,
          33.84713
        ]
      },
      "id": "node/11980259922"
    },
    {
      "type": "Feature",
      "properties": {
        "@id": "node/11980259941",
        "addr:city": "Rancho Palos Verdes",
        "addr:housenumber": "28619",
        "addr:postcode": "90275",
        "addr:state": "CA",
        "addr:street": "South Western Avenue",
        "amenity": "fast_food",
        "brand": "Carl's Jr.",
        "brand:wikidata": "Q1043486",
        "cuisine": "burger",
        "drive_through": "yes",
        "name": "Carl's Jr.",
        "phone": "+1 310-833-6833",
        "ref": "1100372",
        "takeaway": "yes",
        "website": "https://locations.carlsjr.com/ca/rancho-palos-verdes/28619-s-western-ave"
      },
      "geometry": {
        "type": "Point",
        "coordinates": [
          -118.31294,
          33.75898
        ]
      },
      "id": "node/11980259941"
    },
    {
      "type": "Feature",
      "properties": {
        "@id": "node/11980259989",
        "addr:city": "Inglewood",
        "addr:housenumber": "344",
        "addr:postcode": "90301",
        "addr:state": "CA",
        "addr:street": "West Manchester",
        "amenity": "fast_food",
        "brand": "Carl's Jr.",
        "brand:wikidata": "Q1043486",
        "cuisine": "burger",
        "drive_through": "yes",
        "name": "Carl's Jr.",
        "phone": "+1 310-671-1686",
        "ref": "1100114",
        "takeaway": "yes",
        "website": "https://locations.carlsjr.com/ca/inglewood/344-w-manchester"
      },
      "geometry": {
        "type": "Point",
        "coordinates": [
          -118.36128,
          33.96131
        ]
      },
      "id": "node/11980259989"
    },
    {
      "type": "Feature",
      "properties": {
        "@id": "node/11980571216",
        "addr:city": "South Gate",
        "addr:housenumber": "5760",
        "addr:postcode": "90280",
        "addr:state": "CA",
        "addr:street": "Imperial Highway",
        "amenity": "fast_food",
        "brand": "Carl's Jr.",
        "brand:wikidata": "Q1043486",
        "cuisine": "burger",
        "drive_through": "yes",
        "name": "Carl's Jr.",
        "phone": "+1 562-861-5435",
        "ref": "1100398",
        "takeaway": "yes",
        "website": "https://locations.carlsjr.com/ca/south-gate/5760-imperial-hwy"
      },
      "geometry": {
        "type": "Point",
        "coordinates": [
          -118.16763,
          33.92947
        ]
      },
      "id": "node/11980571216"
    },
    {
      "type": "Feature",
      "properties": {
        "@id": "node/11980571248",
        "addr:city": "Santa Fe Springs",
        "addr:housenumber": "13157",
        "addr:postcode": "90670",
        "addr:state": "CA",
        "addr:street": "Telegraph Road",
        "amenity": "fast_food",
        "brand": "Carl's Jr.",
        "brand:wikidata": "Q1043486",
        "cuisine": "burger",
        "drive_through": "yes",
        "name": "Carl's Jr.",
        "phone": "+1 562-941-0548",
        "ref": "1100108",
        "takeaway": "yes",
        "website": "https://locations.carlsjr.com/ca/santa-fe-springs/13157-telegraph-rd"
      },
      "geometry": {
        "type": "Point",
        "coordinates": [
          -118.05166,
          33.94214
        ]
      },
      "id": "node/11980571248"
    },
    {
      "type": "Feature",
      "properties": {
        "@id": "node/11980577178",
        "addr:city": "City Of Industry",
        "addr:housenumber": "210",
        "addr:postcode": "91745",
        "addr:state": "CA",
        "addr:street": "South Hacienda Boulevard",
        "amenity": "fast_food",
        "brand": "Carl's Jr.",
        "brand:wikidata": "Q1043486",
        "cuisine": "burger",
        "drive_through": "yes",
        "name": "Carl's Jr.",
        "phone": "+1 626-330-7118",
        "ref": "1100216",
        "takeaway": "yes",
        "website": "https://locations.carlsjr.com/ca/city-of-industry/210-s-hacienda-blvd"
      },
      "geometry": {
        "type": "Point",
        "coordinates": [
          -117.9575,
          34.0204
        ]
      },
      "id": "node/11980577178"
    },
    {
      "type": "Feature",
      "properties": {
        "@id": "node/11980577186",
        "addr:city": "Rowland Heights",
        "addr:housenumber": "18237",
        "addr:postcode": "91748",
        "addr:state": "CA",
        "addr:street": "Colima Road",
        "amenity": "fast_food",
        "brand": "Carl's Jr.",
        "brand:wikidata": "Q1043486",
        "cuisine": "burger",
        "drive_through": "yes",
        "name": "Carl's Jr.",
        "phone": "+1 626-964-4441",
        "ref": "1100075",
        "takeaway": "yes",
        "website": "https://locations.carlsjr.com/ca/rowland-heights/18237-colima-rd"
      },
      "geometry": {
        "type": "Point",
        "coordinates": [
          -117.90663,
          33.9889
        ]
      },
      "id": "node/11980577186"
    },
    {
      "type": "Feature",
      "properties": {
        "@id": "node/11980577198",
        "addr:city": "Pomona",
        "addr:housenumber": "1755",
        "addr:postcode": "91767",
        "addr:state": "CA",
        "addr:street": "Indian Hill Boulevard",
        "amenity": "fast_food",
        "brand": "Carl's Jr.",
        "brand:wikidata": "Q1043486",
        "cuisine": "burger",
        "drive_through": "yes",
        "name": "Carl's Jr.",
        "phone": "+1 909-626-2122",
        "ref": "1100080",
        "takeaway": "yes",
        "website": "https://locations.carlsjr.com/ca/pomona/1755-indian-hill-blvd."
      },
      "geometry": {
        "type": "Point",
        "coordinates": [
          -117.71959,
          34.07682
        ]
      },
      "id": "node/11980577198"
    },
    {
      "type": "Feature",
      "properties": {
        "@id": "node/11980577201",
        "addr:city": "Pomona",
        "addr:housenumber": "3395",
        "addr:postcode": "91768",
        "addr:state": "CA",
        "addr:street": "Pomona Boulevard",
        "amenity": "fast_food",
        "brand": "Carl's Jr.",
        "brand:wikidata": "Q1043486",
        "cuisine": "burger",
        "drive_through": "yes",
        "name": "Carl's Jr.",
        "phone": "+1 909-598-9865",
        "ref": "1100588",
        "takeaway": "yes",
        "website": "https://locations.carlsjr.com/ca/pomona/3395-pomona-blvd"
      },
      "geometry": {
        "type": "Point",
        "coordinates": [
          -117.8101,
          34.04805
        ]
      },
      "id": "node/11980577201"
    },
    {
      "type": "Feature",
      "properties": {
        "@id": "node/11980577226",
        "addr:city": "Ontario",
        "addr:housenumber": "1625",
        "addr:postcode": "91764",
        "addr:state": "CA",
        "addr:street": "East 4th Street",
        "amenity": "fast_food",
        "brand": "Carl's Jr.",
        "brand:wikidata": "Q1043486",
        "cuisine": "burger",
        "drive_through": "yes",
        "name": "Carl's Jr.",
        "phone": "+1 909-984-0949",
        "ref": "1100204",
        "takeaway": "yes",
        "website": "https://locations.carlsjr.com/ca/ontario/1625-e-4th-st"
      },
      "geometry": {
        "type": "Point",
        "coordinates": [
          -117.61952,
          34.07812
        ]
      },
      "id": "node/11980577226"
    },
    {
      "type": "Feature",
      "properties": {
        "@id": "node/11980577247",
        "addr:city": "Chino",
        "addr:housenumber": "3880",
        "addr:postcode": "91710",
        "addr:state": "CA",
        "addr:street": "Grand Avenue",
        "amenity": "fast_food",
        "brand": "Carl's Jr.",
        "brand:wikidata": "Q1043486",
        "cuisine": "burger",
        "drive_through": "yes",
        "name": "Carl's Jr.",
        "phone": "+1 909-591-5393",
        "ref": "1100646",
        "takeaway": "yes",
        "website": "https://locations.carlsjr.com/ca/chino/3880-grand-ave"
      },
      "geometry": {
        "type": "Point",
        "coordinates": [
          -117.71981,
          33.99986
        ]
      },
      "id": "node/11980577247"
    },
    {
      "type": "Feature",
      "properties": {
        "@id": "node/11981748335",
        "addr:city": "Rockwall",
        "addr:housenumber": "1990",
        "addr:postcode": "75087-6203",
        "addr:state": "TX",
        "addr:street": "East I30",
        "amenity": "fast_food",
        "brand": "Carl's Jr.",
        "brand:wikidata": "Q1043486",
        "cuisine": "burger",
        "name": "Carl's Jr.",
        "phone": "+1 972-722-3068",
        "ref": "1101360",
        "takeaway": "yes",
        "website": "https://locations.carlsjr.com/tx/rockwall/1990-e-i30"
      },
      "geometry": {
        "type": "Point",
        "coordinates": [
          -96.41927,
          32.91821
        ]
      },
      "id": "node/11981748335"
    },
    {
      "type": "Feature",
      "properties": {
        "@id": "node/12016079489",
        "addr:city": "Weatherford",
        "addr:housenumber": "925",
        "addr:postcode": "73096",
        "addr:state": "OK",
        "addr:street": "East Main Street",
        "amenity": "fast_food",
        "brand": "Carl's Jr.",
        "brand:wikidata": "Q1043486",
        "cuisine": "burger",
        "drive_through": "yes",
        "internet_access": "wlan",
        "name": "Carl's Jr.",
        "opening_hours": "Mo-Th 06:00-22:00; Fr-Sa 06:00-23:00; Su 07:00-22:00",
        "opening_hours:drive_through": "Mo-Su 06:30-01:00",
        "phone": "+1 580-772-7496",
        "takeaway": "yes",
        "website": "https://locations.carlsjr.com/ok/weatherford/925-e-main-st/"
      },
      "geometry": {
        "type": "Point",
        "coordinates": [
          -98.6965487,
          35.5263968
        ]
      },
      "id": "node/12016079489"
    },
    {
      "type": "Feature",
      "properties": {
        "@id": "node/12038539729",
        "addr:city": "Albuquerque",
        "addr:housenumber": "12605",
        "addr:postcode": "87121",
        "addr:state": "NM",
        "addr:street": "Central Avenue",
        "amenity": "fast_food",
        "brand": "Carl's Jr.",
        "brand:wikidata": "Q1043486",
        "cuisine": "burger",
        "name": "Carl's Jr.",
        "phone": "+1 505-831-5506",
        "ref": "1102348",
        "takeaway": "yes",
        "website": "https://locations.carlsjr.com/nm/albuquerque/12605-central-avenue"
      },
      "geometry": {
        "type": "Point",
        "coordinates": [
          -106.78452,
          35.06445
        ]
      },
      "id": "node/12038539729"
    },
    {
      "type": "Feature",
      "properties": {
        "@id": "node/12160663595",
        "addr:city": "Vancouver",
        "addr:housenumber": "160",
        "addr:postcode": "98684",
        "addr:state": "WA",
        "addr:street": "Southeast 1st Street",
        "amenity": "fast_food",
        "brand": "Carl's Jr.",
        "brand:wikidata": "Q1043486",
        "cuisine": "burger",
        "name": "Carl's Jr.",
        "takeaway": "yes",
        "toilets:wheelchair": "yes",
        "wheelchair": "yes"
      },
      "geometry": {
        "type": "Point",
        "coordinates": [
          -122.4777106,
          45.6215961
        ]
      },
      "id": "node/12160663595"
    },
    {
      "type": "Feature",
      "properties": {
        "@id": "node/12375154696",
        "addr:city": "Pomona",
        "addr:housenumber": "3801",
        "addr:postcode": "91768",
        "addr:state": "CA",
        "addr:street": "West Temple Avenue",
        "addr:unit": "Building 97",
        "amenity": "fast_food",
        "brand": "Carl's Jr.",
        "brand:wikidata": "Q1043486",
        "cuisine": "burger",
        "drive_through": "no",
        "name": "Carl's Jr.",
        "takeaway": "yes",
        "website": "https://foundation.cpp.edu/dining/restaurants-carls-jr.aspx"
      },
      "geometry": {
        "type": "Point",
        "coordinates": [
          -117.823376,
          34.0576867
        ]
      },
      "id": "node/12375154696"
    },
    {
      "type": "Feature",
      "properties": {
        "@id": "node/12454389868",
        "addr:housenumber": "1235",
        "amenity": "fast_food",
        "brand": "Carl's Jr.",
        "brand:wikidata": "Q1043486",
        "cuisine": "burger",
        "name": "Carl's Jr.",
        "takeaway": "yes"
      },
      "geometry": {
        "type": "Point",
        "coordinates": [
          -97.9676349,
          34.5191024
        ]
      },
      "id": "node/12454389868"
    },
    {
      "type": "Feature",
      "properties": {
        "@id": "node/12624437193",
        "addr:city": "Folsom",
        "addr:housenumber": "9500",
        "addr:postcode": "95630",
        "addr:state": "CA",
        "addr:street": "Greenback Lane",
        "amenity": "fast_food",
        "brand": "Carl's Jr.",
        "brand:wikidata": "Q1043486",
        "cuisine": "burger",
        "drive_through": "yes",
        "internet_access": "wlan",
        "name": "Carl's Jr.",
        "opening_hours": "06:00-23:00",
        "phone": "+1 279-242-4225",
        "takeaway": "yes",
        "website": "https://locations.carlsjr.com/ca/folsom/9500-greenback-ln/"
      },
      "geometry": {
        "type": "Point",
        "coordinates": [
          -121.1984443,
          38.6776099
        ]
      },
      "id": "node/12624437193"
    },
    {
      "type": "Feature",
      "properties": {
        "@id": "node/12657704703",
        "addr:city": "Pinole",
        "addr:housenumber": "1550",
        "addr:postcode": "94564",
        "addr:state": "CA",
        "addr:street": "Fitzgerald Drive",
        "amenity": "fast_food",
        "brand": "Carl's Jr.",
        "brand:wikidata": "Q1043486",
        "cuisine": "burger",
        "name": "Carl's Jr.",
        "phone": "+1 510-223-2562",
        "ref": "1101029",
        "takeaway": "yes",
        "website": "https://locations.carlsjr.com/ca/pinole/1550-fitzgerald-drive"
      },
      "geometry": {
        "type": "Point",
        "coordinates": [
          -122.3015736,
          37.9911152
        ]
      },
      "id": "node/12657704703"
    },
    {
      "type": "Feature",
      "properties": {
        "@id": "node/12832792274",
        "addr:city": "Corvallis",
        "addr:country": "US",
        "addr:housenumber": "800",
        "addr:postcode": "97330-6141",
        "addr:state": "OR",
        "addr:street": "Northwest 9th Street",
        "amenity": "fast_food",
        "brand": "Carl's Jr.",
        "brand:wikidata": "Q1043486",
        "cuisine": "burger",
        "name": "Carl's Jr.",
        "phone": "+1 541-257-2727",
        "ref": "1101616",
        "takeaway": "yes",
        "website": "https://locations.carlsjr.com/or/corvallis/800-nw-9th-st"
      },
      "geometry": {
        "type": "Point",
        "coordinates": [
          -123.2643324,
          44.572473
        ]
      },
      "id": "node/12832792274"
    },
    {
      "type": "Feature",
      "properties": {
        "@id": "node/13327161366",
        "amenity": "fast_food",
        "brand": "Carl's Jr.",
        "brand:wikidata": "Q1043486",
        "check_date": "2025-11-23",
        "cuisine": "burger",
        "drive_through": "yes",
        "name": "Carl's Jr.",
        "takeaway": "yes"
      },
      "geometry": {
        "type": "Point",
        "coordinates": [
          -117.9683441,
          33.9242267
        ]
      },
      "id": "node/13327161366"
    },
    {
      "type": "Feature",
      "properties": {
        "@id": "node/13396612503",
        "amenity": "fast_food",
        "brand": "Carl's Jr.",
        "brand:wikidata": "Q1043486",
        "cuisine": "burger",
        "name": "Carl's Jr.",
        "takeaway": "yes"
      },
      "geometry": {
        "type": "Point",
        "coordinates": [
          -121.2710751,
          38.7037304
        ]
      },
      "id": "node/13396612503"
    },
    {
      "type": "Feature",
      "properties": {
        "@id": "node/13429378780",
        "addr:city": "San Gabriel",
        "addr:housenumber": "505",
        "addr:postcode": "91776",
        "addr:state": "CA",
        "addr:street": "West Las Tunas Drive",
        "amenity": "fast_food",
        "brand": "Carl's Jr.",
        "brand:wikidata": "Q1043486",
        "check_date": "2026-07-04",
        "cuisine": "burger",
        "drive_through": "yes",
        "ele": "143.2",
        "lacounty:ain": "5363024002",
        "lacounty:bld_id": "529477859783",
        "name": "Carl's Jr.",
        "opening_hours": "24/7",
        "payment:cash": "yes",
        "payment:credit_cards": "yes",
        "payment:debit_cards": "yes",
        "phone": "+1 626-289-9323",
        "ref": "1100255",
        "source": "local_knowledge;usgs_imagery;survey;image",
        "source_ref": "AM909_DSCU3305",
        "start_date": "1978",
        "takeaway": "yes",
        "website": "https://locations.carlsjr.com/ca/san-gabriel/505-w-las-tunas-drive"
      },
      "geometry": {
        "type": "Point",
        "coordinates": [
          -118.1063547,
          34.1026961
        ]
      },
      "id": "node/13429378780"
    },
    {
      "type": "Feature",
      "properties": {
        "@id": "node/13436927353",
        "addr:city": "Pasadena",
        "addr:housenumber": "1465",
        "addr:postcode": "91106",
        "addr:state": "CA",
        "addr:street": "East Colorado Boulevard",
        "amenity": "fast_food",
        "branch": "Pasadena",
        "brand": "Carl's Jr.",
        "brand:wikidata": "Q1043486",
        "check_date": "2026-01-02",
        "contact:yelp": "https://www.yelp.com/biz/carls-jr-pasadena-2",
        "cuisine": "burger",
        "delivery": "yes",
        "drive_through": "yes",
        "internet_access": "wlan",
        "internet_access:fee": "no",
        "name": "Carl's Jr.",
        "opening_hours": "24/7",
        "payment:cash": "yes",
        "payment:credit_cards": "yes",
        "payment:debit_cards": "yes",
        "phone": "+1 626-795-7633",
        "ref": "1100061",
        "takeaway": "yes",
        "website": "https://locations.carlsjr.com/ca/pasadena/1465-e-colorado-blvd-"
      },
      "geometry": {
        "type": "Point",
        "coordinates": [
          -118.1202826,
          34.1462567
        ]
      },
      "id": "node/13436927353"
    },
    {
      "type": "Feature",
      "properties": {
        "@id": "node/13453340708",
        "addr:city": "Monterey Park",
        "addr:housenumber": "1231",
        "addr:postcode": "91754",
        "addr:state": "CA",
        "addr:street": "West Avenida Cesar Chavez",
        "amenity": "fast_food",
        "branch": "Monterey Park",
        "brand": "Carl's Jr.",
        "brand:wikidata": "Q1043486",
        "check_date": "2026-01-11",
        "contact:yelp": "https://www.yelp.com/biz/carls-jr-monterey-park",
        "cuisine": "burger",
        "delivery": "yes",
        "drive_through": "yes",
        "internet_access": "wlan",
        "internet_access:fee": "no",
        "name": "Carl's Jr.",
        "opening_hours": "24/7",
        "opening_hours:drive_through": "24/7",
        "payment:cash": "yes",
        "payment:credit_cards": "yes",
        "payment:debit_cards": "yes",
        "phone": "+1 323-264-1122",
        "ref": "1100531",
        "takeaway": "yes",
        "website": "https://locations.carlsjr.com/ca/monterey-park/1231-w-avenida-cesar-chavez"
      },
      "geometry": {
        "type": "Point",
        "coordinates": [
          -118.1467597,
          34.0383098
        ]
      },
      "id": "node/13453340708"
    },
    {
      "type": "Feature",
      "properties": {
        "@id": "node/13459305848",
        "addr:city": "Alhambra",
        "addr:housenumber": "2521",
        "addr:postcode": "91803",
        "addr:state": "CA",
        "addr:street": "Commonwealth Avenue",
        "amenity": "fast_food",
        "brand": "Carl's Jr.",
        "brand:wikidata": "Q1043486",
        "cuisine": "burger",
        "drive_through": "yes",
        "ele": "151.1",
        "lacounty:ain": "5342006036",
        "lacounty:bld_id": "515904854474",
        "name": "Carl's Jr.",
        "phone": "+1 626-457-1133",
        "ref": "1100359",
        "start_date": "1998",
        "takeaway": "yes",
        "website": "https://locations.carlsjr.com/ca/alhambra/2521-w-commonwealth-ave"
      },
      "geometry": {
        "type": "Point",
        "coordinates": [
          -118.1511582,
          34.0881087
        ]
      },
      "id": "node/13459305848"
    },
    {
      "type": "Feature",
      "properties": {
        "@id": "node/13574584250",
        "addr:city": "Blaine",
        "addr:housenumber": "1300",
        "addr:postcode": "98230",
        "addr:state": "WA",
        "addr:street": "Boblett Street",
        "amenity": "fast_food",
        "brand": "Carl's Jr.",
        "brand:wikidata": "Q1043486",
        "cuisine": "burger",
        "name": "Carl's Jr.",
        "opening_hours": "Mo-Su 06:00-23:00",
        "phone": "+1-360-312-7212",
        "takeaway": "yes",
        "website": "https://locations.carlsjr.com/wa/blaine/e7028"
      },
      "geometry": {
        "type": "Point",
        "coordinates": [
          -122.7342221,
          48.9913921
        ]
      },
      "id": "node/13574584250"
    },
    {
      "type": "Feature",
      "properties": {
        "@id": "node/13646615110",
        "addr:city": "Denver",
        "addr:housenumber": "4730",
        "addr:postcode": "80249",
        "addr:state": "CO",
        "addr:street": "Tower Road",
        "amenity": "fast_food",
        "branch": "Green Burrito",
        "brand": "Carl's Jr.",
        "brand:wikidata": "Q1043486",
        "cuisine": "burger",
        "name": "Carl's Jr.",
        "phone": "+1 303-371-9219",
        "ref": "1101683",
        "source": "Bing",
        "takeaway": "yes",
        "website": "https://locations.carlsjr.com/co/denver/4730-tower-rd"
      },
      "geometry": {
        "type": "Point",
        "coordinates": [
          -104.7714758,
          39.7827407
        ]
      },
      "id": "node/13646615110"
    },
    {
      "type": "Feature",
      "properties": {
        "@id": "node/13676225994",
        "amenity": "fast_food",
        "brand": "Carl's Jr.",
        "brand:wikidata": "Q1043486",
        "cuisine": "burger",
        "drive_through": "yes",
        "name": "Carl's Jr.",
        "takeaway": "yes"
      },
      "geometry": {
        "type": "Point",
        "coordinates": [
          -117.9190468,
          33.7028774
        ]
      },
      "id": "node/13676225994"
    },
    {
      "type": "Feature",
      "properties": {
        "@id": "node/13780548373",
        "amenity": "fast_food",
        "brand": "Carl's Jr.",
        "brand:wikidata": "Q1043486",
        "cuisine": "burger",
        "name": "Carl's Jr.",
        "takeaway": "yes"
      },
      "geometry": {
        "type": "Point",
        "coordinates": [
          -119.6274361,
          36.5770748
        ]
      },
      "id": "node/13780548373"
    },
    {
      "type": "Feature",
      "properties": {
        "@id": "node/13858926002",
        "amenity": "fast_food",
        "brand": "Carl's Jr.",
        "brand:wikidata": "Q1043486",
        "cuisine": "burger",
        "name": "Carl's Jr.",
        "takeaway": "yes"
      },
      "geometry": {
        "type": "Point",
        "coordinates": [
          -97.9025334,
          35.4969564
        ]
      },
      "id": "node/13858926002"
    },
    {
      "type": "Feature",
      "properties": {
        "@id": "node/13915408356",
        "amenity": "fast_food",
        "brand": "Carl's Jr.",
        "brand:wikidata": "Q1043486",
        "check_date": "2024-10-02",
        "cuisine": "burger",
        "name": "Carl's Jr.",
        "takeaway": "yes"
      },
      "geometry": {
        "type": "Point",
        "coordinates": [
          -95.9632587,
          35.6361266
        ]
      },
      "id": "node/13915408356"
    },
    {
      "type": "Feature",
      "properties": {
        "@id": "node/13983887755",
        "addr:city": "Los Angeles",
        "addr:postcode": "90020",
        "addr:state": "CA",
        "amenity": "fast_food",
        "brand": "Carl's Jr.",
        "brand:wikidata": "Q1043486",
        "cuisine": "burger",
        "drive_through": "yes",
        "name": "Carl's Jr.",
        "phone": "+1 213-383-3401",
        "ref": "1100087",
        "source": "survey;image;usgs_imagery",
        "source_ref": "AM909_DSCR0453",
        "takeaway": "yes",
        "website": "https://locations.carlsjr.com/ca/los-angeles/501s-western"
      },
      "geometry": {
        "type": "Point",
        "coordinates": [
          -118.3094159,
          34.0651673
        ]
      },
      "id": "node/13983887755"
    },
    {
      "type": "Feature",
      "properties": {
        "@id": "node/14214112354",
        "addr:city": "camarillo",
        "addr:housenumber": "401",
        "addr:state": "ca",
        "addr:street": "Las Posas Road",
        "amenity": "fast_food",
        "brand": "Carl's Jr.",
        "brand:wikidata": "Q1043486",
        "cuisine": "burger",
        "name": "Carl's Jr.",
        "takeaway": "yes"
      },
      "geometry": {
        "type": "Point",
        "coordinates": [
          -119.0703042,
          34.2215098
        ]
      },
      "id": "node/14214112354"
    }
  ]
}