{
  "type": "FeatureCollection",
  "generator": "overpass-turbo",
  "copyright": "The data included in this document is from www.openstreetmap.org. The data is made available under ODbL.",
  "timestamp": "2026-09-24T16:01:02Z",
  "features": [
    {
      "type": "Feature",
      "properties": {
        "@id": "relation/1158061",
        "addr:direction": "South",
        "addr:housenumber": "12375",
        "addr:state": "FL",
        "addr:street": "Apopka Vineland Road",
        "amenity": "restaurant",
        "brand": "Denny's",
        "brand:wikidata": "Q1189695",
        "check_date": "2025-12-26",
        "cuisine": "american",
        "name": "Denny's",
        "source:addr:housenumber": "Orange County GIS data",
        "type": "multipolygon",
        "@geometry": "center"
      },
      "geometry": {
        "type": "Point",
        "coordinates": [
          -81.5052902,
          28.384954
        ]
      },
      "id": "relation/1158061"
    },
    {
      "type": "Feature",
      "properties": {
        "@id": "relation/6585135",
        "addr:city": "Rome",
        "addr:housenumber": "200",
        "addr:postcode": "13440",
        "addr:state": "NY",
        "addr:street": "South James Street",
        "amenity": "restaurant",
        "brand": "Denny's",
        "brand:wikidata": "Q1189695",
        "building": "hotel",
        "cuisine": "american",
        "name": "Denny's",
        "opening_hours": "06:00-24:00",
        "phone": "+1 315-339-6390",
        "type": "multipolygon",
        "website": "https://locations.dennys.com/NY/ROME/246951",
        "@geometry": "center"
      },
      "geometry": {
        "type": "Point",
        "coordinates": [
          -75.4594125,
          43.2098891
        ]
      },
      "id": "relation/6585135"
    },
    {
      "type": "Feature",
      "properties": {
        "@id": "relation/7335328",
        "addr:city": "Panorama City",
        "addr:housenumber": "8500",
        "addr:postcode": "91402",
        "addr:state": "CA",
        "addr:street": "Van Nuys Boulevard",
        "amenity": "restaurant",
        "brand": "Denny's",
        "brand:wikidata": "Q1189695",
        "building": "yes",
        "cuisine": "american",
        "name": "Denny's",
        "type": "multipolygon",
        "@geometry": "center"
      },
      "geometry": {
        "type": "Point",
        "coordinates": [
          -118.4485395,
          34.2251786
        ]
      },
      "id": "relation/7335328"
    },
    {
      "type": "Feature",
      "properties": {
        "@id": "relation/9601579",
        "addr:city": "Lancaster",
        "addr:housenumber": "1028",
        "addr:postcode": "93534",
        "addr:street": "West Avenue I",
        "amenity": "restaurant",
        "brand": "Denny's",
        "brand:wikidata": "Q1189695",
        "building": "commercial",
        "cuisine": "american",
        "delivery": "no",
        "ele": "718.4",
        "height": "8.2",
        "lacounty:ain": "3121001040",
        "lacounty:bld_id": "516799078468",
        "name": "Denny's",
        "operator": "Denny's",
        "outdoor_seating": "no",
        "start_date": "1970",
        "takeaway": "yes",
        "type": "multipolygon",
        "wheelchair": "yes",
        "@geometry": "center"
      },
      "geometry": {
        "type": "Point",
        "coordinates": [
          -118.149176,
          34.7035936
        ]
      },
      "id": "relation/9601579"
    },
    {
      "type": "Feature",
      "properties": {
        "@id": "way/25139347",
        "addr:city": "Lathrop",
        "addr:housenumber": "16851",
        "addr:postcode": "95330",
        "addr:state": "CA",
        "addr:street": "South Harlan Road",
        "amenity": "restaurant",
        "brand": "Denny's",
        "brand:wikidata": "Q1189695",
        "building": "yes",
        "cuisine": "american",
        "name": "Denny's",
        "opening_hours": "PH,Mo-Su 06:00-23:30",
        "phone": "+1-209-982-0235",
        "@geometry": "center"
      },
      "geometry": {
        "type": "Point",
        "coordinates": [
          -121.2952857,
          37.8101489
        ]
      },
      "id": "way/25139347"
    },
    {
      "type": "Feature",
      "properties": {
        "@id": "way/28005961",
        "amenity": "restaurant",
        "brand": "Denny's",
        "brand:wikidata": "Q1189695",
        "building": "yes",
        "building:levels": "1",
        "cuisine": "american",
        "name": "Denny's",
        "@geometry": "center"
      },
      "geometry": {
        "type": "Point",
        "coordinates": [
          -111.9812481,
          41.1914094
        ]
      },
      "id": "way/28005961"
    },
    {
      "type": "Feature",
      "properties": {
        "@id": "way/28125320",
        "addr:city": "Grapevine",
        "addr:housenumber": "2655",
        "addr:postcode": "76051",
        "addr:state": "TX",
        "addr:street": "Grapevine Mills Circle East",
        "amenity": "restaurant",
        "brand": "Denny's",
        "brand:wikidata": "Q1189695",
        "building": "yes",
        "cuisine": "american",
        "internet_access": "wlan",
        "name": "Denny's",
        "self_service": "no",
        "@geometry": "center"
      },
      "geometry": {
        "type": "Point",
        "coordinates": [
          -97.0384447,
          32.9662947
        ]
      },
      "id": "way/28125320"
    },
    {
      "type": "Feature",
      "properties": {
        "@id": "way/28134414",
        "amenity": "restaurant",
        "brand": "Denny's",
        "brand:wikidata": "Q1189695",
        "building": "yes",
        "cuisine": "american",
        "name": "Denny's",
        "@geometry": "center"
      },
      "geometry": {
        "type": "Point",
        "coordinates": [
          -121.5655359,
          37.0234132
        ]
      },
      "id": "way/28134414"
    },
    {
      "type": "Feature",
      "properties": {
        "@id": "way/28714378",
        "amenity": "restaurant",
        "brand": "Denny's",
        "brand:wikidata": "Q1189695",
        "building": "yes",
        "cuisine": "american",
        "name": "Denny's",
        "@geometry": "center"
      },
      "geometry": {
        "type": "Point",
        "coordinates": [
          -121.6552807,
          37.1522361
        ]
      },
      "id": "way/28714378"
    },
    {
      "type": "Feature",
      "properties": {
        "@id": "way/30574856",
        "addr:country": "US",
        "addr:housenumber": "2526",
        "addr:postcode": "94806",
        "addr:state": "CA",
        "addr:street": "San Pablo Dam Road",
        "amenity": "restaurant",
        "brand": "Denny's",
        "brand:wikidata": "Q1189695",
        "building": "yes",
        "building:levels": "1",
        "cuisine": "american",
        "name": "Denny's",
        "opening_hours": "24/7",
        "@geometry": "center"
      },
      "geometry": {
        "type": "Point",
        "coordinates": [
          -122.3302187,
          37.9551847
        ]
      },
      "id": "way/30574856"
    },
    {
      "type": "Feature",
      "properties": {
        "@id": "way/31809028",
        "amenity": "restaurant",
        "brand": "Denny's",
        "brand:wikidata": "Q1189695",
        "building": "yes",
        "building_type": "commercial",
        "cuisine": "american",
        "name": "Denny's",
        "sangis:OBJECTID": "5920",
        "sangis:TYPE": "Commercial",
        "source": "SanGIS Footprints_Nonresidential_SD public domain (http://www.sangis.org/)",
        "@geometry": "center"
      },
      "geometry": {
        "type": "Point",
        "coordinates": [
          -117.2207654,
          32.7550992
        ]
      },
      "id": "way/31809028"
    },
    {
      "type": "Feature",
      "properties": {
        "@id": "way/31809256",
        "addr:city": "San Diego",
        "addr:country": "US",
        "addr:housenumber": "5445",
        "addr:postcode": "92123",
        "addr:street": "Kearny Villa Road",
        "amenity": "restaurant",
        "brand": "Denny's",
        "brand:wikidata": "Q1189695",
        "building": "commercial",
        "cuisine": "american",
        "name": "Denny's",
        "sangis:OBJECTID": "5990",
        "sangis:TYPE": "Commercial",
        "source": "SanGIS Footprints_Nonresidential_SD public domain (http://www.sangis.org/)",
        "@geometry": "center"
      },
      "geometry": {
        "type": "Point",
        "coordinates": [
          -117.1378332,
          32.8322168
        ]
      },
      "id": "way/31809256"
    },
    {
      "type": "Feature",
      "properties": {
        "@id": "way/31817819",
        "addr:housenumber": "2203",
        "addr:street": "Via de la Valle",
        "amenity": "restaurant",
        "brand": "Denny's",
        "brand:wikidata": "Q1189695",
        "building": "yes",
        "building_type": "commercial",
        "cuisine": "american",
        "name": "Denny's",
        "sangis:OBJECTID": "7974",
        "sangis:TYPE": "Commercial",
        "source": "SanGIS Addresses Public Domain (http://www.sangis.org/)",
        "@geometry": "center"
      },
      "geometry": {
        "type": "Point",
        "coordinates": [
          -117.2557161,
          32.9790392
        ]
      },
      "id": "way/31817819"
    },
    {
      "type": "Feature",
      "properties": {
        "@id": "way/31839716",
        "amenity": "restaurant",
        "brand": "Denny's",
        "brand:wikidata": "Q1189695",
        "building": "yes",
        "building_type": "commercial",
        "cuisine": "american",
        "name": "Denny's",
        "sangis:OBJECTID": "14320",
        "sangis:TYPE": "Commercial",
        "source": "SanGIS Footprints_Nonresidential_SD public domain (http://www.sangis.org/)",
        "@geometry": "center"
      },
      "geometry": {
        "type": "Point",
        "coordinates": [
          -117.100654,
          32.7493954
        ]
      },
      "id": "way/31839716"
    },
    {
      "type": "Feature",
      "properties": {
        "@id": "way/32356827",
        "addr:city": "Idaho Falls",
        "addr:housenumber": "950",
        "addr:postcode": "83401",
        "addr:state": "ID",
        "addr:street": "Lindsay Boulevard",
        "amenity": "restaurant",
        "brand": "Denny's",
        "brand:wikidata": "Q1189695",
        "building": "yes",
        "cuisine": "american",
        "name": "Denny's",
        "phone": "+1 208-528-9210",
        "@geometry": "center"
      },
      "geometry": {
        "type": "Point",
        "coordinates": [
          -112.051625,
          43.5037849
        ]
      },
      "id": "way/32356827"
    },
    {
      "type": "Feature",
      "properties": {
        "@id": "way/33090564",
        "addr:city": "Phoenix",
        "addr:country": "US",
        "addr:housenumber": "2120",
        "addr:postcode": "85022",
        "addr:state": "AZ",
        "addr:street": "East Cactus Road",
        "amenity": "restaurant",
        "brand": "Denny's",
        "brand:wikidata": "Q1189695",
        "building": "retail",
        "building:levels": "1",
        "cuisine": "american",
        "name": "Denny's",
        "@geometry": "center"
      },
      "geometry": {
        "type": "Point",
        "coordinates": [
          -112.0369244,
          33.597141
        ]
      },
      "id": "way/33090564"
    },
    {
      "type": "Feature",
      "properties": {
        "@id": "way/35557773",
        "addr:city": "Santa Cruz",
        "addr:housenumber": "1515",
        "addr:postcode": "95060",
        "addr:street": "Ocean Street",
        "amenity": "restaurant",
        "brand": "Denny's",
        "brand:wikidata": "Q1189695",
        "building": "yes",
        "cuisine": "american",
        "name": "Denny's",
        "opening_hours": "Mo-Su 07:00-00:00",
        "phone": "+1-831-426-4628",
        "website": "https://www.dennys.com/",
        "@geometry": "center"
      },
      "geometry": {
        "type": "Point",
        "coordinates": [
          -122.0241221,
          36.9851034
        ]
      },
      "id": "way/35557773"
    },
    {
      "type": "Feature",
      "properties": {
        "@id": "way/36927628",
        "amenity": "restaurant",
        "brand": "Denny's",
        "brand:wikidata": "Q1189695",
        "building": "yes",
        "cuisine": "american",
        "name": "Denny's",
        "@geometry": "center"
      },
      "geometry": {
        "type": "Point",
        "coordinates": [
          -89.3115968,
          43.0485492
        ]
      },
      "id": "way/36927628"
    },
    {
      "type": "Feature",
      "properties": {
        "@id": "way/38642304",
        "addr:city": "Spanish Fork",
        "addr:housenumber": "592",
        "addr:postcode": "84660",
        "addr:state": "UT",
        "addr:street": "East Kirby Lane",
        "amenity": "restaurant",
        "brand": "Denny's",
        "brand:wikidata": "Q1189695",
        "building": "yes",
        "cuisine": "american",
        "name": "Denny's",
        "@geometry": "center"
      },
      "geometry": {
        "type": "Point",
        "coordinates": [
          -111.6442557,
          40.1242317
        ]
      },
      "id": "way/38642304"
    },
    {
      "type": "Feature",
      "properties": {
        "@id": "way/39019738",
        "addr:city": "San Jose",
        "addr:housenumber": "1015",
        "addr:postcode": "95123",
        "addr:street": "Blossom Hill Road",
        "amenity": "restaurant",
        "brand": "Denny's",
        "brand:wikidata": "Q1189695",
        "building": "yes",
        "cuisine": "american",
        "ele": "63.58",
        "height": "3.43",
        "name": "Denny's",
        "@geometry": "center"
      },
      "geometry": {
        "type": "Point",
        "coordinates": [
          -121.8710289,
          37.2509062
        ]
      },
      "id": "way/39019738"
    },
    {
      "type": "Feature",
      "properties": {
        "@id": "way/39128437",
        "addr:city": "San Jose",
        "addr:housenumber": "1140",
        "addr:postcode": "95118",
        "addr:street": "Hillsdale Avenue",
        "amenity": "restaurant",
        "brand": "Denny's",
        "brand:wikidata": "Q1189695",
        "building": "yes",
        "cuisine": "american",
        "ele": "53.60",
        "height": "5.10",
        "name": "Denny's",
        "@geometry": "center"
      },
      "geometry": {
        "type": "Point",
        "coordinates": [
          -121.8794389,
          37.2746
        ]
      },
      "id": "way/39128437"
    },
    {
      "type": "Feature",
      "properties": {
        "@id": "way/39256436",
        "addr:city": "Fredericksburg",
        "addr:housenumber": "10360",
        "addr:postcode": "22408",
        "addr:state": "VA",
        "addr:street": "Patriot Highway",
        "amenity": "restaurant",
        "brand": "Denny's",
        "brand:wikidata": "Q1189695",
        "building": "yes",
        "cuisine": "american",
        "delivery": "no",
        "name": "Denny's",
        "outdoor_seating": "no",
        "smoking": "outside",
        "takeaway": "no",
        "@geometry": "center"
      },
      "geometry": {
        "type": "Point",
        "coordinates": [
          -77.4999978,
          38.2440909
        ]
      },
      "id": "way/39256436"
    },
    {
      "type": "Feature",
      "properties": {
        "@id": "way/39563127",
        "addr:city": "Portland",
        "addr:housenumber": "425",
        "addr:postcode": "97232",
        "addr:state": "OR",
        "addr:street": "Northeast Hassalo Street",
        "amenity": "restaurant",
        "brand": "Denny's",
        "brand:wikidata": "Q1189695",
        "building": "yes",
        "contact:phone": "+1-503-236-3727",
        "contact:website": "https://locations.dennys.com/OR/PORTLAND/246800",
        "cuisine": "american",
        "internet_access": "wlan",
        "internet_access:fee": "no",
        "name": "Denny's",
        "opening_hours": "00:00-01:00,06:00-24:00",
        "toilets:wheelchair": "yes",
        "wheelchair": "yes",
        "@geometry": "center"
      },
      "geometry": {
        "type": "Point",
        "coordinates": [
          -122.660936,
          45.5309458
        ]
      },
      "id": "way/39563127"
    },
    {
      "type": "Feature",
      "properties": {
        "@id": "way/41830513",
        "addr:city": "Tacoma",
        "addr:housenumber": "10802",
        "addr:postcode": "98444",
        "addr:state": "WA",
        "addr:street": "Pacific Avenue South",
        "amenity": "restaurant",
        "brand": "Denny's",
        "brand:wikidata": "Q1189695",
        "building": "yes",
        "cuisine": "american",
        "name": "Denny's",
        "@geometry": "center"
      },
      "geometry": {
        "type": "Point",
        "coordinates": [
          -122.4349215,
          47.1590001
        ]
      },
      "id": "way/41830513"
    },
    {
      "type": "Feature",
      "properties": {
        "@id": "way/41876935",
        "addr:housenumber": "4601",
        "addr:street": "South Hulen Street",
        "amenity": "restaurant",
        "brand": "Denny's",
        "brand:wikidata": "Q1189695",
        "building": "yes",
        "cuisine": "american",
        "name": "Denny's",
        "@geometry": "center"
      },
      "geometry": {
        "type": "Point",
        "coordinates": [
          -97.3930685,
          32.6798706
        ]
      },
      "id": "way/41876935"
    },
    {
      "type": "Feature",
      "properties": {
        "@id": "way/41889902",
        "addr:city": "Salt Lake City",
        "addr:housenumber": "1701",
        "addr:postcode": "84116",
        "addr:state": "UT",
        "addr:street": "West North Temple",
        "amenity": "restaurant",
        "brand": "Denny's",
        "brand:wikidata": "Q1189695",
        "building": "retail",
        "building:levels": "1",
        "check_date": "2025-05-30",
        "cuisine": "american",
        "delivery": "no",
        "name": "Denny's",
        "opening_hours": "24/7",
        "outdoor_seating": "no",
        "payment:cash": "yes",
        "payment:credit_cards": "yes",
        "payment:debit_cards": "yes",
        "phone": "+1-801-531-6901",
        "smoking": "outside",
        "takeaway": "yes",
        "website": "https://locations.dennys.com/UT/SALT-LAKE-CITY/247480",
        "wheelchair": "yes",
        "@geometry": "center"
      },
      "geometry": {
        "type": "Point",
        "coordinates": [
          -111.9397,
          40.7711978
        ]
      },
      "id": "way/41889902"
    },
    {
      "type": "Feature",
      "properties": {
        "@id": "way/42992549",
        "addr:city": "Bloomsburg",
        "addr:housenumber": "131",
        "addr:postcode": "17815",
        "addr:state": "PA",
        "addr:street": "Paper Mill Road",
        "amenity": "restaurant",
        "brand": "Denny's",
        "brand:wikidata": "Q1189695",
        "building": "yes",
        "building:levels": "1",
        "cuisine": "american",
        "height": "10",
        "internet_access": "no",
        "name": "Denny's",
        "opening_hours": "Mo-Su 05:00-24:00",
        "outdoor_seating": "no",
        "phone": "+1 570-784-9420",
        "smoking": "outside",
        "takeaway": "yes",
        "website": "https://locations.dennys.com/PA/BLOOMSBURG/248198",
        "@geometry": "center"
      },
      "geometry": {
        "type": "Point",
        "coordinates": [
          -76.4283271,
          41.0263829
        ]
      },
      "id": "way/42992549"
    },
    {
      "type": "Feature",
      "properties": {
        "@id": "way/44001546",
        "amenity": "restaurant",
        "brand": "Denny's",
        "brand:wikidata": "Q1189695",
        "building": "yes",
        "cuisine": "american",
        "name": "Denny's",
        "@geometry": "center"
      },
      "geometry": {
        "type": "Point",
        "coordinates": [
          -89.5021447,
          43.0582387
        ]
      },
      "id": "way/44001546"
    },
    {
      "type": "Feature",
      "properties": {
        "@id": "way/45463420",
        "addr:city": "Lakewood",
        "addr:housenumber": "565",
        "addr:postcode": "80228",
        "addr:state": "CO",
        "addr:street": "Union Boulevard",
        "amenity": "restaurant",
        "brand": "Denny's",
        "brand:wikidata": "Q1189695",
        "building": "restaurant",
        "cuisine": "american",
        "name": "Denny's",
        "opening_hours": "24/7",
        "phone": "+1-303-988-2025",
        "website": "https://locations.dennys.com/CO/LAKEWOOD/248717",
        "@geometry": "center"
      },
      "geometry": {
        "type": "Point",
        "coordinates": [
          -105.132748,
          39.7240723
        ]
      },
      "id": "way/45463420"
    },
    {
      "type": "Feature",
      "properties": {
        "@id": "way/45612935",
        "addr:full": "208 Madonna",
        "addr:housenumber": "208",
        "addr:state": "CA",
        "addr:street": "Madonna Road",
        "air_conditioning": "yes",
        "amenity": "restaurant",
        "bar": "no",
        "brand": "Denny's",
        "brand:wikidata": "Q1189695",
        "building": "commercial",
        "building:levels": "1",
        "cuisine": "american",
        "height": "5",
        "name": "Denny's",
        "opening_hours": "24/7",
        "outdoor_seating": "no",
        "takeaway": "yes",
        "toilets": "yes",
        "toilets:wheelchair": "yes",
        "wheelchair": "yes",
        "@geometry": "center"
      },
      "geometry": {
        "type": "Point",
        "coordinates": [
          -120.6767288,
          35.2642511
        ]
      },
      "id": "way/45612935"
    },
    {
      "type": "Feature",
      "properties": {
        "@id": "way/45759833",
        "addr:city": "Manassas",
        "addr:housenumber": "8201",
        "addr:postcode": "20109",
        "addr:state": "VA",
        "addr:street": "Sudley Road",
        "amenity": "restaurant",
        "brand": "Denny's",
        "brand:wikidata": "Q1189695",
        "building": "yes",
        "cuisine": "american",
        "diet:vegan": "no",
        "diet:vegetarian": "yes",
        "name": "Denny's",
        "opening_hours": "Mo-Su 00:00-24:00",
        "wheelchair": "yes",
        "@geometry": "center"
      },
      "geometry": {
        "type": "Point",
        "coordinates": [
          -77.5064045,
          38.7779497
        ]
      },
      "id": "way/45759833"
    },
    {
      "type": "Feature",
      "properties": {
        "@id": "way/45979335",
        "amenity": "restaurant",
        "brand": "Denny's",
        "brand:wikidata": "Q1189695",
        "building": "yes",
        "cuisine": "american",
        "name": "Denny's",
        "@geometry": "center"
      },
      "geometry": {
        "type": "Point",
        "coordinates": [
          -87.8470271,
          42.7184695
        ]
      },
      "id": "way/45979335"
    },
    {
      "type": "Feature",
      "properties": {
        "@id": "way/47235611",
        "addr:city": "Fort Worth",
        "addr:housenumber": "6480",
        "addr:postcode": "76137",
        "addr:state": "TX",
        "addr:street": "North Freeway",
        "amenity": "restaurant",
        "brand": "Denny's",
        "brand:wikidata": "Q1189695",
        "building": "retail",
        "cuisine": "american",
        "name": "Denny's",
        "opening_hours": "24/7",
        "@geometry": "center"
      },
      "geometry": {
        "type": "Point",
        "coordinates": [
          -97.3132094,
          32.8597571
        ]
      },
      "id": "way/47235611"
    },
    {
      "type": "Feature",
      "properties": {
        "@id": "way/48667720",
        "addr:city": "Bonney Lake",
        "addr:housenumber": "20805",
        "addr:postcode": "98391-6301",
        "addr:state": "WA",
        "addr:street": "Enchanted Parkway S",
        "amenity": "restaurant",
        "brand": "Denny's",
        "brand:wikidata": "Q1189695",
        "building": "yes",
        "cuisine": "american",
        "name": "Denny's",
        "@geometry": "center"
      },
      "geometry": {
        "type": "Point",
        "coordinates": [
          -122.1520996,
          47.1676281
        ]
      },
      "id": "way/48667720"
    },
    {
      "type": "Feature",
      "properties": {
        "@id": "way/48775697",
        "addr:housenumber": "5580",
        "addr:postcode": "33313",
        "addr:street": "West Oakland Park Boulevard",
        "amenity": "restaurant",
        "brand": "Denny's",
        "brand:wikidata": "Q1189695",
        "cuisine": "american",
        "demolished:building": "yes",
        "name": "Denny's",
        "phone": "+1-954-486-1040",
        "@geometry": "center"
      },
      "geometry": {
        "type": "Point",
        "coordinates": [
          -80.2264438,
          26.1641919
        ]
      },
      "id": "way/48775697"
    },
    {
      "type": "Feature",
      "properties": {
        "@id": "way/49046539",
        "addr:city": "Santa Clara",
        "addr:country": "US",
        "addr:housenumber": "3715",
        "addr:postcode": "95050",
        "addr:state": "CA",
        "addr:street": "El Camino Real",
        "amenity": "restaurant",
        "brand": "Denny's",
        "brand:wikidata": "Q1189695",
        "building": "yes",
        "cuisine": "american",
        "drive_in": "no",
        "internet_access": "no",
        "internet_access:fee": "no",
        "microbrewery": "no",
        "name": "Denny's",
        "note": "Restaurant #7219",
        "outdoor_seating": "no",
        "phone": "+1 408 2691048",
        "smoking": "no",
        "takeaway": "no",
        "website": "https://www.dennys.com/",
        "wheelchair": "yes",
        "@geometry": "center"
      },
      "geometry": {
        "type": "Point",
        "coordinates": [
          -121.9983357,
          37.3527938
        ]
      },
      "id": "way/49046539"
    },
    {
      "type": "Feature",
      "properties": {
        "@id": "way/50290840",
        "addr:city": "Englewood",
        "addr:housenumber": "275",
        "addr:postcode": "80110",
        "addr:state": "CO",
        "addr:street": "West Hampden Drive",
        "amenity": "restaurant",
        "brand": "Denny's",
        "brand:wikidata": "Q1189695",
        "building": "restaurant",
        "cuisine": "american",
        "name": "Denny's",
        "opening_hours": "24/7",
        "phone": "+1-720-806-0988",
        "website": "https://locations.dennys.com/CO/ENGLEWOOD/249664",
        "@geometry": "center"
      },
      "geometry": {
        "type": "Point",
        "coordinates": [
          -104.9902226,
          39.6533699
        ]
      },
      "id": "way/50290840"
    },
    {
      "type": "Feature",
      "properties": {
        "@id": "way/51367259",
        "amenity": "restaurant",
        "brand": "Denny's",
        "brand:wikidata": "Q1189695",
        "building": "yes",
        "cuisine": "american",
        "name": "Denny's",
        "source": "Yahoo",
        "@geometry": "center"
      },
      "geometry": {
        "type": "Point",
        "coordinates": [
          -111.9402247,
          41.1573633
        ]
      },
      "id": "way/51367259"
    },
    {
      "type": "Feature",
      "properties": {
        "@id": "way/51454990",
        "addr:city": "Lakewood",
        "addr:housenumber": "3580",
        "addr:postcode": "80235",
        "addr:state": "CO",
        "addr:street": "South Wadsworth Boulevard",
        "amenity": "restaurant",
        "brand": "Denny's",
        "brand:wikidata": "Q1189695",
        "building": "restaurant",
        "cuisine": "american",
        "name": "Denny's",
        "opening_hours": "24/7",
        "phone": "+1-303-988-2762",
        "website": "https://locations.dennys.com/CO/LAKEWOOD/248716",
        "wheelchair": "yes",
        "@geometry": "center"
      },
      "geometry": {
        "type": "Point",
        "coordinates": [
          -105.0807353,
          39.6503569
        ]
      },
      "id": "way/51454990"
    },
    {
      "type": "Feature",
      "properties": {
        "@id": "way/51552681",
        "addr:city": "Allentown",
        "addr:housenumber": "1881",
        "addr:postcode": "18109",
        "addr:state": "PA",
        "addr:street": "Catasauqua Road",
        "amenity": "restaurant",
        "brand": "Denny's",
        "brand:wikidata": "Q1189695",
        "building": "retail",
        "building:levels": "1",
        "cuisine": "american",
        "name": "Denny's",
        "opening_hours": "Sa 00:00-24:00; Su 00:00-23:00; Mo-We 06:00-23:00; Th 06:00-24:00",
        "phone": "+16104776589",
        "roof:shape": "flat",
        "website": "https://locations.dennys.com/pa/allentown/248775",
        "@geometry": "center"
      },
      "geometry": {
        "type": "Point",
        "coordinates": [
          -75.4313426,
          40.6409618
        ]
      },
      "id": "way/51552681"
    },
    {
      "type": "Feature",
      "properties": {
        "@id": "way/51842022",
        "amenity": "restaurant",
        "brand": "Denny's",
        "brand:wikidata": "Q1189695",
        "building": "yes",
        "cuisine": "american",
        "name": "Denny's",
        "source": "Yahoo",
        "@geometry": "center"
      },
      "geometry": {
        "type": "Point",
        "coordinates": [
          -111.9694996,
          41.2431808
        ]
      },
      "id": "way/51842022"
    },
    {
      "type": "Feature",
      "properties": {
        "@id": "way/52096842",
        "addr:city": "San Jose",
        "addr:housenumber": "2077",
        "addr:postcode": "95131",
        "addr:state": "CA",
        "addr:street": "North 1st Street",
        "amenity": "restaurant",
        "brand": "Denny's",
        "brand:wikidata": "Q1189695",
        "building": "yes",
        "cuisine": "american",
        "ele": "17.10",
        "height": "5.02",
        "name": "Denny's",
        "opening_hours": "Mo-Su 06:00-11:59",
        "operator": "Parass Restaurant Group Inc",
        "phone": "+1-408-436-8481",
        "website": "https://locations.dennys.com/CA/SAN-JOSE/247442",
        "@geometry": "center"
      },
      "geometry": {
        "type": "Point",
        "coordinates": [
          -121.9191148,
          37.3735204
        ]
      },
      "id": "way/52096842"
    },
    {
      "type": "Feature",
      "properties": {
        "@id": "way/54900225",
        "addr:city": "Wenatchee",
        "addr:housenumber": "1337",
        "addr:postcode": "98801",
        "addr:state": "WA",
        "addr:street": "North Wenatchee Avenue",
        "amenity": "restaurant",
        "brand": "Denny's",
        "brand:wikidata": "Q1189695",
        "building": "commercial",
        "cuisine": "american",
        "name": "Denny's",
        "source": "esri_USDOT_RiverCom911_WA;yahoo_wms",
        "@geometry": "center"
      },
      "geometry": {
        "type": "Point",
        "coordinates": [
          -120.3250866,
          47.4418008
        ]
      },
      "id": "way/54900225"
    },
    {
      "type": "Feature",
      "properties": {
        "@id": "way/57741874",
        "addr:city": "East Greenbush",
        "addr:housenumber": "126",
        "addr:postcode": "12061",
        "addr:state": "NY",
        "addr:street": "Troy Road",
        "amenity": "restaurant",
        "brand": "Denny's",
        "brand:wikidata": "Q1189695",
        "building": "yes",
        "check_date": "2026-04-05",
        "cuisine": "american",
        "name": "Denny's",
        "nysgissam:nysaddresspointid": "RENS038908",
        "@geometry": "center"
      },
      "geometry": {
        "type": "Point",
        "coordinates": [
          -73.6997585,
          42.6260616
        ]
      },
      "id": "way/57741874"
    },
    {
      "type": "Feature",
      "properties": {
        "@id": "way/59439128",
        "amenity": "restaurant",
        "brand": "Denny's",
        "brand:wikidata": "Q1189695",
        "building": "yes",
        "cuisine": "american",
        "name": "Denny's",
        "@geometry": "center"
      },
      "geometry": {
        "type": "Point",
        "coordinates": [
          -119.0989177,
          35.3839454
        ]
      },
      "id": "way/59439128"
    },
    {
      "type": "Feature",
      "properties": {
        "@id": "way/59600637",
        "addr:housenumber": "2627",
        "addr:postcode": "93308",
        "addr:street": "Buck Owens Boulevard",
        "air_conditioning": "yes",
        "amenity": "restaurant",
        "attribution": "Bakersfield_GIS",
        "bak:fac_type1": "COMMERCIAL",
        "bar": "no",
        "brand": "Denny's",
        "brand:wikidata": "Q1189695",
        "building": "yes",
        "building:levels": "1",
        "cuisine": "american",
        "internet_access": "wlan",
        "name": "Denny's",
        "opening_hours": "24/7",
        "phone": "+1-661-395-3014",
        "source": "http://www.bakersfieldcity.us/gis/downloads/gis_spatial_data.htm",
        "takeaway": "yes",
        "toilets": "yes",
        "website": "https://www.dennys.com/",
        "wheelchair": "yes",
        "@geometry": "center"
      },
      "geometry": {
        "type": "Point",
        "coordinates": [
          -119.043508,
          35.3840327
        ]
      },
      "id": "way/59600637"
    },
    {
      "type": "Feature",
      "properties": {
        "@id": "way/59811863",
        "addr:city": "Bakersfield",
        "addr:housenumber": "2309",
        "addr:postcode": "93307",
        "addr:state": "CA",
        "addr:street": "Panama Lane",
        "amenity": "restaurant",
        "bak:fac_type1": "COMMERCIAL",
        "bak:fac_type2": "RESTAURANT",
        "brand": "Denny's",
        "brand:wikidata": "Q1189695",
        "building": "yes",
        "cuisine": "american",
        "description2": "DENNYS",
        "name": "Denny's",
        "wheelchair": "yes",
        "@geometry": "center"
      },
      "geometry": {
        "type": "Point",
        "coordinates": [
          -119.0281648,
          35.2954158
        ]
      },
      "id": "way/59811863"
    },
    {
      "type": "Feature",
      "properties": {
        "@id": "way/60322264",
        "addr:city": "Fountain Valley",
        "addr:housenumber": "16205",
        "addr:postcode": "92708",
        "addr:street": "Brookhurst Street",
        "amenity": "restaurant",
        "brand": "Denny's",
        "brand:wikidata": "Q1189695",
        "building": "retail",
        "check_date": "2026-07-08",
        "cuisine": "american",
        "height": "9.7",
        "name": "Denny's",
        "@geometry": "center"
      },
      "geometry": {
        "type": "Point",
        "coordinates": [
          -117.9551256,
          33.7274259
        ]
      },
      "id": "way/60322264"
    },
    {
      "type": "Feature",
      "properties": {
        "@id": "way/61697504",
        "addr:city": "Irving",
        "addr:housenumber": "4115",
        "addr:postcode": "75062",
        "addr:state": "TX",
        "addr:street": "West Airport Freeway",
        "amenity": "restaurant",
        "brand": "Denny's",
        "brand:wikidata": "Q1189695",
        "building": "retail",
        "cuisine": "american",
        "name": "Denny's",
        "@geometry": "center"
      },
      "geometry": {
        "type": "Point",
        "coordinates": [
          -97.008289,
          32.838075
        ]
      },
      "id": "way/61697504"
    },
    {
      "type": "Feature",
      "properties": {
        "@id": "way/61877030",
        "amenity": "restaurant",
        "brand": "Denny's",
        "brand:wikidata": "Q1189695",
        "cuisine": "american",
        "landuse": "commercial",
        "name": "Denny's",
        "opening_hours": "24/7",
        "second_use": "shopping center (neighborhood)",
        "source": "Fresno_County_GIS",
        "@geometry": "center"
      },
      "geometry": {
        "type": "Point",
        "coordinates": [
          -119.7254017,
          36.8081001
        ]
      },
      "id": "way/61877030"
    },
    {
      "type": "Feature",
      "properties": {
        "@id": "way/62251039",
        "addr:city": "Bismarck",
        "addr:housenumber": "405",
        "addr:postcode": "58504",
        "addr:state": "ND",
        "addr:street": "South 7th Street",
        "amenity": "restaurant",
        "brand": "Denny's",
        "brand:wikidata": "Q1189695",
        "building": "retail",
        "cuisine": "american",
        "name": "Denny's",
        "opening_hours:covid19": "07:00-22:00",
        "phone": "+1-701-223-2015",
        "source": "Yahoo",
        "website": "https://locations.dennys.com/ND/BISMARCK/246240",
        "@geometry": "center"
      },
      "geometry": {
        "type": "Point",
        "coordinates": [
          -100.7812142,
          46.8017843
        ]
      },
      "id": "way/62251039"
    },
    {
      "type": "Feature",
      "properties": {
        "@id": "way/62265083",
        "addr:city": "Phoenix",
        "addr:country": "US",
        "addr:housenumber": "3205",
        "addr:postcode": "85032",
        "addr:state": "AZ",
        "addr:street": "East Bell Road",
        "amenity": "restaurant",
        "brand": "Denny's",
        "brand:wikidata": "Q1189695",
        "building": "yes",
        "cuisine": "american",
        "name": "Denny's",
        "@geometry": "center"
      },
      "geometry": {
        "type": "Point",
        "coordinates": [
          -112.0128921,
          33.6401978
        ]
      },
      "id": "way/62265083"
    },
    {
      "type": "Feature",
      "properties": {
        "@id": "way/62334282",
        "amenity": "restaurant",
        "brand": "Denny's",
        "brand:wikidata": "Q1189695",
        "building": "commercial",
        "cuisine": "american",
        "name": "Denny's",
        "@geometry": "center"
      },
      "geometry": {
        "type": "Point",
        "coordinates": [
          -117.2963456,
          33.6619316
        ]
      },
      "id": "way/62334282"
    },
    {
      "type": "Feature",
      "properties": {
        "@id": "way/64161571",
        "addr:city": "Lake Delton",
        "addr:country": "US",
        "addr:housenumber": "1090",
        "addr:postcode": "53940",
        "addr:state": "WI",
        "addr:street": "Wisconsin Dells Parkway South",
        "amenity": "restaurant",
        "brand": "Denny's",
        "brand:wikidata": "Q1189695",
        "building": "yes",
        "check_date": "2024-11-27",
        "cuisine": "american",
        "name": "Denny's",
        "opening_hours": "Mo-Th,Su 07:00-22:00; Fr-Sa 07:00-24:00",
        "payment:cash": "yes",
        "payment:credit_cards": "yes",
        "payment:debit_cards": "yes",
        "phone": "+1 608-253-2633",
        "website": "https://locations.dennys.com/WI/LAKE-DELTON/247398",
        "@geometry": "center"
      },
      "geometry": {
        "type": "Point",
        "coordinates": [
          -89.7795407,
          43.5765607
        ]
      },
      "id": "way/64161571"
    },
    {
      "type": "Feature",
      "properties": {
        "@id": "way/64314278",
        "amenity": "restaurant",
        "brand": "Denny's",
        "brand:wikidata": "Q1189695",
        "building": "yes",
        "cuisine": "american",
        "diet:vegetarian": "yes",
        "indoor_seating": "yes",
        "name": "Denny's",
        "opening_hours": "Mo-Su 07:00-22:00",
        "outdoor_seating": "no",
        "@geometry": "center"
      },
      "geometry": {
        "type": "Point",
        "coordinates": [
          -89.7942385,
          43.6228871
        ]
      },
      "id": "way/64314278"
    },
    {
      "type": "Feature",
      "properties": {
        "@id": "way/65582819",
        "amenity": "restaurant",
        "brand": "Denny's",
        "brand:wikidata": "Q1189695",
        "building": "yes",
        "cuisine": "american",
        "name": "Denny's",
        "@geometry": "center"
      },
      "geometry": {
        "type": "Point",
        "coordinates": [
          -71.5475647,
          41.6608946
        ]
      },
      "id": "way/65582819"
    },
    {
      "type": "Feature",
      "properties": {
        "@id": "way/66210203",
        "addr:city": "Latham",
        "addr:housenumber": "697",
        "addr:postcode": "12110",
        "addr:state": "NY",
        "addr:street": "Troy Schenectady Road",
        "amenity": "restaurant",
        "brand": "Denny's",
        "brand:wikidata": "Q1189695",
        "building": "yes",
        "cuisine": "mexican",
        "name": "Don Juan's Mexican Grill & Cantina",
        "nysgissam:nysaddresspointid": "ALBA087083",
        "old_name": "Denny's",
        "opening_hours": "Su-Th 11:00-22:00; Fr-Sa 11:00-23:00",
        "website": "https://www.donjuansmexgrill.com",
        "website:menu": "https://www.donjuansmexgrill.com/menu-1",
        "@geometry": "center"
      },
      "geometry": {
        "type": "Point",
        "coordinates": [
          -73.774883,
          42.756077
        ]
      },
      "id": "way/66210203"
    },
    {
      "type": "Feature",
      "properties": {
        "@id": "way/68170934",
        "addr:city": "Phoenix",
        "addr:country": "US",
        "addr:postcode": "85204",
        "addr:state": "AZ",
        "addr:street": "East Mayo Boulevard",
        "amenity": "restaurant",
        "brand": "Denny's",
        "brand:wikidata": "Q1189695",
        "building": "retail",
        "cuisine": "american",
        "name": "Denny's",
        "@geometry": "center"
      },
      "geometry": {
        "type": "Point",
        "coordinates": [
          -111.9300683,
          33.6556762
        ]
      },
      "id": "way/68170934"
    },
    {
      "type": "Feature",
      "properties": {
        "@id": "way/70803370",
        "amenity": "restaurant",
        "brand": "Denny's",
        "brand:wikidata": "Q1189695",
        "building": "yes",
        "cuisine": "american",
        "level": "0",
        "name": "Denny's",
        "@geometry": "center"
      },
      "geometry": {
        "type": "Point",
        "coordinates": [
          -118.867095,
          34.2797033
        ]
      },
      "id": "way/70803370"
    },
    {
      "type": "Feature",
      "properties": {
        "@id": "way/73323679",
        "addr:city": "Temple",
        "addr:housenumber": "1420",
        "addr:postcode": "76504",
        "addr:state": "TX",
        "addr:street": "Southwest HK Dodgen Loop",
        "amenity": "restaurant",
        "brand": "Denny's",
        "brand:wikidata": "Q1189695",
        "building": "yes",
        "check_date": "2025-03-17",
        "cuisine": "american",
        "name": "Denny's",
        "opening_hours": "24/7",
        "phone": "+1 254-598-2658",
        "website": "https://locations.dennys.com/TX/TEMPLE/249616",
        "@geometry": "center"
      },
      "geometry": {
        "type": "Point",
        "coordinates": [
          -97.3706638,
          31.0751601
        ]
      },
      "id": "way/73323679"
    },
    {
      "type": "Feature",
      "properties": {
        "@id": "way/74846930",
        "amenity": "restaurant",
        "brand": "Denny's",
        "brand:wikidata": "Q1189695",
        "building": "yes",
        "cuisine": "american",
        "name": "Denny's",
        "@geometry": "center"
      },
      "geometry": {
        "type": "Point",
        "coordinates": [
          -122.894638,
          46.1443289
        ]
      },
      "id": "way/74846930"
    },
    {
      "type": "Feature",
      "properties": {
        "@id": "way/80112041",
        "addr:city": "Pittsburgh",
        "addr:housenumber": "7319",
        "addr:postcode": "15237",
        "addr:state": "PA",
        "addr:street": "McKnight Road",
        "amenity": "restaurant",
        "brand": "Denny's",
        "brand:wikidata": "Q1189695",
        "building": "retail",
        "building:levels": "1",
        "check_date": "2025-07-24",
        "cuisine": "american",
        "internet_access": "wlan",
        "internet_access:fee": "no",
        "name": "Denny's",
        "opening_hours": "05:00-24:00",
        "phone": "+1 412-364-5292",
        "@geometry": "center"
      },
      "geometry": {
        "type": "Point",
        "coordinates": [
          -80.0119835,
          40.538407
        ]
      },
      "id": "way/80112041"
    },
    {
      "type": "Feature",
      "properties": {
        "@id": "way/84267710",
        "addr:city": "Temecula",
        "addr:housenumber": "28915",
        "addr:postcode": "92590-1867",
        "addr:state": "CA",
        "addr:street": "Rancho California Road",
        "amenity": "restaurant",
        "brand": "Denny's",
        "brand:wikidata": "Q1189695",
        "building": "yes",
        "cuisine": "american",
        "name": "Denny's",
        "phone": "+1-951-676-5886",
        "source": "survey;bing_imagery",
        "source_ref": "vvvexp97",
        "toilets": "yes",
        "toilets:access": "permissive",
        "website": "https://locations.dennys.com/CA/TEMECULA/248176",
        "@geometry": "center"
      },
      "geometry": {
        "type": "Point",
        "coordinates": [
          -117.1528296,
          33.4993258
        ]
      },
      "id": "way/84267710"
    },
    {
      "type": "Feature",
      "properties": {
        "@id": "way/85553312",
        "addr:city": "Federal Way",
        "addr:country": "US",
        "addr:housenumber": "34726",
        "addr:postcode": "98003",
        "addr:state": "WA",
        "addr:street": "16th Avenue South",
        "amenity": "restaurant",
        "brand": "Denny's",
        "brand:wikidata": "Q1189695",
        "building": "yes",
        "cuisine": "american",
        "name": "Denny's",
        "phone": "+1-253-838-4034",
        "@geometry": "center"
      },
      "geometry": {
        "type": "Point",
        "coordinates": [
          -122.3128799,
          47.2901151
        ]
      },
      "id": "way/85553312"
    },
    {
      "type": "Feature",
      "properties": {
        "@id": "way/85888816",
        "addr:city": "Golden",
        "addr:housenumber": "3291",
        "addr:postcode": "80401",
        "addr:state": "CO",
        "addr:street": "Youngfield Service Road",
        "amenity": "restaurant",
        "brand": "Denny's",
        "brand:wikidata": "Q1189695",
        "building": "restaurant",
        "cuisine": "american",
        "name": "Denny's",
        "opening_hours": "24/7",
        "phone": "+1-720-303-3718",
        "website": "https://locations.dennys.com/CO/GOLDEN/248149",
        "@geometry": "center"
      },
      "geometry": {
        "type": "Point",
        "coordinates": [
          -105.1443439,
          39.7633782
        ]
      },
      "id": "way/85888816"
    },
    {
      "type": "Feature",
      "properties": {
        "@id": "way/86273576",
        "addr:housenumber": "5586",
        "addr:state": "CA",
        "addr:street": "Foothills Boulevard",
        "amenity": "restaurant",
        "brand": "Denny's",
        "brand:wikidata": "Q1189695",
        "building": "retail",
        "cuisine": "american",
        "name": "Denny's",
        "@geometry": "center"
      },
      "geometry": {
        "type": "Point",
        "coordinates": [
          -121.3101922,
          38.7622496
        ]
      },
      "id": "way/86273576"
    },
    {
      "type": "Feature",
      "properties": {
        "@id": "way/93159602",
        "amenity": "restaurant",
        "brand": "Denny's",
        "brand:wikidata": "Q1189695",
        "building": "yes",
        "cuisine": "american",
        "name": "Denny's",
        "@geometry": "center"
      },
      "geometry": {
        "type": "Point",
        "coordinates": [
          -122.0659525,
          37.6080821
        ]
      },
      "id": "way/93159602"
    },
    {
      "type": "Feature",
      "properties": {
        "@id": "way/93160852",
        "addr:city": "Scottsdale",
        "addr:housenumber": "9160",
        "addr:postcode": "85258",
        "addr:state": "AZ",
        "addr:street": "East Talking Stick Way",
        "amenity": "restaurant",
        "brand": "Denny's",
        "brand:wikidata": "Q1189695",
        "building": "yes",
        "cuisine": "american",
        "name": "Denny's",
        "source": "esri/USA_NAD_Addresses",
        "@geometry": "center"
      },
      "geometry": {
        "type": "Point",
        "coordinates": [
          -111.8848856,
          33.5387744
        ]
      },
      "id": "way/93160852"
    },
    {
      "type": "Feature",
      "properties": {
        "@id": "way/94485396",
        "addr:city": "Arlington Heights",
        "addr:housenumber": "17",
        "addr:postcode": "60005",
        "addr:state": "IL",
        "addr:street": "West Algonquin Road",
        "amenity": "restaurant",
        "brand": "Denny's",
        "brand:wikidata": "Q1189695",
        "building": "retail",
        "cuisine": "american",
        "name": "Denny's",
        "source:name": "local_knowledge",
        "@geometry": "center"
      },
      "geometry": {
        "type": "Point",
        "coordinates": [
          -87.984093,
          42.0442257
        ]
      },
      "id": "way/94485396"
    },
    {
      "type": "Feature",
      "properties": {
        "@id": "way/95142224",
        "addr:city": "Provo",
        "addr:housenumber": "1680",
        "addr:postcode": "84601-1598",
        "addr:state": "UT",
        "addr:street": "Freedom Boulevard 200 W",
        "amenity": "restaurant",
        "brand": "Denny's",
        "brand:wikidata": "Q1189695",
        "building": "yes",
        "cuisine": "american",
        "name": "Denny's",
        "opening_hours": "24/7",
        "phone": "+18013758362",
        "website": "https://locations.dennys.com/UT/PROVO/247482",
        "@geometry": "center"
      },
      "geometry": {
        "type": "Point",
        "coordinates": [
          -111.6615258,
          40.2566884
        ]
      },
      "id": "way/95142224"
    },
    {
      "type": "Feature",
      "properties": {
        "@id": "way/95305647",
        "addr:housenumber": "494",
        "addr:street": "Lincoln Street",
        "amenity": "restaurant",
        "brand": "Denny's",
        "brand:wikidata": "Q1189695",
        "building": "yes",
        "cuisine": "american",
        "name": "Denny's",
        "@geometry": "center"
      },
      "geometry": {
        "type": "Point",
        "coordinates": [
          -71.7753944,
          42.2949079
        ]
      },
      "id": "way/95305647"
    },
    {
      "type": "Feature",
      "properties": {
        "@id": "way/95469737",
        "amenity": "restaurant",
        "brand": "Denny's",
        "brand:wikidata": "Q1189695",
        "building": "yes",
        "cuisine": "american",
        "name": "Denny's",
        "@geometry": "center"
      },
      "geometry": {
        "type": "Point",
        "coordinates": [
          -121.1762508,
          37.4662856
        ]
      },
      "id": "way/95469737"
    },
    {
      "type": "Feature",
      "properties": {
        "@id": "way/96883954",
        "addr:city": "El Cajon",
        "addr:housenumber": "2691",
        "addr:postcode": "92020",
        "addr:street": "Navajo Rd",
        "amenity": "restaurant",
        "brand": "Denny's",
        "brand:wikidata": "Q1189695",
        "building": "yes",
        "cuisine": "american",
        "name": "Denny's",
        "opening_hours": "Su-Th 06:30-22:30; Fr-Sa 06:30-23:00",
        "phone": "+1 619 460 6420",
        "source": "SanGIS Addresses Public Domain (http://www.sangis.org/)",
        "website": "https://locations.dennys.com/CA/EL-CAJON/246227",
        "@geometry": "center"
      },
      "geometry": {
        "type": "Point",
        "coordinates": [
          -117.0016937,
          32.8014658
        ]
      },
      "id": "way/96883954"
    },
    {
      "type": "Feature",
      "properties": {
        "@id": "way/97036338",
        "amenity": "restaurant",
        "brand": "Denny's",
        "brand:wikidata": "Q1189695",
        "building": "yes",
        "cuisine": "american",
        "name": "Denny's",
        "source": "survey;bing_imagery",
        "source_ref": "vvvexp97",
        "toilets": "yes",
        "toilets:access": "permissive",
        "@geometry": "center"
      },
      "geometry": {
        "type": "Point",
        "coordinates": [
          -117.1951412,
          33.5519682
        ]
      },
      "id": "way/97036338"
    },
    {
      "type": "Feature",
      "properties": {
        "@id": "way/97352048",
        "addr:city": "Newburgh",
        "addr:housenumber": "1283",
        "addr:postcode": "12550",
        "addr:state": "NY",
        "addr:street": "Union Avenue",
        "amenity": "restaurant",
        "brand": "Denny's",
        "brand:wikidata": "Q1189695",
        "building": "yes",
        "cuisine": "american",
        "name": "Denny's",
        "nysgissam:nysaddresspointid": "ORAN087972",
        "phone": "+1-845-564-6470",
        "website": "https://locations.dennys.com/NY/NEWBURGH/248195",
        "@geometry": "center"
      },
      "geometry": {
        "type": "Point",
        "coordinates": [
          -74.068868,
          41.5070948
        ]
      },
      "id": "way/97352048"
    },
    {
      "type": "Feature",
      "properties": {
        "@id": "way/97578397",
        "addr:city": "Belle Vernon",
        "addr:housenumber": "855",
        "addr:postcode": "15012",
        "addr:state": "PA",
        "addr:street": "Rostraver Road",
        "amenity": "restaurant",
        "brand": "Denny's",
        "brand:wikidata": "Q1189695",
        "building": "retail",
        "cuisine": "american",
        "name": "Denny's",
        "phone": "+1 724 929 7111",
        "@geometry": "center"
      },
      "geometry": {
        "type": "Point",
        "coordinates": [
          -79.8430387,
          40.1378853
        ]
      },
      "id": "way/97578397"
    },
    {
      "type": "Feature",
      "properties": {
        "@id": "way/98568704",
        "addr:city": "Seattle",
        "addr:housenumber": "2762",
        "addr:postcode": "98134",
        "addr:state": "WA",
        "addr:street": "4th Avenue South",
        "amenity": "restaurant",
        "brand": "Denny's",
        "brand:wikidata": "Q1189695",
        "building": "yes",
        "cuisine": "american",
        "name": "Denny's",
        "opening_hours": "24/7",
        "source": "King County GIS;data.seattle.gov",
        "@geometry": "center"
      },
      "geometry": {
        "type": "Point",
        "coordinates": [
          -122.328715,
          47.5779801
        ]
      },
      "id": "way/98568704"
    },
    {
      "type": "Feature",
      "properties": {
        "@id": "way/99940124",
        "addr:city": "San Antonio",
        "addr:housenumber": "903",
        "addr:postcode": "78205",
        "addr:state": "TX",
        "addr:street": "East Commerce Street",
        "amenity": "restaurant",
        "brand": "Denny's",
        "brand:wikidata": "Q1189695",
        "building": "yes",
        "capacity": "100",
        "cuisine": "american",
        "name": "Denny's",
        "opening_hours": "24/7",
        "phone": "+1-210-223-4321",
        "smoking": "no",
        "takeaway": "yes",
        "@geometry": "center"
      },
      "geometry": {
        "type": "Point",
        "coordinates": [
          -98.4829061,
          29.4231302
        ]
      },
      "id": "way/99940124"
    },
    {
      "type": "Feature",
      "properties": {
        "@id": "way/101525030",
        "amenity": "restaurant",
        "brand": "Denny's",
        "brand:wikidata": "Q1189695",
        "building": "yes",
        "building:levels": "1",
        "check_date": "2025-08-03",
        "cuisine": "american",
        "name": "Denny's",
        "@geometry": "center"
      },
      "geometry": {
        "type": "Point",
        "coordinates": [
          -81.4552372,
          41.5394074
        ]
      },
      "id": "way/101525030"
    },
    {
      "type": "Feature",
      "properties": {
        "@id": "way/101670493",
        "addr:city": "Sunnyvale",
        "addr:country": "US",
        "addr:housenumber": "814",
        "addr:postcode": "94086",
        "addr:street": "West Ahwanee Avenue",
        "amenity": "restaurant",
        "brand": "Denny's",
        "brand:wikidata": "Q1189695",
        "building": "yes",
        "cuisine": "american",
        "name": "Denny's",
        "opening_hours": "Mo-Su 00:00-24:00",
        "operator": "Denny's",
        "phone": "+1 408-747-1449",
        "website": "https://locations.dennys.com/CA/SUNNYVALE/247218",
        "website:menu": "https://www.dennys.com/location/dennys-7218/menu",
        "@geometry": "center"
      },
      "geometry": {
        "type": "Point",
        "coordinates": [
          -122.0277703,
          37.3961431
        ]
      },
      "id": "way/101670493"
    },
    {
      "type": "Feature",
      "properties": {
        "@id": "way/104577476",
        "amenity": "restaurant",
        "brand": "Denny's",
        "brand:wikidata": "Q1189695",
        "building": "yes",
        "cuisine": "american",
        "name": "Denny's",
        "@geometry": "center"
      },
      "geometry": {
        "type": "Point",
        "coordinates": [
          -120.4747263,
          46.562594
        ]
      },
      "id": "way/104577476"
    },
    {
      "type": "Feature",
      "properties": {
        "@id": "way/104907476",
        "amenity": "restaurant",
        "brand": "Denny's",
        "brand:wikidata": "Q1189695",
        "building": "yes",
        "building:levels": "1",
        "cuisine": "american",
        "level": "0",
        "name": "Denny's",
        "outdoor_seating": "no",
        "@geometry": "center"
      },
      "geometry": {
        "type": "Point",
        "coordinates": [
          -117.8365963,
          33.8353131
        ]
      },
      "id": "way/104907476"
    },
    {
      "type": "Feature",
      "properties": {
        "@id": "way/106045829",
        "addr:city": "Madison",
        "addr:housenumber": "1798",
        "addr:postcode": "53704",
        "addr:state": "WI",
        "addr:street": "Thierer Road",
        "amenity": "restaurant",
        "brand": "Denny's",
        "brand:wikidata": "Q1189695",
        "building": "yes",
        "check_date": "2024-08-22",
        "cuisine": "american",
        "name": "Denny's",
        "opening_hours": "Mo-Su 05:00-24:00",
        "phone": "+1 608-241-5061",
        "takeaway": "yes",
        "website": "https://locations.dennys.com/WI/MADISON/248081",
        "@geometry": "center"
      },
      "geometry": {
        "type": "Point",
        "coordinates": [
          -89.3142978,
          43.1231503
        ]
      },
      "id": "way/106045829"
    },
    {
      "type": "Feature",
      "properties": {
        "@id": "way/109428625",
        "addr:city": "Victorville",
        "addr:country": "US",
        "addr:housenumber": "14244",
        "addr:postcode": "92395",
        "addr:state": "CA",
        "addr:street": "Valley Center Drive",
        "amenity": "restaurant",
        "brand": "Denny's",
        "brand:wikidata": "Q1189695",
        "building": "retail",
        "cuisine": "american",
        "microbrewery": "yes",
        "name": "Denny's",
        "@geometry": "center"
      },
      "geometry": {
        "type": "Point",
        "coordinates": [
          -117.3210343,
          34.5094596
        ]
      },
      "id": "way/109428625"
    },
    {
      "type": "Feature",
      "properties": {
        "@id": "way/109689667",
        "addr:city": "San Diego",
        "addr:country": "US",
        "addr:housenumber": "2642",
        "addr:postcode": "92019",
        "addr:state": "CA",
        "addr:street": "Jamacha Road",
        "amenity": "restaurant",
        "brand": "Denny's",
        "brand:wikidata": "Q1189695",
        "building": "yes",
        "cuisine": "american",
        "name": "Denny's",
        "phone": "+1-619-660-3320",
        "source": "SanGIS Addresses Public Domain (http://www.sangis.org/)",
        "website": "https://locations.dennys.com/CA/EL-CAJON/247375",
        "@geometry": "center"
      },
      "geometry": {
        "type": "Point",
        "coordinates": [
          -116.9316144,
          32.7444392
        ]
      },
      "id": "way/109689667"
    },
    {
      "type": "Feature",
      "properties": {
        "@id": "way/110166859",
        "addr:city": "Ramona",
        "addr:housenumber": "1946",
        "addr:postcode": "92065",
        "addr:state": "CA",
        "addr:street": "Main Street",
        "amenity": "restaurant",
        "brand": "Denny's",
        "brand:wikidata": "Q1189695",
        "building": "yes",
        "cuisine": "american",
        "name": "Denny's",
        "@geometry": "center"
      },
      "geometry": {
        "type": "Point",
        "coordinates": [
          -116.8837222,
          33.0323001
        ]
      },
      "id": "way/110166859"
    },
    {
      "type": "Feature",
      "properties": {
        "@id": "way/113472239",
        "addr:city": "Flagstaff",
        "addr:country": "US",
        "addr:housenumber": "2122",
        "addr:postcode": "86001",
        "addr:state": "AZ",
        "addr:street": "South Milton Road",
        "amenity": "restaurant",
        "brand": "Denny's",
        "brand:wikidata": "Q1189695",
        "building": "restaurant",
        "cuisine": "american",
        "name": "Denny's",
        "opening_hours": "24/7",
        "smoking": "outside",
        "@geometry": "center"
      },
      "geometry": {
        "type": "Point",
        "coordinates": [
          -111.660668,
          35.1789295
        ]
      },
      "id": "way/113472239"
    },
    {
      "type": "Feature",
      "properties": {
        "@id": "way/115569962",
        "addr:city": "Phoenix",
        "addr:country": "US",
        "addr:housenumber": "2525",
        "addr:postcode": "85027",
        "addr:state": "AZ",
        "addr:street": "West Deer Valley Road",
        "amenity": "restaurant",
        "brand": "Denny's",
        "brand:wikidata": "Q1189695",
        "building": "retail",
        "building:levels": "1",
        "cuisine": "american",
        "name": "Denny's",
        "smoking": "no",
        "source": "esri/USA_NAD_Addresses",
        "@geometry": "center"
      },
      "geometry": {
        "type": "Point",
        "coordinates": [
          -112.1150398,
          33.6833193
        ]
      },
      "id": "way/115569962"
    },
    {
      "type": "Feature",
      "properties": {
        "@id": "way/116979303",
        "addr:city": "Nashua",
        "addr:housenumber": "34",
        "addr:postcode": "03063",
        "addr:state": "NH",
        "addr:street": "Gusabel Avenue",
        "amenity": "restaurant",
        "brand": "Denny's",
        "brand:wikidata": "Q1189695",
        "building": "yes",
        "building:levels": "1",
        "check_date": "2024-09-10",
        "cuisine": "american",
        "name": "Denny's",
        "opening_hours": "24/7",
        "phone": "+1-603-883-6165",
        "roof:shape": "hipped",
        "website": "https://www.dennys.com/",
        "@geometry": "center"
      },
      "geometry": {
        "type": "Point",
        "coordinates": [
          -71.494368,
          42.7651833
        ]
      },
      "id": "way/116979303"
    },
    {
      "type": "Feature",
      "properties": {
        "@id": "way/117033651",
        "addr:city": "Wilkes-Barre",
        "addr:housenumber": "488",
        "addr:postcode": "18702",
        "addr:state": "PA",
        "addr:street": "Kidder Street",
        "amenity": "restaurant",
        "brand": "Denny's",
        "brand:wikidata": "Q1189695",
        "building": "yes",
        "cuisine": "american",
        "name": "Denny's",
        "@geometry": "center"
      },
      "geometry": {
        "type": "Point",
        "coordinates": [
          -75.8523953,
          41.2512849
        ]
      },
      "id": "way/117033651"
    },
    {
      "type": "Feature",
      "properties": {
        "@id": "way/118125224",
        "addr:housenumber": "14400",
        "addr:postcode": "80011",
        "addr:state": "CO",
        "addr:street": "East 6th Avenue",
        "amenity": "restaurant",
        "brand": "Denny's",
        "brand:wikidata": "Q1189695",
        "building": "retail",
        "cuisine": "american",
        "internet_access": "wlan",
        "internet_access:fee": "no",
        "name": "Denny's",
        "operator": "Denny's",
        "phone": "+1-303-341-1132",
        "website": "https://dennys.com/",
        "@geometry": "center"
      },
      "geometry": {
        "type": "Point",
        "coordinates": [
          -104.8211613,
          39.7252704
        ]
      },
      "id": "way/118125224"
    },
    {
      "type": "Feature",
      "properties": {
        "@id": "way/118276648",
        "addr:city": "Anaheim",
        "addr:housenumber": "1610",
        "addr:postcode": "92802",
        "addr:state": "CA",
        "addr:street": "South Harbor Boulevard",
        "amenity": "restaurant",
        "brand": "Denny's",
        "brand:wikidata": "Q1189695",
        "building": "yes",
        "check_date": "2023-04-17",
        "cuisine": "american",
        "name": "Denny's",
        "opening_hours": "24/7",
        "phone": "+1-714-776-3745",
        "ref": "1509",
        "@geometry": "center"
      },
      "geometry": {
        "type": "Point",
        "coordinates": [
          -117.9148699,
          33.8084699
        ]
      },
      "id": "way/118276648"
    },
    {
      "type": "Feature",
      "properties": {
        "@id": "way/118975441",
        "amenity": "restaurant",
        "brand": "Denny's",
        "brand:wikidata": "Q1189695",
        "building": "yes",
        "cuisine": "american",
        "name": "Denny's",
        "source": "Bing",
        "source:name": "local_knowledge",
        "@geometry": "center"
      },
      "geometry": {
        "type": "Point",
        "coordinates": [
          -117.2817519,
          47.6751962
        ]
      },
      "id": "way/118975441"
    },
    {
      "type": "Feature",
      "properties": {
        "@id": "way/120613388",
        "amenity": "restaurant",
        "brand": "Denny's",
        "brand:wikidata": "Q1189695",
        "building": "yes",
        "cuisine": "american",
        "diet:vegetarian": "yes",
        "name": "Denny's",
        "opening_hours": "24/7; PH open",
        "@geometry": "center"
      },
      "geometry": {
        "type": "Point",
        "coordinates": [
          -88.0203486,
          42.1386606
        ]
      },
      "id": "way/120613388"
    },
    {
      "type": "Feature",
      "properties": {
        "@id": "way/124000502",
        "amenity": "restaurant",
        "brand": "Denny's",
        "brand:wikidata": "Q1189695",
        "building": "yes",
        "cuisine": "american",
        "name": "Denny's",
        "source": "Bing",
        "@geometry": "center"
      },
      "geometry": {
        "type": "Point",
        "coordinates": [
          -105.6236998,
          33.3256522
        ]
      },
      "id": "way/124000502"
    },
    {
      "type": "Feature",
      "properties": {
        "@id": "way/128574764",
        "addr:city": "Schenectady",
        "addr:country": "US",
        "addr:housenumber": "60",
        "addr:postcode": "12308",
        "addr:state": "NY",
        "addr:street": "Nott Terrace",
        "amenity": "restaurant",
        "brand": "Denny's",
        "brand:wikidata": "Q1189695",
        "building": "yes",
        "cuisine": "american",
        "name": "Denny's",
        "@geometry": "center"
      },
      "geometry": {
        "type": "Point",
        "coordinates": [
          -73.93379,
          42.8144151
        ]
      },
      "id": "way/128574764"
    },
    {
      "type": "Feature",
      "properties": {
        "@id": "way/128839011",
        "addr:postcode": "86511",
        "addr:street": "Arizona State Highway 264",
        "amenity": "restaurant",
        "brand": "Denny's",
        "brand:website": "https://www.dennys.com/",
        "brand:wikidata": "Q1189695",
        "building": "yes",
        "cuisine": "american",
        "name": "Denny's",
        "@geometry": "center"
      },
      "geometry": {
        "type": "Point",
        "coordinates": [
          -109.1132029,
          35.6587168
        ]
      },
      "id": "way/128839011"
    },
    {
      "type": "Feature",
      "properties": {
        "@id": "way/129388879",
        "amenity": "restaurant",
        "brand": "Denny's",
        "brand:wikidata": "Q1189695",
        "building": "retail",
        "cuisine": "american",
        "name": "Denny's",
        "wheelchair": "yes",
        "@geometry": "center"
      },
      "geometry": {
        "type": "Point",
        "coordinates": [
          -117.3999368,
          34.5096432
        ]
      },
      "id": "way/129388879"
    },
    {
      "type": "Feature",
      "properties": {
        "@id": "way/130504180",
        "addr:city": "Fort Bragg",
        "addr:housenumber": "901",
        "addr:postcode": "95437",
        "addr:state": "CA",
        "addr:street": "North Main Street",
        "amenity": "restaurant",
        "brand": "Denny's",
        "brand:wikidata": "Q1189695",
        "building": "yes",
        "cuisine": "american",
        "name": "Denny's",
        "opening_hours": "06:00-00:00",
        "phone": "+1 707-964-8287",
        "website": "https://locations.dennys.com/CA/FORT-BRAGG/246703",
        "@geometry": "center"
      },
      "geometry": {
        "type": "Point",
        "coordinates": [
          -123.8061969,
          39.4522331
        ]
      },
      "id": "way/130504180"
    },
    {
      "type": "Feature",
      "properties": {
        "@id": "way/132725210",
        "addr:city": "Redlands",
        "addr:housenumber": "1180",
        "addr:postcode": "92374",
        "addr:state": "CA",
        "addr:street": "Alabama Street",
        "amenity": "restaurant",
        "brand": "Denny's",
        "brand:wikidata": "Q1189695",
        "building": "yes",
        "cuisine": "american",
        "name": "Denny's",
        "@geometry": "center"
      },
      "geometry": {
        "type": "Point",
        "coordinates": [
          -117.2080517,
          34.0681381
        ]
      },
      "id": "way/132725210"
    },
    {
      "type": "Feature",
      "properties": {
        "@id": "way/135838644",
        "addr:country": "US",
        "addr:housenumber": "1776",
        "addr:state": "CA",
        "addr:street": "Powell Street",
        "amenity": "restaurant",
        "brand": "Denny's",
        "brand:wikidata": "Q1189695",
        "building": "yes",
        "cuisine": "american",
        "name": "Denny's",
        "@geometry": "center"
      },
      "geometry": {
        "type": "Point",
        "coordinates": [
          -122.2958809,
          37.838526
        ]
      },
      "id": "way/135838644"
    },
    {
      "type": "Feature",
      "properties": {
        "@id": "way/138516362",
        "addr:city": "Lake Forest",
        "addr:country": "US",
        "addr:housenumber": "23515",
        "addr:postcode": "92630",
        "addr:state": "CA",
        "addr:street": "El Toro Road",
        "air_conditioning": "yes",
        "amenity": "restaurant",
        "bar": "no",
        "brand": "Denny's",
        "brand:wikidata": "Q1189695",
        "building": "retail",
        "check_date": "2026-09-04",
        "check_date:opening_hours": "2026-09-04",
        "contact:tripadvisor": "https://www.tripadvisor.com/Restaurant_Review-g32596-d4435130-Reviews-Denny_s-Lake_Forest_California.html",
        "contact:yelp": "https://www.yelp.com/biz/dennys-lake-forest-2",
        "cuisine": "american",
        "delivery": "yes",
        "delivery:partner": "doordash; grubhub; uber_eats; postmates",
        "description": "Curbside pickup hours: 8 AM to 6 PM, 7 days a week.",
        "height": "4.73",
        "highchair": "10",
        "internet_access": "wlan",
        "internet_access:fee": "no",
        "internet_access:ssid": "Dennys Guest Wifi",
        "level": "0",
        "microbrewery": "no",
        "name": "Denny's",
        "opening_hours": "Mo-Th 05:00-23:59; Fr 00:00-24:00; Sa 00:00-24:00; Su 00:00-24:00",
        "outdoor_seating": "no",
        "payment:american_express": "yes",
        "payment:app": "yes",
        "payment:apple_pay": "yes",
        "payment:cash": "yes",
        "payment:contactless": "yes",
        "payment:diners_club": "yes",
        "payment:discover_card": "yes",
        "payment:google_pay": "yes",
        "payment:jcb": "yes",
        "payment:mastercard": "yes",
        "payment:samsung_pay": "yes",
        "payment:visa": "yes",
        "phone": "+1 949-458-6000",
        "ref": "8177",
        "reservation": "no",
        "smoking": "no",
        "takeaway": "yes",
        "toilets": "yes",
        "toilets:access": "permissive",
        "toilets:wheelchair": "yes",
        "website": "https://locations.dennys.com/CA/LAKE-FOREST/248177",
        "website:menu": "https://www.dennys.com/menu",
        "wheelchair": "yes",
        "@geometry": "center"
      },
      "geometry": {
        "type": "Point",
        "coordinates": [
          -117.7016162,
          33.6201334
        ]
      },
      "id": "way/138516362"
    },
    {
      "type": "Feature",
      "properties": {
        "@id": "way/139462650",
        "addr:housenumber": "7541",
        "addr:street": "Washington Avenue",
        "amenity": "restaurant",
        "brand": "Denny's",
        "brand:wikidata": "Q1189695",
        "building": "yes",
        "cuisine": "american",
        "name": "Denny's",
        "source": "MGC",
        "@geometry": "center"
      },
      "geometry": {
        "type": "Point",
        "coordinates": [
          -88.8427869,
          30.4512738
        ]
      },
      "id": "way/139462650"
    },
    {
      "type": "Feature",
      "properties": {
        "@id": "way/140619610",
        "addr:city": "Orlando",
        "addr:country": "US",
        "addr:housenumber": "9880",
        "addr:postcode": "32819",
        "addr:state": "FL",
        "addr:street": "International Drive",
        "amenity": "restaurant",
        "brand": "Denny's",
        "brand:wikidata": "Q1189695",
        "building": "retail",
        "building:levels": "1",
        "contact:yelp": "https://www.yelp.com/biz/dennys-orlando-14",
        "cuisine": "american",
        "name": "Denny's",
        "opening_hours": "24/7",
        "outdoor_seating": "yes",
        "phone": "+1 407 351 5127",
        "source:addr:housenumber": "Orange County GIS data",
        "store_ref": "1796",
        "website": "https://locations.dennys.com/FL/ORLANDO/201796",
        "@geometry": "center"
      },
      "geometry": {
        "type": "Point",
        "coordinates": [
          -81.4623312,
          28.4249458
        ]
      },
      "id": "way/140619610"
    },
    {
      "type": "Feature",
      "properties": {
        "@id": "way/140789647",
        "addr:city": "Orlando",
        "addr:housenumber": "7660",
        "addr:state": "FL",
        "addr:street": "International Drive",
        "amenity": "restaurant",
        "brand": "Denny's",
        "brand:wikidata": "Q1189695",
        "building": "yes",
        "cuisine": "american",
        "name": "Denny's",
        "source:addr:housenumber": "Orange County GIS data",
        "@geometry": "center"
      },
      "geometry": {
        "type": "Point",
        "coordinates": [
          -81.4712632,
          28.4515138
        ]
      },
      "id": "way/140789647"
    },
    {
      "type": "Feature",
      "properties": {
        "@id": "way/140819256",
        "addr:city": "Orlando",
        "addr:housenumber": "5825",
        "addr:state": "FL",
        "addr:street": "International Drive",
        "amenity": "restaurant",
        "brand": "Denny's",
        "brand:wikidata": "Q1189695",
        "building": "yes",
        "cuisine": "american",
        "name": "Denny's",
        "source:addr:housenumber": "Orange County GIS data",
        "@geometry": "center"
      },
      "geometry": {
        "type": "Point",
        "coordinates": [
          -81.4598194,
          28.4628505
        ]
      },
      "id": "way/140819256"
    },
    {
      "type": "Feature",
      "properties": {
        "@id": "way/141161602",
        "addr:city": "Orlando",
        "addr:housenumber": "11037",
        "addr:state": "FL",
        "addr:street": "International Drive",
        "amenity": "restaurant",
        "brand": "Denny's",
        "brand:wikidata": "Q1189695",
        "building": "yes",
        "cuisine": "american",
        "name": "Denny's",
        "source:addr:housenumber": "Orange County GIS data",
        "@geometry": "center"
      },
      "geometry": {
        "type": "Point",
        "coordinates": [
          -81.4554071,
          28.405437
        ]
      },
      "id": "way/141161602"
    },
    {
      "type": "Feature",
      "properties": {
        "@id": "way/141913423",
        "addr:city": "Escondido",
        "addr:country": "US",
        "addr:housenumber": "510",
        "addr:postcode": "92025",
        "addr:street": "West Mission Avenue",
        "amenity": "restaurant",
        "brand": "Denny's",
        "brand:wikidata": "Q1189695",
        "building": "yes",
        "cuisine": "american",
        "name": "Denny's",
        "opening_hours": "24/7",
        "source": "SanGIS Addresses Public Domain (http://www.sangis.org/)",
        "website": "https://www.dennys.com/",
        "@geometry": "center"
      },
      "geometry": {
        "type": "Point",
        "coordinates": [
          -117.092647,
          33.1285776
        ]
      },
      "id": "way/141913423"
    },
    {
      "type": "Feature",
      "properties": {
        "@id": "way/142324873",
        "addr:city": "San Diego",
        "addr:country": "US",
        "addr:housenumber": "1065",
        "addr:postcode": "92108",
        "addr:street": "Camino del Rio South",
        "amenity": "restaurant",
        "brand": "Denny's",
        "brand:wikidata": "Q1189695",
        "building": "yes",
        "cuisine": "american",
        "name": "Denny's",
        "source": "Bing;SanGIS Addresses Public Domain (http://www.sangis.org/)",
        "@geometry": "center"
      },
      "geometry": {
        "type": "Point",
        "coordinates": [
          -117.1537867,
          32.7641721
        ]
      },
      "id": "way/142324873"
    },
    {
      "type": "Feature",
      "properties": {
        "@id": "way/144058378",
        "amenity": "restaurant",
        "brand": "Denny's",
        "brand:wikidata": "Q1189695",
        "building": "retail",
        "cuisine": "american",
        "name": "Denny's",
        "@geometry": "center"
      },
      "geometry": {
        "type": "Point",
        "coordinates": [
          -88.149534,
          41.5715888
        ]
      },
      "id": "way/144058378"
    },
    {
      "type": "Feature",
      "properties": {
        "@id": "way/147040291",
        "amenity": "restaurant",
        "brand": "Denny's",
        "brand:wikidata": "Q1189695",
        "building": "retail",
        "cuisine": "american",
        "name": "Denny's",
        "@geometry": "center"
      },
      "geometry": {
        "type": "Point",
        "coordinates": [
          -71.4998516,
          41.6832833
        ]
      },
      "id": "way/147040291"
    },
    {
      "type": "Feature",
      "properties": {
        "@id": "way/148534581",
        "addr:housenumber": "2255",
        "addr:postcode": "87901",
        "addr:state": "NM",
        "addr:street": "North Date Street",
        "amenity": "restaurant",
        "brand": "Denny's",
        "brand:wikidata": "Q1189695",
        "building": "yes",
        "cuisine": "american",
        "name": "Denny's",
        "source": "image",
        "@geometry": "center"
      },
      "geometry": {
        "type": "Point",
        "coordinates": [
          -107.2490503,
          33.1559314
        ]
      },
      "id": "way/148534581"
    },
    {
      "type": "Feature",
      "properties": {
        "@id": "node/148855851",
        "amenity": "restaurant",
        "brand": "Denny's",
        "brand:wikidata": "Q1189695",
        "cuisine": "american",
        "name": "Denny's",
        "opening_hours": "24/7"
      },
      "geometry": {
        "type": "Point",
        "coordinates": [
          -122.407916,
          37.6501154
        ]
      },
      "id": "node/148855851"
    },
    {
      "type": "Feature",
      "properties": {
        "@id": "way/149982876",
        "addr:city": "Thornton",
        "addr:housenumber": "350",
        "addr:postcode": "80233",
        "addr:state": "CO",
        "addr:street": "East 104th Avenue",
        "amenity": "restaurant",
        "brand": "Denny's",
        "brand:wikidata": "Q1189695",
        "building": "restaurant",
        "cuisine": "american",
        "name": "Denny's",
        "opening_hours": "24/7",
        "phone": "+1-303-450-9962",
        "website": "https://locations.dennys.com/CO/THORNTON/248719",
        "@geometry": "center"
      },
      "geometry": {
        "type": "Point",
        "coordinates": [
          -104.9827777,
          39.8846699
        ]
      },
      "id": "way/149982876"
    },
    {
      "type": "Feature",
      "properties": {
        "@id": "way/151298176",
        "addr:city": "Scottsdale",
        "addr:country": "US",
        "addr:housenumber": "10340",
        "addr:postcode": "85254",
        "addr:state": "AZ",
        "addr:street": "North Scottsdale Road",
        "amenity": "restaurant",
        "brand": "Denny's",
        "brand:wikidata": "Q1189695",
        "building": "yes",
        "cuisine": "american",
        "name": "Denny's",
        "source": "esri/USA_NAD_Addresses",
        "@geometry": "center"
      },
      "geometry": {
        "type": "Point",
        "coordinates": [
          -111.9264868,
          33.580599
        ]
      },
      "id": "way/151298176"
    },
    {
      "type": "Feature",
      "properties": {
        "@id": "way/151681698",
        "addr:city": "Monterey",
        "addr:housenumber": "2137",
        "addr:postcode": "93940",
        "addr:state": "CA",
        "amenity": "restaurant",
        "brand": "Denny's",
        "brand:wikidata": "Q1189695",
        "building": "yes",
        "cuisine": "american",
        "name": "Denny's",
        "opening_hours": "24/7",
        "@geometry": "center"
      },
      "geometry": {
        "type": "Point",
        "coordinates": [
          -121.8614305,
          36.5965999
        ]
      },
      "id": "way/151681698"
    },
    {
      "type": "Feature",
      "properties": {
        "@id": "way/152304200",
        "amenity": "restaurant",
        "brand": "Denny's",
        "brand:wikidata": "Q1189695",
        "building": "yes",
        "cuisine": "american",
        "name": "Denny's",
        "@geometry": "center"
      },
      "geometry": {
        "type": "Point",
        "coordinates": [
          -121.8929722,
          36.5949644
        ]
      },
      "id": "way/152304200"
    },
    {
      "type": "Feature",
      "properties": {
        "@id": "way/153050421",
        "addr:city": "Phoenix",
        "addr:housenumber": "4120",
        "addr:postcode": "85031",
        "addr:state": "AZ",
        "addr:street": "North 51st Avenue",
        "amenity": "restaurant",
        "brand": "Denny's",
        "brand:wikidata": "Q1189695",
        "building": "yes",
        "cuisine": "american",
        "name": "Denny's",
        "@geometry": "center"
      },
      "geometry": {
        "type": "Point",
        "coordinates": [
          -112.1692743,
          33.4959045
        ]
      },
      "id": "way/153050421"
    },
    {
      "type": "Feature",
      "properties": {
        "@id": "way/153482160",
        "addr:city": "Taylor",
        "addr:housenumber": "20565",
        "addr:postcode": "48180",
        "addr:state": "MI",
        "addr:street": "Eureka Road",
        "amenity": "restaurant",
        "brand": "Denny's",
        "brand:wikidata": "Q1189695",
        "building": "yes",
        "cuisine": "american",
        "name": "Denny's",
        "@geometry": "center"
      },
      "geometry": {
        "type": "Point",
        "coordinates": [
          -83.2355787,
          42.1977859
        ]
      },
      "id": "way/153482160"
    },
    {
      "type": "Feature",
      "properties": {
        "@id": "way/153667111",
        "amenity": "restaurant",
        "brand": "Denny's",
        "brand:wikidata": "Q1189695",
        "building": "retail",
        "cuisine": "american",
        "name": "Denny's",
        "@geometry": "center"
      },
      "geometry": {
        "type": "Point",
        "coordinates": [
          -75.6140885,
          38.327265
        ]
      },
      "id": "way/153667111"
    },
    {
      "type": "Feature",
      "properties": {
        "@id": "way/153864825",
        "addr:city": "Salisbury",
        "addr:housenumber": "405",
        "addr:postcode": "21804",
        "addr:state": "MD",
        "addr:street": "Punkin Court",
        "amenity": "restaurant",
        "brand": "Denny's",
        "brand:wikidata": "Q1189695",
        "building": "yes",
        "cuisine": "american",
        "name": "Denny's",
        "@geometry": "center"
      },
      "geometry": {
        "type": "Point",
        "coordinates": [
          -75.5404544,
          38.3672746
        ]
      },
      "id": "way/153864825"
    },
    {
      "type": "Feature",
      "properties": {
        "@id": "way/157805295",
        "addr:city": "San Jose",
        "addr:country": "US",
        "addr:housenumber": "1390",
        "addr:postcode": "95110",
        "addr:state": "CA",
        "addr:street": "South 1st Street",
        "amenity": "restaurant",
        "brand": "Denny's",
        "brand:wikidata": "Q1189695",
        "building": "yes",
        "cuisine": "american",
        "ele": "36.69",
        "height": "3.15",
        "name": "Denny's",
        "phone": "+1-408-2926217",
        "@geometry": "center"
      },
      "geometry": {
        "type": "Point",
        "coordinates": [
          -121.8738118,
          37.3168299
        ]
      },
      "id": "way/157805295"
    },
    {
      "type": "Feature",
      "properties": {
        "@id": "way/157877512",
        "addr:city": "Parkville",
        "addr:housenumber": "1995",
        "addr:postcode": "21234",
        "addr:state": "MD",
        "addr:street": "East Joppa Road",
        "amenity": "restaurant",
        "brand": "Denny's",
        "brand:wikidata": "Q1189695",
        "building": "yes",
        "check_date": "2023-04-18",
        "cuisine": "american",
        "name": "Denny's",
        "@geometry": "center"
      },
      "geometry": {
        "type": "Point",
        "coordinates": [
          -76.5442371,
          39.3982362
        ]
      },
      "id": "way/157877512"
    },
    {
      "type": "Feature",
      "properties": {
        "@id": "way/158085527",
        "addr:housenumber": "2080",
        "addr:street": "Harbor Boulevard",
        "amenity": "restaurant",
        "brand": "Denny's",
        "brand:wikidata": "Q1189695",
        "building": "yes",
        "building:levels": "1",
        "cuisine": "american",
        "name": "Denny's",
        "opening_hours": "24/7",
        "@geometry": "center"
      },
      "geometry": {
        "type": "Point",
        "coordinates": [
          -117.914622,
          33.7963298
        ]
      },
      "id": "way/158085527"
    },
    {
      "type": "Feature",
      "properties": {
        "@id": "way/158378906",
        "addr:city": "Waukegan",
        "addr:housenumber": "3890",
        "addr:postcode": "60085",
        "addr:street": "Northpoint Boulevard",
        "amenity": "restaurant",
        "brand": "Denny's",
        "brand:wikidata": "Q1189695",
        "building": "yes",
        "cuisine": "american",
        "name": "Denny's",
        "opening_hours": "24/7",
        "@geometry": "center"
      },
      "geometry": {
        "type": "Point",
        "coordinates": [
          -87.8976785,
          42.3464593
        ]
      },
      "id": "way/158378906"
    },
    {
      "type": "Feature",
      "properties": {
        "@id": "way/161507444",
        "amenity": "restaurant",
        "brand": "Denny's",
        "brand:wikidata": "Q1189695",
        "building": "yes",
        "cuisine": "american",
        "name": "Denny's",
        "@geometry": "center"
      },
      "geometry": {
        "type": "Point",
        "coordinates": [
          -121.4149433,
          38.5897222
        ]
      },
      "id": "way/161507444"
    },
    {
      "type": "Feature",
      "properties": {
        "@id": "way/161619477",
        "addr:city": "Hudson",
        "addr:housenumber": "1000",
        "addr:postcode": "54016",
        "addr:street": "Gateway Boulevard",
        "brand": "Denny's",
        "brand:wikidata": "Q1189695",
        "building": "commercial",
        "building:levels": "1",
        "check_date": "2026-09-09",
        "cuisine": "american",
        "disused:amenity": "restaurant",
        "name": "Denny's",
        "opening_hours": "24/7",
        "phone": "+1-715-377-7977",
        "website": "https://locations.dennys.com/WI/HUDSON/247591",
        "@geometry": "center"
      },
      "geometry": {
        "type": "Point",
        "coordinates": [
          -92.7226278,
          44.9587514
        ]
      },
      "id": "way/161619477"
    },
    {
      "type": "Feature",
      "properties": {
        "@id": "way/163128043",
        "addr:city": "Pismo Beach",
        "addr:full": "611 Five Cities Drive",
        "addr:housenumber": "611",
        "addr:postcode": "93449",
        "addr:state": "CA",
        "addr:street": "Five Cities Drive",
        "air_conditioning": "yes",
        "amenity": "restaurant",
        "brand": "Denny's",
        "brand:wikidata": "Q1189695",
        "building": "yes",
        "check_date": "2025-01-01",
        "cuisine": "american",
        "delivery": "no",
        "name": "Denny's",
        "phone": "+1-805-773-1998",
        "takeaway": "yes",
        "toilets": "yes",
        "website": "https://www.dennys.com/",
        "wheelchair": "yes",
        "@geometry": "center"
      },
      "geometry": {
        "type": "Point",
        "coordinates": [
          -120.6213891,
          35.1351548
        ]
      },
      "id": "way/163128043"
    },
    {
      "type": "Feature",
      "properties": {
        "@id": "way/166855148",
        "addr:country": "US",
        "addr:housenumber": "2273",
        "addr:street": "El Camino Real",
        "amenity": "restaurant",
        "brand": "Denny's",
        "brand:wikidata": "Q1189695",
        "building": "yes",
        "cuisine": "american",
        "name": "Denny's",
        "source": "survey;SanGIS Addresses Public Domain (http://www.sangis.org/)",
        "@geometry": "center"
      },
      "geometry": {
        "type": "Point",
        "coordinates": [
          -117.328327,
          33.1835091
        ]
      },
      "id": "way/166855148"
    },
    {
      "type": "Feature",
      "properties": {
        "@id": "way/170293696",
        "amenity": "restaurant",
        "brand": "Denny's",
        "brand:wikidata": "Q1189695",
        "building": "retail",
        "cuisine": "american",
        "name": "Denny's",
        "@geometry": "center"
      },
      "geometry": {
        "type": "Point",
        "coordinates": [
          -158.0923024,
          21.3292759
        ]
      },
      "id": "way/170293696"
    },
    {
      "type": "Feature",
      "properties": {
        "@id": "way/170971043",
        "amenity": "restaurant",
        "brand": "Denny's",
        "brand:wikidata": "Q1189695",
        "building": "yes",
        "cuisine": "american",
        "name": "Denny's",
        "@geometry": "center"
      },
      "geometry": {
        "type": "Point",
        "coordinates": [
          -78.4356192,
          36.3340857
        ]
      },
      "id": "way/170971043"
    },
    {
      "type": "Feature",
      "properties": {
        "@id": "way/171125707",
        "addr:city": "Kansas City",
        "addr:housenumber": "3832",
        "addr:postcode": "64133",
        "addr:state": "MO",
        "addr:street": "Blue Ridge Cutoff",
        "brand": "Denny's",
        "brand:wikidata": "Q1189695",
        "cuisine": "american",
        "demolished:amenity": "restaurant",
        "demolished:building": "yes",
        "name": "Denny's",
        "@geometry": "center"
      },
      "geometry": {
        "type": "Point",
        "coordinates": [
          -94.4744228,
          39.0529022
        ]
      },
      "id": "way/171125707"
    },
    {
      "type": "Feature",
      "properties": {
        "@id": "way/171259506",
        "amenity": "restaurant",
        "brand": "Denny's",
        "brand:wikidata": "Q1189695",
        "building": "yes",
        "cuisine": "american",
        "name": "Denny's",
        "@geometry": "center"
      },
      "geometry": {
        "type": "Point",
        "coordinates": [
          -117.9200632,
          33.7695942
        ]
      },
      "id": "way/171259506"
    },
    {
      "type": "Feature",
      "properties": {
        "@id": "way/171308961",
        "addr:city": "Mesa",
        "addr:housenumber": "10623",
        "addr:state": "AZ",
        "addr:street": "East Apache Trail",
        "amenity": "restaurant",
        "brand": "Denny's",
        "brand:wikidata": "Q1189695",
        "building": "retail",
        "cuisine": "american",
        "name": "Denny's",
        "opening_hours": "24/7",
        "phone": "+1 480 707 2973",
        "website": "https://locations.dennys.com/AZ/APACHE-JUNCTION/248896",
        "@geometry": "center"
      },
      "geometry": {
        "type": "Point",
        "coordinates": [
          -111.6012542,
          33.4147492
        ]
      },
      "id": "way/171308961"
    },
    {
      "type": "Feature",
      "properties": {
        "@id": "way/174018950",
        "addr:city": "North Kansas City",
        "addr:postcode": "64116",
        "addr:state": "MO",
        "amenity": "restaurant",
        "brand": "Denny's",
        "brand:wikidata": "Q1189695",
        "building": "yes",
        "cuisine": "american",
        "name": "Denny's",
        "@geometry": "center"
      },
      "geometry": {
        "type": "Point",
        "coordinates": [
          -94.5585447,
          39.1461017
        ]
      },
      "id": "way/174018950"
    },
    {
      "type": "Feature",
      "properties": {
        "@id": "way/175488276",
        "addr:housenumber": "72415",
        "addr:postcode": "92309",
        "addr:street": "Baker Boulevard",
        "amenity": "restaurant",
        "brand": "Denny's",
        "brand:wikidata": "Q1189695",
        "building": "retail",
        "building:levels": "1",
        "cuisine": "american",
        "internet_access": "wlan",
        "name": "Denny's",
        "opening_hours": "24/7",
        "phone": "+1-760-733-1055",
        "roof:levels": "0",
        "source": "usgs_imagery_1m_NAIP;survey;image",
        "source_ref": "AM909_DSCW4912",
        "website": "http://www.Denny's.com",
        "@geometry": "center"
      },
      "geometry": {
        "type": "Point",
        "coordinates": [
          -116.0683622,
          35.2689619
        ]
      },
      "id": "way/175488276"
    },
    {
      "type": "Feature",
      "properties": {
        "@id": "way/175491177",
        "addr:city": "East Brunswick",
        "addr:housenumber": "752",
        "addr:postcode": "08816",
        "addr:state": "NJ",
        "addr:street": "State Route 18",
        "amenity": "restaurant",
        "brand": "Denny's",
        "brand:wikidata": "Q1189695",
        "building": "yes",
        "check_date": "2024-09-07",
        "cuisine": "american",
        "name": "Denny's",
        "opening_hours": "Mo-We 07:00-22:00; Th-Su 07:00-23:00",
        "phone": "+1 732-238-4337",
        "source": "official website",
        "website": "https://locations.dennys.com/NJ/EAST-BRUNSWICK/248812",
        "@geometry": "center"
      },
      "geometry": {
        "type": "Point",
        "coordinates": [
          -74.3793793,
          40.4254835
        ]
      },
      "id": "way/175491177"
    },
    {
      "type": "Feature",
      "properties": {
        "@id": "way/175846041",
        "addr:housenumber": "155",
        "addr:postcode": "84770",
        "addr:state": "UT",
        "addr:street": "North 1000 East",
        "amenity": "restaurant",
        "brand": "Denny's",
        "brand:wikidata": "Q1189695",
        "building": "yes",
        "building:levels": "1",
        "cuisine": "american",
        "name": "Denny's",
        "opening_hours": "24/7",
        "phone": "+1 435-673-4908",
        "website": "https://www.dennys.com/",
        "@geometry": "center"
      },
      "geometry": {
        "type": "Point",
        "coordinates": [
          -113.5624145,
          37.1108493
        ]
      },
      "id": "way/175846041"
    },
    {
      "type": "Feature",
      "properties": {
        "@id": "way/176553208",
        "amenity": "restaurant",
        "brand": "Denny's",
        "brand:wikidata": "Q1189695",
        "building": "retail",
        "cuisine": "american",
        "name": "Denny's",
        "source": "Bing",
        "source:name": "local_knowledge",
        "@geometry": "center"
      },
      "geometry": {
        "type": "Point",
        "coordinates": [
          -112.201612,
          41.7101775
        ]
      },
      "id": "way/176553208"
    },
    {
      "type": "Feature",
      "properties": {
        "@id": "way/178239028",
        "amenity": "restaurant",
        "brand": "Denny's",
        "brand:wikidata": "Q1189695",
        "building": "yes",
        "building:colour": "#FEFCFF",
        "building:levels": "2",
        "building:material": "plaster",
        "cuisine": "american",
        "height": "8",
        "name": "Denny's",
        "opening_hours": "24/7",
        "roof:colour": "silver",
        "roof:height": "1",
        "roof:material": "concrete",
        "roof:shape": "flat",
        "@geometry": "center"
      },
      "geometry": {
        "type": "Point",
        "coordinates": [
          -158.0335924,
          21.3869937
        ]
      },
      "id": "way/178239028"
    },
    {
      "type": "Feature",
      "properties": {
        "@id": "way/178575880",
        "amenity": "restaurant",
        "brand": "Denny's",
        "brand:wikidata": "Q1189695",
        "building": "yes",
        "cuisine": "american",
        "name": "Denny's",
        "@geometry": "center"
      },
      "geometry": {
        "type": "Point",
        "coordinates": [
          -119.0753586,
          35.4410312
        ]
      },
      "id": "way/178575880"
    },
    {
      "type": "Feature",
      "properties": {
        "@id": "way/179223120",
        "amenity": "restaurant",
        "brand": "Denny's",
        "brand:wikidata": "Q1189695",
        "building": "yes",
        "cuisine": "american",
        "name": "Denny's",
        "@geometry": "center"
      },
      "geometry": {
        "type": "Point",
        "coordinates": [
          -94.4145643,
          39.0489135
        ]
      },
      "id": "way/179223120"
    },
    {
      "type": "Feature",
      "properties": {
        "@id": "way/183960222",
        "addr:city": "Indianapolis",
        "addr:housenumber": "6288",
        "addr:postcode": "46250",
        "addr:state": "IN",
        "addr:street": "East 82nd Street",
        "air_conditioning": "yes",
        "amenity": "restaurant",
        "brand": "Denny's",
        "brand:wikidata": "Q1189695",
        "building": "retail",
        "cuisine": "american",
        "indoor_seating": "yes",
        "name": "Denny's",
        "opening_hours": "24/7",
        "outdoor_seating": "no",
        "smoking": "no",
        "@geometry": "center"
      },
      "geometry": {
        "type": "Point",
        "coordinates": [
          -86.0597352,
          39.9057944
        ]
      },
      "id": "way/183960222"
    },
    {
      "type": "Feature",
      "properties": {
        "@id": "way/184341316",
        "addr:housenumber": "2005",
        "addr:street": "East Katella Avenue",
        "air_conditioning": "yes",
        "amenity": "restaurant",
        "brand": "Denny's",
        "brand:wikidata": "Q1189695",
        "building": "retail",
        "check_date:opening_hours": "2023-03-12",
        "cuisine": "american",
        "diet:vegan": "yes",
        "diet:vegetarian": "yes",
        "indoor_seating": "yes",
        "name": "Denny's",
        "opening_hours": "24/7",
        "outdoor_seating": "yes",
        "smoking": "no",
        "@geometry": "center"
      },
      "geometry": {
        "type": "Point",
        "coordinates": [
          -117.888837,
          33.8038453
        ]
      },
      "id": "way/184341316"
    },
    {
      "type": "Feature",
      "properties": {
        "@id": "way/185699213",
        "addr:city": "Orange",
        "addr:housenumber": "3000",
        "addr:postcode": "92868",
        "addr:street": "Chapman Avenue",
        "brand": "Denny's",
        "brand:wikidata": "Q1189695",
        "cuisine": "american",
        "delivery": "yes",
        "demolished:building": "yes",
        "disused:amenity": "restaurant",
        "name": "Denny's",
        "opening_hours": "24/7",
        "outdoor_seating": "no",
        "phone": "+1-714-634-0161",
        "ref": "7986",
        "source": "CA",
        "takeaway": "yes",
        "website": "https://locations.dennys.com/CA/ORANGE/247986",
        "@geometry": "center"
      },
      "geometry": {
        "type": "Point",
        "coordinates": [
          -117.8840992,
          33.7871071
        ]
      },
      "id": "way/185699213"
    },
    {
      "type": "Feature",
      "properties": {
        "@id": "way/186983462",
        "amenity": "restaurant",
        "brand": "Denny's",
        "brand:wikidata": "Q1189695",
        "building": "yes",
        "cuisine": "american",
        "name": "Denny's",
        "@geometry": "center"
      },
      "geometry": {
        "type": "Point",
        "coordinates": [
          -112.4872084,
          34.5636962
        ]
      },
      "id": "way/186983462"
    },
    {
      "type": "Feature",
      "properties": {
        "@id": "way/189149259",
        "amenity": "restaurant",
        "brand": "Denny's",
        "brand:wikidata": "Q1189695",
        "building": "yes",
        "building:levels": "1",
        "cuisine": "american",
        "delivery": "no",
        "height": "15.55",
        "name": "Denny's",
        "outdoor_seating": "no",
        "smoking": "no",
        "takeaway": "no",
        "@geometry": "center"
      },
      "geometry": {
        "type": "Point",
        "coordinates": [
          -82.6790246,
          27.8170734
        ]
      },
      "id": "way/189149259"
    },
    {
      "type": "Feature",
      "properties": {
        "@id": "way/190759022",
        "addr:city": "Bakersfield",
        "addr:housenumber": "8011",
        "addr:postcode": "93307",
        "addr:street": "East Brundage Lane",
        "air_conditioning": "yes",
        "amenity": "restaurant",
        "attribution": "Bakersfield_GIS",
        "bak:fac_type1": "COMMERCIAL",
        "bak:fac_type2": "COMMERCIAL",
        "brand": "Denny's",
        "brand:wikidata": "Q1189695",
        "building": "yes",
        "cuisine": "american",
        "name": "Denny's",
        "opening_hours": "24/7",
        "source": "http://www.bakersfieldcity.us/gis/downloads/gis_spatial_data.htm",
        "@geometry": "center"
      },
      "geometry": {
        "type": "Point",
        "coordinates": [
          -118.9150962,
          35.3540718
        ]
      },
      "id": "way/190759022"
    },
    {
      "type": "Feature",
      "properties": {
        "@id": "way/192027139",
        "addr:city": "Aurora",
        "addr:housenumber": "1505",
        "addr:postcode": "80012",
        "addr:state": "CO",
        "addr:street": "South Havana Street",
        "amenity": "restaurant",
        "brand": "Denny's",
        "brand:wikidata": "Q1189695",
        "building": "retail",
        "cuisine": "american",
        "name": "Denny's",
        "phone": "+1-303-750-6425",
        "source": "Bing",
        "website": "https://dennys.com/",
        "@geometry": "center"
      },
      "geometry": {
        "type": "Point",
        "coordinates": [
          -104.8664717,
          39.6890112
        ]
      },
      "id": "way/192027139"
    },
    {
      "type": "Feature",
      "properties": {
        "@id": "way/192884615",
        "amenity": "restaurant",
        "brand": "Denny's",
        "brand:wikidata": "Q1189695",
        "building": "retail",
        "cuisine": "american",
        "name": "Denny's",
        "@geometry": "center"
      },
      "geometry": {
        "type": "Point",
        "coordinates": [
          -104.2363891,
          32.4360221
        ]
      },
      "id": "way/192884615"
    },
    {
      "type": "Feature",
      "properties": {
        "@id": "way/193920609",
        "amenity": "restaurant",
        "brand": "Denny's",
        "brand:wikidata": "Q1189695",
        "building": "yes",
        "cuisine": "american",
        "name": "Denny's",
        "@geometry": "center"
      },
      "geometry": {
        "type": "Point",
        "coordinates": [
          -76.0612397,
          38.5581719
        ]
      },
      "id": "way/193920609"
    },
    {
      "type": "Feature",
      "properties": {
        "@id": "way/197032185",
        "addr:city": "Topeka",
        "addr:housenumber": "3210",
        "addr:postcode": "66611",
        "addr:street": "Southwest Topeka Boulevard",
        "amenity": "restaurant",
        "brand": "Denny's",
        "brand:wikidata": "Q1189695",
        "building": "yes",
        "cuisine": "american",
        "name": "Denny's",
        "@geometry": "center"
      },
      "geometry": {
        "type": "Point",
        "coordinates": [
          -95.6870486,
          39.0103041
        ]
      },
      "id": "way/197032185"
    },
    {
      "type": "Feature",
      "properties": {
        "@id": "way/197371511",
        "addr:city": "Oakbrook Terrace",
        "addr:country": "US",
        "addr:housenumber": "17W660",
        "addr:postcode": "60181",
        "addr:state": "IL",
        "addr:street": "22nd Street",
        "amenity": "restaurant",
        "brand": "Denny's",
        "brand:wikidata": "Q1189695",
        "building": "retail",
        "cuisine": "american",
        "name": "Denny's",
        "@geometry": "center"
      },
      "geometry": {
        "type": "Point",
        "coordinates": [
          -87.9744587,
          41.8467722
        ]
      },
      "id": "way/197371511"
    },
    {
      "type": "Feature",
      "properties": {
        "@id": "way/199460933",
        "amenity": "restaurant",
        "brand": "Denny's",
        "brand:wikidata": "Q1189695",
        "building": "yes",
        "cuisine": "american",
        "name": "Denny's",
        "wheelchair": "limited",
        "@geometry": "center"
      },
      "geometry": {
        "type": "Point",
        "coordinates": [
          -121.5020465,
          38.5831275
        ]
      },
      "id": "way/199460933"
    },
    {
      "type": "Feature",
      "properties": {
        "@id": "way/199759048",
        "amenity": "restaurant",
        "brand": "Denny's",
        "brand:wikidata": "Q1189695",
        "building": "yes",
        "cuisine": "american",
        "name": "Denny's",
        "source:name": "local_knowledge",
        "@geometry": "center"
      },
      "geometry": {
        "type": "Point",
        "coordinates": [
          -89.6724178,
          39.1755229
        ]
      },
      "id": "way/199759048"
    },
    {
      "type": "Feature",
      "properties": {
        "@id": "way/201713476",
        "addr:city": "Tumwater",
        "addr:housenumber": "600",
        "addr:postcode": "98512",
        "addr:state": "WA",
        "addr:street": "Trosper Road Southwest",
        "amenity": "restaurant",
        "brand": "Denny's",
        "brand:wikidata": "Q1189695",
        "building": "yes",
        "cuisine": "american",
        "name": "Denny's",
        "old_name": "Nickelby's",
        "source": "esri_USDOT_ThurstonWA",
        "@geometry": "center"
      },
      "geometry": {
        "type": "Point",
        "coordinates": [
          -122.9145122,
          47.0006184
        ]
      },
      "id": "way/201713476"
    },
    {
      "type": "Feature",
      "properties": {
        "@id": "way/202054594",
        "addr:city": "Phoenix",
        "addr:country": "US",
        "addr:housenumber": "2717",
        "addr:postcode": "85053",
        "addr:state": "AZ",
        "addr:street": "West Bell Road",
        "amenity": "restaurant",
        "brand": "Denny's",
        "brand:wikidata": "Q1189695",
        "building": "yes",
        "building:levels": "1",
        "cuisine": "american",
        "name": "Denny's",
        "opening_hours": "24/7",
        "@geometry": "center"
      },
      "geometry": {
        "type": "Point",
        "coordinates": [
          -112.1190208,
          33.6394886
        ]
      },
      "id": "way/202054594"
    },
    {
      "type": "Feature",
      "properties": {
        "@id": "way/202234991",
        "addr:city": "Aberdeen",
        "addr:housenumber": "418",
        "addr:postcode": "98520",
        "addr:state": "WA",
        "addr:street": "West Heron Street",
        "amenity": "restaurant",
        "brand": "Denny's",
        "brand:wikidata": "Q1189695",
        "building": "yes",
        "building:levels": "1",
        "cuisine": "american",
        "delivery": "no",
        "name": "Denny's",
        "opening_hours": "Th-Mo 00:00-24:00; Tu-We 06:00-00:00",
        "outdoor_seating": "no",
        "phone": "+1-360-637-9584",
        "smoking": "no",
        "takeaway": "yes",
        "website": "https://locations.dennys.com/WA/ABERDEEN/248855",
        "@geometry": "center"
      },
      "geometry": {
        "type": "Point",
        "coordinates": [
          -123.8217562,
          46.9713263
        ]
      },
      "id": "way/202234991"
    },
    {
      "type": "Feature",
      "properties": {
        "@id": "way/205717434",
        "amenity": "restaurant",
        "brand": "Denny's",
        "brand:wikidata": "Q1189695",
        "building": "retail",
        "cuisine": "american",
        "name": "Denny's",
        "@geometry": "center"
      },
      "geometry": {
        "type": "Point",
        "coordinates": [
          -104.7581878,
          38.837694
        ]
      },
      "id": "way/205717434"
    },
    {
      "type": "Feature",
      "properties": {
        "@id": "way/206477775",
        "addr:city": "Merritt Island",
        "addr:housenumber": "75",
        "addr:postcode": "32952",
        "addr:state": "FL",
        "addr:street": "East Merritt Island Causeway",
        "brand": "Denny's",
        "brand:wikidata": "Q1189695",
        "building": "yes",
        "check_date": "2026-04-05",
        "cuisine": "american",
        "disused:amenity": "restaurant",
        "name": "Denny's",
        "phone": "+1-321-453-3050",
        "@geometry": "center"
      },
      "geometry": {
        "type": "Point",
        "coordinates": [
          -80.698666,
          28.3565505
        ]
      },
      "id": "way/206477775"
    },
    {
      "type": "Feature",
      "properties": {
        "@id": "way/206793191",
        "addr:city": "Los Lunas",
        "addr:housenumber": "1875",
        "addr:postcode": "87031",
        "addr:state": "NM",
        "addr:street": "Emilio Lopez Loop",
        "amenity": "restaurant",
        "brand": "Denny's",
        "brand:wikidata": "Q1189695",
        "building": "yes",
        "check_date:currency:XBT": "2026-03-06",
        "contact:facebook": "https://www.facebook.com/DennysLosLunasEmilioLopezLoop/",
        "contact:instagram": "https://instagram.com/dennysdiner/",
        "cuisine": "american",
        "currency:XBT": "yes",
        "name": "Denny's",
        "opening_hours": "24/7",
        "payment:lightning": "yes",
        "payment:lightning_contactless": "no",
        "payment:onchain": "yes",
        "phone": "+1-505-866-0751",
        "website": "https://locations.dennys.com/NM/LOS-LUNAS/247885",
        "@geometry": "center"
      },
      "geometry": {
        "type": "Point",
        "coordinates": [
          -106.75792,
          34.8144072
        ]
      },
      "id": "way/206793191"
    },
    {
      "type": "Feature",
      "properties": {
        "@id": "way/206897176",
        "amenity": "restaurant",
        "brand": "Denny's",
        "brand:wikidata": "Q1189695",
        "building": "retail",
        "cuisine": "american",
        "name": "Denny's",
        "source": "Bing",
        "source:name": "local_knowledge",
        "@geometry": "center"
      },
      "geometry": {
        "type": "Point",
        "coordinates": [
          -94.4795428,
          37.049133
        ]
      },
      "id": "way/206897176"
    },
    {
      "type": "Feature",
      "properties": {
        "@id": "way/207553015",
        "addr:city": "Norridge",
        "addr:housenumber": "4609",
        "addr:postcode": "60706",
        "addr:state": "IL",
        "addr:street": "North Harlem Avenue",
        "amenity": "restaurant",
        "branch": "Norridge",
        "brand": "Denny's",
        "brand:wikidata": "Q1189695",
        "building": "retail",
        "cuisine": "american",
        "name": "Denny's",
        "website": "https://locations.dennys.com/IL/NORRIDGE/248822",
        "@geometry": "center"
      },
      "geometry": {
        "type": "Point",
        "coordinates": [
          -87.8068456,
          41.9643251
        ]
      },
      "id": "way/207553015"
    },
    {
      "type": "Feature",
      "properties": {
        "@id": "way/208643455",
        "amenity": "restaurant",
        "brand": "Denny's",
        "brand:wikidata": "Q1189695",
        "building": "yes",
        "cuisine": "american",
        "lacounty:ain": "3005038031",
        "lacounty:bld_id": "PLM21578",
        "name": "Denny's",
        "start_date": "1999",
        "@geometry": "center"
      },
      "geometry": {
        "type": "Point",
        "coordinates": [
          -118.153375,
          34.6022498
        ]
      },
      "id": "way/208643455"
    },
    {
      "type": "Feature",
      "properties": {
        "@id": "way/210242895",
        "addr:city": "Orlando",
        "addr:housenumber": "8076",
        "addr:postcode": "32809",
        "addr:state": "FL",
        "addr:street": "South Orange Avenue",
        "amenity": "restaurant",
        "brand": "Denny's",
        "brand:wikidata": "Q1189695",
        "building": "yes",
        "cuisine": "american",
        "name": "Denny's",
        "opening_hours": "24/7",
        "phone": "+1-407-857-3449",
        "website": "https://locations.dennys.com/FL/ORLANDO/247954",
        "@geometry": "center"
      },
      "geometry": {
        "type": "Point",
        "coordinates": [
          -81.3645491,
          28.4520417
        ]
      },
      "id": "way/210242895"
    },
    {
      "type": "Feature",
      "properties": {
        "@id": "way/210898739",
        "amenity": "restaurant",
        "brand": "Denny's",
        "brand:wikidata": "Q1189695",
        "building": "retail",
        "cuisine": "american",
        "name": "Denny's",
        "source": "Bing",
        "source:name": "local_knowledge",
        "@geometry": "center"
      },
      "geometry": {
        "type": "Point",
        "coordinates": [
          -122.235934,
          47.8816188
        ]
      },
      "id": "way/210898739"
    },
    {
      "type": "Feature",
      "properties": {
        "@id": "way/213588210",
        "amenity": "restaurant",
        "brand": "Denny's",
        "brand:wikidata": "Q1189695",
        "building": "retail",
        "cuisine": "american",
        "name": "Denny's",
        "source": "Bing",
        "@geometry": "center"
      },
      "geometry": {
        "type": "Point",
        "coordinates": [
          -78.1397963,
          39.2171908
        ]
      },
      "id": "way/213588210"
    },
    {
      "type": "Feature",
      "properties": {
        "@id": "way/213623468",
        "addr:housenumber": "2173",
        "addr:street": "Northampton Street",
        "amenity": "restaurant",
        "brand": "Denny's",
        "brand:wikidata": "Q1189695",
        "building": "yes",
        "cuisine": "american",
        "name": "Denny's",
        "@geometry": "center"
      },
      "geometry": {
        "type": "Point",
        "coordinates": [
          -72.6305528,
          42.187848
        ]
      },
      "id": "way/213623468"
    },
    {
      "type": "Feature",
      "properties": {
        "@id": "way/213740017",
        "addr:city": "Leominster",
        "addr:housenumber": "38",
        "addr:postcode": "01453",
        "addr:state": "MA",
        "addr:street": "Commercial Road",
        "amenity": "restaurant",
        "brand": "Denny's",
        "brand:wikidata": "Q1189695",
        "building": "yes",
        "cuisine": "american",
        "name": "Denny's",
        "@geometry": "center"
      },
      "geometry": {
        "type": "Point",
        "coordinates": [
          -71.7417254,
          42.5340698
        ]
      },
      "id": "way/213740017"
    },
    {
      "type": "Feature",
      "properties": {
        "@id": "way/214799834",
        "addr:city": "Effingham",
        "addr:housenumber": "1307",
        "addr:postcode": "62401",
        "addr:state": "IL",
        "addr:street": "North Keller Drive",
        "amenity": "restaurant",
        "brand": "Denny's",
        "brand:wikidata": "Q1189695",
        "building": "retail",
        "check_date": "2025-04-01",
        "cuisine": "american",
        "name": "Denny's",
        "opening_hours": "24/7",
        "phone": "+1-217-342-4543",
        "source": "Bing",
        "source:name": "local_knowledge",
        "website": "https://locations.dennys.com/IL/EFFINGHAM/246486",
        "@geometry": "center"
      },
      "geometry": {
        "type": "Point",
        "coordinates": [
          -88.5672179,
          39.1395457
        ]
      },
      "id": "way/214799834"
    },
    {
      "type": "Feature",
      "properties": {
        "@id": "way/215967206",
        "addr:city": "Burnsville",
        "addr:housenumber": "12950",
        "addr:postcode": "55337",
        "addr:state": "MN",
        "addr:street": "Aldrich Avenue South",
        "amenity": "restaurant",
        "brand": "Denny's",
        "brand:wikidata": "Q1189695",
        "building": "yes",
        "cuisine": "american",
        "name": "Denny's",
        "opening_hours": "24/7",
        "website": "https://locations.dennys.com/mn/burnsville/248895",
        "@geometry": "center"
      },
      "geometry": {
        "type": "Point",
        "coordinates": [
          -93.290832,
          44.7686849
        ]
      },
      "id": "way/215967206"
    },
    {
      "type": "Feature",
      "properties": {
        "@id": "way/216697990",
        "amenity": "restaurant",
        "bar": "no",
        "brand": "Denny's",
        "brand:wikidata": "Q1189695",
        "building": "yes",
        "check_date": "2026-06-28",
        "cuisine": "american",
        "ele": "92.0",
        "height": "7.0",
        "lacounty:ain": "5409022905",
        "lacounty:bld_id": "491452842303",
        "name": "Denny's",
        "opening_hours": "24/7",
        "outdoor_seating": "yes",
        "reservation": "no",
        "smoking": "no",
        "takeaway": "yes",
        "toilets": "yes",
        "wheelchair": "yes",
        "@geometry": "center"
      },
      "geometry": {
        "type": "Point",
        "coordinates": [
          -118.2318138,
          34.0545072
        ]
      },
      "id": "way/216697990"
    },
    {
      "type": "Feature",
      "properties": {
        "@id": "way/217272711",
        "addr:city": "Page",
        "addr:country": "US",
        "addr:housenumber": "669",
        "addr:postcode": "86040",
        "addr:state": "AZ",
        "addr:street": "Scenic View Road",
        "amenity": "restaurant",
        "brand": "Denny's",
        "brand:wikidata": "Q1189695",
        "building": "yes",
        "cuisine": "american",
        "name": "Denny's",
        "opening_hours": "24/7",
        "phone": "+1 928 645 3999",
        "website": "https://www.dennys.com/",
        "@geometry": "center"
      },
      "geometry": {
        "type": "Point",
        "coordinates": [
          -111.4726262,
          36.9233238
        ]
      },
      "id": "way/217272711"
    },
    {
      "type": "Feature",
      "properties": {
        "@id": "way/217598804",
        "addr:city": "Yorba Linda",
        "addr:housenumber": "22611",
        "addr:postcode": "92887",
        "addr:state": "CA",
        "addr:street": "Oakcrest Circle",
        "amenity": "restaurant",
        "brand": "Denny's",
        "brand:wikidata": "Q1189695",
        "building": "commercial",
        "cuisine": "american",
        "name": "Denny's",
        "opening_hours": "24/7",
        "outdoor_seating": "no",
        "website": "https://locations.dennys.com/CA/YORBA-LINDA/246418",
        "@geometry": "center"
      },
      "geometry": {
        "type": "Point",
        "coordinates": [
          -117.7441039,
          33.8726433
        ]
      },
      "id": "way/217598804"
    },
    {
      "type": "Feature",
      "properties": {
        "@id": "way/220079782",
        "addr:city": "Selinsgrove",
        "addr:housenumber": "973",
        "addr:postcode": "17870",
        "addr:state": "PA",
        "addr:street": "North Susquehanna Trail",
        "amenity": "restaurant",
        "brand": "Denny's",
        "brand:wikidata": "Q1189695",
        "building": "yes",
        "check_date": "2025-07-14",
        "cuisine": "american",
        "name": "Denny's",
        "opening_hours": "05:00-24:00",
        "phone": "+1 570-374-6646",
        "takeaway": "yes",
        "website": "https://locations.dennys.com/PA/SELINSGROVE/248199",
        "@geometry": "center"
      },
      "geometry": {
        "type": "Point",
        "coordinates": [
          -76.8474816,
          40.8241082
        ]
      },
      "id": "way/220079782"
    },
    {
      "type": "Feature",
      "properties": {
        "@id": "way/220087766",
        "addr:city": "Alamogordo",
        "addr:housenumber": "806",
        "addr:postcode": "88310",
        "addr:state": "NM",
        "addr:street": "South While Sands Boulevard",
        "amenity": "restaurant",
        "brand": "Denny's",
        "brand:wikidata": "Q1189695",
        "building": "commercial",
        "contact:phone": "+1-575-437-6106",
        "contact:website": "http://www.dennys.com/",
        "cuisine": "american",
        "name": "Denny's",
        "opening_hours": "24/7",
        "source": "https://locations.dennys.com/NM/ALAMOGORDO/247972",
        "@geometry": "center"
      },
      "geometry": {
        "type": "Point",
        "coordinates": [
          -105.9609187,
          32.8822705
        ]
      },
      "id": "way/220087766"
    },
    {
      "type": "Feature",
      "properties": {
        "@id": "way/220526618",
        "addr:city": "Dallas",
        "addr:housenumber": "13689",
        "addr:postcode": "75243",
        "addr:state": "TX",
        "addr:street": "North Central Expressway",
        "amenity": "restaurant",
        "brand": "Denny's",
        "brand:wikidata": "Q1189695",
        "building": "yes",
        "cuisine": "american",
        "name": "Denny's",
        "opening_hours": "24/7",
        "phone": "+1-972-783-1205",
        "website": "https://locations.dennys.com/TX/DALLAS/247882",
        "@geometry": "center"
      },
      "geometry": {
        "type": "Point",
        "coordinates": [
          -96.7533267,
          32.9351976
        ]
      },
      "id": "way/220526618"
    },
    {
      "type": "Feature",
      "properties": {
        "@id": "way/220685120",
        "addr:city": "Indianapolis",
        "addr:housenumber": "2490",
        "addr:postcode": "46219",
        "addr:state": "IN",
        "addr:street": "North Post Road",
        "amenity": "restaurant",
        "brand": "Denny's",
        "brand:wikidata": "Q1189695",
        "building": "yes",
        "cuisine": "american",
        "name": "Denny's",
        "@geometry": "center"
      },
      "geometry": {
        "type": "Point",
        "coordinates": [
          -86.0113466,
          39.803443
        ]
      },
      "id": "way/220685120"
    },
    {
      "type": "Feature",
      "properties": {
        "@id": "way/220935979",
        "amenity": "restaurant",
        "brand": "Denny's",
        "brand:wikidata": "Q1189695",
        "building": "yes",
        "cuisine": "american",
        "name": "Denny's",
        "source": "Bing",
        "@geometry": "center"
      },
      "geometry": {
        "type": "Point",
        "coordinates": [
          -88.0775742,
          44.470758
        ]
      },
      "id": "way/220935979"
    },
    {
      "type": "Feature",
      "properties": {
        "@id": "way/222360885",
        "addr:city": "North Miami",
        "addr:housenumber": "12105",
        "addr:postcode": "33181",
        "addr:state": "FL",
        "addr:street": "Biscayne Boulevard",
        "amenity": "restaurant",
        "brand": "Denny's",
        "brand:wikidata": "Q1189695",
        "building": "yes",
        "cuisine": "american",
        "name": "Denny's",
        "@geometry": "center"
      },
      "geometry": {
        "type": "Point",
        "coordinates": [
          -80.1638852,
          25.8879175
        ]
      },
      "id": "way/222360885"
    },
    {
      "type": "Feature",
      "properties": {
        "@id": "way/222585359",
        "amenity": "restaurant",
        "brand": "Denny's",
        "brand:wikidata": "Q1189695",
        "building": "retail",
        "cuisine": "american",
        "name": "Denny's",
        "@geometry": "center"
      },
      "geometry": {
        "type": "Point",
        "coordinates": [
          -106.5856127,
          35.1605568
        ]
      },
      "id": "way/222585359"
    },
    {
      "type": "Feature",
      "properties": {
        "@id": "way/222939396",
        "addr:city": "Mount Vernon",
        "addr:housenumber": "100",
        "addr:postcode": "98273",
        "addr:street": "East College Way",
        "amenity": "restaurant",
        "brand": "Denny's",
        "brand:wikidata": "Q1189695",
        "building": "yes",
        "building:levels": "1",
        "cuisine": "american",
        "name": "Denny's",
        "opening_hours": "Mo-Su 07:00-22:00",
        "phone": "+1-360-424-7500",
        "roof:shape": "quadruple_saltbox",
        "website": "https://dennys.com",
        "@geometry": "center"
      },
      "geometry": {
        "type": "Point",
        "coordinates": [
          -122.33931,
          48.4354336
        ]
      },
      "id": "way/222939396"
    },
    {
      "type": "Feature",
      "properties": {
        "@id": "way/223283421",
        "addr:city": "Concord",
        "addr:housenumber": "1313",
        "addr:postcode": "94520",
        "addr:street": "Willow Pass Road",
        "amenity": "restaurant",
        "brand": "Denny's",
        "brand:wikidata": "Q1189695",
        "building": "yes",
        "cuisine": "american",
        "name": "Denny's",
        "phone": "+1 925 798 4040",
        "@geometry": "center"
      },
      "geometry": {
        "type": "Point",
        "coordinates": [
          -122.0523881,
          37.9690469
        ]
      },
      "id": "way/223283421"
    },
    {
      "type": "Feature",
      "properties": {
        "@id": "way/223487413",
        "amenity": "restaurant",
        "brand": "Denny's",
        "brand:wikidata": "Q1189695",
        "building": "yes",
        "check_date": "2026-05-20",
        "cuisine": "american",
        "name": "Denny's",
        "@geometry": "center"
      },
      "geometry": {
        "type": "Point",
        "coordinates": [
          -87.5519056,
          38.1752149
        ]
      },
      "id": "way/223487413"
    },
    {
      "type": "Feature",
      "properties": {
        "@id": "way/223615013",
        "addr:city": "Phoenix",
        "addr:country": "US",
        "addr:housenumber": "3456",
        "addr:postcode": "85017",
        "addr:state": "AZ",
        "addr:street": "West Bethany Home Road",
        "amenity": "restaurant",
        "brand": "Denny's",
        "brand:wikidata": "Q1189695",
        "building": "yes",
        "building:levels": "1",
        "cuisine": "american",
        "delivery": "no",
        "name": "Denny's",
        "smoking": "no",
        "source": "esri/USA_NAD_Addresses",
        "takeaway": "yes",
        "@geometry": "center"
      },
      "geometry": {
        "type": "Point",
        "coordinates": [
          -112.1338353,
          33.5243496
        ]
      },
      "id": "way/223615013"
    },
    {
      "type": "Feature",
      "properties": {
        "@id": "way/224009431",
        "addr:city": "Tempe",
        "addr:housenumber": "1343",
        "addr:postcode": "85282",
        "addr:state": "AZ",
        "addr:street": "West Broadway Road",
        "amenity": "restaurant",
        "brand": "Denny's",
        "brand:wikidata": "Q1189695",
        "building": "yes",
        "cuisine": "american",
        "name": "Denny's",
        "source": "esri/USA_NAD_Addresses",
        "@geometry": "center"
      },
      "geometry": {
        "type": "Point",
        "coordinates": [
          -111.9597787,
          33.4071059
        ]
      },
      "id": "way/224009431"
    },
    {
      "type": "Feature",
      "properties": {
        "@id": "way/224056196",
        "amenity": "restaurant",
        "brand": "Denny's",
        "brand:wikidata": "Q1189695",
        "building": "yes",
        "building:units": "1",
        "cuisine": "american",
        "ele": "15.6",
        "height": "4.5",
        "lacounty:ain": "7060025025",
        "lacounty:bld_id": "535513761172",
        "name": "Denny's",
        "start_date": "1984",
        "@geometry": "center"
      },
      "geometry": {
        "type": "Point",
        "coordinates": [
          -118.0861175,
          33.8317705
        ]
      },
      "id": "way/224056196"
    },
    {
      "type": "Feature",
      "properties": {
        "@id": "way/224762141",
        "amenity": "restaurant",
        "brand": "Denny's",
        "brand:wikidata": "Q1189695",
        "building": "yes",
        "cuisine": "american",
        "name": "Denny's",
        "@geometry": "center"
      },
      "geometry": {
        "type": "Point",
        "coordinates": [
          -119.2748495,
          46.2861512
        ]
      },
      "id": "way/224762141"
    },
    {
      "type": "Feature",
      "properties": {
        "@id": "way/226666960",
        "amenity": "restaurant",
        "brand": "Denny's",
        "brand:wikidata": "Q1189695",
        "building": "yes",
        "cuisine": "american",
        "name": "Denny's",
        "@geometry": "center"
      },
      "geometry": {
        "type": "Point",
        "coordinates": [
          -81.2144363,
          29.5551481
        ]
      },
      "id": "way/226666960"
    },
    {
      "type": "Feature",
      "properties": {
        "@id": "way/227729701",
        "amenity": "restaurant",
        "brand": "Denny's",
        "brand:wikidata": "Q1189695",
        "building": "yes",
        "cuisine": "american",
        "name": "Denny's",
        "source": "Bing",
        "@geometry": "center"
      },
      "geometry": {
        "type": "Point",
        "coordinates": [
          -113.5830776,
          37.0874426
        ]
      },
      "id": "way/227729701"
    },
    {
      "type": "Feature",
      "properties": {
        "@id": "way/228465371",
        "addr:city": "Willowbrook",
        "addr:housenumber": "7737",
        "addr:postcode": "60527",
        "addr:state": "IL",
        "addr:street": "Kingery Highway",
        "air_conditioning": "yes",
        "amenity": "restaurant",
        "bar": "no",
        "brand": "Denny's",
        "brand:wikidata": "Q1189695",
        "building": "retail",
        "check_date": "2025-04-02",
        "cuisine": "american",
        "name": "Denny's",
        "opening_hours": "24/7",
        "outdoor_seating": "no",
        "toilets": "yes",
        "@geometry": "center"
      },
      "geometry": {
        "type": "Point",
        "coordinates": [
          -87.9433724,
          41.7482236
        ]
      },
      "id": "way/228465371"
    },
    {
      "type": "Feature",
      "properties": {
        "@id": "way/228727883",
        "addr:city": "Costa Mesa",
        "addr:housenumber": "3170",
        "addr:postcode": "92626",
        "addr:state": "CA",
        "addr:street": "Harbor Boulevard",
        "amenity": "restaurant",
        "brand": "Denny's",
        "brand:wikidata": "Q1189695",
        "building": "yes",
        "check_date": "2026-07-08",
        "cuisine": "american",
        "height": "3.91",
        "name": "Denny's",
        "@geometry": "center"
      },
      "geometry": {
        "type": "Point",
        "coordinates": [
          -117.9190463,
          33.6863521
        ]
      },
      "id": "way/228727883"
    },
    {
      "type": "Feature",
      "properties": {
        "@id": "way/228735059",
        "amenity": "restaurant",
        "brand": "Denny's",
        "brand:wikidata": "Q1189695",
        "building": "retail",
        "building:levels": "1",
        "cuisine": "american",
        "name": "Denny's",
        "name:en": "Denny's",
        "@geometry": "center"
      },
      "geometry": {
        "type": "Point",
        "coordinates": [
          -117.8332317,
          33.759402
        ]
      },
      "id": "way/228735059"
    },
    {
      "type": "Feature",
      "properties": {
        "@id": "way/229314026",
        "addr:housenumber": "7740",
        "addr:postcode": "90621",
        "addr:street": "Orangethorpe Avenue",
        "amenity": "restaurant",
        "brand": "Denny's",
        "brand:wikidata": "Q1189695",
        "building": "yes",
        "cuisine": "american",
        "indoor_seating": "yes",
        "name": "Denny's",
        "opening_hours": "24/7",
        "outdoor_seating": "no",
        "phone": "+1-714-523-9241",
        "source": "usgs_imagery;survey;image",
        "source_ref": "AM909_DSCW2162",
        "website": "https://locations.dennys.com/CA/BUENA-PARK/201765",
        "@geometry": "center"
      },
      "geometry": {
        "type": "Point",
        "coordinates": [
          -117.9984434,
          33.8586628
        ]
      },
      "id": "way/229314026"
    },
    {
      "type": "Feature",
      "properties": {
        "@id": "way/230400463",
        "amenity": "restaurant",
        "brand": "Denny's",
        "brand:wikidata": "Q1189695",
        "building": "yes",
        "cuisine": "american",
        "name": "Denny's",
        "@geometry": "center"
      },
      "geometry": {
        "type": "Point",
        "coordinates": [
          -122.8219815,
          47.0483676
        ]
      },
      "id": "way/230400463"
    },
    {
      "type": "Feature",
      "properties": {
        "@id": "way/231739777",
        "addr:city": "Findlay",
        "addr:housenumber": "1051",
        "addr:postcode": "45840",
        "addr:state": "OH",
        "addr:street": "Interstate Court",
        "amenity": "restaurant",
        "brand": "Denny's",
        "brand:wikidata": "Q1189695",
        "building": "commercial",
        "building:levels": "1",
        "cuisine": "american",
        "indoor_seating": "yes",
        "name": "Denny's",
        "roof:levels": "0",
        "@geometry": "center"
      },
      "geometry": {
        "type": "Point",
        "coordinates": [
          -83.6707774,
          41.0592831
        ]
      },
      "id": "way/231739777"
    },
    {
      "type": "Feature",
      "properties": {
        "@id": "way/232399091",
        "addr:city": "El Cajon",
        "addr:country": "US",
        "addr:housenumber": "13584",
        "addr:postcode": "92021",
        "addr:state": "CA",
        "addr:street": "Camino Canada",
        "amenity": "restaurant",
        "brand": "Denny's",
        "brand:wikidata": "Q1189695",
        "building": "yes",
        "cuisine": "american",
        "name": "Denny's",
        "source": "SanGIS Addresses Public Domain (http://www.sangis.org/)",
        "@geometry": "center"
      },
      "geometry": {
        "type": "Point",
        "coordinates": [
          -116.9016319,
          32.827049
        ]
      },
      "id": "way/232399091"
    },
    {
      "type": "Feature",
      "properties": {
        "@id": "way/233261492",
        "amenity": "restaurant",
        "brand": "Denny's",
        "brand:wikidata": "Q1189695",
        "building": "yes",
        "cuisine": "american",
        "name": "Denny's",
        "@geometry": "center"
      },
      "geometry": {
        "type": "Point",
        "coordinates": [
          -117.3387479,
          33.9760618
        ]
      },
      "id": "way/233261492"
    },
    {
      "type": "Feature",
      "properties": {
        "@id": "way/233400553",
        "amenity": "restaurant",
        "brand": "Denny's",
        "brand:wikidata": "Q1189695",
        "building": "yes",
        "cuisine": "american",
        "name": "Denny's",
        "opening_hours": "Mo-Su 00:00+",
        "@geometry": "center"
      },
      "geometry": {
        "type": "Point",
        "coordinates": [
          -117.4064056,
          33.936911
        ]
      },
      "id": "way/233400553"
    },
    {
      "type": "Feature",
      "properties": {
        "@id": "way/233789037",
        "addr:city": "Raleigh",
        "addr:housenumber": "4380",
        "addr:postcode": "27603",
        "addr:state": "NC",
        "addr:street": "Fayetteville Road",
        "amenity": "restaurant",
        "brand": "Denny's",
        "brand:wikidata": "Q1189695",
        "building": "yes",
        "cuisine": "american",
        "name": "Denny's",
        "opening_hours": "24/7",
        "outdoor_seating": "yes",
        "takeaway": "yes",
        "@geometry": "center"
      },
      "geometry": {
        "type": "Point",
        "coordinates": [
          -78.6544538,
          35.7206552
        ]
      },
      "id": "way/233789037"
    },
    {
      "type": "Feature",
      "properties": {
        "@id": "way/234878168",
        "addr:city": "Harmar Township",
        "addr:state": "PA",
        "addr:street": "Freeport Road",
        "amenity": "restaurant",
        "brand": "Denny's",
        "brand:wikidata": "Q1189695",
        "building": "yes",
        "cuisine": "american",
        "name": "Denny's",
        "@geometry": "center"
      },
      "geometry": {
        "type": "Point",
        "coordinates": [
          -79.834419,
          40.5383049
        ]
      },
      "id": "way/234878168"
    },
    {
      "type": "Feature",
      "properties": {
        "@id": "way/235507072",
        "addr:city": "Schiller Park",
        "addr:country": "US",
        "addr:housenumber": "4824",
        "addr:postcode": "60176",
        "addr:state": "IL",
        "addr:street": "Des Plaines River Road",
        "amenity": "restaurant",
        "brand": "Denny's",
        "brand:wikidata": "Q1189695",
        "building": "retail",
        "cuisine": "american",
        "name": "Denny's",
        "source": "Bing",
        "@geometry": "center"
      },
      "geometry": {
        "type": "Point",
        "coordinates": [
          -87.862137,
          41.9669387
        ]
      },
      "id": "way/235507072"
    },
    {
      "type": "Feature",
      "properties": {
        "@id": "way/236025988",
        "addr:city": "Laurel",
        "addr:housenumber": "314",
        "addr:postcode": "20707",
        "addr:state": "MD",
        "addr:street": "Washington Boulevard",
        "amenity": "restaurant",
        "brand": "Denny's",
        "brand:wikidata": "Q1189695",
        "building": "yes",
        "cuisine": "american",
        "height": "6.26",
        "name": "Denny's",
        "roof:shape": "gabled",
        "source": "M-NCPPC",
        "@geometry": "center"
      },
      "geometry": {
        "type": "Point",
        "coordinates": [
          -76.8456089,
          39.1015213
        ]
      },
      "id": "way/236025988"
    },
    {
      "type": "Feature",
      "properties": {
        "@id": "way/236324008",
        "addr:city": "Champaign",
        "addr:housenumber": "702",
        "addr:postcode": "61822",
        "addr:state": "IL",
        "addr:street": "West Town Center Boulevard",
        "amenity": "restaurant",
        "brand": "Denny's",
        "brand:wikidata": "Q1189695",
        "building": "retail",
        "building:levels": "1",
        "cuisine": "american",
        "name": "Denny's",
        "opening_hours": "24/7",
        "phone": "+1-217-359-7044",
        "website": "https://locations.dennys.com/IL/CHAMPAIGN/248655",
        "website:menu": "https://www.dennys.com/location/dennys-8655/menu",
        "@geometry": "center"
      },
      "geometry": {
        "type": "Point",
        "coordinates": [
          -88.2547924,
          40.1432929
        ]
      },
      "id": "way/236324008"
    },
    {
      "type": "Feature",
      "properties": {
        "@id": "way/237067421",
        "addr:city": "Calumet City",
        "addr:housenumber": "1380",
        "addr:postcode": "60409",
        "addr:state": "IL",
        "addr:street": "Torrence Avenue",
        "amenity": "restaurant",
        "brand": "Denny's",
        "brand:wikidata": "Q1189695",
        "building": "retail",
        "cuisine": "american",
        "name": "Denny's",
        "@geometry": "center"
      },
      "geometry": {
        "type": "Point",
        "coordinates": [
          -87.5594919,
          41.5958797
        ]
      },
      "id": "way/237067421"
    },
    {
      "type": "Feature",
      "properties": {
        "@id": "way/238374198",
        "amenity": "restaurant",
        "brand": "Denny's",
        "brand:wikidata": "Q1189695",
        "building": "yes",
        "cuisine": "american",
        "name": "Denny's",
        "smoking": "outside",
        "source": "bing",
        "@geometry": "center"
      },
      "geometry": {
        "type": "Point",
        "coordinates": [
          -119.645234,
          37.3375754
        ]
      },
      "id": "way/238374198"
    },
    {
      "type": "Feature",
      "properties": {
        "@id": "way/238820657",
        "addr:housenumber": "41196",
        "addr:street": "Big Bear Boulevard",
        "amenity": "restaurant",
        "brand": "Denny's",
        "brand:wikidata": "Q1189695",
        "building": "commercial",
        "cuisine": "american",
        "name": "Denny's",
        "opening_hours": "Mo-Su 06:00-23:30",
        "phone": "+1-909-866-7842",
        "source": "Bing,survey",
        "@geometry": "center"
      },
      "geometry": {
        "type": "Point",
        "coordinates": [
          -116.9033763,
          34.2437908
        ]
      },
      "id": "way/238820657"
    },
    {
      "type": "Feature",
      "properties": {
        "@id": "way/239260187",
        "addr:city": "Redwood City",
        "addr:housenumber": "1201",
        "addr:street": "Broadway",
        "amenity": "restaurant",
        "brand": "Denny's",
        "brand:wikidata": "Q1189695",
        "building": "yes",
        "cuisine": "american",
        "name": "Denny's",
        "opening_hours": "24/7",
        "redwood_city_ca:addr_id": "13616",
        "redwood_city_ca:bldg_id": "33124",
        "source": "City of Redwood City, CA 1013",
        "@geometry": "center"
      },
      "geometry": {
        "type": "Point",
        "coordinates": [
          -122.2146874,
          37.4867073
        ]
      },
      "id": "way/239260187"
    },
    {
      "type": "Feature",
      "properties": {
        "@id": "way/239535172",
        "addr:city": "Hoffman Estates",
        "addr:postcode": "60169",
        "addr:state": "IL",
        "addr:street": "North Roselle Road",
        "amenity": "restaurant",
        "brand": "Denny's",
        "brand:wikidata": "Q1189695",
        "building": "retail",
        "cuisine": "american",
        "name": "Denny's",
        "source": "Bing 2012",
        "@geometry": "center"
      },
      "geometry": {
        "type": "Point",
        "coordinates": [
          -88.0790964,
          42.0484218
        ]
      },
      "id": "way/239535172"
    },
    {
      "type": "Feature",
      "properties": {
        "@id": "way/239780396",
        "addr:city": "Keyser",
        "addr:housenumber": "825",
        "addr:postcode": "26726-8218",
        "addr:state": "WV",
        "addr:street": "South Mineral Street",
        "amenity": "restaurant",
        "brand": "Denny's",
        "brand:wikidata": "Q1189695",
        "building": "yes",
        "cuisine": "american",
        "name": "Denny's",
        "@geometry": "center"
      },
      "geometry": {
        "type": "Point",
        "coordinates": [
          -78.9898889,
          39.4282058
        ]
      },
      "id": "way/239780396"
    },
    {
      "type": "Feature",
      "properties": {
        "@id": "way/241060824",
        "amenity": "restaurant",
        "brand": "Denny's",
        "brand:wikidata": "Q1189695",
        "building": "yes",
        "cuisine": "american",
        "name": "Denny's",
        "@geometry": "center"
      },
      "geometry": {
        "type": "Point",
        "coordinates": [
          -76.9075507,
          38.630306
        ]
      },
      "id": "way/241060824"
    },
    {
      "type": "Feature",
      "properties": {
        "@id": "way/244111375",
        "amenity": "restaurant",
        "brand": "Denny's",
        "brand:wikidata": "Q1189695",
        "building": "yes",
        "cuisine": "american",
        "name": "Denny's",
        "source": "Bing",
        "@geometry": "center"
      },
      "geometry": {
        "type": "Point",
        "coordinates": [
          -96.861215,
          46.8623057
        ]
      },
      "id": "way/244111375"
    },
    {
      "type": "Feature",
      "properties": {
        "@id": "way/244894748",
        "addr:city": "Lubbock",
        "addr:housenumber": "4718",
        "addr:postcode": "79414",
        "addr:state": "TX",
        "addr:street": "Slide Road",
        "amenity": "restaurant",
        "brand": "Denny's",
        "brand:wikidata": "Q1189695",
        "building": "yes",
        "cuisine": "american",
        "name": "Denny's",
        "@geometry": "center"
      },
      "geometry": {
        "type": "Point",
        "coordinates": [
          -101.9229586,
          33.5499084
        ]
      },
      "id": "way/244894748"
    },
    {
      "type": "Feature",
      "properties": {
        "@id": "way/245040415",
        "addr:city": "Anaheim",
        "addr:housenumber": "1168",
        "addr:postcode": "92802",
        "addr:state": "CA",
        "addr:street": "West Katella Avenue",
        "amenity": "restaurant",
        "brand": "Denny's",
        "brand:wikidata": "Q1189695",
        "building": "yes",
        "cuisine": "american",
        "name": "Denny's",
        "@geometry": "center"
      },
      "geometry": {
        "type": "Point",
        "coordinates": [
          -117.9272098,
          33.802786
        ]
      },
      "id": "way/245040415"
    },
    {
      "type": "Feature",
      "properties": {
        "@id": "way/245526569",
        "addr:city": "Oklahoma City",
        "addr:housenumber": "3030",
        "addr:postcode": "73129",
        "addr:state": "OK",
        "addr:street": "South Prospect Avenue",
        "amenity": "restaurant",
        "brand": "Denny's",
        "brand:wikidata": "Q1189695",
        "building": "yes",
        "cuisine": "american",
        "name": "Denny's",
        "source": "Bing",
        "@geometry": "center"
      },
      "geometry": {
        "type": "Point",
        "coordinates": [
          -97.4853068,
          35.4346299
        ]
      },
      "id": "way/245526569"
    },
    {
      "type": "Feature",
      "properties": {
        "@id": "way/246225678",
        "addr:housenumber": "27585",
        "addr:street": "Bernard Drive",
        "amenity": "restaurant",
        "brand": "Denny's",
        "brand:wikidata": "Q1189695",
        "building": "yes",
        "cuisine": "american",
        "name": "Denny's",
        "phone": "+1 559 3860523",
        "website": "https://locations.dennys.com/248505",
        "@geometry": "center"
      },
      "geometry": {
        "type": "Point",
        "coordinates": [
          -119.9603354,
          35.9877544
        ]
      },
      "id": "way/246225678"
    },
    {
      "type": "Feature",
      "properties": {
        "@id": "way/246238329",
        "addr:city": "Houston",
        "addr:housenumber": "11099",
        "addr:state": "TX",
        "addr:street": "Northwest Freeway",
        "amenity": "restaurant",
        "brand": "Denny's",
        "brand:wikidata": "Q1189695",
        "building": "retail",
        "building:levels": "1",
        "check_date": "2026-05-14",
        "cuisine": "american",
        "internet_access": "wlan",
        "internet_access:fee": "no",
        "name": "Denny's",
        "opening_hours": "24/7",
        "roof:shape": "quadruple_saltbox",
        "smoking": "no",
        "takeaway": "yes",
        "toilets:access": "customers",
        "@geometry": "center"
      },
      "geometry": {
        "type": "Point",
        "coordinates": [
          -95.4698722,
          29.8190896
        ]
      },
      "id": "way/246238329"
    },
    {
      "type": "Feature",
      "properties": {
        "@id": "way/246328442",
        "addr:city": "Seatac",
        "addr:housenumber": "17206",
        "addr:postcode": "98188",
        "addr:state": "WA",
        "addr:street": "International Boulevard",
        "amenity": "restaurant",
        "brand": "Denny's",
        "brand:wikidata": "Q1189695",
        "building": "yes",
        "check_date": "2024-06-16",
        "cuisine": "american",
        "internet_access": "wlan",
        "internet_access:fee": "no",
        "name": "Denny's",
        "website": "https://www.dennys.com/",
        "@geometry": "center"
      },
      "geometry": {
        "type": "Point",
        "coordinates": [
          -122.2959862,
          47.448748
        ]
      },
      "id": "way/246328442"
    },
    {
      "type": "Feature",
      "properties": {
        "@id": "way/246566577",
        "addr:city": "Boerne",
        "addr:housenumber": "435",
        "addr:postcode": "78006",
        "addr:state": "TX",
        "addr:street": "West Bandera Road",
        "amenity": "restaurant",
        "brand": "Denny's",
        "brand:wikidata": "Q1189695",
        "building": "retail",
        "cuisine": "american",
        "name": "Denny's",
        "source": "local_knowledge",
        "website": "https://www.dennys.com/",
        "@geometry": "center"
      },
      "geometry": {
        "type": "Point",
        "coordinates": [
          -98.7352704,
          29.7796602
        ]
      },
      "id": "way/246566577"
    },
    {
      "type": "Feature",
      "properties": {
        "@id": "way/247034359",
        "addr:city": "Cicero",
        "addr:housenumber": "7873",
        "addr:postcode": "13039",
        "addr:state": "NY",
        "addr:street": "Brewerton Road",
        "amenity": "restaurant",
        "brand": "Denny's",
        "brand:wikidata": "Q1189695",
        "building": "yes",
        "cuisine": "american",
        "indoor_seating": "yes",
        "name": "Denny's",
        "nysgissam:nysaddresspointid": "ONON011500",
        "outdoor_seating": "no",
        "@geometry": "center"
      },
      "geometry": {
        "type": "Point",
        "coordinates": [
          -76.1257949,
          43.15066
        ]
      },
      "id": "way/247034359"
    },
    {
      "type": "Feature",
      "properties": {
        "@id": "way/251523388",
        "addr:city": "Nogales",
        "addr:country": "US",
        "addr:housenumber": "683",
        "addr:postcode": "85621",
        "addr:state": "AZ",
        "addr:street": "North Grand Avenue",
        "amenity": "restaurant",
        "brand": "Denny's",
        "brand:wikidata": "Q1189695",
        "building": "yes",
        "check_date": "2025-02-20",
        "cuisine": "american",
        "name": "Denny's",
        "opening_hours": "24/7",
        "phone": "+1 520-287-4572",
        "source": "Bing Imagery",
        "website": "https://locations.dennys.com/AZ/NOGALES/249610",
        "@geometry": "center"
      },
      "geometry": {
        "type": "Point",
        "coordinates": [
          -110.931416,
          31.3446886
        ]
      },
      "id": "way/251523388"
    },
    {
      "type": "Feature",
      "properties": {
        "@id": "way/252677965",
        "addr:city": "Carson City",
        "addr:county": "Carson City",
        "addr:housenumber": "2299",
        "addr:postcode": "89706",
        "addr:state": "NV",
        "addr:street": "North Carson Street",
        "amenity": "restaurant",
        "brand": "Denny's",
        "brand:wikidata": "Q1189695",
        "building": "commercial",
        "cuisine": "american",
        "name": "Denny's",
        "opening_hours": "24/7",
        "phone": "+17758836550",
        "ref": "8011",
        "source": "CCCM GIS",
        "toilets": "yes",
        "toilets:access": "customers",
        "website": "https://www.dennys.com/",
        "@geometry": "center"
      },
      "geometry": {
        "type": "Point",
        "coordinates": [
          -119.7670997,
          39.1814454
        ]
      },
      "id": "way/252677965"
    },
    {
      "type": "Feature",
      "properties": {
        "@id": "way/252698745",
        "amenity": "restaurant",
        "brand": "Denny's",
        "brand:wikidata": "Q1189695",
        "building": "yes",
        "cuisine": "american",
        "name": "Denny's",
        "@geometry": "center"
      },
      "geometry": {
        "type": "Point",
        "coordinates": [
          -121.216615,
          37.7867271
        ]
      },
      "id": "way/252698745"
    },
    {
      "type": "Feature",
      "properties": {
        "@id": "way/252705908",
        "addr:city": "Schaumburg",
        "addr:country": "US",
        "addr:housenumber": "1700",
        "addr:postcode": "60173",
        "addr:state": "IL",
        "addr:street": "East Higgins Road",
        "amenity": "restaurant",
        "brand": "Denny's",
        "brand:wikidata": "Q1189695",
        "building": "retail",
        "cuisine": "american",
        "name": "Denny's",
        "@geometry": "center"
      },
      "geometry": {
        "type": "Point",
        "coordinates": [
          -88.0376837,
          42.0387469
        ]
      },
      "id": "way/252705908"
    },
    {
      "type": "Feature",
      "properties": {
        "@id": "way/252807224",
        "amenity": "restaurant",
        "brand": "Denny's",
        "brand:wikidata": "Q1189695",
        "building": "yes",
        "cuisine": "american",
        "name": "Denny's",
        "@geometry": "center"
      },
      "geometry": {
        "type": "Point",
        "coordinates": [
          -79.9443655,
          40.348019
        ]
      },
      "id": "way/252807224"
    },
    {
      "type": "Feature",
      "properties": {
        "@id": "way/255467447",
        "addr:city": "Virginia Gardens",
        "addr:housenumber": "5825",
        "addr:postcode": "33166",
        "addr:state": "FL",
        "addr:street": "Northwest 36th Street",
        "amenity": "restaurant",
        "brand": "Denny's",
        "brand:wikidata": "Q1189695",
        "building": "yes",
        "cuisine": "american",
        "name": "Denny's",
        "source": "Bing",
        "@geometry": "center"
      },
      "geometry": {
        "type": "Point",
        "coordinates": [
          -80.2919636,
          25.8078439
        ]
      },
      "id": "way/255467447"
    },
    {
      "type": "Feature",
      "properties": {
        "@id": "way/255501065",
        "addr:city": "Oklahoma City",
        "addr:country": "US",
        "addr:housenumber": "1617",
        "addr:postcode": "73159",
        "addr:state": "OK",
        "addr:street": "Southwest 74th Street",
        "amenity": "restaurant",
        "brand": "Denny's",
        "brand:wikidata": "Q1189695",
        "building": "yes",
        "cuisine": "american",
        "name": "Denny's",
        "opening_hours": "24/7",
        "payment:cash": "yes",
        "payment:mastercard": "yes",
        "smoking": "no",
        "source": "Bing",
        "takeaway": "yes",
        "@geometry": "center"
      },
      "geometry": {
        "type": "Point",
        "coordinates": [
          -97.5467015,
          35.3920729
        ]
      },
      "id": "way/255501065"
    },
    {
      "type": "Feature",
      "properties": {
        "@id": "way/257586096",
        "addr:city": "Glendale",
        "addr:housenumber": "5161",
        "addr:postcode": "85306",
        "addr:state": "AZ",
        "addr:street": "West Thunderbird Road",
        "amenity": "restaurant",
        "brand": "Denny's",
        "brand:wikidata": "Q1189695",
        "building": "yes",
        "cuisine": "american",
        "name": "Denny's",
        "source": "esri/USA_NAD_Addresses",
        "@geometry": "center"
      },
      "geometry": {
        "type": "Point",
        "coordinates": [
          -112.1707348,
          33.6104386
        ]
      },
      "id": "way/257586096"
    },
    {
      "type": "Feature",
      "properties": {
        "@id": "way/257715846",
        "addr:city": "Edgewood",
        "addr:housenumber": "1803",
        "addr:postcode": "21040",
        "addr:state": "MD",
        "addr:street": "Edgewood Road",
        "amenity": "restaurant",
        "brand": "Denny's",
        "brand:wikidata": "Q1189695",
        "building": "yes",
        "cuisine": "american",
        "name": "Denny's",
        "phone": "+1-410-679-8611",
        "source": "Bing",
        "website": "https://locations.dennys.com/MD/EDGEWOOD/246140",
        "@geometry": "center"
      },
      "geometry": {
        "type": "Point",
        "coordinates": [
          -76.3057013,
          39.4526385
        ]
      },
      "id": "way/257715846"
    },
    {
      "type": "Feature",
      "properties": {
        "@id": "way/259152218",
        "amenity": "restaurant",
        "brand": "Denny's",
        "brand:wikidata": "Q1189695",
        "building": "yes",
        "cuisine": "american",
        "name": "Denny's",
        "@geometry": "center"
      },
      "geometry": {
        "type": "Point",
        "coordinates": [
          -78.8380688,
          39.6371198
        ]
      },
      "id": "way/259152218"
    },
    {
      "type": "Feature",
      "properties": {
        "@id": "way/259531248",
        "amenity": "restaurant",
        "brand": "Denny's",
        "brand:wikidata": "Q1189695",
        "building": "retail",
        "building:units": "1",
        "cuisine": "american",
        "ele": "32.5",
        "height": "6.1",
        "lacounty:ain": "7369001021",
        "lacounty:bld_id": "457966758585",
        "name": "Denny's",
        "start_date": "1970",
        "@geometry": "center"
      },
      "geometry": {
        "type": "Point",
        "coordinates": [
          -118.3414395,
          33.8241808
        ]
      },
      "id": "way/259531248"
    },
    {
      "type": "Feature",
      "properties": {
        "@id": "way/260004969",
        "addr:housenumber": "7330",
        "addr:street": "West Saginaw Highway",
        "amenity": "restaurant",
        "brand": "Denny's",
        "brand:wikidata": "Q1189695",
        "building": "commercial",
        "changing_table": "yes",
        "changing_table:location": "male_toilet",
        "cuisine": "american",
        "delivery": "yes",
        "internet_access": "wlan",
        "internet_access:fee": "no",
        "level": "0",
        "name": "Denny's",
        "opening_hours": "24/7",
        "phone": "+1-517-323-2110",
        "smoking": "no",
        "takeaway": "yes",
        "toilets": "yes",
        "toilets:access": "customers",
        "toilets:wheelchair": "yes",
        "website": "https://locations.dennys.com/MI/LANSING/247910",
        "wheelchair": "yes",
        "@geometry": "center"
      },
      "geometry": {
        "type": "Point",
        "coordinates": [
          -84.6584044,
          42.7415318
        ]
      },
      "id": "way/260004969"
    },
    {
      "type": "Feature",
      "properties": {
        "@id": "way/260221617",
        "addr:city": "La Porte",
        "addr:housenumber": "928",
        "addr:postcode": "77571",
        "addr:state": "TX",
        "addr:street": "State Highway 146 South",
        "amenity": "restaurant",
        "brand": "Denny's",
        "brand:wikidata": "Q1189695",
        "building": "yes",
        "cuisine": "american",
        "name": "Denny's",
        "opening_hours": "24/7",
        "phone": "+1-281-867-0030",
        "website": "https://locations.dennys.com/tx/la-porte/247173",
        "@geometry": "center"
      },
      "geometry": {
        "type": "Point",
        "coordinates": [
          -95.0309687,
          29.6539653
        ]
      },
      "id": "way/260221617"
    },
    {
      "type": "Feature",
      "properties": {
        "@id": "way/260236331",
        "addr:city": "Puyallup",
        "addr:country": "US",
        "addr:housenumber": "626",
        "addr:postcode": "98373",
        "addr:state": "WA",
        "addr:street": "South Hill Park Drive",
        "amenity": "restaurant",
        "brand": "Denny's",
        "brand:wikidata": "Q1189695",
        "building": "yes",
        "cuisine": "american",
        "name": "Denny's",
        "opening_hours": "24/7",
        "phone": "+1-253-848-8575",
        "website": "https://locations.dennys.com/WA/PUYALLUP/247281",
        "@geometry": "center"
      },
      "geometry": {
        "type": "Point",
        "coordinates": [
          -122.3002903,
          47.1605481
        ]
      },
      "id": "way/260236331"
    },
    {
      "type": "Feature",
      "properties": {
        "@id": "way/261453836",
        "amenity": "restaurant",
        "brand": "Denny's",
        "brand:wikidata": "Q1189695",
        "building": "yes",
        "cuisine": "american",
        "name": "Denny's",
        "@geometry": "center"
      },
      "geometry": {
        "type": "Point",
        "coordinates": [
          -85.2011863,
          42.2613729
        ]
      },
      "id": "way/261453836"
    },
    {
      "type": "Feature",
      "properties": {
        "@id": "way/263300560",
        "amenity": "restaurant",
        "brand": "Denny's",
        "brand:wikidata": "Q1189695",
        "building": "yes",
        "cuisine": "american",
        "name": "Denny's",
        "source": "Bing",
        "@geometry": "center"
      },
      "geometry": {
        "type": "Point",
        "coordinates": [
          -80.0244399,
          32.869456
        ]
      },
      "id": "way/263300560"
    },
    {
      "type": "Feature",
      "properties": {
        "@id": "way/263315987",
        "addr:city": "Antioch",
        "addr:housenumber": "4823",
        "addr:postcode": "94531",
        "addr:state": "CA",
        "addr:street": "Lone Tree Way",
        "amenity": "restaurant",
        "brand": "Denny's",
        "brand:wikidata": "Q1189695",
        "building": "yes",
        "cuisine": "american",
        "name": "Denny's",
        "@geometry": "center"
      },
      "geometry": {
        "type": "Point",
        "coordinates": [
          -121.7669801,
          37.9632232
        ]
      },
      "id": "way/263315987"
    },
    {
      "type": "Feature",
      "properties": {
        "@id": "way/264788348",
        "addr:city": "West Lebanon",
        "addr:housenumber": "261",
        "addr:postcode": "03784",
        "addr:state": "NH",
        "addr:street": "Plainfield Road",
        "amenity": "restaurant",
        "brand": "Denny's",
        "brand:wikidata": "Q1189695",
        "building": "yes",
        "cuisine": "american",
        "name": "Denny's",
        "opening_hours": "24/7",
        "phone": "+1-603-298-5922",
        "takeaway": "yes",
        "website": "https://locations.dennys.com/NH/WEST-LEBANON/202366",
        "@geometry": "center"
      },
      "geometry": {
        "type": "Point",
        "coordinates": [
          -72.3232247,
          43.6270138
        ]
      },
      "id": "way/264788348"
    },
    {
      "type": "Feature",
      "properties": {
        "@id": "way/265325212",
        "addr:city": "Rochester",
        "addr:housenumber": "286",
        "addr:postcode": "55901",
        "addr:state": "MN",
        "addr:street": "17th Avenue NW",
        "amenity": "restaurant",
        "brand": "Denny's",
        "brand:wikidata": "Q1189695",
        "building": "commercial",
        "building:levels": "1",
        "cuisine": "american",
        "name": "Denny's",
        "old_name": "Krispy Kreme",
        "source": "NAIP",
        "@geometry": "center"
      },
      "geometry": {
        "type": "Point",
        "coordinates": [
          -92.4866971,
          44.0264168
        ]
      },
      "id": "way/265325212"
    },
    {
      "type": "Feature",
      "properties": {
        "@id": "way/265344638",
        "addr:city": "Chehalis",
        "addr:housenumber": "118",
        "addr:postcode": "98532",
        "addr:street": "Interstate Avenue",
        "amenity": "restaurant",
        "brand": "Denny's",
        "brand:wikidata": "Q1189695",
        "building": "yes",
        "cuisine": "american",
        "name": "Denny's",
        "phone": "+1-360-748-6851",
        "website": "https://locations.dennys.com/WA/CHEHALIS/247542",
        "@geometry": "center"
      },
      "geometry": {
        "type": "Point",
        "coordinates": [
          -122.9566696,
          46.646119
        ]
      },
      "id": "way/265344638"
    },
    {
      "type": "Feature",
      "properties": {
        "@id": "way/266005143",
        "amenity": "restaurant",
        "brand": "Denny's",
        "brand:wikidata": "Q1189695",
        "building": "yes",
        "cuisine": "american",
        "name": "Denny's",
        "@geometry": "center"
      },
      "geometry": {
        "type": "Point",
        "coordinates": [
          -118.3949973,
          37.3717471
        ]
      },
      "id": "way/266005143"
    },
    {
      "type": "Feature",
      "properties": {
        "@id": "way/271674303",
        "amenity": "restaurant",
        "brand": "Denny's",
        "brand:wikidata": "Q1189695",
        "building": "retail",
        "cuisine": "american",
        "name": "Denny's",
        "@geometry": "center"
      },
      "geometry": {
        "type": "Point",
        "coordinates": [
          -97.3206872,
          32.562663
        ]
      },
      "id": "way/271674303"
    },
    {
      "type": "Feature",
      "properties": {
        "@id": "way/273624024",
        "addr:city": "Cranberry Township",
        "addr:housenumber": "1346",
        "addr:postcode": "16066",
        "addr:state": "PA",
        "addr:street": "Old Freedom Road",
        "amenity": "restaurant",
        "brand": "Denny's",
        "brand:wikidata": "Q1189695",
        "building": "yes",
        "cuisine": "american",
        "name": "Denny's",
        "@geometry": "center"
      },
      "geometry": {
        "type": "Point",
        "coordinates": [
          -80.1019778,
          40.6852429
        ]
      },
      "id": "way/273624024"
    },
    {
      "type": "Feature",
      "properties": {
        "@id": "way/273941266",
        "addr:city": "Essex",
        "addr:housenumber": "101",
        "addr:postcode": "21221",
        "addr:state": "MD",
        "addr:street": "Orville Road",
        "amenity": "restaurant",
        "brand": "Denny's",
        "brand:wikidata": "Q1189695",
        "building": "yes",
        "cuisine": "american",
        "name": "Denny's",
        "source": "Bing",
        "@geometry": "center"
      },
      "geometry": {
        "type": "Point",
        "coordinates": [
          -76.4491024,
          39.3242325
        ]
      },
      "id": "way/273941266"
    },
    {
      "type": "Feature",
      "properties": {
        "@id": "way/277820637",
        "amenity": "restaurant",
        "brand": "Denny's",
        "brand:wikidata": "Q1189695",
        "building": "yes",
        "cuisine": "american",
        "delivery": "yes",
        "delivery:partner": "Uber Eats",
        "delivery:partner:wikidata": "Q21462723",
        "@geometry": "center"
      },
      "geometry": {
        "type": "Point",
        "coordinates": [
          -83.3288152,
          30.8431627
        ]
      },
      "id": "way/277820637"
    },
    {
      "type": "Feature",
      "properties": {
        "@id": "way/278188652",
        "addr:city": "Mooresville",
        "addr:country": "US",
        "addr:housenumber": "378",
        "addr:postcode": "28117",
        "addr:state": "NC",
        "addr:street": "West Plaza Drive",
        "amenity": "restaurant",
        "brand": "Denny's",
        "brand:wikidata": "Q1189695",
        "building": "yes",
        "cuisine": "american",
        "name": "Denny's",
        "source": "Iredell County GIS Mapping Department",
        "source:date": "2016-03-13",
        "website": "https://www.dennys.com/",
        "@geometry": "center"
      },
      "geometry": {
        "type": "Point",
        "coordinates": [
          -80.8566058,
          35.594016
        ]
      },
      "id": "way/278188652"
    },
    {
      "type": "Feature",
      "properties": {
        "@id": "way/278991536",
        "addr:city": "Oakland Park",
        "addr:housenumber": "911",
        "addr:postcode": "33334",
        "addr:state": "FL",
        "addr:street": "East Commercial Boulevard",
        "amenity": "restaurant",
        "brand": "Denny's",
        "brand:wikidata": "Q1189695",
        "building": "yes",
        "cuisine": "american",
        "name": "Denny's",
        "source": "Bing",
        "@geometry": "center"
      },
      "geometry": {
        "type": "Point",
        "coordinates": [
          -80.1356064,
          26.1891204
        ]
      },
      "id": "way/278991536"
    },
    {
      "type": "Feature",
      "properties": {
        "@id": "way/279006407",
        "amenity": "restaurant",
        "brand": "Denny's",
        "brand:wikidata": "Q1189695",
        "building": "yes",
        "cuisine": "american",
        "name": "Denny's",
        "@geometry": "center"
      },
      "geometry": {
        "type": "Point",
        "coordinates": [
          -98.6286233,
          29.4536244
        ]
      },
      "id": "way/279006407"
    },
    {
      "type": "Feature",
      "properties": {
        "@id": "way/279238467",
        "amenity": "restaurant",
        "brand": "Denny's",
        "brand:wikidata": "Q1189695",
        "building": "yes",
        "cuisine": "american",
        "name": "Denny's",
        "source": "Bing",
        "@geometry": "center"
      },
      "geometry": {
        "type": "Point",
        "coordinates": [
          -80.2515073,
          26.1954292
        ]
      },
      "id": "way/279238467"
    },
    {
      "type": "Feature",
      "properties": {
        "@id": "way/279268762",
        "amenity": "restaurant",
        "brand": "Denny's",
        "brand:wikidata": "Q1189695",
        "building": "yes",
        "cuisine": "american",
        "name": "Denny's",
        "@geometry": "center"
      },
      "geometry": {
        "type": "Point",
        "coordinates": [
          -80.2576691,
          26.1468932
        ]
      },
      "id": "way/279268762"
    },
    {
      "type": "Feature",
      "properties": {
        "@id": "way/282239032",
        "addr:city": "Norco",
        "addr:country": "US",
        "addr:floor": "1",
        "addr:housenumber": "1360",
        "addr:postcode": "92860",
        "addr:state": "CA",
        "addr:street": "Hamner Avenue",
        "amenity": "restaurant",
        "brand": "Denny's",
        "brand:wikidata": "Q1189695",
        "building": "retail",
        "cuisine": "american",
        "delivery": "no",
        "level": "1",
        "name": "Denny's",
        "opening_hours": "24/7",
        "payment:american_express": "yes",
        "payment:coins": "yes",
        "payment:credit_cards": "yes",
        "payment:debit_cards": "yes",
        "payment:discover_card": "yes",
        "payment:mastercard": "yes",
        "payment:notes": "yes",
        "payment:visa": "yes",
        "phone": "+1-951-898-7678",
        "smoking": "no",
        "source": "bing;local_knowledge;survery",
        "source_date": "2014-06-02",
        "source_ref": "frankthtankk",
        "takeaway": "yes",
        "website": "https://www.dennys.com/",
        "wheelchair": "yes",
        "@geometry": "center"
      },
      "geometry": {
        "type": "Point",
        "coordinates": [
          -117.5627552,
          33.9016436
        ]
      },
      "id": "way/282239032"
    },
    {
      "type": "Feature",
      "properties": {
        "@id": "way/283253997",
        "addr:housenumber": "235-20",
        "addr:postcode": "11427",
        "addr:street": "Hillside Avenue",
        "amenity": "restaurant",
        "brand": "Denny's",
        "brand:wikidata": "Q1189695",
        "building": "yes",
        "cuisine": "american",
        "height": "3.3",
        "name": "Denny's",
        "nycdoitt:bin": "4166475",
        "@geometry": "center"
      },
      "geometry": {
        "type": "Point",
        "coordinates": [
          -73.7340106,
          40.7329338
        ]
      },
      "id": "way/283253997"
    },
    {
      "type": "Feature",
      "properties": {
        "@id": "way/283295919",
        "addr:city": "Lafayette",
        "addr:country": "US",
        "addr:housenumber": "4260",
        "addr:postcode": "47905",
        "addr:state": "IN",
        "addr:street": "South Street",
        "amenity": "restaurant",
        "brand": "Denny's",
        "brand:wikidata": "Q1189695",
        "building": "yes",
        "cuisine": "american",
        "name": "Denny's",
        "@geometry": "center"
      },
      "geometry": {
        "type": "Point",
        "coordinates": [
          -86.8243702,
          40.4181486
        ]
      },
      "id": "way/283295919"
    },
    {
      "type": "Feature",
      "properties": {
        "@id": "way/285835095",
        "addr:housenumber": "21270",
        "addr:street": "Hawthorne Boulevard",
        "amenity": "restaurant",
        "brand": "Denny's",
        "brand:wikidata": "Q1189695",
        "building": "retail",
        "building:levels": "1",
        "cuisine": "american",
        "ele": "35.4",
        "height": "4.4",
        "indoor_seating": "yes",
        "lacounty:ain": "7366019031",
        "lacounty:bld_id": "454602762693",
        "name": "Denny's",
        "opening_hours": "24/7",
        "outdoor_seating": "yes",
        "panoramax": "b5218e8f-8b70-448c-9769-e173f8d176dc",
        "roof:levels": "0",
        "roof:shape": "quadruple_saltbox",
        "start_date": "1972",
        "@geometry": "center"
      },
      "geometry": {
        "type": "Point",
        "coordinates": [
          -118.3525736,
          33.8354647
        ]
      },
      "id": "way/285835095"
    },
    {
      "type": "Feature",
      "properties": {
        "@id": "way/286803238",
        "addr:city": "Chico",
        "addr:housenumber": "675",
        "addr:postcode": "95926",
        "addr:state": "CA",
        "addr:street": "Manzanita Court",
        "air_conditioning": "yes",
        "amenity": "restaurant",
        "brand": "Denny's",
        "brand:wikidata": "Q1189695",
        "building": "retail",
        "cuisine": "american",
        "diet:vegan": "yes",
        "diet:vegetarian": "yes",
        "indoor_seating": "yes",
        "name": "Denny's",
        "opening_hours": "24/7",
        "outdoor_seating": "no",
        "phone": "+1-800-990-6231",
        "website": "https://locations.dennys.com/CA/CHICO/248542",
        "wheelchair": "yes",
        "@geometry": "center"
      },
      "geometry": {
        "type": "Point",
        "coordinates": [
          -121.8444575,
          39.7527757
        ]
      },
      "id": "way/286803238"
    },
    {
      "type": "Feature",
      "properties": {
        "@id": "way/287147456",
        "addr:city": "Poulsbo",
        "addr:country": "US",
        "addr:housenumber": "760",
        "addr:postcode": "98370",
        "addr:street": "Northeast Liberty Road",
        "amenity": "restaurant",
        "brand": "Denny's",
        "brand:wikidata": "Q1189695",
        "building": "yes",
        "cuisine": "american",
        "name": "Denny's",
        "@geometry": "center"
      },
      "geometry": {
        "type": "Point",
        "coordinates": [
          -122.6393008,
          47.7421652
        ]
      },
      "id": "way/287147456"
    },
    {
      "type": "Feature",
      "properties": {
        "@id": "way/287546513",
        "addr:city": "Stockton",
        "addr:housenumber": "2670",
        "addr:postcode": "95207",
        "addr:state": "CA",
        "addr:street": "West March Lane",
        "amenity": "restaurant",
        "brand": "Denny's",
        "brand:wikidata": "Q1189695",
        "building": "yes",
        "cuisine": "american",
        "name": "Denny's",
        "@geometry": "center"
      },
      "geometry": {
        "type": "Point",
        "coordinates": [
          -121.3419561,
          37.9842193
        ]
      },
      "id": "way/287546513"
    },
    {
      "type": "Feature",
      "properties": {
        "@id": "way/287546514",
        "addr:housenumber": "4747",
        "addr:street": "Pacific Avenue",
        "amenity": "restaurant",
        "brand": "Denny's",
        "brand:wikidata": "Q1189695",
        "building": "retail",
        "cuisine": "american",
        "name": "Denny's",
        "opening_hours": "24/7",
        "@geometry": "center"
      },
      "geometry": {
        "type": "Point",
        "coordinates": [
          -121.313667,
          37.9926874
        ]
      },
      "id": "way/287546514"
    },
    {
      "type": "Feature",
      "properties": {
        "@id": "way/287624590",
        "addr:city": "Stockton",
        "addr:housenumber": "642",
        "addr:state": "CA",
        "addr:street": "West Dr Martin Luther King Jr Boulevard",
        "amenity": "restaurant",
        "brand": "Denny's",
        "brand:wikidata": "Q1189695",
        "building": "yes",
        "cuisine": "american",
        "name": "Denny's",
        "@geometry": "center"
      },
      "geometry": {
        "type": "Point",
        "coordinates": [
          -121.2960555,
          37.9366719
        ]
      },
      "id": "way/287624590"
    },
    {
      "type": "Feature",
      "properties": {
        "@id": "way/287671127",
        "amenity": "restaurant",
        "brand": "Denny's",
        "brand:wikidata": "Q1189695",
        "building": "yes",
        "cuisine": "american",
        "name": "Denny's",
        "smoking": "no",
        "wheelchair": "yes",
        "@geometry": "center"
      },
      "geometry": {
        "type": "Point",
        "coordinates": [
          -81.9413125,
          26.6281652
        ]
      },
      "id": "way/287671127"
    },
    {
      "type": "Feature",
      "properties": {
        "@id": "way/288607152",
        "amenity": "restaurant",
        "brand": "Denny's",
        "brand:wikidata": "Q1189695",
        "building": "yes",
        "cuisine": "american",
        "name": "Denny's",
        "@geometry": "center"
      },
      "geometry": {
        "type": "Point",
        "coordinates": [
          -81.8004722,
          26.5477469
        ]
      },
      "id": "way/288607152"
    },
    {
      "type": "Feature",
      "properties": {
        "@id": "way/288731620",
        "addr:city": "San Mateo",
        "addr:state": "CA",
        "amenity": "restaurant",
        "brand": "Denny's",
        "brand:wikidata": "Q1189695",
        "building": "yes",
        "cuisine": "american",
        "name": "Denny's",
        "opening_hours": "24/7",
        "@geometry": "center"
      },
      "geometry": {
        "type": "Point",
        "coordinates": [
          -122.2853784,
          37.5454738
        ]
      },
      "id": "way/288731620"
    },
    {
      "type": "Feature",
      "properties": {
        "@id": "way/289924338",
        "addr:city": "Huntsville",
        "addr:country": "US",
        "addr:housenumber": "4874",
        "addr:postcode": "35816",
        "addr:state": "AL",
        "addr:street": "University Drive Northwest",
        "amenity": "restaurant",
        "brand": "Denny's",
        "brand:wikidata": "Q1189695",
        "building": "yes",
        "cuisine": "american",
        "name": "Denny's",
        "source:geometry": "Bing 2011",
        "@geometry": "center"
      },
      "geometry": {
        "type": "Point",
        "coordinates": [
          -86.6547923,
          34.7382596
        ]
      },
      "id": "way/289924338"
    },
    {
      "type": "Feature",
      "properties": {
        "@id": "way/290276297",
        "amenity": "restaurant",
        "brand": "Denny's",
        "brand:wikidata": "Q1189695",
        "building": "yes",
        "cuisine": "american",
        "name": "Denny's",
        "source:geometry": "Bing 2011",
        "@geometry": "center"
      },
      "geometry": {
        "type": "Point",
        "coordinates": [
          -83.8437335,
          34.2850496
        ]
      },
      "id": "way/290276297"
    },
    {
      "type": "Feature",
      "properties": {
        "@id": "way/290364497",
        "amenity": "restaurant",
        "brand": "Denny's",
        "brand:wikidata": "Q1189695",
        "building": "yes",
        "cuisine": "american",
        "name": "Denny's",
        "source:geometry": "Bing 2011",
        "@geometry": "center"
      },
      "geometry": {
        "type": "Point",
        "coordinates": [
          -85.7378322,
          39.5262718
        ]
      },
      "id": "way/290364497"
    },
    {
      "type": "Feature",
      "properties": {
        "@id": "way/290515378",
        "addr:city": "Miami",
        "addr:housenumber": "3600",
        "addr:postcode": "33137",
        "addr:state": "FL",
        "addr:street": "Biscayne Boulevard",
        "amenity": "restaurant",
        "brand": "Denny's",
        "brand:wikidata": "Q1189695",
        "building": "yes",
        "cuisine": "american",
        "name": "Denny's",
        "opening_hours": "24/7",
        "@geometry": "center"
      },
      "geometry": {
        "type": "Point",
        "coordinates": [
          -80.189745,
          25.8108903
        ]
      },
      "id": "way/290515378"
    },
    {
      "type": "Feature",
      "properties": {
        "@id": "way/290535771",
        "addr:city": "Miami",
        "addr:housenumber": "1450",
        "addr:postcode": "33179",
        "addr:state": "FL",
        "addr:street": "Northeast Miami Gardens Drive",
        "amenity": "restaurant",
        "brand": "Denny's",
        "brand:wikidata": "Q1189695",
        "building": "retail",
        "building:levels": "1",
        "cuisine": "american",
        "name": "Denny's",
        "opening_hours": "24/7",
        "outdoor_seating": "no",
        "roof:levels": "0",
        "@geometry": "center"
      },
      "geometry": {
        "type": "Point",
        "coordinates": [
          -80.1719395,
          25.9444825
        ]
      },
      "id": "way/290535771"
    },
    {
      "type": "Feature",
      "properties": {
        "@id": "way/291005597",
        "addr:housenumber": "4927",
        "addr:street": "Mahoning Avenue",
        "amenity": "restaurant",
        "brand": "Denny's",
        "brand:wikidata": "Q1189695",
        "building": "yes",
        "cuisine": "american",
        "name": "Denny's",
        "opening_hours": "24/7",
        "phone": "+1 330 793 0189",
        "@geometry": "center"
      },
      "geometry": {
        "type": "Point",
        "coordinates": [
          -80.7480694,
          41.0997407
        ]
      },
      "id": "way/291005597"
    },
    {
      "type": "Feature",
      "properties": {
        "@id": "way/292814108",
        "amenity": "restaurant",
        "brand": "Denny's",
        "brand:wikidata": "Q1189695",
        "building": "retail",
        "cuisine": "american",
        "ele": "24.8",
        "height": "4.6",
        "lacounty:ain": "7149004062",
        "lacounty:bld_id": "513000761312",
        "name": "Denny's",
        "start_date": "1992",
        "@geometry": "center"
      },
      "geometry": {
        "type": "Point",
        "coordinates": [
          -118.160263,
          33.83206
        ]
      },
      "id": "way/292814108"
    },
    {
      "type": "Feature",
      "properties": {
        "@id": "way/293619131",
        "amenity": "restaurant",
        "brand": "Denny's",
        "brand:wikidata": "Q1189695",
        "building": "yes",
        "cuisine": "american",
        "name": "Denny's",
        "@geometry": "center"
      },
      "geometry": {
        "type": "Point",
        "coordinates": [
          -121.2211865,
          37.9028499
        ]
      },
      "id": "way/293619131"
    },
    {
      "type": "Feature",
      "properties": {
        "@id": "way/296075226",
        "addr:city": "Washington",
        "addr:housenumber": "4445",
        "addr:postcode": "20019",
        "addr:state": "DC",
        "addr:street": "Benning Road Northeast",
        "amenity": "restaurant",
        "brand": "Denny's",
        "brand:wikidata": "Q1189695",
        "building": "yes",
        "cuisine": "american",
        "dcgis:gis_id": "50634",
        "name": "Denny's",
        "phone": "+1-202-399-7526",
        "@geometry": "center"
      },
      "geometry": {
        "type": "Point",
        "coordinates": [
          -76.9383375,
          38.8904159
        ]
      },
      "id": "way/296075226"
    },
    {
      "type": "Feature",
      "properties": {
        "@id": "way/296133761",
        "addr:city": "Gustine",
        "addr:housenumber": "12820",
        "addr:postcode": "95322",
        "addr:street": "South Highway 33",
        "amenity": "restaurant",
        "brand": "Denny's",
        "brand:wikidata": "Q1189695",
        "building": "commercial",
        "cuisine": "american",
        "name": "Denny's",
        "@geometry": "center"
      },
      "geometry": {
        "type": "Point",
        "coordinates": [
          -121.0153112,
          37.1031641
        ]
      },
      "id": "way/296133761"
    },
    {
      "type": "Feature",
      "properties": {
        "@id": "way/297466796",
        "amenity": "restaurant",
        "brand": "Denny's",
        "brand:wikidata": "Q1189695",
        "building": "yes",
        "check_date": "2023-09-03",
        "cuisine": "american",
        "name": "Denny's",
        "@geometry": "center"
      },
      "geometry": {
        "type": "Point",
        "coordinates": [
          -78.4063121,
          40.4696105
        ]
      },
      "id": "way/297466796"
    },
    {
      "type": "Feature",
      "properties": {
        "@id": "way/297773648",
        "addr:city": "Mesa",
        "addr:housenumber": "5012",
        "addr:postcode": "85212",
        "addr:state": "AZ",
        "addr:street": "South Power Road",
        "amenity": "restaurant",
        "brand": "Denny's",
        "brand:wikidata": "Q1189695",
        "building": "yes",
        "cuisine": "american",
        "name": "Denny's",
        "@geometry": "center"
      },
      "geometry": {
        "type": "Point",
        "coordinates": [
          -111.688013,
          33.3249589
        ]
      },
      "id": "way/297773648"
    },
    {
      "type": "Feature",
      "properties": {
        "@id": "way/297799628",
        "amenity": "restaurant",
        "brand": "Denny's",
        "brand:wikidata": "Q1189695",
        "building": "yes",
        "cuisine": "american",
        "name": "Denny's",
        "@geometry": "center"
      },
      "geometry": {
        "type": "Point",
        "coordinates": [
          -66.1065253,
          18.404608
        ]
      },
      "id": "way/297799628"
    },
    {
      "type": "Feature",
      "properties": {
        "@id": "way/300166803",
        "addr:city": "Durango",
        "addr:housenumber": "666",
        "addr:postcode": "81301",
        "addr:state": "CO",
        "addr:street": "Camino del Rio",
        "amenity": "restaurant",
        "brand": "Denny's",
        "brand:wikidata": "Q1189695",
        "building": "yes",
        "cuisine": "american",
        "name": "Denny's",
        "opening_hours": "Mo-Su 05:00-24:00",
        "phone": "+1-970-247-1512",
        "website": "https://www.dennys.com/",
        "@geometry": "center"
      },
      "geometry": {
        "type": "Point",
        "coordinates": [
          -107.8838502,
          37.2715213
        ]
      },
      "id": "way/300166803"
    },
    {
      "type": "Feature",
      "properties": {
        "@id": "way/301184660",
        "amenity": "restaurant",
        "brand": "Denny's",
        "brand:wikidata": "Q1189695",
        "building": "yes",
        "cuisine": "american",
        "name": "Denny's",
        "@geometry": "center"
      },
      "geometry": {
        "type": "Point",
        "coordinates": [
          -122.0646761,
          38.2567342
        ]
      },
      "id": "way/301184660"
    },
    {
      "type": "Feature",
      "properties": {
        "@id": "way/302694937",
        "addr:city": "Lakewood",
        "addr:country": "US",
        "addr:housenumber": "5520",
        "addr:postcode": "90713",
        "addr:state": "CA",
        "addr:street": "South Street",
        "amenity": "restaurant",
        "brand": "Denny's",
        "brand:wikidata": "Q1189695",
        "building": "retail",
        "check_date": "2026-07-07",
        "cuisine": "american",
        "delivery": "yes",
        "ele": "24.1",
        "height": "6.2",
        "internet_access": "yes",
        "lacounty:ain": "7171010027",
        "lacounty:bld_id": "523968771501",
        "name": "Denny's",
        "opening_hours": "24/7",
        "payment:cash": "yes",
        "payment:mastercard": "yes",
        "payment:visa": "yes",
        "payment:visa_debit": "yes",
        "phone": "+1 562 866-6100",
        "smoking": "no",
        "stars": "4",
        "start_date": "1978",
        "takeaway": "yes",
        "website": "https://locations.dennys.com/CA/LAKEWOOD/248151",
        "wheelchair": "yes",
        "@geometry": "center"
      },
      "geometry": {
        "type": "Point",
        "coordinates": [
          -118.1242907,
          33.8600389
        ]
      },
      "id": "way/302694937"
    },
    {
      "type": "Feature",
      "properties": {
        "@id": "way/306050518",
        "addr:city": "Middletown",
        "addr:housenumber": "415",
        "addr:postcode": "10941",
        "addr:state": "NY",
        "addr:street": "Route 211 East",
        "amenity": "restaurant",
        "brand": "Denny's",
        "brand:wikidata": "Q1189695",
        "building": "yes",
        "building:colour": "red",
        "building:use": "foodservice",
        "cuisine": "american",
        "name": "Denny's",
        "website": "https://locations.dennys.com/NY/MIDDLETOWN/248196",
        "website:menu": "https://www.dennys.com/location/dennys-8196/menu",
        "website:orders": "https://order.dennys.com/locations/8196",
        "@geometry": "center"
      },
      "geometry": {
        "type": "Point",
        "coordinates": [
          -74.3870896,
          41.4562039
        ]
      },
      "id": "way/306050518"
    },
    {
      "type": "Feature",
      "properties": {
        "@id": "way/308030623",
        "amenity": "restaurant",
        "brand": "Denny's",
        "brand:wikidata": "Q1189695",
        "building": "yes",
        "cuisine": "american",
        "name": "Denny's",
        "@geometry": "center"
      },
      "geometry": {
        "type": "Point",
        "coordinates": [
          -81.9678564,
          28.0821312
        ]
      },
      "id": "way/308030623"
    },
    {
      "type": "Feature",
      "properties": {
        "@id": "way/308533276",
        "amenity": "restaurant",
        "brand": "Denny's",
        "brand:wikidata": "Q1189695",
        "building": "retail",
        "cuisine": "american",
        "ele": "29.8",
        "height": "7.0",
        "lacounty:ain": "4149001096",
        "lacounty:bld_id": "451974786768",
        "name": "Denny's",
        "start_date": "1978",
        "@geometry": "center"
      },
      "geometry": {
        "type": "Point",
        "coordinates": [
          -118.3615944,
          33.9015721
        ]
      },
      "id": "way/308533276"
    },
    {
      "type": "Feature",
      "properties": {
        "@id": "way/309026262",
        "amenity": "restaurant",
        "brand": "Denny's",
        "brand:wikidata": "Q1189695",
        "building": "yes",
        "cuisine": "american",
        "name": "Denny's",
        "@geometry": "center"
      },
      "geometry": {
        "type": "Point",
        "coordinates": [
          -81.6510573,
          28.2356413
        ]
      },
      "id": "way/309026262"
    },
    {
      "type": "Feature",
      "properties": {
        "@id": "way/309356587",
        "addr:city": "Kissimmee",
        "addr:housenumber": "2509",
        "addr:postcode": "34741",
        "addr:state": "FL",
        "addr:street": "West Vine Street",
        "amenity": "restaurant",
        "brand": "Denny's",
        "brand:wikidata": "Q1189695",
        "building": "yes",
        "cuisine": "american",
        "name": "Denny's",
        "opening_hours": "24/7",
        "@geometry": "center"
      },
      "geometry": {
        "type": "Point",
        "coordinates": [
          -81.4297916,
          28.3049627
        ]
      },
      "id": "way/309356587"
    },
    {
      "type": "Feature",
      "properties": {
        "@id": "way/309363989",
        "addr:city": "Edmonds",
        "addr:housenumber": "8431",
        "addr:postcode": "98026",
        "addr:street": "244th Street Southwest",
        "amenity": "restaurant",
        "brand": "Denny's",
        "brand:wikidata": "Q1189695",
        "building": "retail",
        "cuisine": "american",
        "name": "Denny's",
        "@geometry": "center"
      },
      "geometry": {
        "type": "Point",
        "coordinates": [
          -122.3470731,
          47.7784001
        ]
      },
      "id": "way/309363989"
    },
    {
      "type": "Feature",
      "properties": {
        "@id": "way/309860095",
        "addr:city": "Kissimmee",
        "addr:housenumber": "2051",
        "addr:postcode": "34744",
        "addr:state": "FL",
        "addr:street": "Bronson Highway",
        "amenity": "restaurant",
        "brand": "Denny's",
        "brand:wikidata": "Q1189695",
        "building": "yes",
        "cuisine": "american",
        "name": "Denny's",
        "@geometry": "center"
      },
      "geometry": {
        "type": "Point",
        "coordinates": [
          -81.36034,
          28.2908707
        ]
      },
      "id": "way/309860095"
    },
    {
      "type": "Feature",
      "properties": {
        "@id": "way/309867289",
        "addr:city": "Kissimmee",
        "addr:housenumber": "4783",
        "addr:postcode": "34746",
        "addr:state": "FL",
        "addr:street": "West Irlo Bronson Memorial Highway",
        "amenity": "restaurant",
        "brand": "Denny's",
        "brand:wikidata": "Q1189695",
        "building": "yes",
        "cuisine": "american",
        "internet_access": "wlan",
        "internet_access:fee": "no",
        "internet_access:ssid": "Dennys Guest Wifi",
        "name": "Denny's",
        "opening_hours": "24/7",
        "source": "survey",
        "@geometry": "center"
      },
      "geometry": {
        "type": "Point",
        "coordinates": [
          -81.4719399,
          28.3298273
        ]
      },
      "id": "way/309867289"
    },
    {
      "type": "Feature",
      "properties": {
        "@id": "way/310030807",
        "addr:city": "Kissimmee",
        "addr:housenumber": "5855",
        "addr:postcode": "34746",
        "addr:state": "FL",
        "addr:street": "West Irlo Bronson Memorial Highway",
        "amenity": "restaurant",
        "brand": "Denny's",
        "brand:wikidata": "Q1189695",
        "building": "yes",
        "cuisine": "american",
        "name": "Denny's",
        "@geometry": "center"
      },
      "geometry": {
        "type": "Point",
        "coordinates": [
          -81.5183157,
          28.3334781
        ]
      },
      "id": "way/310030807"
    },
    {
      "type": "Feature",
      "properties": {
        "@id": "way/310900275",
        "addr:city": "Meridian",
        "addr:housenumber": "3155",
        "addr:postcode": "83642",
        "addr:state": "ID",
        "addr:street": "East Fairview Avenue",
        "amenity": "restaurant",
        "brand": "Denny's",
        "brand:wikidata": "Q1189695",
        "building": "yes",
        "building:levels": "1",
        "cuisine": "american",
        "name": "Denny's",
        "smoking": "no",
        "@geometry": "center"
      },
      "geometry": {
        "type": "Point",
        "coordinates": [
          -116.3567507,
          43.6188082
        ]
      },
      "id": "way/310900275"
    },
    {
      "type": "Feature",
      "properties": {
        "@id": "way/311216087",
        "amenity": "restaurant",
        "brand": "Denny's",
        "brand:wikidata": "Q1189695",
        "building": "yes",
        "cuisine": "american",
        "name": "Denny's",
        "wheelchair": "yes",
        "@geometry": "center"
      },
      "geometry": {
        "type": "Point",
        "coordinates": [
          -81.6636366,
          28.3477133
        ]
      },
      "id": "way/311216087"
    },
    {
      "type": "Feature",
      "properties": {
        "@id": "way/311695759",
        "addr:city": "Merced",
        "addr:housenumber": "1128",
        "addr:postcode": "95341",
        "addr:street": "West 13th Street",
        "amenity": "restaurant",
        "brand": "Denny's",
        "brand:wikidata": "Q1189695",
        "building": "commercial",
        "cuisine": "american",
        "name": "Denny's",
        "wheelchair": "yes",
        "@geometry": "center"
      },
      "geometry": {
        "type": "Point",
        "coordinates": [
          -120.4957175,
          37.3005539
        ]
      },
      "id": "way/311695759"
    },
    {
      "type": "Feature",
      "properties": {
        "@id": "way/311695760",
        "addr:city": "Atwater",
        "addr:housenumber": "1601",
        "addr:postcode": "95301",
        "addr:street": "Sycamore Avenue",
        "amenity": "restaurant",
        "brand": "Denny's",
        "brand:wikidata": "Q1189695",
        "building": "commercial",
        "cuisine": "american",
        "name": "Denny's",
        "wheelchair": "yes",
        "@geometry": "center"
      },
      "geometry": {
        "type": "Point",
        "coordinates": [
          -120.613667,
          37.3460474
        ]
      },
      "id": "way/311695760"
    },
    {
      "type": "Feature",
      "properties": {
        "@id": "way/311717581",
        "addr:city": "Los Banos",
        "amenity": "restaurant",
        "brand": "Denny's",
        "brand:wikidata": "Q1189695",
        "building": "commercial",
        "cuisine": "american",
        "name": "Denny's",
        "wheelchair": "yes",
        "@geometry": "center"
      },
      "geometry": {
        "type": "Point",
        "coordinates": [
          -120.8779549,
          37.0564148
        ]
      },
      "id": "way/311717581"
    },
    {
      "type": "Feature",
      "properties": {
        "@id": "way/312212572",
        "addr:city": "Palm Springs",
        "addr:housenumber": "1201",
        "addr:postcode": "92262",
        "addr:state": "CA",
        "addr:street": "North Palm Canyon Drive",
        "amenity": "restaurant",
        "brand": "Denny's",
        "brand:wikidata": "Q1189695",
        "building": "yes",
        "cuisine": "american",
        "name": "Denny's",
        "phone": "+1 760-325-9519",
        "@geometry": "center"
      },
      "geometry": {
        "type": "Point",
        "coordinates": [
          -116.5471194,
          33.8396368
        ]
      },
      "id": "way/312212572"
    },
    {
      "type": "Feature",
      "properties": {
        "@id": "way/312540306",
        "amenity": "restaurant",
        "brand": "Denny's",
        "brand:wikidata": "Q1189695",
        "building": "yes",
        "cuisine": "american",
        "name": "Denny's",
        "@geometry": "center"
      },
      "geometry": {
        "type": "Point",
        "coordinates": [
          -81.4729953,
          40.4928213
        ]
      },
      "id": "way/312540306"
    },
    {
      "type": "Feature",
      "properties": {
        "@id": "way/312648895",
        "addr:city": "Chesapeake",
        "addr:housenumber": "1401",
        "addr:postcode": "23320",
        "addr:state": "VA",
        "addr:street": "Tintern Street",
        "amenity": "restaurant",
        "brand": "Denny's",
        "brand:wikidata": "Q1189695",
        "building": "yes",
        "comment": "0360000003640",
        "cuisine": "american",
        "name": "Denny's",
        "@geometry": "center"
      },
      "geometry": {
        "type": "Point",
        "coordinates": [
          -76.2528458,
          36.7646832
        ]
      },
      "id": "way/312648895"
    },
    {
      "type": "Feature",
      "properties": {
        "@id": "way/312714146",
        "amenity": "restaurant",
        "brand": "Denny's",
        "brand:wikidata": "Q1189695",
        "building": "yes",
        "cuisine": "american",
        "name": "Denny's",
        "opening_hours": "24/7",
        "@geometry": "center"
      },
      "geometry": {
        "type": "Point",
        "coordinates": [
          -116.4565987,
          33.7778796
        ]
      },
      "id": "way/312714146"
    },
    {
      "type": "Feature",
      "properties": {
        "@id": "way/313056341",
        "addr:city": "Grants",
        "addr:housenumber": "1700",
        "addr:postcode": "87020",
        "addr:state": "NM",
        "addr:street": "Sidney Drive",
        "amenity": "restaurant",
        "brand": "Denny's",
        "brand:wikidata": "Q1189695",
        "building": "yes",
        "cuisine": "american",
        "name": "Denny's",
        "@geometry": "center"
      },
      "geometry": {
        "type": "Point",
        "coordinates": [
          -107.8273042,
          35.1263367
        ]
      },
      "id": "way/313056341"
    },
    {
      "type": "Feature",
      "properties": {
        "@id": "way/313707993",
        "addr:city": "Greenville",
        "addr:housenumber": "2521",
        "addr:postcode": "29615",
        "addr:state": "SC",
        "addr:street": "Wade Hampton Boulevard",
        "amenity": "restaurant",
        "brand": "Denny's",
        "brand:wikidata": "Q1189695",
        "building": "restaurant",
        "cuisine": "american",
        "name": "Denny's",
        "operator": "Denny's",
        "@geometry": "center"
      },
      "geometry": {
        "type": "Point",
        "coordinates": [
          -82.3426156,
          34.8959573
        ]
      },
      "id": "way/313707993"
    },
    {
      "type": "Feature",
      "properties": {
        "@id": "way/313756780",
        "amenity": "restaurant",
        "brand": "Denny's",
        "brand:wikidata": "Q1189695",
        "building": "yes",
        "cuisine": "american",
        "name": "Denny's",
        "@geometry": "center"
      },
      "geometry": {
        "type": "Point",
        "coordinates": [
          -122.0649169,
          37.9746698
        ]
      },
      "id": "way/313756780"
    },
    {
      "type": "Feature",
      "properties": {
        "@id": "way/314810877",
        "addr:city": "Riviera Beach",
        "addr:housenumber": "4102",
        "addr:postcode": "33404",
        "addr:state": "FL",
        "addr:street": "West Blue Heron Boulevard",
        "amenity": "restaurant",
        "brand": "Denny's",
        "brand:wikidata": "Q1189695",
        "building": "yes",
        "cuisine": "american",
        "name": "Denny's",
        "opening_hours": "24/7",
        "@geometry": "center"
      },
      "geometry": {
        "type": "Point",
        "coordinates": [
          -80.1006627,
          26.7839135
        ]
      },
      "id": "way/314810877"
    },
    {
      "type": "Feature",
      "properties": {
        "@id": "way/314940623",
        "addr:city": "Seatac",
        "addr:housenumber": "18623",
        "addr:postcode": "98188",
        "addr:state": "WA",
        "addr:street": "International Boulevard",
        "amenity": "restaurant",
        "brand": "Denny's",
        "brand:wikidata": "Q1189695",
        "building": "yes",
        "cuisine": "american",
        "diet:vegetarian": "yes",
        "indoor_seating": "yes",
        "name": "Denny's",
        "opening_hours": "24/7",
        "outdoor_seating": "no",
        "phone": "+1-206-248-1558",
        "wheelchair": "yes",
        "@geometry": "center"
      },
      "geometry": {
        "type": "Point",
        "coordinates": [
          -122.296301,
          47.4356828
        ]
      },
      "id": "way/314940623"
    },
    {
      "type": "Feature",
      "properties": {
        "@id": "way/315408646",
        "amenity": "restaurant",
        "brand": "Denny's",
        "brand:wikidata": "Q1189695",
        "building": "yes",
        "cuisine": "american",
        "name": "Denny's",
        "opening_hours": "24/7",
        "@geometry": "center"
      },
      "geometry": {
        "type": "Point",
        "coordinates": [
          -81.3200971,
          29.9042451
        ]
      },
      "id": "way/315408646"
    },
    {
      "type": "Feature",
      "properties": {
        "@id": "way/315488696",
        "amenity": "restaurant",
        "brand": "Denny's",
        "brand:wikidata": "Q1189695",
        "building": "yes",
        "cuisine": "american",
        "name": "Denny's",
        "@geometry": "center"
      },
      "geometry": {
        "type": "Point",
        "coordinates": [
          -114.6062697,
          33.606389
        ]
      },
      "id": "way/315488696"
    },
    {
      "type": "Feature",
      "properties": {
        "@id": "way/315562339",
        "addr:city": "Killeen",
        "addr:housenumber": "1108",
        "addr:postcode": "76541",
        "addr:state": "TX",
        "addr:street": "South Fort Hood Street",
        "amenity": "restaurant",
        "brand": "Denny's",
        "brand:wikidata": "Q1189695",
        "building": "yes",
        "building:levels": "1",
        "cuisine": "american",
        "name": "Denny's",
        "@geometry": "center"
      },
      "geometry": {
        "type": "Point",
        "coordinates": [
          -97.7466362,
          31.1100791
        ]
      },
      "id": "way/315562339"
    },
    {
      "type": "Feature",
      "properties": {
        "@id": "way/315575027",
        "addr:city": "Fort Lauderdale",
        "addr:housenumber": "5000",
        "addr:postcode": "33308",
        "addr:state": "FL",
        "addr:street": "Federal Highway",
        "amenity": "restaurant",
        "brand": "Denny's",
        "brand:wikidata": "Q1189695",
        "building": "yes",
        "cuisine": "american",
        "name": "Denny's",
        "opening_hours": "24/7",
        "@geometry": "center"
      },
      "geometry": {
        "type": "Point",
        "coordinates": [
          -80.1142102,
          26.1899961
        ]
      },
      "id": "way/315575027"
    },
    {
      "type": "Feature",
      "properties": {
        "@id": "way/316625016",
        "amenity": "restaurant",
        "brand": "Denny's",
        "brand:wikidata": "Q1189695",
        "building": "yes",
        "cuisine": "american",
        "name": "Denny's",
        "opening_hours": "24/7",
        "@geometry": "center"
      },
      "geometry": {
        "type": "Point",
        "coordinates": [
          -80.310245,
          26.1452585
        ]
      },
      "id": "way/316625016"
    },
    {
      "type": "Feature",
      "properties": {
        "@id": "way/316900059",
        "amenity": "restaurant",
        "brand": "Denny's",
        "brand:wikidata": "Q1189695",
        "building": "yes",
        "cuisine": "american",
        "name": "Denny's",
        "opening_hours": "24/7",
        "@geometry": "center"
      },
      "geometry": {
        "type": "Point",
        "coordinates": [
          -80.2525549,
          26.0501892
        ]
      },
      "id": "way/316900059"
    },
    {
      "type": "Feature",
      "properties": {
        "@id": "way/317336527",
        "addr:housenumber": "404",
        "addr:street": "South State Road 7",
        "air_conditioning": "yes",
        "amenity": "restaurant",
        "brand": "Denny's",
        "brand:wikidata": "Q1189695",
        "building": "retail",
        "cuisine": "american",
        "name": "Denny's",
        "opening_hours": "24/7",
        "@geometry": "center"
      },
      "geometry": {
        "type": "Point",
        "coordinates": [
          -80.2079696,
          26.0077758
        ]
      },
      "id": "way/317336527"
    },
    {
      "type": "Feature",
      "properties": {
        "@id": "way/317424161",
        "addr:city": "Bloomington",
        "addr:housenumber": "4209",
        "addr:postcode": "55437",
        "addr:state": "MN",
        "addr:street": "American Boulevard West",
        "amenity": "restaurant",
        "brand": "Denny's",
        "brand:wikidata": "Q1189695",
        "building": "yes",
        "cuisine": "american",
        "name": "Denny's",
        "phone": "+1 952 835 7476",
        "website": "https://www.dennys.com/",
        "@geometry": "center"
      },
      "geometry": {
        "type": "Point",
        "coordinates": [
          -93.3321285,
          44.856967
        ]
      },
      "id": "way/317424161"
    },
    {
      "type": "Feature",
      "properties": {
        "@id": "way/318169326",
        "addr:city": "Denver",
        "addr:housenumber": "12090",
        "addr:postcode": "80239",
        "addr:state": "CO",
        "addr:street": "East 40th Avenue",
        "amenity": "restaurant",
        "brand": "Denny's",
        "brand:wikidata": "Q1189695",
        "building": "restaurant",
        "cuisine": "american",
        "indoor_seating": "yes",
        "name": "Denny's",
        "opening_hours": "24/7",
        "outdoor_seating": "no",
        "phone": "+1-303-373-0840",
        "website": "https://locations.dennys.com/CO/DENVER/248713",
        "@geometry": "center"
      },
      "geometry": {
        "type": "Point",
        "coordinates": [
          -104.8481839,
          39.7726821
        ]
      },
      "id": "way/318169326"
    },
    {
      "type": "Feature",
      "properties": {
        "@id": "way/318893817",
        "addr:city": "Jurupa Valley",
        "addr:housenumber": "6285",
        "addr:postcode": "91752",
        "addr:street": "Pats Ranch Road",
        "addr:unit": "Suite A",
        "amenity": "restaurant",
        "brand": "Denny's",
        "brand:wikidata": "Q1189695",
        "building": "retail",
        "cuisine": "american",
        "name": "Denny's",
        "phone": "+1-951-371-8383",
        "website": "https://locations.dennys.com/CA/MIRA-LOMA/247843",
        "website:menu": "https://www.dennys.com/location/dennys-7843/menu",
        "website:orders": "https://order.dennys.com/locations/7843",
        "@geometry": "center"
      },
      "geometry": {
        "type": "Point",
        "coordinates": [
          -117.5454156,
          33.9748485
        ]
      },
      "id": "way/318893817"
    },
    {
      "type": "Feature",
      "properties": {
        "@id": "way/320104756",
        "amenity": "restaurant",
        "brand": "Denny's",
        "brand:wikidata": "Q1189695",
        "building": "yes",
        "cuisine": "american",
        "name": "Denny's",
        "@geometry": "center"
      },
      "geometry": {
        "type": "Point",
        "coordinates": [
          -121.3944345,
          38.1170251
        ]
      },
      "id": "way/320104756"
    },
    {
      "type": "Feature",
      "properties": {
        "@id": "way/320363283",
        "addr:city": "San Antonio",
        "addr:housenumber": "6859",
        "addr:postcode": "78227",
        "addr:state": "TX",
        "addr:street": "West US Highway 90",
        "amenity": "restaurant",
        "brand": "Denny's",
        "brand:wikidata": "Q1189695",
        "building": "yes",
        "cuisine": "american",
        "name": "Denny's",
        "@geometry": "center"
      },
      "geometry": {
        "type": "Point",
        "coordinates": [
          -98.6268676,
          29.4036193
        ]
      },
      "id": "way/320363283"
    },
    {
      "type": "Feature",
      "properties": {
        "@id": "way/322402778",
        "addr:city": "Honolulu",
        "addr:housenumber": "1972",
        "addr:postcode": "96815",
        "addr:state": "HI",
        "addr:street": "Kalakaua Avenue",
        "amenity": "restaurant",
        "brand": "Denny's",
        "brand:wikidata": "Q1189695",
        "brand:wikipedia": "en:Tony Roma's",
        "building": "yes",
        "building:levels": "1",
        "cuisine": "american",
        "name": "Denny's",
        "website": "https://tonyromas.com/honolulu-waikiki",
        "@geometry": "center"
      },
      "geometry": {
        "type": "Point",
        "coordinates": [
          -157.832595,
          21.2854685
        ]
      },
      "id": "way/322402778"
    },
    {
      "type": "Feature",
      "properties": {
        "@id": "way/322536073",
        "amenity": "restaurant",
        "brand": "Denny's",
        "brand:wikidata": "Q1189695",
        "building": "yes",
        "cuisine": "american",
        "name": "Denny's",
        "@geometry": "center"
      },
      "geometry": {
        "type": "Point",
        "coordinates": [
          -114.6056186,
          32.6980174
        ]
      },
      "id": "way/322536073"
    },
    {
      "type": "Feature",
      "properties": {
        "@id": "way/323191158",
        "addr:city": "Kingman",
        "addr:postcode": "86401",
        "amenity": "restaurant",
        "brand": "Denny's",
        "brand:wikidata": "Q1189695",
        "building": "yes",
        "cuisine": "american",
        "name": "Denny's",
        "opening_hours": "24/7",
        "@geometry": "center"
      },
      "geometry": {
        "type": "Point",
        "coordinates": [
          -114.0097982,
          35.2189391
        ]
      },
      "id": "way/323191158"
    },
    {
      "type": "Feature",
      "properties": {
        "@id": "way/323593989",
        "addr:city": "Flagstaff",
        "addr:housenumber": "2306",
        "addr:postcode": "86001",
        "addr:state": "AZ",
        "addr:street": "Lucky Lane",
        "amenity": "restaurant",
        "brand": "Denny's",
        "brand:wikidata": "Q1189695",
        "building": "yes",
        "cuisine": "american",
        "name": "Denny's",
        "@geometry": "center"
      },
      "geometry": {
        "type": "Point",
        "coordinates": [
          -111.6229919,
          35.1929161
        ]
      },
      "id": "way/323593989"
    },
    {
      "type": "Feature",
      "properties": {
        "@id": "way/323928188",
        "addr:city": "Norman",
        "addr:housenumber": "500",
        "addr:postcode": "73072",
        "addr:state": "OK",
        "addr:street": "Ed Noble Parkway",
        "amenity": "restaurant",
        "brand": "Denny's",
        "brand:wikidata": "Q1189695",
        "building": "yes",
        "cuisine": "american",
        "name": "Denny's",
        "@geometry": "center"
      },
      "geometry": {
        "type": "Point",
        "coordinates": [
          -97.4858005,
          35.2129413
        ]
      },
      "id": "way/323928188"
    },
    {
      "type": "Feature",
      "properties": {
        "@id": "way/324342991",
        "addr:city": "Canby",
        "addr:housenumber": "1369",
        "addr:postcode": "97013",
        "addr:state": "OR",
        "addr:street": "Southeast 1st Avenue",
        "amenity": "restaurant",
        "brand": "Denny's",
        "brand:wikidata": "Q1189695",
        "building": "retail",
        "cuisine": "american",
        "ele": "43.5",
        "height": "6.6",
        "internet_access": "wlan",
        "internet_access:fee": "no",
        "name": "Denny's",
        "opening_hours": "24/7",
        "phone": "+1-503-263-3193",
        "website": "https://www.dennys.com/",
        "@geometry": "center"
      },
      "geometry": {
        "type": "Point",
        "coordinates": [
          -122.6785494,
          45.2671164
        ]
      },
      "id": "way/324342991"
    },
    {
      "type": "Feature",
      "properties": {
        "@id": "way/326297620",
        "addr:city": "Saint Augustine",
        "addr:housenumber": "2455",
        "addr:postcode": "32092",
        "addr:state": "FL",
        "addr:street": "State Road 16",
        "amenity": "restaurant",
        "brand": "Denny's",
        "brand:wikidata": "Q1189695",
        "building": "yes",
        "cuisine": "american",
        "name": "Denny's",
        "@geometry": "center"
      },
      "geometry": {
        "type": "Point",
        "coordinates": [
          -81.4147179,
          29.9174818
        ]
      },
      "id": "way/326297620"
    },
    {
      "type": "Feature",
      "properties": {
        "@id": "way/326675484",
        "addr:city": "Salinas",
        "addr:state": "CA",
        "amenity": "restaurant",
        "brand": "Denny's",
        "brand:wikidata": "Q1189695",
        "building": "yes",
        "cuisine": "american",
        "name": "Denny's",
        "opening_hours": "24/7",
        "@geometry": "center"
      },
      "geometry": {
        "type": "Point",
        "coordinates": [
          -121.6566763,
          36.7219328
        ]
      },
      "id": "way/326675484"
    },
    {
      "type": "Feature",
      "properties": {
        "@id": "way/328449000",
        "addr:city": "Lubbock",
        "addr:housenumber": "607",
        "addr:postcode": "79401",
        "addr:state": "TX",
        "addr:street": "Avenue Q",
        "amenity": "restaurant",
        "brand": "Denny's",
        "brand:wikidata": "Q1189695",
        "building": "yes",
        "cuisine": "american",
        "name": "Denny's",
        "@geometry": "center"
      },
      "geometry": {
        "type": "Point",
        "coordinates": [
          -101.8547765,
          33.5894651
        ]
      },
      "id": "way/328449000"
    },
    {
      "type": "Feature",
      "properties": {
        "@id": "way/328488799",
        "addr:housenumber": "975",
        "addr:postcode": "93901",
        "addr:street": "East Blanco Road",
        "amenity": "restaurant",
        "brand": "Denny's",
        "brand:wikidata": "Q1189695",
        "building": "yes",
        "building:levels": "1",
        "cuisine": "american",
        "name": "Denny's",
        "opening_hours": "24/7",
        "phone": "+1-831-424-9743",
        "@geometry": "center"
      },
      "geometry": {
        "type": "Point",
        "coordinates": [
          -121.6364806,
          36.6565851
        ]
      },
      "id": "way/328488799"
    },
    {
      "type": "Feature",
      "properties": {
        "@id": "way/328606739",
        "addr:city": "Perryville",
        "addr:housenumber": "41",
        "addr:postcode": "21903",
        "addr:state": "MD",
        "addr:street": "Heather Lane",
        "amenity": "restaurant",
        "brand": "Denny's",
        "brand:wikidata": "Q1189695",
        "building": "yes",
        "cuisine": "american",
        "name": "Denny's",
        "phone": "+1-410-642-6701",
        "source": "USGS Large Scale Imagery",
        "@geometry": "center"
      },
      "geometry": {
        "type": "Point",
        "coordinates": [
          -76.0659079,
          39.5892081
        ]
      },
      "id": "way/328606739"
    },
    {
      "type": "Feature",
      "properties": {
        "@id": "way/334104770",
        "amenity": "restaurant",
        "brand": "Denny's",
        "brand:wikidata": "Q1189695",
        "building": "yes",
        "cuisine": "american",
        "name": "Denny's",
        "@geometry": "center"
      },
      "geometry": {
        "type": "Point",
        "coordinates": [
          -102.1124016,
          31.9791749
        ]
      },
      "id": "way/334104770"
    },
    {
      "type": "Feature",
      "properties": {
        "@id": "way/334720912",
        "addr:city": "Akron",
        "addr:housenumber": "2877",
        "addr:postcode": "44312",
        "addr:state": "OH",
        "addr:street": "South Arlington Road",
        "amenity": "restaurant",
        "brand": "Denny's",
        "brand:wikidata": "Q1189695",
        "building": "yes",
        "cuisine": "american",
        "name": "Denny's",
        "@geometry": "center"
      },
      "geometry": {
        "type": "Point",
        "coordinates": [
          -81.4916635,
          40.9913957
        ]
      },
      "id": "way/334720912"
    },
    {
      "type": "Feature",
      "properties": {
        "@id": "way/334731662",
        "addr:city": "Louisville",
        "addr:housenumber": "434",
        "addr:postcode": "40217",
        "addr:state": "KY",
        "addr:street": "Eastern Parkway",
        "amenity": "restaurant",
        "brand": "Denny's",
        "brand:wikidata": "Q1189695",
        "building": "yes",
        "cuisine": "american",
        "lojic:bgnum": "236840",
        "name": "Denny's",
        "@geometry": "center"
      },
      "geometry": {
        "type": "Point",
        "coordinates": [
          -85.7518716,
          38.2113958
        ]
      },
      "id": "way/334731662"
    },
    {
      "type": "Feature",
      "properties": {
        "@id": "way/334836931",
        "addr:city": "Gurnee",
        "addr:housenumber": "6429",
        "addr:postcode": "60031",
        "addr:state": "IL",
        "addr:street": "Grand Avenue",
        "amenity": "restaurant",
        "brand": "Denny's",
        "brand:wikidata": "Q1189695",
        "building": "retail",
        "building:levels": "2",
        "cuisine": "american",
        "name": "Denny's",
        "phone": "+1-847-855-1680",
        "website": "https://locations.dennys.com",
        "@geometry": "center"
      },
      "geometry": {
        "type": "Point",
        "coordinates": [
          -87.961923,
          42.3842813
        ]
      },
      "id": "way/334836931"
    },
    {
      "type": "Feature",
      "properties": {
        "@id": "way/335302117",
        "amenity": "restaurant",
        "brand": "Denny's",
        "brand:wikidata": "Q1189695",
        "building": "yes",
        "cuisine": "american",
        "name": "Denny's",
        "source": "Bing",
        "@geometry": "center"
      },
      "geometry": {
        "type": "Point",
        "coordinates": [
          -110.2747288,
          31.5549781
        ]
      },
      "id": "way/335302117"
    },
    {
      "type": "Feature",
      "properties": {
        "@id": "way/335644416",
        "amenity": "restaurant",
        "brand": "Denny's",
        "brand:wikidata": "Q1189695",
        "building": "yes",
        "cuisine": "american",
        "name": "Denny's",
        "@geometry": "center"
      },
      "geometry": {
        "type": "Point",
        "coordinates": [
          -67.1501134,
          18.1728826
        ]
      },
      "id": "way/335644416"
    },
    {
      "type": "Feature",
      "properties": {
        "@id": "way/337675098",
        "addr:city": "Washington",
        "addr:housenumber": "1395",
        "addr:postcode": "15301",
        "addr:state": "PA",
        "addr:street": "West Chestnut Street",
        "amenity": "restaurant",
        "brand": "Denny's",
        "brand:wikidata": "Q1189695",
        "building": "yes",
        "cuisine": "american",
        "name": "Denny's",
        "@geometry": "center"
      },
      "geometry": {
        "type": "Point",
        "coordinates": [
          -80.2739316,
          40.1650243
        ]
      },
      "id": "way/337675098"
    },
    {
      "type": "Feature",
      "properties": {
        "@id": "way/338080888",
        "addr:city": "Bedford",
        "addr:housenumber": "1035",
        "addr:postcode": "47421",
        "addr:state": "IN",
        "addr:street": "James Avenue",
        "amenity": "restaurant",
        "brand": "Denny's",
        "brand:wikidata": "Q1189695",
        "building": "retail",
        "cuisine": "american",
        "name": "Denny's",
        "opening_hours": "24/7",
        "phone": "+1-812-275-5023",
        "website": "https://www.dennys.com/",
        "@geometry": "center"
      },
      "geometry": {
        "type": "Point",
        "coordinates": [
          -86.5191587,
          38.8663956
        ]
      },
      "id": "way/338080888"
    },
    {
      "type": "Feature",
      "properties": {
        "@id": "way/338272793",
        "addr:city": "Woodburn",
        "addr:housenumber": "2919",
        "addr:postcode": "97071",
        "addr:state": "OR",
        "addr:street": "Tom Tennant Drive",
        "amenity": "restaurant",
        "brand": "Denny's",
        "brand:wikidata": "Q1189695",
        "building": "yes",
        "check_date": "2025-07-29",
        "cuisine": "american",
        "name": "Denny's",
        "@geometry": "center"
      },
      "geometry": {
        "type": "Point",
        "coordinates": [
          -122.8778635,
          45.1521451
        ]
      },
      "id": "way/338272793"
    },
    {
      "type": "Feature",
      "properties": {
        "@id": "way/339268623",
        "addr:city": "College Park",
        "addr:housenumber": "8424",
        "addr:postcode": "20740",
        "addr:state": "MD",
        "addr:street": "Baltimore Avenue",
        "amenity": "restaurant",
        "brand": "Denny's",
        "brand:wikidata": "Q1189695",
        "building": "yes",
        "cuisine": "american",
        "delivery": "no",
        "height": "6.92",
        "internet_access": "wlan",
        "name": "Denny's",
        "outdoor_seating": "no",
        "roof:shape": "gabled",
        "smoking": "no",
        "source": "M-NCPPC",
        "takeaway": "yes",
        "wheelchair": "yes",
        "@geometry": "center"
      },
      "geometry": {
        "type": "Point",
        "coordinates": [
          -76.9330489,
          38.9940227
        ]
      },
      "id": "way/339268623"
    },
    {
      "type": "Feature",
      "properties": {
        "@id": "way/339547938",
        "amenity": "restaurant",
        "brand": "Denny's",
        "brand:wikidata": "Q1189695",
        "building": "yes",
        "cuisine": "american",
        "height": "4.6",
        "name": "Denny's",
        "source": "Municipio de Bayamon",
        "source:en": "Bayamon Municipality",
        "@geometry": "center"
      },
      "geometry": {
        "type": "Point",
        "coordinates": [
          -66.1461512,
          18.3950162
        ]
      },
      "id": "way/339547938"
    },
    {
      "type": "Feature",
      "properties": {
        "@id": "way/339829644",
        "amenity": "restaurant",
        "brand": "Denny's",
        "brand:wikidata": "Q1189695",
        "building": "retail",
        "cuisine": "american",
        "name": "Denny's",
        "source": "Bing",
        "@geometry": "center"
      },
      "geometry": {
        "type": "Point",
        "coordinates": [
          -80.0950498,
          36.1085184
        ]
      },
      "id": "way/339829644"
    },
    {
      "type": "Feature",
      "properties": {
        "@id": "way/342624437",
        "addr:city": "Mesa",
        "addr:housenumber": "1330",
        "addr:postcode": "85206",
        "addr:state": "AZ",
        "addr:street": "South Power Road",
        "amenity": "restaurant",
        "brand": "Denny's",
        "brand:wikidata": "Q1189695",
        "building": "yes",
        "cuisine": "american",
        "name": "Denny's",
        "@geometry": "center"
      },
      "geometry": {
        "type": "Point",
        "coordinates": [
          -111.6851774,
          33.3913235
        ]
      },
      "id": "way/342624437"
    },
    {
      "type": "Feature",
      "properties": {
        "@id": "way/342857161",
        "addr:city": "Payson",
        "addr:housenumber": "312",
        "addr:postcode": "85541",
        "addr:state": "AZ",
        "addr:street": "South Beeline Highway",
        "amenity": "restaurant",
        "brand": "Denny's",
        "brand:wikidata": "Q1189695",
        "building": "yes",
        "cuisine": "american",
        "name": "Denny's",
        "phone": "+1-928-474-4717",
        "source": "esri/USA_NAD_Addresses",
        "@geometry": "center"
      },
      "geometry": {
        "type": "Point",
        "coordinates": [
          -111.3235182,
          34.236744
        ]
      },
      "id": "way/342857161"
    },
    {
      "type": "Feature",
      "properties": {
        "@id": "way/345632498",
        "addr:city": "San Diego",
        "addr:country": "US",
        "addr:housenumber": "7676",
        "addr:postcode": "92108",
        "addr:street": "Friars Road",
        "amenity": "restaurant",
        "brand": "Denny's",
        "brand:wikidata": "Q1189695",
        "building": "yes",
        "cuisine": "american",
        "name": "Denny's",
        "@geometry": "center"
      },
      "geometry": {
        "type": "Point",
        "coordinates": [
          -117.1584083,
          32.772458
        ]
      },
      "id": "way/345632498"
    },
    {
      "type": "Feature",
      "properties": {
        "@id": "way/347136354",
        "amenity": "restaurant",
        "brand": "Denny's",
        "brand:wikidata": "Q1189695",
        "building": "yes",
        "cuisine": "american",
        "name": "Denny's",
        "@geometry": "center"
      },
      "geometry": {
        "type": "Point",
        "coordinates": [
          -95.6952956,
          29.9730748
        ]
      },
      "id": "way/347136354"
    },
    {
      "type": "Feature",
      "properties": {
        "@id": "way/350940631",
        "amenity": "restaurant",
        "brand": "Denny's",
        "brand:wikidata": "Q1189695",
        "building": "retail",
        "cuisine": "american",
        "delivery": "no",
        "name": "Denny's",
        "smoking": "no",
        "takeaway": "yes",
        "@geometry": "center"
      },
      "geometry": {
        "type": "Point",
        "coordinates": [
          -87.638786,
          37.9768172
        ]
      },
      "id": "way/350940631"
    },
    {
      "type": "Feature",
      "properties": {
        "@id": "way/351459634",
        "amenity": "restaurant",
        "brand": "Denny's",
        "brand:wikidata": "Q1189695",
        "building": "yes",
        "cuisine": "american",
        "name": "Denny's",
        "@geometry": "center"
      },
      "geometry": {
        "type": "Point",
        "coordinates": [
          -87.4921116,
          37.9797238
        ]
      },
      "id": "way/351459634"
    },
    {
      "type": "Feature",
      "properties": {
        "@id": "way/351964474",
        "addr:city": "Syracuse",
        "addr:country": "US",
        "addr:housenumber": "6591",
        "addr:postcode": "13206",
        "addr:state": "NY",
        "addr:street": "Thompson Road",
        "amenity": "restaurant",
        "brand": "Denny's",
        "brand:wikidata": "Q1189695",
        "building": "yes",
        "contact:phone": "+1-315-437-9012",
        "contact:website": "http://locations.dennys.com/NY/SYRACUSE/248116",
        "cuisine": "american",
        "internet_access": "wlan",
        "internet_access:fee": "no",
        "name": "Denny's",
        "opening_hours": "24/7",
        "@geometry": "center"
      },
      "geometry": {
        "type": "Point",
        "coordinates": [
          -76.0927495,
          43.0894768
        ]
      },
      "id": "way/351964474"
    },
    {
      "type": "Feature",
      "properties": {
        "@id": "way/354176745",
        "addr:city": "Pensacola",
        "addr:housenumber": "7748",
        "addr:postcode": "32514",
        "addr:state": "FL",
        "addr:street": "North Davis Highway",
        "amenity": "restaurant",
        "brand": "Denny's",
        "brand:wikidata": "Q1189695",
        "building": "commercial",
        "cuisine": "american",
        "delivery": "no",
        "name": "Denny's",
        "phone": "+1 850-478-0727",
        "takeaway": "yes",
        "website": "https://locations.dennys.com/FL/PENSACOLA/248154",
        "@geometry": "center"
      },
      "geometry": {
        "type": "Point",
        "coordinates": [
          -87.2208247,
          30.5058043
        ]
      },
      "id": "way/354176745"
    },
    {
      "type": "Feature",
      "properties": {
        "@id": "way/354214006",
        "addr:city": "Spokane Valley",
        "addr:housenumber": "6",
        "addr:state": "WA",
        "addr:street": "North Pines Road",
        "brand": "Denny's",
        "brand:wikidata": "Q1189695",
        "building:levels": "1",
        "cuisine": "american",
        "demolished:building": "retail",
        "disused:amenity": "restaurant",
        "name": "Denny's",
        "@geometry": "center"
      },
      "geometry": {
        "type": "Point",
        "coordinates": [
          -117.2392928,
          47.657555
        ]
      },
      "id": "way/354214006"
    },
    {
      "type": "Feature",
      "properties": {
        "@id": "way/354461369",
        "addr:city": "Myrtle Beach",
        "addr:housenumber": "800",
        "addr:postcode": "29577",
        "addr:street": "South Kings Highway",
        "amenity": "restaurant",
        "brand": "Denny's",
        "brand:wikidata": "Q1189695",
        "building": "yes",
        "cuisine": "american",
        "name": "Denny's",
        "opening_hours": "Mo-Su 06:00-22:00",
        "@geometry": "center"
      },
      "geometry": {
        "type": "Point",
        "coordinates": [
          -78.8978061,
          33.6807109
        ]
      },
      "id": "way/354461369"
    },
    {
      "type": "Feature",
      "properties": {
        "@id": "way/355377940",
        "addr:city": "Dallas",
        "addr:housenumber": "2030",
        "addr:postcode": "75207",
        "addr:state": "TX",
        "addr:street": "Market Center Boulevard",
        "amenity": "restaurant",
        "brand": "Denny's",
        "brand:wikidata": "Q1189695",
        "building": "yes",
        "cuisine": "american",
        "name": "Denny's",
        "@geometry": "center"
      },
      "geometry": {
        "type": "Point",
        "coordinates": [
          -96.8250234,
          32.7986196
        ]
      },
      "id": "way/355377940"
    },
    {
      "type": "Feature",
      "properties": {
        "@id": "way/355773056",
        "addr:city": "Pensacola",
        "addr:housenumber": "535",
        "addr:postcode": "32534",
        "addr:state": "FL",
        "addr:street": "West Nine Mile Road",
        "brand": "Denny's",
        "brand:wikidata": "Q1189695",
        "building": "yes",
        "check_date": "2026-08-20",
        "cuisine": "american",
        "delivery": "no",
        "disused:amenity": "restaurant",
        "name": "Denny's",
        "outdoor_seating": "no",
        "smoking": "no",
        "takeaway": "yes",
        "@geometry": "center"
      },
      "geometry": {
        "type": "Point",
        "coordinates": [
          -87.2813815,
          30.5329148
        ]
      },
      "id": "way/355773056"
    },
    {
      "type": "Feature",
      "properties": {
        "@id": "way/357564180",
        "addr:city": "Balcones Heights",
        "addr:housenumber": "4510",
        "addr:postcode": "78201",
        "addr:state": "TX",
        "addr:street": "Fredericksburg Road",
        "amenity": "restaurant",
        "brand": "Denny's",
        "brand:wikidata": "Q1189695",
        "building": "yes",
        "cuisine": "american",
        "name": "Denny's",
        "@geometry": "center"
      },
      "geometry": {
        "type": "Point",
        "coordinates": [
          -98.5509479,
          29.4903438
        ]
      },
      "id": "way/357564180"
    },
    {
      "type": "Feature",
      "properties": {
        "@id": "way/363946674",
        "addr:city": "Utica",
        "addr:housenumber": "180",
        "addr:postcode": "13502",
        "addr:state": "NY",
        "addr:street": "North Genesee Street",
        "amenity": "restaurant",
        "brand": "Denny's",
        "brand:wikidata": "Q1189695",
        "building": "yes",
        "cuisine": "american",
        "name": "Denny's",
        "nysgissam:nysaddresspointid": "ONEI024415",
        "@geometry": "center"
      },
      "geometry": {
        "type": "Point",
        "coordinates": [
          -75.2178871,
          43.1098994
        ]
      },
      "id": "way/363946674"
    },
    {
      "type": "Feature",
      "properties": {
        "@id": "way/365930291",
        "addr:city": "Burien",
        "addr:country": "US",
        "addr:housenumber": "14821",
        "addr:postcode": "98168",
        "addr:state": "WA",
        "addr:street": "1st Avenue South",
        "amenity": "restaurant",
        "brand": "Denny's",
        "brand:wikidata": "Q1189695",
        "building": "retail",
        "check_date": "2026-05-25",
        "check_date:opening_hours": "2026-05-25",
        "cuisine": "american",
        "name": "Denny's",
        "opening_hours": "24/7",
        "phone": "+1-206-246-9197",
        "website": "https://www.dennys.com/",
        "@geometry": "center"
      },
      "geometry": {
        "type": "Point",
        "coordinates": [
          -122.3342435,
          47.4698749
        ]
      },
      "id": "way/365930291"
    },
    {
      "type": "Feature",
      "properties": {
        "@id": "way/366050780",
        "addr:city": "San Jose",
        "addr:housenumber": "2401",
        "addr:postcode": "95122",
        "addr:street": "Lanai Avenue",
        "amenity": "restaurant",
        "brand": "Denny's",
        "brand:wikidata": "Q1189695",
        "building": "yes",
        "cuisine": "american",
        "ele": "44.49",
        "height": "5.07",
        "name": "Denny's",
        "@geometry": "center"
      },
      "geometry": {
        "type": "Point",
        "coordinates": [
          -121.8289188,
          37.3195871
        ]
      },
      "id": "way/366050780"
    },
    {
      "type": "Feature",
      "properties": {
        "@id": "way/368094136",
        "addr:city": "Portland",
        "addr:housenumber": "11950",
        "addr:postcode": "97217",
        "addr:state": "OR",
        "addr:street": "North Center Avenue",
        "amenity": "restaurant",
        "brand": "Denny's",
        "brand:wikidata": "Q1189695",
        "building": "retail",
        "check_date": "2023-06-23",
        "contact:phone": "+1-503-285-0735",
        "contact:website": "https://locations.dennys.com/OR/PORTLAND/246801",
        "cuisine": "american",
        "name": "Denny's",
        "opening_hours": "24/7",
        "@geometry": "center"
      },
      "geometry": {
        "type": "Point",
        "coordinates": [
          -122.6817816,
          45.609514
        ]
      },
      "id": "way/368094136"
    },
    {
      "type": "Feature",
      "properties": {
        "@id": "way/368801227",
        "addr:city": "Centereach",
        "addr:housename": "Centereach Mall",
        "addr:housenumber": "255",
        "addr:postcode": "11720",
        "addr:state": "NY",
        "addr:street": "Centereach Square",
        "alt_name": "Dennys",
        "amenity": "restaurant",
        "brand": "Denny's",
        "brand:wikidata": "Q1189695",
        "building": "retail",
        "cuisine": "american",
        "internet_access": "yes",
        "name": "Denny's",
        "nysgissam:nysaddresspointid": "SUFF567830",
        "operator": "Denny's",
        "website": "https://dennys.com/",
        "@geometry": "center"
      },
      "geometry": {
        "type": "Point",
        "coordinates": [
          -73.0830191,
          40.8590205
        ]
      },
      "id": "way/368801227"
    },
    {
      "type": "Feature",
      "properties": {
        "@id": "way/368972526",
        "addr:city": "Portland",
        "addr:housenumber": "10428",
        "addr:postcode": "97216",
        "addr:state": "OR",
        "addr:street": "Southeast Stark Street",
        "amenity": "restaurant",
        "brand": "Denny's",
        "brand:wikidata": "Q1189695",
        "building": "yes",
        "building:levels": "1",
        "check_date": "2023-07-30",
        "contact:phone": "+1-503-254-8460",
        "contact:website": "https://locations.dennys.com/OR/PORTLAND/246806",
        "cuisine": "american",
        "name": "Denny's",
        "opening_hours": "24/7",
        "@geometry": "center"
      },
      "geometry": {
        "type": "Point",
        "coordinates": [
          -122.5562029,
          45.5187583
        ]
      },
      "id": "way/368972526"
    },
    {
      "type": "Feature",
      "properties": {
        "@id": "way/369195271",
        "amenity": "restaurant",
        "brand": "Denny's",
        "brand:wikidata": "Q1189695",
        "building": "commercial",
        "cuisine": "american",
        "name": "Denny's",
        "@geometry": "center"
      },
      "geometry": {
        "type": "Point",
        "coordinates": [
          -85.5715631,
          42.9120941
        ]
      },
      "id": "way/369195271"
    },
    {
      "type": "Feature",
      "properties": {
        "@id": "way/370269090",
        "addr:city": "Essington",
        "addr:housenumber": "47",
        "addr:postcode": "19029",
        "addr:state": "PA",
        "addr:street": "Industrial Highway",
        "amenity": "restaurant",
        "brand": "Denny's",
        "brand:wikidata": "Q1189695",
        "building": "yes",
        "check_date": "2023-12-20",
        "cuisine": "american",
        "name": "Denny's",
        "opening_hours": "24/7",
        "phone": "+1-610-521-1077",
        "website": "https://locations.dennys.com/PA/ESSINGTON/248774",
        "@geometry": "center"
      },
      "geometry": {
        "type": "Point",
        "coordinates": [
          -75.3052996,
          39.8676693
        ]
      },
      "id": "way/370269090"
    },
    {
      "type": "Feature",
      "properties": {
        "@id": "way/372291441",
        "addr:city": "Burley",
        "addr:housenumber": "610",
        "addr:state": "ID",
        "addr:street": "North Overland Avenue",
        "amenity": "restaurant",
        "brand": "Denny's",
        "brand:wikidata": "Q1189695",
        "building": "yes",
        "cuisine": "american",
        "name": "Denny's",
        "opening_hours": "Mo-Su 00:00-00:00",
        "phone": "+1 208-678-8786",
        "website": "https://locations.dennys.com/ID/BURLEY/248786",
        "@geometry": "center"
      },
      "geometry": {
        "type": "Point",
        "coordinates": [
          -113.7915531,
          42.5625062
        ]
      },
      "id": "way/372291441"
    },
    {
      "type": "Feature",
      "properties": {
        "@id": "way/372413723",
        "addr:city": "Mechanicsburg",
        "addr:housenumber": "5505",
        "addr:postcode": "17050",
        "addr:street": "Carlisle Pike",
        "amenity": "restaurant",
        "brand": "Denny's",
        "brand:wikidata": "Q1189695",
        "building": "yes",
        "check_date": "2026-02-25",
        "cuisine": "american",
        "name": "Denny's",
        "opening_hours": "Mo,Sa-Su 00:00-24:00; Tu-Fr 05:00-24:00",
        "phone": "+1 717-516-0211",
        "website": "https://locations.dennys.com/pa/mechanicsburg/249564",
        "@geometry": "center"
      },
      "geometry": {
        "type": "Point",
        "coordinates": [
          -76.9838476,
          40.2407209
        ]
      },
      "id": "way/372413723"
    },
    {
      "type": "Feature",
      "properties": {
        "@id": "way/372542391",
        "addr:city": "Corinth",
        "addr:housenumber": "8000",
        "addr:street": "South Interstate 35E",
        "amenity": "restaurant",
        "brand": "Denny's",
        "brand:wikidata": "Q1189695",
        "building": "retail",
        "cuisine": "american",
        "name": "Denny's",
        "smoking": "no",
        "wheelchair": "yes",
        "@geometry": "center"
      },
      "geometry": {
        "type": "Point",
        "coordinates": [
          -97.0414502,
          33.1306349
        ]
      },
      "id": "way/372542391"
    },
    {
      "type": "Feature",
      "properties": {
        "@id": "way/375638063",
        "addr:city": "Augusta",
        "addr:housenumber": "123",
        "addr:postcode": "04330",
        "addr:state": "ME",
        "addr:street": "Civic Center Drive",
        "amenity": "restaurant",
        "brand": "Denny's",
        "brand:wikidata": "Q1189695",
        "building": "yes",
        "cuisine": "american",
        "delivery": "no",
        "name": "Denny's",
        "opening_hours": "24/7",
        "phone": "+1-207-623-1290",
        "smoking": "no",
        "@geometry": "center"
      },
      "geometry": {
        "type": "Point",
        "coordinates": [
          -69.791693,
          44.3376711
        ]
      },
      "id": "way/375638063"
    },
    {
      "type": "Feature",
      "properties": {
        "@id": "way/377403954",
        "addr:city": "Bangor",
        "addr:housenumber": "120",
        "addr:postcode": "04401",
        "addr:state": "ME",
        "addr:street": "Haskell Road",
        "amenity": "restaurant",
        "brand": "Denny's",
        "brand:wikidata": "Q1189695",
        "building": "yes",
        "cuisine": "american",
        "name": "Denny's",
        "@geometry": "center"
      },
      "geometry": {
        "type": "Point",
        "coordinates": [
          -68.7398904,
          44.8324229
        ]
      },
      "id": "way/377403954"
    },
    {
      "type": "Feature",
      "properties": {
        "@id": "way/377457392",
        "addr:city": "Irving",
        "addr:housenumber": "8120",
        "addr:postcode": "75063",
        "addr:state": "TX",
        "addr:street": "Esters Boulevard",
        "amenity": "restaurant",
        "brand": "Denny's",
        "brand:wikidata": "Q1189695",
        "building": "retail",
        "cuisine": "american",
        "name": "Denny's",
        "opening_hours": "24/7",
        "phone": "+1 972 929 4282",
        "@geometry": "center"
      },
      "geometry": {
        "type": "Point",
        "coordinates": [
          -97.0076098,
          32.918045
        ]
      },
      "id": "way/377457392"
    },
    {
      "type": "Feature",
      "properties": {
        "@id": "way/378594823",
        "addr:city": "Kilgore",
        "addr:housenumber": "4315",
        "addr:postcode": "75662",
        "addr:state": "TX",
        "addr:street": "State Highway 42",
        "amenity": "restaurant",
        "brand": "Denny's",
        "brand:wikidata": "Q1189695",
        "building": "yes",
        "cuisine": "american",
        "name": "Denny's",
        "@geometry": "center"
      },
      "geometry": {
        "type": "Point",
        "coordinates": [
          -94.8640079,
          32.4304729
        ]
      },
      "id": "way/378594823"
    },
    {
      "type": "Feature",
      "properties": {
        "@id": "way/379000069",
        "amenity": "restaurant",
        "brand": "Denny's",
        "brand:wikidata": "Q1189695",
        "building": "yes",
        "cuisine": "american",
        "name": "Denny's",
        "@geometry": "center"
      },
      "geometry": {
        "type": "Point",
        "coordinates": [
          -106.5872114,
          35.1062317
        ]
      },
      "id": "way/379000069"
    },
    {
      "type": "Feature",
      "properties": {
        "@id": "way/379204759",
        "addr:city": "Austin",
        "addr:housenumber": "7619",
        "addr:postcode": "78741",
        "addr:state": "TX",
        "addr:street": "East Ben White Boulevard",
        "amenity": "restaurant",
        "brand": "Denny's",
        "brand:wikidata": "Q1189695",
        "building": "yes",
        "coa:place_id": "235548",
        "cuisine": "american",
        "height": "8.14",
        "name": "Denny's",
        "@geometry": "center"
      },
      "geometry": {
        "type": "Point",
        "coordinates": [
          -97.6917755,
          30.2172025
        ]
      },
      "id": "way/379204759"
    },
    {
      "type": "Feature",
      "properties": {
        "@id": "way/379768670",
        "amenity": "restaurant",
        "brand": "Denny's",
        "brand:wikidata": "Q1189695",
        "building": "yes",
        "cuisine": "american",
        "name": "Denny's",
        "@geometry": "center"
      },
      "geometry": {
        "type": "Point",
        "coordinates": [
          -95.2953927,
          29.7029246
        ]
      },
      "id": "way/379768670"
    },
    {
      "type": "Feature",
      "properties": {
        "@id": "way/380148500",
        "addr:housenumber": "310",
        "addr:postcode": "89110",
        "addr:state": "NV",
        "addr:street": "North Nellis Boulevard",
        "amenity": "restaurant",
        "brand": "Denny's",
        "brand:wikidata": "Q1189695",
        "building": "yes",
        "building:levels": "1",
        "cuisine": "american",
        "name": "Denny's",
        "opening_hours": "24/7",
        "phone": "+1-702-452-5885",
        "website": "https://www.dennys.com/",
        "@geometry": "center"
      },
      "geometry": {
        "type": "Point",
        "coordinates": [
          -115.061665,
          36.1647821
        ]
      },
      "id": "way/380148500"
    },
    {
      "type": "Feature",
      "properties": {
        "@id": "way/382130535",
        "addr:city": "Austin",
        "addr:country": "US",
        "addr:housenumber": "1601",
        "addr:state": "TX",
        "addr:street": "North Interstate Highway 35 Service Road",
        "amenity": "restaurant",
        "brand": "Denny's",
        "brand:wikidata": "Q1189695",
        "building": "yes",
        "check_date": "2026-04-26",
        "cuisine": "american",
        "height": "6.3",
        "name": "Denny's",
        "wheelchair": "yes",
        "@geometry": "center"
      },
      "geometry": {
        "type": "Point",
        "coordinates": [
          -97.729611,
          30.2766915
        ]
      },
      "id": "way/382130535"
    },
    {
      "type": "Feature",
      "properties": {
        "@id": "way/383839737",
        "addr:housenumber": "2320",
        "addr:street": "I 35 Frontage Road",
        "amenity": "restaurant",
        "brand": "Denny's",
        "brand:wikidata": "Q1189695",
        "building": "yes",
        "cuisine": "american",
        "height": "6.8",
        "name": "Denny's",
        "source": "personal experince",
        "@geometry": "center"
      },
      "geometry": {
        "type": "Point",
        "coordinates": [
          -97.742566,
          30.2332255
        ]
      },
      "id": "way/383839737"
    },
    {
      "type": "Feature",
      "properties": {
        "@id": "way/384761263",
        "addr:city": "Phoenix",
        "addr:country": "US",
        "addr:housenumber": "5002",
        "addr:postcode": "85014",
        "addr:state": "AZ",
        "addr:street": "North 7th Street",
        "amenity": "restaurant",
        "brand": "Denny's",
        "brand:wikidata": "Q1189695",
        "building": "retail",
        "cuisine": "american",
        "name": "Denny's",
        "phone": "+1-602-279-7721",
        "smoking": "no",
        "wheelchair": "yes",
        "@geometry": "center"
      },
      "geometry": {
        "type": "Point",
        "coordinates": [
          -112.065291,
          33.5094971
        ]
      },
      "id": "way/384761263"
    },
    {
      "type": "Feature",
      "properties": {
        "@id": "way/385170183",
        "addr:city": "Auburn",
        "addr:housenumber": "211",
        "addr:postcode": "04210",
        "addr:state": "ME",
        "addr:street": "Court Street",
        "amenity": "restaurant",
        "brand": "Denny's",
        "brand:wikidata": "Q1189695",
        "building": "yes",
        "cuisine": "american",
        "name": "Denny's",
        "opening_hours": "24/7",
        "phone": "+1-207-782-8338",
        "smoking": "no",
        "@geometry": "center"
      },
      "geometry": {
        "type": "Point",
        "coordinates": [
          -70.2305676,
          44.0983547
        ]
      },
      "id": "way/385170183"
    },
    {
      "type": "Feature",
      "properties": {
        "@id": "way/385351429",
        "amenity": "restaurant",
        "brand": "Denny's",
        "brand:wikidata": "Q1189695",
        "building": "yes",
        "cuisine": "american",
        "name": "Denny's",
        "@geometry": "center"
      },
      "geometry": {
        "type": "Point",
        "coordinates": [
          -79.950941,
          40.3379418
        ]
      },
      "id": "way/385351429"
    },
    {
      "type": "Feature",
      "properties": {
        "@id": "way/385793210",
        "addr:city": "Fife",
        "addr:housenumber": "5110",
        "addr:postcode": "98424",
        "addr:state": "WA",
        "addr:street": "Pacific Highway East",
        "amenity": "restaurant",
        "brand": "Denny's",
        "brand:wikidata": "Q1189695",
        "building": "yes",
        "cuisine": "american",
        "name": "Denny's",
        "opening_hours": "24/7",
        "@geometry": "center"
      },
      "geometry": {
        "type": "Point",
        "coordinates": [
          -122.3602922,
          47.2413812
        ]
      },
      "id": "way/385793210"
    },
    {
      "type": "Feature",
      "properties": {
        "@id": "way/386390071",
        "amenity": "restaurant",
        "brand": "Denny's",
        "brand:wikidata": "Q1189695",
        "cuisine": "american",
        "landuse": "commercial",
        "name": "Denny's",
        "@geometry": "center"
      },
      "geometry": {
        "type": "Point",
        "coordinates": [
          -84.2988427,
          30.477015
        ]
      },
      "id": "way/386390071"
    },
    {
      "type": "Feature",
      "properties": {
        "@id": "way/386912740",
        "amenity": "restaurant",
        "brand": "Denny's",
        "brand:wikidata": "Q1189695",
        "building": "yes",
        "cuisine": "american",
        "name": "Denny's",
        "@geometry": "center"
      },
      "geometry": {
        "type": "Point",
        "coordinates": [
          -118.349321,
          34.1943306
        ]
      },
      "id": "way/386912740"
    },
    {
      "type": "Feature",
      "properties": {
        "@id": "way/387040840",
        "addr:city": "Katy",
        "addr:housenumber": "1579",
        "addr:state": "TX",
        "addr:street": "North Fry Road",
        "amenity": "restaurant",
        "brand": "Denny's",
        "brand:wikidata": "Q1189695",
        "building": "yes",
        "check_date": "2025-04-20",
        "cuisine": "american",
        "name": "Denny's",
        "@geometry": "center"
      },
      "geometry": {
        "type": "Point",
        "coordinates": [
          -95.7194517,
          29.7895221
        ]
      },
      "id": "way/387040840"
    },
    {
      "type": "Feature",
      "properties": {
        "@id": "way/387278561",
        "addr:housenumber": "1710",
        "addr:postcode": "97058",
        "addr:street": "West 6th Street",
        "amenity": "restaurant",
        "brand": "Denny's",
        "brand:wikidata": "Q1189695",
        "building": "yes",
        "cuisine": "american",
        "internet_access": "wlan",
        "name": "Denny's",
        "opening_hours": "Su-Th 07:00-24:00; Fr-Sa 00:00-24:00",
        "phone": "+1-541-296-2655",
        "website:menu": "http://dennys.com",
        "@geometry": "center"
      },
      "geometry": {
        "type": "Point",
        "coordinates": [
          -121.2064347,
          45.6100587
        ]
      },
      "id": "way/387278561"
    },
    {
      "type": "Feature",
      "properties": {
        "@id": "way/388301054",
        "addr:city": "Suwanee",
        "addr:housenumber": "2925",
        "addr:postcode": "30024",
        "addr:state": "GA",
        "addr:street": "Lawrenceville Suwanee Road",
        "amenity": "restaurant",
        "brand": "Denny's",
        "brand:wikidata": "Q1189695",
        "building": "yes",
        "cuisine": "american",
        "name": "Denny's",
        "@geometry": "center"
      },
      "geometry": {
        "type": "Point",
        "coordinates": [
          -84.0456159,
          34.0280948
        ]
      },
      "id": "way/388301054"
    },
    {
      "type": "Feature",
      "properties": {
        "@id": "way/388596555",
        "addr:city": "Hampton",
        "addr:housenumber": "1040",
        "addr:postcode": "23666",
        "addr:street": "West Mercury Boulevard",
        "amenity": "restaurant",
        "brand": "Denny's",
        "brand:wikidata": "Q1189695",
        "building": "yes",
        "cuisine": "american",
        "name": "Denny's",
        "@geometry": "center"
      },
      "geometry": {
        "type": "Point",
        "coordinates": [
          -76.3815653,
          37.043554
        ]
      },
      "id": "way/388596555"
    },
    {
      "type": "Feature",
      "properties": {
        "@id": "way/389305035",
        "amenity": "restaurant",
        "brand": "Denny's",
        "brand:wikidata": "Q1189695",
        "building": "yes",
        "cuisine": "american",
        "name": "Denny's",
        "@geometry": "center"
      },
      "geometry": {
        "type": "Point",
        "coordinates": [
          -123.844937,
          45.4730946
        ]
      },
      "id": "way/389305035"
    },
    {
      "type": "Feature",
      "properties": {
        "@id": "way/391418446",
        "amenity": "restaurant",
        "brand": "Denny's",
        "brand:wikidata": "Q1189695",
        "building": "commercial",
        "cuisine": "american",
        "name": "Denny's",
        "@geometry": "center"
      },
      "geometry": {
        "type": "Point",
        "coordinates": [
          -79.7796997,
          40.3684849
        ]
      },
      "id": "way/391418446"
    },
    {
      "type": "Feature",
      "properties": {
        "@id": "way/392003755",
        "addr:city": "Rothschild",
        "addr:housenumber": "1500",
        "addr:postcode": "54474",
        "addr:state": "WI",
        "addr:street": "County Highway XX",
        "amenity": "restaurant",
        "brand": "Denny's",
        "brand:wikidata": "Q1189695",
        "building": "yes",
        "cuisine": "american",
        "name": "Denny's",
        "@geometry": "center"
      },
      "geometry": {
        "type": "Point",
        "coordinates": [
          -89.6376801,
          44.8633936
        ]
      },
      "id": "way/392003755"
    },
    {
      "type": "Feature",
      "properties": {
        "@id": "way/396886934",
        "addr:city": "Amherst",
        "addr:housenumber": "3920",
        "addr:postcode": "14226",
        "addr:state": "NY",
        "addr:street": "Maple Road",
        "amenity": "restaurant",
        "brand": "Denny's",
        "brand:wikidata": "Q1189695",
        "breakfast": "24/7",
        "building": "yes",
        "cuisine": "american",
        "delivery": "yes",
        "dinner": "yes",
        "lunch": "yes",
        "name": "Denny's",
        "opening_hours": "24/7",
        "phone": "+1 716-446-1671",
        "ref": "8136",
        "takeaway": "yes",
        "website": "https://locations.dennys.com/NY/AMHERST/248136",
        "website:menu": "https://www.dennys.com/location/dennys-8136/menu",
        "@geometry": "center"
      },
      "geometry": {
        "type": "Point",
        "coordinates": [
          -78.8177807,
          42.991324
        ]
      },
      "id": "way/396886934"
    },
    {
      "type": "Feature",
      "properties": {
        "@id": "way/397026160",
        "amenity": "restaurant",
        "brand:wikidata": "Q1189695",
        "building": "yes",
        "cuisine": "american",
        "@geometry": "center"
      },
      "geometry": {
        "type": "Point",
        "coordinates": [
          -118.0796896,
          33.7593038
        ]
      },
      "id": "way/397026160"
    },
    {
      "type": "Feature",
      "properties": {
        "@id": "way/400724917",
        "addr:city": "Watertown",
        "addr:housenumber": "1142",
        "addr:postcode": "13601",
        "addr:state": "NY",
        "addr:street": "Arsenal Street",
        "amenity": "restaurant",
        "brand": "Denny's",
        "brand:wikidata": "Q1189695",
        "building": "retail",
        "cuisine": "american",
        "name": "Denny's",
        "nysgissam:nysaddresspointid": "JEFF050494",
        "@geometry": "center"
      },
      "geometry": {
        "type": "Point",
        "coordinates": [
          -75.9399696,
          43.9773398
        ]
      },
      "id": "way/400724917"
    },
    {
      "type": "Feature",
      "properties": {
        "@id": "node/401982236",
        "amenity": "restaurant",
        "brand": "Denny's",
        "brand:wikidata": "Q1189695",
        "cuisine": "american",
        "name": "Denny's",
        "opening_hours": "24/7"
      },
      "geometry": {
        "type": "Point",
        "coordinates": [
          -120.1332736,
          37.0188052
        ]
      },
      "id": "node/401982236"
    },
    {
      "type": "Feature",
      "properties": {
        "@id": "way/402278560",
        "addr:city": "Virginia Beach",
        "addr:housenumber": "3337",
        "addr:postcode": "23452",
        "addr:state": "VA",
        "addr:street": "Virginia Beach Boulevard",
        "amenity": "restaurant",
        "brand": "Denny's",
        "brand:wikidata": "Q1189695",
        "building": "commercial",
        "cuisine": "american",
        "height": "28'",
        "name": "Denny's",
        "opening_hours": "24/7",
        "phone": "+1-833-580-1067",
        "start_date": "1978",
        "website": "https://locations.dennys.com/VA/VIRGINIA-BEACH/249570",
        "@geometry": "center"
      },
      "geometry": {
        "type": "Point",
        "coordinates": [
          -76.0880108,
          36.8414323
        ]
      },
      "id": "way/402278560"
    },
    {
      "type": "Feature",
      "properties": {
        "@id": "way/403108680",
        "addr:city": "Boca Raton",
        "addr:housenumber": "1311",
        "addr:postcode": "33486",
        "addr:state": "FL",
        "addr:street": "West Palmetto Park Road",
        "amenity": "restaurant",
        "brand": "Denny's",
        "brand:wikidata": "Q1189695",
        "building": "yes",
        "cuisine": "american",
        "name": "Denny's",
        "phone": "+1-561-368-3212",
        "website": "https://locations.dennys.com/FL/BOCA-RATON/249594?utm_source=yext&utm_medium=local-listing&utm_campaign=yext-listing",
        "@geometry": "center"
      },
      "geometry": {
        "type": "Point",
        "coordinates": [
          -80.1125976,
          26.3513637
        ]
      },
      "id": "way/403108680"
    },
    {
      "type": "Feature",
      "properties": {
        "@id": "way/403117268",
        "amenity": "restaurant",
        "brand": "Denny's",
        "brand:wikidata": "Q1189695",
        "building": "yes",
        "cuisine": "american",
        "name": "Denny's",
        "@geometry": "center"
      },
      "geometry": {
        "type": "Point",
        "coordinates": [
          -85.561118,
          44.7494051
        ]
      },
      "id": "way/403117268"
    },
    {
      "type": "Feature",
      "properties": {
        "@id": "way/404159215",
        "addr:country": "US",
        "addr:housenumber": "487",
        "addr:street": "Harbor Drive",
        "amenity": "restaurant",
        "brand": "Denny's",
        "brand:wikidata": "Q1189695",
        "building": "yes",
        "cuisine": "american",
        "name": "Denny's",
        "source": "SanGIS Addresses Public Domain (http://www.sangis.org/)",
        "@geometry": "center"
      },
      "geometry": {
        "type": "Point",
        "coordinates": [
          -117.3877214,
          33.2089817
        ]
      },
      "id": "way/404159215"
    },
    {
      "type": "Feature",
      "properties": {
        "@id": "way/404492343",
        "addr:city": "Houston",
        "addr:housenumber": "2120",
        "addr:postcode": "77018",
        "addr:state": "TX",
        "addr:street": "North Loop West",
        "amenity": "restaurant",
        "brand": "Denny's",
        "brand:wikidata": "Q1189695",
        "building": "retail",
        "check_date": "2026-06-17",
        "cuisine": "american",
        "name": "Denny's",
        "opening_hours": "24/7",
        "operator": "Denny's #8696",
        "payment:american_express": "yes",
        "payment:coins": "yes",
        "payment:credit_cards": "yes",
        "payment:discover_card": "yes",
        "payment:mastercard": "yes",
        "payment:notes": "yes",
        "payment:visa": "yes",
        "phone": "+1-713-686-9055",
        "smoking": "no",
        "takeaway": "yes",
        "website": "https://orderonline.dennys.com/location/denny-s-8696-26280692",
        "wheelchair": "yes",
        "@geometry": "center"
      },
      "geometry": {
        "type": "Point",
        "coordinates": [
          -95.4400012,
          29.8102274
        ]
      },
      "id": "way/404492343"
    },
    {
      "type": "Feature",
      "properties": {
        "@id": "way/404614122",
        "amenity": "restaurant",
        "brand": "Denny's",
        "brand:wikidata": "Q1189695",
        "building": "yes",
        "cuisine": "american",
        "name": "Denny's",
        "source": "Mapbox satellite;survey",
        "@geometry": "center"
      },
      "geometry": {
        "type": "Point",
        "coordinates": [
          -77.8857468,
          34.2138549
        ]
      },
      "id": "way/404614122"
    },
    {
      "type": "Feature",
      "properties": {
        "@id": "way/405184198",
        "addr:city": "San Clemente",
        "addr:housenumber": "529",
        "addr:postcode": "92672",
        "addr:street": "East Avenida Pico",
        "amenity": "restaurant",
        "brand": "Denny's",
        "brand:wikidata": "Q1189695",
        "building": "yes",
        "cuisine": "american",
        "height": "4.34",
        "name": "Denny's",
        "opening_hours": "Mo-We 06:00-01:00; Tu-Sa 06:00-03:00; Su 06:00-01:00",
        "phone": "+1-949-492-2382",
        "@geometry": "center"
      },
      "geometry": {
        "type": "Point",
        "coordinates": [
          -117.6236024,
          33.4387555
        ]
      },
      "id": "way/405184198"
    },
    {
      "type": "Feature",
      "properties": {
        "@id": "way/407361214",
        "amenity": "restaurant",
        "brand": "Denny's",
        "brand:wikidata": "Q1189695",
        "building": "retail",
        "building:levels": "1",
        "cuisine": "american",
        "ele": "22.4",
        "height": "4.7",
        "lacounty:ain": "6108002019",
        "lacounty:bld_id": "467937772093",
        "name": "Denny's",
        "panoramax": "e8693e82-dbab-4c0c-8dfc-76facfa7533b",
        "start_date": "1970",
        "@geometry": "center"
      },
      "geometry": {
        "type": "Point",
        "coordinates": [
          -118.3087155,
          33.8614227
        ]
      },
      "id": "way/407361214"
    },
    {
      "type": "Feature",
      "properties": {
        "@id": "way/407579115",
        "addr:housenumber": "29019",
        "addr:state": "CA",
        "addr:street": "South Western Avenue",
        "amenity": "restaurant",
        "brand": "Denny's",
        "brand:wikidata": "Q1189695",
        "building": "retail",
        "building:levels": "1",
        "cuisine": "american",
        "ele": "94.8",
        "height": "5.4",
        "lacounty:ain": "7550020012",
        "lacounty:bld_id": "467533733238",
        "name": "Denny's",
        "roof:levels": "0",
        "roof:shape": "quadruple_saltbox",
        "start_date": "1979",
        "@geometry": "center"
      },
      "geometry": {
        "type": "Point",
        "coordinates": [
          -118.3096751,
          33.7546501
        ]
      },
      "id": "way/407579115"
    },
    {
      "type": "Feature",
      "properties": {
        "@id": "way/407772375",
        "amenity": "restaurant",
        "brand": "Denny's",
        "brand:wikidata": "Q1189695",
        "building": "commercial",
        "cuisine": "american",
        "ele": "12.3",
        "height": "4.6",
        "lacounty:ain": "7412009005",
        "lacounty:bld_id": "475418746281",
        "name": "Denny's",
        "start_date": "1966",
        "@geometry": "center"
      },
      "geometry": {
        "type": "Point",
        "coordinates": [
          -118.2838382,
          33.7904986
        ]
      },
      "id": "way/407772375"
    },
    {
      "type": "Feature",
      "properties": {
        "@id": "way/407780995",
        "amenity": "restaurant",
        "brand": "Denny's",
        "brand:wikidata": "Q1189695",
        "building": "yes",
        "cuisine": "american",
        "ele": "33.0",
        "height": "4.1",
        "lacounty:ain": "6150008047;6150008046",
        "lacounty:bld_id": "489253796132;489309796151",
        "name": "Denny's",
        "@geometry": "center"
      },
      "geometry": {
        "type": "Point",
        "coordinates": [
          -118.23868,
          33.9276264
        ]
      },
      "id": "way/407780995"
    },
    {
      "type": "Feature",
      "properties": {
        "@id": "way/407800657",
        "addr:city": "College Station",
        "addr:housenumber": "607",
        "addr:postcode": "77840",
        "addr:state": "TX",
        "addr:street": "Texas Avenue South",
        "amenity": "restaurant",
        "brand": "Denny's",
        "brand:wikidata": "Q1189695",
        "building": "yes",
        "cuisine": "american",
        "name": "Denny's",
        "opening_hours": "24/7",
        "@geometry": "center"
      },
      "geometry": {
        "type": "Point",
        "coordinates": [
          -96.3335538,
          30.6273499
        ]
      },
      "id": "way/407800657"
    },
    {
      "type": "Feature",
      "properties": {
        "@id": "way/409892986",
        "addr:city": "Hartford",
        "addr:housenumber": "539",
        "addr:postcode": "06106",
        "addr:state": "CT",
        "addr:street": "Flatbush Avenue",
        "amenity": "restaurant",
        "brand": "Denny's",
        "brand:wikidata": "Q1189695",
        "building": "yes",
        "cuisine": "american",
        "name": "Denny's",
        "source": "esri/USA_NAD_Addresses",
        "website": "https://locations.dennys.com/CT/HARTFORD/248810",
        "@geometry": "center"
      },
      "geometry": {
        "type": "Point",
        "coordinates": [
          -72.7136704,
          41.7419478
        ]
      },
      "id": "way/409892986"
    },
    {
      "type": "Feature",
      "properties": {
        "@id": "way/414621509",
        "addr:city": "Pigeon Forge",
        "addr:housenumber": "3716",
        "addr:postcode": "37863",
        "addr:state": "TN",
        "addr:street": "Parkway",
        "air_conditioning": "yes",
        "amenity": "restaurant",
        "brand": "Denny's",
        "brand:wikidata": "Q1189695",
        "building": "yes",
        "cuisine": "american",
        "indoor_seating": "yes",
        "name": "Denny's",
        "opening_hours": "24/7",
        "outdoor_seating": "no",
        "phone": "+18654286767",
        "smoking": "no",
        "@geometry": "center"
      },
      "geometry": {
        "type": "Point",
        "coordinates": [
          -83.5499449,
          35.7808781
        ]
      },
      "id": "way/414621509"
    },
    {
      "type": "Feature",
      "properties": {
        "@id": "way/414877040",
        "addr:city": "Dana Point",
        "addr:housenumber": "34242",
        "addr:postcode": "92629",
        "addr:street": "Del Obispo Street",
        "amenity": "restaurant",
        "brand": "Denny's",
        "brand:wikidata": "Q1189695",
        "building": "yes",
        "cuisine": "american",
        "height": "3.44",
        "name": "Denny's",
        "source": "yahoo_imagery;survey;image",
        "source_ref": "AM909_DSCU2421",
        "@geometry": "center"
      },
      "geometry": {
        "type": "Point",
        "coordinates": [
          -117.6870007,
          33.4651914
        ]
      },
      "id": "way/414877040"
    },
    {
      "type": "Feature",
      "properties": {
        "@id": "node/415414878",
        "addr:city": "Apple Valley",
        "addr:housenumber": "7805",
        "addr:postcode": "55124",
        "addr:state": "MN",
        "addr:street": "150th Street West",
        "air_conditioning": "yes",
        "amenity": "restaurant",
        "brand": "Denny's",
        "brand:wikidata": "Q1189695",
        "changing_table": "yes",
        "check_date": "2025-09-12",
        "check_date:diet:gluten_free": "2025-09-12",
        "check_date:diet:vegetarian": "2025-09-12",
        "check_date:opening_hours": "2025-09-12",
        "check_date:smoking": "2025-09-12",
        "cuisine": "american",
        "diet:gluten_free": "yes",
        "diet:vegetarian": "yes",
        "indoor_seating": "yes",
        "name": "Denny's",
        "opening_hours": "Mo,Tu,Su 05:00-24:00, We-Sa 05:00-02:00",
        "outdoor_seating": "no",
        "phone": "+1 952-432-2022",
        "smoking": "no",
        "takeaway": "yes",
        "website": "https://locations.dennys.com/MN/APPLE-VALLEY/247793",
        "wheelchair": "yes"
      },
      "geometry": {
        "type": "Point",
        "coordinates": [
          -93.2235998,
          44.7324247
        ]
      },
      "id": "node/415414878"
    },
    {
      "type": "Feature",
      "properties": {
        "@id": "way/419332355",
        "amenity": "restaurant",
        "brand": "Denny's",
        "brand:wikidata": "Q1189695",
        "building": "yes",
        "cuisine": "american",
        "name": "Denny's",
        "@geometry": "center"
      },
      "geometry": {
        "type": "Point",
        "coordinates": [
          -79.6951083,
          40.3213372
        ]
      },
      "id": "way/419332355"
    },
    {
      "type": "Feature",
      "properties": {
        "@id": "way/419773147",
        "addr:city": "Cranston",
        "addr:housenumber": "1177",
        "addr:postcode": "02920",
        "addr:state": "RI",
        "addr:street": "Reservoir Avenue",
        "amenity": "restaurant",
        "brand": "Denny's",
        "brand:wikidata": "Q1189695",
        "building": "yes",
        "cuisine": "american",
        "name": "Denny's",
        "opening_hours": "Mo-Su 06:00-26:00",
        "phone": "+1-401-942-2300",
        "takeaway": "yes",
        "website": "https://locations.dennys.com/RI/CRANSTON/249241",
        "@geometry": "center"
      },
      "geometry": {
        "type": "Point",
        "coordinates": [
          -71.4554385,
          41.7695535
        ]
      },
      "id": "way/419773147"
    },
    {
      "type": "Feature",
      "properties": {
        "@id": "way/420302753",
        "addr:city": "Los Angeles",
        "addr:housenumber": "5535",
        "addr:postcode": "90045",
        "addr:state": "CA",
        "addr:street": "West Century Boulevard",
        "amenity": "restaurant",
        "brand": "Denny's",
        "brand:wikidata": "Q1189695",
        "building": "yes",
        "cuisine": "american",
        "ele": "42.7",
        "height": "13.4",
        "lacounty:ain": "4128024902;4128024901",
        "lacounty:bld_id": "447158802929;447114802847",
        "name": "Denny's",
        "phone": "+1-310-410-1712",
        "store_ref": "1918",
        "website": "https://www.dennys.com/",
        "@geometry": "center"
      },
      "geometry": {
        "type": "Point",
        "coordinates": [
          -118.3775791,
          33.9458559
        ]
      },
      "id": "way/420302753"
    },
    {
      "type": "Feature",
      "properties": {
        "@id": "way/420914543",
        "addr:city": "Hanover",
        "addr:housenumber": "199",
        "addr:postcode": "17331",
        "addr:state": "PA",
        "addr:street": "Eisenhower Drive",
        "amenity": "restaurant",
        "brand": "Denny's",
        "brand:wikidata": "Q1189695",
        "building": "retail",
        "cuisine": "american",
        "name": "Denny's",
        "phone": "+17173160820",
        "@geometry": "center"
      },
      "geometry": {
        "type": "Point",
        "coordinates": [
          -76.989198,
          39.8247865
        ]
      },
      "id": "way/420914543"
    },
    {
      "type": "Feature",
      "properties": {
        "@id": "way/422841900",
        "addr:housenumber": "6100",
        "addr:postcode": "90028",
        "addr:street": "Sunset Blvd",
        "amenity": "restaurant",
        "brand": "Denny's",
        "brand:wikidata": "Q1189695",
        "building": "retail",
        "cuisine": "american",
        "ele": "115.7",
        "height": "8.8",
        "lacounty:ain": "5546024019",
        "lacounty:bld_id": "464030858142",
        "name": "Denny's",
        "opening_hours": "24/7",
        "start_date": "1976",
        "website": "https://dennys.com/",
        "@geometry": "center"
      },
      "geometry": {
        "type": "Point",
        "coordinates": [
          -118.3226191,
          34.0978043
        ]
      },
      "id": "way/422841900"
    },
    {
      "type": "Feature",
      "properties": {
        "@id": "way/423040712",
        "addr:city": "Sunset Hills",
        "addr:housenumber": "10575",
        "addr:postcode": "63127",
        "addr:street": "Watson Road",
        "amenity": "restaurant",
        "brand": "Denny's",
        "brand:wikidata": "Q1189695",
        "building": "yes",
        "cuisine": "american",
        "internet_access": "wlan",
        "internet_access:fee": "no",
        "internet_access:ssid": "Dennys Guest Wifi",
        "name": "Denny's",
        "opening_hours": "24/7",
        "phone": "+1-314-821-1935",
        "takeaway": "yes",
        "website": "https://locations.dennys.com/MO/ST-LOUIS/247702",
        "@geometry": "center"
      },
      "geometry": {
        "type": "Point",
        "coordinates": [
          -90.4056729,
          38.5560807
        ]
      },
      "id": "way/423040712"
    },
    {
      "type": "Feature",
      "properties": {
        "@id": "way/423478203",
        "addr:city": "Grand Junction",
        "addr:housenumber": "710",
        "addr:postcode": "81506",
        "addr:state": "CO",
        "addr:street": "Horizon Drive",
        "amenity": "restaurant",
        "brand": "Denny's",
        "brand:wikidata": "Q1189695",
        "building": "retail",
        "building:levels": "1",
        "check_date": "2024-06-02",
        "cuisine": "american",
        "name": "Denny's",
        "opening_hours": "24/7",
        "phone": "+1-970-243-5030",
        "roof:levels": "0",
        "roof:shape": "flat",
        "website": "https://locations.dennys.com/CO/GRAND-JUNCTION/246091",
        "@geometry": "center"
      },
      "geometry": {
        "type": "Point",
        "coordinates": [
          -108.5429495,
          39.1077613
        ]
      },
      "id": "way/423478203"
    },
    {
      "type": "Feature",
      "properties": {
        "@id": "way/423700720",
        "addr:housenumber": "4567",
        "addr:street": "Frankford Road",
        "amenity": "restaurant",
        "brand": "Denny's",
        "brand:wikidata": "Q1189695",
        "building": "commercial",
        "cuisine": "american",
        "name": "Denny's",
        "@geometry": "center"
      },
      "geometry": {
        "type": "Point",
        "coordinates": [
          -96.8304431,
          32.9980617
        ]
      },
      "id": "way/423700720"
    },
    {
      "type": "Feature",
      "properties": {
        "@id": "way/426001040",
        "addr:city": "Porter",
        "addr:housenumber": "23693",
        "addr:postcode": "77365",
        "addr:state": "TX",
        "addr:street": "Eastex Freeway",
        "amenity": "restaurant",
        "brand": "Denny's",
        "brand:wikidata": "Q1189695",
        "building": "yes",
        "cuisine": "american",
        "name": "Denny's",
        "opening_hours": "24/7",
        "phone": "+1 281 639 1105",
        "website": "https://www.dennys.com/",
        "wheelchair": "yes",
        "@geometry": "center"
      },
      "geometry": {
        "type": "Point",
        "coordinates": [
          -95.2357809,
          30.1036054
        ]
      },
      "id": "way/426001040"
    },
    {
      "type": "Feature",
      "properties": {
        "@id": "way/426513616",
        "amenity": "restaurant",
        "brand": "Denny's",
        "brand:wikidata": "Q1189695",
        "building": "yes",
        "cuisine": "american",
        "name": "Denny's",
        "@geometry": "center"
      },
      "geometry": {
        "type": "Point",
        "coordinates": [
          -95.5652547,
          29.5675997
        ]
      },
      "id": "way/426513616"
    },
    {
      "type": "Feature",
      "properties": {
        "@id": "way/426516572",
        "addr:city": "Houston",
        "addr:housenumber": "2316",
        "addr:postcode": "77004",
        "addr:state": "TX",
        "addr:street": "Southmore Boulevard",
        "amenity": "restaurant",
        "brand": "Denny's",
        "brand:wikidata": "Q1189695",
        "building": "retail",
        "check_date": "2023-06-30",
        "cuisine": "american",
        "name": "Denny's",
        "opening_hours": "24/7",
        "@geometry": "center"
      },
      "geometry": {
        "type": "Point",
        "coordinates": [
          -95.3762235,
          29.7212503
        ]
      },
      "id": "way/426516572"
    },
    {
      "type": "Feature",
      "properties": {
        "@id": "way/426709102",
        "amenity": "restaurant",
        "brand": "Denny's",
        "brand:wikidata": "Q1189695",
        "building": "yes",
        "cuisine": "american",
        "name": "Denny's",
        "name:en": "Denny's",
        "@geometry": "center"
      },
      "geometry": {
        "type": "Point",
        "coordinates": [
          -76.0256654,
          40.9814314
        ]
      },
      "id": "way/426709102"
    },
    {
      "type": "Feature",
      "properties": {
        "@id": "way/427272068",
        "amenity": "restaurant",
        "brand": "Denny's",
        "brand:wikidata": "Q1189695",
        "building": "yes",
        "cuisine": "american",
        "ele": "85.0",
        "height": "6.7",
        "lacounty:ain": "5502025016",
        "lacounty:bld_id": "473241845373",
        "name": "Denny's",
        "start_date": "1966",
        "@geometry": "center"
      },
      "geometry": {
        "type": "Point",
        "coordinates": [
          -118.2919668,
          34.0627887
        ]
      },
      "id": "way/427272068"
    },
    {
      "type": "Feature",
      "properties": {
        "@id": "way/428072476",
        "amenity": "restaurant",
        "brand": "Denny's",
        "brand:wikidata": "Q1189695",
        "building": "yes",
        "cuisine": "american",
        "name": "Denny's",
        "@geometry": "center"
      },
      "geometry": {
        "type": "Point",
        "coordinates": [
          -81.5037399,
          28.6735555
        ]
      },
      "id": "way/428072476"
    },
    {
      "type": "Feature",
      "properties": {
        "@id": "way/428377501",
        "addr:city": "Humble",
        "addr:housenumber": "6920",
        "addr:state": "TX",
        "addr:street": "FM 1960 East",
        "amenity": "restaurant",
        "brand": "Denny's",
        "brand:wikidata": "Q1189695",
        "building": "yes",
        "cuisine": "american",
        "mapillary": "2235440947224084",
        "name": "Denny's",
        "@geometry": "center"
      },
      "geometry": {
        "type": "Point",
        "coordinates": [
          -95.1720752,
          29.9977326
        ]
      },
      "id": "way/428377501"
    },
    {
      "type": "Feature",
      "properties": {
        "@id": "way/429222252",
        "addr:city": "Hopewell",
        "addr:housenumber": "5111",
        "addr:postcode": "23860",
        "addr:state": "VA",
        "addr:street": "Oaklawn Boulevard",
        "amenity": "restaurant",
        "brand": "Denny's",
        "brand:wikidata": "Q1189695",
        "building": "yes",
        "cuisine": "american",
        "name": "Denny's",
        "phone": "+1-804-452-2712",
        "takeaway": "yes",
        "website": "https://locations.dennys.com/VA/HOPEWELL/246672",
        "@geometry": "center"
      },
      "geometry": {
        "type": "Point",
        "coordinates": [
          -77.3266608,
          37.2608984
        ]
      },
      "id": "way/429222252"
    },
    {
      "type": "Feature",
      "properties": {
        "@id": "way/429540176",
        "addr:city": "Grand Prairie",
        "addr:housenumber": "408",
        "addr:postcode": "75052",
        "addr:state": "TX",
        "addr:street": "Westchase Drive",
        "amenity": "restaurant",
        "brand": "Denny's",
        "brand:wikidata": "Q1189695",
        "building": "yes",
        "cuisine": "american",
        "name": "Denny's",
        "@geometry": "center"
      },
      "geometry": {
        "type": "Point",
        "coordinates": [
          -97.0047134,
          32.6736311
        ]
      },
      "id": "way/429540176"
    },
    {
      "type": "Feature",
      "properties": {
        "@id": "way/430270294",
        "amenity": "restaurant",
        "brand": "Denny's",
        "brand:wikidata": "Q1189695",
        "building": "retail",
        "check_date": "2024-03-14",
        "cuisine": "american",
        "name": "Denny's",
        "@geometry": "center"
      },
      "geometry": {
        "type": "Point",
        "coordinates": [
          -96.7960028,
          33.0177257
        ]
      },
      "id": "way/430270294"
    },
    {
      "type": "Feature",
      "properties": {
        "@id": "way/430308648",
        "amenity": "restaurant",
        "brand": "Denny's",
        "brand:wikidata": "Q1189695",
        "building": "retail",
        "cuisine": "american",
        "ele": "231.4",
        "height": "4.1",
        "lacounty:ain": "2119001041",
        "lacounty:bld_id": "399688898753",
        "name": "Denny's",
        "start_date": "1977",
        "@geometry": "center"
      },
      "geometry": {
        "type": "Point",
        "coordinates": [
          -118.535753,
          34.208652
        ]
      },
      "id": "way/430308648"
    },
    {
      "type": "Feature",
      "properties": {
        "@id": "way/430679470",
        "amenity": "restaurant",
        "brand": "Denny's",
        "brand:wikidata": "Q1189695",
        "building": "yes",
        "cuisine": "american",
        "ele": "234.7",
        "height": "4.0",
        "lacounty:ain": "2226001906",
        "lacounty:bld_id": "412215896076",
        "name": "Denny's",
        "@geometry": "center"
      },
      "geometry": {
        "type": "Point",
        "coordinates": [
          -118.4943076,
          34.201499
        ]
      },
      "id": "way/430679470"
    },
    {
      "type": "Feature",
      "properties": {
        "@id": "way/430962303",
        "amenity": "restaurant",
        "brand": "Denny's",
        "brand:wikidata": "Q1189695",
        "building": "commercial",
        "building:units": "1",
        "cuisine": "american",
        "ele": "370.5",
        "height": "7.1",
        "lacounty:ain": "2604035005",
        "lacounty:bld_id": "417250933012",
        "name": "Denny's",
        "start_date": "1968",
        "@geometry": "center"
      },
      "geometry": {
        "type": "Point",
        "coordinates": [
          -118.4782321,
          34.3030661
        ]
      },
      "id": "way/430962303"
    },
    {
      "type": "Feature",
      "properties": {
        "@id": "way/431115743",
        "amenity": "restaurant",
        "brand": "Denny's",
        "brand:wikidata": "Q1189695",
        "building": "yes",
        "cuisine": "american",
        "ele": "256.4",
        "height": "5.4",
        "lacounty:ain": "2783028052",
        "lacounty:bld_id": "394183907902",
        "name": "Denny's",
        "@geometry": "center"
      },
      "geometry": {
        "type": "Point",
        "coordinates": [
          -118.5541152,
          34.2337414
        ]
      },
      "id": "way/431115743"
    },
    {
      "type": "Feature",
      "properties": {
        "@id": "way/431482924",
        "amenity": "restaurant",
        "brand": "Denny's",
        "brand:wikidata": "Q1189695",
        "building": "retail",
        "cuisine": "american",
        "name": "Denny's",
        "@geometry": "center"
      },
      "geometry": {
        "type": "Point",
        "coordinates": [
          -95.2457906,
          29.9356077
        ]
      },
      "id": "way/431482924"
    },
    {
      "type": "Feature",
      "properties": {
        "@id": "way/432114911",
        "amenity": "restaurant",
        "brand": "Denny's",
        "brand:wikidata": "Q1189695",
        "building": "commercial",
        "building:units": "1",
        "cuisine": "american",
        "ele": "273.1",
        "height": "5.9",
        "lacounty:ain": "2146008257",
        "lacounty:bld_id": "378155885596",
        "name": "Denny's",
        "start_date": "1969",
        "website": "https://www.dennys.com/",
        "@geometry": "center"
      },
      "geometry": {
        "type": "Point",
        "coordinates": [
          -118.6066836,
          34.1721857
        ]
      },
      "id": "way/432114911"
    },
    {
      "type": "Feature",
      "properties": {
        "@id": "way/432321769",
        "addr:city": "Van Nuys",
        "addr:country": "US",
        "addr:housenumber": "15540",
        "addr:postcode": "91406",
        "addr:state": "CA",
        "addr:street": "Roscoe Boulevard",
        "amenity": "restaurant",
        "brand": "Denny's",
        "brand:wikidata": "Q1189695",
        "building": "commercial",
        "cuisine": "american",
        "ele": "249.1",
        "height": "4.7",
        "lacounty:ain": "2654038016",
        "lacounty:bld_id": "419179903163",
        "name": "Denny's",
        "phone": "+1 818 892 2860",
        "source": "Bing",
        "start_date": "1967",
        "website": "https://locations.dennys.com/CA/VAN-NUYS/200205/",
        "@geometry": "center"
      },
      "geometry": {
        "type": "Point",
        "coordinates": [
          -118.4713562,
          34.2210616
        ]
      },
      "id": "way/432321769"
    },
    {
      "type": "Feature",
      "properties": {
        "@id": "way/432727790",
        "amenity": "restaurant",
        "brand": "Denny's",
        "brand:wikidata": "Q1189695",
        "building": "yes",
        "cuisine": "american",
        "name": "Denny's",
        "@geometry": "center"
      },
      "geometry": {
        "type": "Point",
        "coordinates": [
          -122.2284732,
          47.9206702
        ]
      },
      "id": "way/432727790"
    },
    {
      "type": "Feature",
      "properties": {
        "@id": "way/433208153",
        "amenity": "restaurant",
        "brand": "Denny's",
        "brand:wikidata": "Q1189695",
        "building": "retail",
        "cuisine": "american",
        "name": "Denny's",
        "@geometry": "center"
      },
      "geometry": {
        "type": "Point",
        "coordinates": [
          -97.1347521,
          32.6659415
        ]
      },
      "id": "way/433208153"
    },
    {
      "type": "Feature",
      "properties": {
        "@id": "way/435390188",
        "addr:city": "Miami",
        "addr:country": "US",
        "addr:full": "19313 So Dixie Hgwy",
        "addr:housenumber": "19313",
        "addr:postcode": "33157",
        "addr:state": "FL",
        "addr:street": "South Dixie Highway",
        "amenity": "restaurant",
        "brand": "Denny's",
        "brand:wikidata": "Q1189695",
        "building": "yes",
        "cuisine": "american",
        "height": "8.6",
        "name": "Denny's",
        "opening_hours": "24/7",
        "phone": "+1-305-253-4718",
        "ref": "201106",
        "ref:miabldg": "14504",
        "website": "https://locations.dennys.com/FL/MIAMI/201106",
        "@geometry": "center"
      },
      "geometry": {
        "type": "Point",
        "coordinates": [
          -80.3593958,
          25.5884578
        ]
      },
      "id": "way/435390188"
    },
    {
      "type": "Feature",
      "properties": {
        "@id": "way/435738168",
        "addr:city": "Hialeah",
        "addr:housenumber": "1000",
        "addr:postcode": "33012",
        "addr:state": "FL",
        "addr:street": "West 49th Street",
        "amenity": "restaurant",
        "brand": "Denny's",
        "brand:wikidata": "Q1189695",
        "building": "yes",
        "cuisine": "american",
        "delivery": "yes",
        "height": "8.9",
        "name": "Denny's",
        "opening_hours": "24/7",
        "phone": "+1-305-558-3411",
        "ref:miabldg": "54414",
        "website": "https://locations.dennys.com/FL/HIALEAH/249591",
        "website:menu": "https://www.dennys.com/location/dennys-9591/menu",
        "website:orders": "https://order.dennys.com/locations/9591",
        "@geometry": "center"
      },
      "geometry": {
        "type": "Point",
        "coordinates": [
          -80.3037034,
          25.8663408
        ]
      },
      "id": "way/435738168"
    },
    {
      "type": "Feature",
      "properties": {
        "@id": "way/436988088",
        "addr:city": "Elk Grove",
        "addr:housenumber": "8707",
        "addr:postcode": "95624",
        "addr:state": "CA",
        "addr:street": "Elk Grove Boulevard",
        "amenity": "restaurant",
        "brand": "Denny's",
        "brand:wikidata": "Q1189695",
        "building": "yes",
        "cuisine": "american",
        "name": "Denny's",
        "@geometry": "center"
      },
      "geometry": {
        "type": "Point",
        "coordinates": [
          -121.3805068,
          38.4093706
        ]
      },
      "id": "way/436988088"
    },
    {
      "type": "Feature",
      "properties": {
        "@id": "way/436994870",
        "addr:city": "Mission Viejo",
        "addr:housenumber": "24445",
        "addr:postcode": "92691",
        "addr:street": "Alicia Parkway",
        "amenity": "restaurant",
        "brand": "Denny's",
        "brand:wikidata": "Q1189695",
        "building": "yes",
        "cuisine": "american",
        "height": "4.28",
        "name": "Denny's",
        "@geometry": "center"
      },
      "geometry": {
        "type": "Point",
        "coordinates": [
          -117.6900603,
          33.607147
        ]
      },
      "id": "way/436994870"
    },
    {
      "type": "Feature",
      "properties": {
        "@id": "way/437358685",
        "amenity": "restaurant",
        "brand": "Denny's",
        "brand:wikidata": "Q1189695",
        "building": "yes",
        "cuisine": "american",
        "name": "Denny's",
        "@geometry": "center"
      },
      "geometry": {
        "type": "Point",
        "coordinates": [
          -117.361897,
          34.1893273
        ]
      },
      "id": "way/437358685"
    },
    {
      "type": "Feature",
      "properties": {
        "@id": "way/437410445",
        "addr:city": "Houston",
        "addr:housenumber": "11320",
        "addr:state": "TX",
        "addr:street": "North Freeway",
        "amenity": "restaurant",
        "brand": "Denny's",
        "brand:wikidata": "Q1189695",
        "building": "retail",
        "check_date": "2024-02-04",
        "cuisine": "american",
        "name": "Denny's",
        "@geometry": "center"
      },
      "geometry": {
        "type": "Point",
        "coordinates": [
          -95.4110404,
          29.9301439
        ]
      },
      "id": "way/437410445"
    },
    {
      "type": "Feature",
      "properties": {
        "@id": "way/437474222",
        "amenity": "restaurant",
        "brand": "Denny's",
        "brand:wikidata": "Q1189695",
        "building": "restaurant",
        "cuisine": "american",
        "name": "Denny's",
        "@geometry": "center"
      },
      "geometry": {
        "type": "Point",
        "coordinates": [
          -121.4347603,
          37.763657
        ]
      },
      "id": "way/437474222"
    },
    {
      "type": "Feature",
      "properties": {
        "@id": "way/438017689",
        "addr:city": "Mokena",
        "addr:housenumber": "19099",
        "addr:postcode": "60448",
        "addr:state": "IL",
        "addr:street": "Old La Grange Road",
        "air_conditioning": "yes",
        "amenity": "restaurant",
        "brand": "Denny's",
        "brand:wikidata": "Q1189695",
        "building": "retail",
        "cuisine": "american",
        "internet_access": "wlan",
        "name": "Denny's",
        "opening_hours": "24/7",
        "phone": "+1-708-479-6488",
        "@geometry": "center"
      },
      "geometry": {
        "type": "Point",
        "coordinates": [
          -87.8481942,
          41.5434803
        ]
      },
      "id": "way/438017689"
    },
    {
      "type": "Feature",
      "properties": {
        "@id": "way/438311313",
        "amenity": "restaurant",
        "brand": "Denny's",
        "brand:wikidata": "Q1189695",
        "building": "yes",
        "cuisine": "american",
        "name": "Denny's",
        "@geometry": "center"
      },
      "geometry": {
        "type": "Point",
        "coordinates": [
          -81.1544423,
          34.0747801
        ]
      },
      "id": "way/438311313"
    },
    {
      "type": "Feature",
      "properties": {
        "@id": "way/438393003",
        "amenity": "restaurant",
        "brand": "Denny's",
        "brand:wikidata": "Q1189695",
        "building": "yes",
        "cuisine": "american",
        "name": "Denny's",
        "opening_hours": "24/7",
        "@geometry": "center"
      },
      "geometry": {
        "type": "Point",
        "coordinates": [
          -81.1084683,
          34.0038251
        ]
      },
      "id": "way/438393003"
    },
    {
      "type": "Feature",
      "properties": {
        "@id": "way/438942625",
        "amenity": "restaurant",
        "brand": "Denny's",
        "brand:wikidata": "Q1189695",
        "building": "commercial",
        "cuisine": "american",
        "name": "Denny's",
        "wheelchair": "yes",
        "@geometry": "center"
      },
      "geometry": {
        "type": "Point",
        "coordinates": [
          -155.989242,
          19.6459078
        ]
      },
      "id": "way/438942625"
    },
    {
      "type": "Feature",
      "properties": {
        "@id": "way/439102814",
        "amenity": "restaurant",
        "brand": "Denny's",
        "brand:wikidata": "Q1189695",
        "building": "commercial",
        "cuisine": "american",
        "lacounty:ain": "3051046005",
        "lacounty:bld_id": "PLM43139",
        "name": "Denny's",
        "start_date": "2002",
        "@geometry": "center"
      },
      "geometry": {
        "type": "Point",
        "coordinates": [
          -118.0446926,
          34.5546105
        ]
      },
      "id": "way/439102814"
    },
    {
      "type": "Feature",
      "properties": {
        "@id": "way/439452781",
        "addr:city": "Houston",
        "addr:housenumber": "3332",
        "addr:postcode": "77025",
        "addr:state": "TX",
        "addr:street": "South Loop West",
        "amenity": "restaurant",
        "brand": "Denny's",
        "brand:wikidata": "Q1189695",
        "building": "yes",
        "cuisine": "american",
        "name": "Denny's",
        "@geometry": "center"
      },
      "geometry": {
        "type": "Point",
        "coordinates": [
          -95.4290838,
          29.6785287
        ]
      },
      "id": "way/439452781"
    },
    {
      "type": "Feature",
      "properties": {
        "@id": "way/439793392",
        "amenity": "restaurant",
        "brand": "Denny's",
        "brand:wikidata": "Q1189695",
        "building": "yes",
        "cuisine": "american",
        "delivery": "no",
        "name": "Denny's",
        "@geometry": "center"
      },
      "geometry": {
        "type": "Point",
        "coordinates": [
          -83.3647351,
          41.9252234
        ]
      },
      "id": "way/439793392"
    },
    {
      "type": "Feature",
      "properties": {
        "@id": "way/440316463",
        "addr:city": "Los Angeles",
        "addr:housenumber": "4760",
        "addr:postcode": "90022",
        "addr:state": "CA",
        "addr:street": "Cesar E Chavez Avenue",
        "amenity": "restaurant",
        "brand": "Denny's",
        "brand:wikidata": "Q1189695",
        "building": "yes",
        "building:units": "5",
        "cuisine": "american",
        "ele": "96.4",
        "height": "3.9",
        "lacounty:ain": "5235010082",
        "lacounty:bld_id": "512411837117",
        "name": "Denny's",
        "phone": "+1-323-263-3440",
        "start_date": "2009",
        "@geometry": "center"
      },
      "geometry": {
        "type": "Point",
        "coordinates": [
          -118.1626641,
          34.0403504
        ]
      },
      "id": "way/440316463"
    },
    {
      "type": "Feature",
      "properties": {
        "@id": "way/441473474",
        "amenity": "restaurant",
        "brand": "Denny's",
        "brand:wikidata": "Q1189695",
        "building": "retail",
        "cuisine": "american",
        "ele": "13.8",
        "height": "5.9",
        "lacounty:ain": "7227029021",
        "lacounty:bld_id": "523709752514",
        "name": "Denny's",
        "start_date": "2002",
        "@geometry": "center"
      },
      "geometry": {
        "type": "Point",
        "coordinates": [
          -118.1249427,
          33.8080099
        ]
      },
      "id": "way/441473474"
    },
    {
      "type": "Feature",
      "properties": {
        "@id": "way/445882919",
        "amenity": "restaurant",
        "brand": "Denny's",
        "brand:wikidata": "Q1189695",
        "building": "yes",
        "cuisine": "american",
        "name": "Denny's",
        "opening_hours": "24/7",
        "@geometry": "center"
      },
      "geometry": {
        "type": "Point",
        "coordinates": [
          -76.1666046,
          42.6063968
        ]
      },
      "id": "way/445882919"
    },
    {
      "type": "Feature",
      "properties": {
        "@id": "way/445968421",
        "amenity": "restaurant",
        "brand": "Denny's",
        "brand:wikidata": "Q1189695",
        "check_date": "2023-08-18",
        "cuisine": "american",
        "name": "Denny's",
        "@geometry": "center"
      },
      "geometry": {
        "type": "Point",
        "coordinates": [
          -95.3947651,
          29.5562508
        ]
      },
      "id": "way/445968421"
    },
    {
      "type": "Feature",
      "properties": {
        "@id": "way/446033273",
        "amenity": "restaurant",
        "brand": "Denny's",
        "brand:wikidata": "Q1189695",
        "building": "yes",
        "cuisine": "american",
        "name": "Denny's",
        "opening_hours": "24/7",
        "@geometry": "center"
      },
      "geometry": {
        "type": "Point",
        "coordinates": [
          -75.6552483,
          41.4618008
        ]
      },
      "id": "way/446033273"
    },
    {
      "type": "Feature",
      "properties": {
        "@id": "way/446346157",
        "addr:city": "Eugene",
        "addr:housenumber": "3652",
        "addr:postcode": "97403",
        "addr:state": "OR",
        "addr:street": "Glenwood Drive",
        "amenity": "restaurant",
        "brand": "Denny's",
        "brand:wikidata": "Q1189695",
        "building": "retail",
        "cuisine": "american",
        "name": "Denny's",
        "phone": "+1 541 343 7258",
        "website": "https://www.dennys.com/",
        "wheelchair": "yes",
        "@geometry": "center"
      },
      "geometry": {
        "type": "Point",
        "coordinates": [
          -123.0402878,
          44.0341235
        ]
      },
      "id": "way/446346157"
    },
    {
      "type": "Feature",
      "properties": {
        "@id": "way/447318729",
        "addr:city": "Glendale",
        "addr:housenumber": "9856",
        "addr:postcode": "85305",
        "addr:state": "AZ",
        "addr:street": "West Camelback Road",
        "amenity": "restaurant",
        "brand": "Denny's",
        "brand:wikidata": "Q1189695",
        "building": "yes",
        "cuisine": "american",
        "name": "Denny's",
        "source": "esri/USA_NAD_Addresses",
        "@geometry": "center"
      },
      "geometry": {
        "type": "Point",
        "coordinates": [
          -112.2712313,
          33.5089267
        ]
      },
      "id": "way/447318729"
    },
    {
      "type": "Feature",
      "properties": {
        "@id": "way/448058610",
        "addr:city": "Indianapolis",
        "addr:housenumber": "6241",
        "addr:postcode": "46224",
        "addr:state": "IN",
        "addr:street": "Crawfordsville Road",
        "air_conditioning": "yes",
        "amenity": "restaurant",
        "brand": "Denny's",
        "brand:wikidata": "Q1189695",
        "building": "retail",
        "building:levels": "1",
        "cuisine": "american",
        "diet:gluten_free": "yes",
        "diet:vegan": "yes",
        "diet:vegetarian": "yes",
        "indoor_seating": "yes",
        "name": "Denny's",
        "opening_hours": "24/7",
        "outdoor_seating": "no",
        "roof:levels": "0",
        "smoking": "no",
        "source": "esri_USDOT_Indiana",
        "website": "https://www.dennys.com/",
        "wheelchair": "yes",
        "@geometry": "center"
      },
      "geometry": {
        "type": "Point",
        "coordinates": [
          -86.2694737,
          39.8004893
        ]
      },
      "id": "way/448058610"
    },
    {
      "type": "Feature",
      "properties": {
        "@id": "way/450497719",
        "amenity": "restaurant",
        "brand": "Denny's",
        "brand:wikidata": "Q1189695",
        "building": "retail",
        "cuisine": "american",
        "ele": "31.1",
        "height": "4.4",
        "lacounty:ain": "6278018001",
        "lacounty:bld_id": "520696787424",
        "name": "Denny's",
        "start_date": "1973",
        "@geometry": "center"
      },
      "geometry": {
        "type": "Point",
        "coordinates": [
          -118.1350265,
          33.9037965
        ]
      },
      "id": "way/450497719"
    },
    {
      "type": "Feature",
      "properties": {
        "@id": "way/451192616",
        "addr:city": "Norwalk",
        "addr:housenumber": "12616",
        "addr:postcode": "90650",
        "addr:state": "CA",
        "addr:street": "Pioneer Boulevard",
        "amenity": "restaurant",
        "brand": "Denny's",
        "brand:wikidata": "Q1189695",
        "building": "commercial",
        "cuisine": "american",
        "ele": "36.7",
        "height": "4.2",
        "lacounty:ain": "8048013011",
        "lacounty:bld_id": "536998792048",
        "name": "Denny's",
        "start_date": "1978",
        "@geometry": "center"
      },
      "geometry": {
        "type": "Point",
        "coordinates": [
          -118.0813398,
          33.9165926
        ]
      },
      "id": "way/451192616"
    },
    {
      "type": "Feature",
      "properties": {
        "@id": "way/451199067",
        "addr:city": "Pico Rivera",
        "addr:housenumber": "8600",
        "addr:postcode": "90660",
        "addr:state": "CA",
        "addr:street": "Whittier Blvd",
        "addr:street_direction_prefix": "E",
        "amenity": "restaurant",
        "brand": "Denny's",
        "brand:wikidata": "Q1189695",
        "building": "retail",
        "cuisine": "american",
        "ele": "58.4",
        "height": "4.3",
        "lacounty:ain": "6372001035",
        "lacounty:bld_id": "534857823464",
        "name": "Denny's",
        "start_date": "1980",
        "@geometry": "center"
      },
      "geometry": {
        "type": "Point",
        "coordinates": [
          -118.0884628,
          34.0029476
        ]
      },
      "id": "way/451199067"
    },
    {
      "type": "Feature",
      "properties": {
        "@id": "way/451488380",
        "addr:city": "Orange City",
        "addr:housenumber": "1012",
        "addr:postcode": "32763",
        "addr:state": "FL",
        "addr:street": "Saxon Boulevard",
        "amenity": "restaurant",
        "atm": "yes",
        "brand": "Denny's",
        "brand:wikidata": "Q1189695",
        "building": "yes",
        "cuisine": "american",
        "internet_access": "wlan",
        "name": "Denny's",
        "opening_hours": "24/7",
        "phone": "+1 386 456 1042",
        "ref:shop:num": "7291",
        "@geometry": "center"
      },
      "geometry": {
        "type": "Point",
        "coordinates": [
          -81.2847762,
          28.9106669
        ]
      },
      "id": "way/451488380"
    },
    {
      "type": "Feature",
      "properties": {
        "@id": "way/451634856",
        "addr:housenumber": "1207",
        "addr:street": "West Patrick Street",
        "amenity": "restaurant",
        "brand": "Denny's",
        "brand:wikidata": "Q1189695",
        "building": "yes",
        "check_date": "2023-04-29",
        "cuisine": "american",
        "name": "Denny's",
        "opening_hours": "24/7",
        "phone": "+1 301-695-7400",
        "website": "https://locations.dennys.com/MD/FREDERICK/249574",
        "@geometry": "center"
      },
      "geometry": {
        "type": "Point",
        "coordinates": [
          -77.4530138,
          39.4191838
        ]
      },
      "id": "way/451634856"
    },
    {
      "type": "Feature",
      "properties": {
        "@id": "way/451986726",
        "amenity": "restaurant",
        "brand": "Denny's",
        "brand:wikidata": "Q1189695",
        "building": "yes",
        "cuisine": "american",
        "name": "Denny's",
        "@geometry": "center"
      },
      "geometry": {
        "type": "Point",
        "coordinates": [
          -83.7480445,
          31.9597697
        ]
      },
      "id": "way/451986726"
    },
    {
      "type": "Feature",
      "properties": {
        "@id": "way/452941384",
        "amenity": "restaurant",
        "brand": "Denny's",
        "brand:wikidata": "Q1189695",
        "building": "retail",
        "cuisine": "american",
        "ele": "38.2",
        "height": "4.6",
        "lacounty:ain": "6232004016",
        "lacounty:bld_id": "511743804023",
        "name": "Denny's",
        "start_date": "1991",
        "@geometry": "center"
      },
      "geometry": {
        "type": "Point",
        "coordinates": [
          -118.1646405,
          33.9494724
        ]
      },
      "id": "way/452941384"
    },
    {
      "type": "Feature",
      "properties": {
        "@id": "way/453560752",
        "addr:city": "Mesa",
        "addr:housenumber": "1150",
        "addr:postcode": "85210",
        "addr:state": "AZ",
        "addr:street": "South Country Club Drive",
        "amenity": "restaurant",
        "brand": "Denny's",
        "brand:wikidata": "Q1189695",
        "building": "yes",
        "cuisine": "american",
        "name": "Denny's",
        "@geometry": "center"
      },
      "geometry": {
        "type": "Point",
        "coordinates": [
          -111.840627,
          33.3937516
        ]
      },
      "id": "way/453560752"
    },
    {
      "type": "Feature",
      "properties": {
        "@id": "way/454830625",
        "addr:city": "Spokane",
        "addr:housenumber": "3525",
        "addr:state": "WA",
        "addr:street": "North Division Street",
        "amenity": "restaurant",
        "brand": "Denny's",
        "brand:wikidata": "Q1189695",
        "building": "retail",
        "cuisine": "american",
        "name": "Denny's",
        "phone": "+1-509-473-9500",
        "website": "https://www.dennys.com/",
        "@geometry": "center"
      },
      "geometry": {
        "type": "Point",
        "coordinates": [
          -117.4117106,
          47.6904405
        ]
      },
      "id": "way/454830625"
    },
    {
      "type": "Feature",
      "properties": {
        "@id": "way/455752631",
        "amenity": "restaurant",
        "brand": "Denny's",
        "brand:wikidata": "Q1189695",
        "building": "retail",
        "cuisine": "american",
        "ele": "52.6",
        "height": "5.5",
        "lacounty:ain": "6357018001",
        "lacounty:bld_id": "523308813141",
        "name": "Denny's",
        "source": "bing_imagery_0.06m_200706;local_knowledge",
        "start_date": "1986",
        "@geometry": "center"
      },
      "geometry": {
        "type": "Point",
        "coordinates": [
          -118.1265791,
          33.9745243
        ]
      },
      "id": "way/455752631"
    },
    {
      "type": "Feature",
      "properties": {
        "@id": "way/455824635",
        "amenity": "restaurant",
        "brand": "Denny's",
        "brand:wikidata": "Q1189695",
        "building": "commercial",
        "cuisine": "american",
        "ele": "24.5",
        "height": "5.2",
        "lacounty:ain": "7162016052",
        "lacounty:bld_id": "518537777180",
        "name": "Denny's",
        "opening_hours": "24/7",
        "operator": "American",
        "smoking": "no",
        "start_date": "1973",
        "wheelchair": "yes",
        "@geometry": "center"
      },
      "geometry": {
        "type": "Point",
        "coordinates": [
          -118.1420969,
          33.8757667
        ]
      },
      "id": "way/455824635"
    },
    {
      "type": "Feature",
      "properties": {
        "@id": "way/455827541",
        "addr:city": "Lynwood",
        "addr:housenumber": "11195",
        "addr:postcode": "90262",
        "addr:state": "CA",
        "addr:street": "Long Beach Boulevard",
        "amenity": "restaurant",
        "brand": "Denny's",
        "brand:wikidata": "Q1189695",
        "building": "commercial",
        "building:levels": "1",
        "cuisine": "american",
        "ele": "32.0",
        "height": "4.5",
        "lacounty:ain": "6171002027",
        "lacounty:bld_id": "497400796898",
        "name": "Denny's",
        "@geometry": "center"
      },
      "geometry": {
        "type": "Point",
        "coordinates": [
          -118.2118701,
          33.9297795
        ]
      },
      "id": "way/455827541"
    },
    {
      "type": "Feature",
      "properties": {
        "@id": "node/457432482",
        "addr:city": "Las Vegas",
        "addr:housenumber": "7200",
        "addr:postcode": "89119",
        "addr:state": "NV",
        "addr:street": "South Las Vegas Boulevard",
        "amenity": "restaurant",
        "brand": "Denny's",
        "brand:wikidata": "Q1189695",
        "check_date": "2024-10-09",
        "cuisine": "american",
        "name": "Denny's",
        "opening_hours": "24/7",
        "phone": "+1 702-269-0507",
        "source": "official website",
        "takeaway": "yes",
        "website": "https://locations.dennys.com/NV/LAS-VEGAS/202274"
      },
      "geometry": {
        "type": "Point",
        "coordinates": [
          -115.171725,
          36.0591086
        ]
      },
      "id": "node/457432482"
    },
    {
      "type": "Feature",
      "properties": {
        "@id": "node/457759370",
        "addr:city": "Yucaipa",
        "addr:housenumber": "33540",
        "addr:postcode": "92399",
        "addr:state": "CA",
        "addr:street": "Oak Glen Rd",
        "amenity": "restaurant",
        "brand": "Denny's",
        "brand:wikidata": "Q1189695",
        "cuisine": "american",
        "name": "Denny's",
        "source": "survey;image;yahoo_imagery",
        "source_ref": "AM909_DSCQ3616"
      },
      "geometry": {
        "type": "Point",
        "coordinates": [
          -117.0724196,
          34.0342663
        ]
      },
      "id": "node/457759370"
    },
    {
      "type": "Feature",
      "properties": {
        "@id": "way/458792950",
        "amenity": "restaurant",
        "brand": "Denny's",
        "brand:wikidata": "Q1189695",
        "building": "yes",
        "cuisine": "american",
        "name": "Denny's",
        "@geometry": "center"
      },
      "geometry": {
        "type": "Point",
        "coordinates": [
          -72.8730051,
          41.6338853
        ]
      },
      "id": "way/458792950"
    },
    {
      "type": "Feature",
      "properties": {
        "@id": "way/460850890",
        "amenity": "restaurant",
        "brand": "Denny's",
        "brand:wikidata": "Q1189695",
        "building": "yes",
        "cuisine": "american",
        "name": "Denny's",
        "@geometry": "center"
      },
      "geometry": {
        "type": "Point",
        "coordinates": [
          -117.249528,
          34.4697001
        ]
      },
      "id": "way/460850890"
    },
    {
      "type": "Feature",
      "properties": {
        "@id": "way/460852205",
        "addr:city": "Apple Valley",
        "addr:country": "US",
        "addr:housenumber": "20242",
        "addr:postcode": "92307",
        "addr:state": "CA",
        "addr:street": "Outer Hwy 18 North",
        "amenity": "restaurant",
        "brand": "Denny's",
        "brand:wikidata": "Q1189695",
        "building": "retail",
        "check_date": "2025-06-24",
        "cuisine": "american",
        "name": "Denny's",
        "opening_hours": "Mo-Su 06:00-22:00",
        "phone": "+1 760-946-1548",
        "source": "Overture Places;website",
        "website": "https://locations.dennys.com/CA/APPLE-VALLEY/248047",
        "@geometry": "center"
      },
      "geometry": {
        "type": "Point",
        "coordinates": [
          -117.2213866,
          34.5272885
        ]
      },
      "id": "way/460852205"
    },
    {
      "type": "Feature",
      "properties": {
        "@id": "way/461220154",
        "addr:city": "Fort Collins",
        "addr:housenumber": "420",
        "addr:postcode": "80524",
        "addr:state": "CO",
        "addr:street": "Centro Way",
        "amenity": "restaurant",
        "brand": "Denny's",
        "brand:wikidata": "Q1189695",
        "building": "restaurant",
        "contact:phone": "+1-970-221-1493",
        "contact:website": "https://locations.dennys.com/CO/FORT-COLLINS",
        "cuisine": "american",
        "name": "Denny's",
        "opening_hours": "24/7",
        "@geometry": "center"
      },
      "geometry": {
        "type": "Point",
        "coordinates": [
          -105.0070334,
          40.5818784
        ]
      },
      "id": "way/461220154"
    },
    {
      "type": "Feature",
      "properties": {
        "@id": "way/463064307",
        "amenity": "restaurant",
        "brand": "Denny's",
        "brand:wikidata": "Q1189695",
        "building": "retail",
        "cuisine": "american",
        "name": "Denny's",
        "@geometry": "center"
      },
      "geometry": {
        "type": "Point",
        "coordinates": [
          -87.174655,
          41.5978116
        ]
      },
      "id": "way/463064307"
    },
    {
      "type": "Feature",
      "properties": {
        "@id": "way/463900070",
        "addr:city": "Dallas",
        "addr:housenumber": "4400",
        "addr:postcode": "75206",
        "addr:state": "TX",
        "addr:street": "North Central Expressway",
        "amenity": "restaurant",
        "brand": "Denny's",
        "brand:wikidata": "Q1189695",
        "building": "commercial",
        "cuisine": "american",
        "name": "Denny's",
        "opening_hours": "24/7",
        "roof:shape": "gabled",
        "@geometry": "center"
      },
      "geometry": {
        "type": "Point",
        "coordinates": [
          -96.7867849,
          32.8192343
        ]
      },
      "id": "way/463900070"
    },
    {
      "type": "Feature",
      "properties": {
        "@id": "way/465056416",
        "addr:city": "Dallas",
        "addr:housename": "Denny's",
        "addr:housenumber": "2425",
        "addr:postcode": "75229",
        "addr:state": "TX",
        "addr:street": "Walnut Hill Lane",
        "amenity": "restaurant",
        "brand": "Denny's",
        "brand:wikidata": "Q1189695",
        "building": "retail",
        "cuisine": "american",
        "name": "Denny's",
        "phone": "+1-972-620-8797",
        "@geometry": "center"
      },
      "geometry": {
        "type": "Point",
        "coordinates": [
          -96.8968696,
          32.8815295
        ]
      },
      "id": "way/465056416"
    },
    {
      "type": "Feature",
      "properties": {
        "@id": "way/465202893",
        "amenity": "restaurant",
        "brand": "Denny's",
        "brand:wikidata": "Q1189695",
        "building": "yes",
        "check_date:opening_hours": "2025-11-24",
        "cuisine": "american",
        "name": "Denny's",
        "opening_hours:signed": "no",
        "@geometry": "center"
      },
      "geometry": {
        "type": "Point",
        "coordinates": [
          -111.6994954,
          40.3063119
        ]
      },
      "id": "way/465202893"
    },
    {
      "type": "Feature",
      "properties": {
        "@id": "way/465846617",
        "addr:city": "Redding",
        "addr:country": "US",
        "addr:housenumber": "2608",
        "addr:postcode": "96002",
        "addr:state": "CA",
        "addr:street": "Hilltop Drive",
        "amenity": "restaurant",
        "brand": "Denny's",
        "brand:wikidata": "Q1189695",
        "building": "yes",
        "cuisine": "american",
        "name": "Denny's",
        "opening_hours": "24/7",
        "phone": "+1-530-221-6966",
        "website": "https://locations.dennys.com/CA/REDDING/248536",
        "@geometry": "center"
      },
      "geometry": {
        "type": "Point",
        "coordinates": [
          -122.3591897,
          40.5700698
        ]
      },
      "id": "way/465846617"
    },
    {
      "type": "Feature",
      "properties": {
        "@id": "way/466447331",
        "addr:city": "Dallas",
        "addr:housenumber": "8233",
        "addr:postcode": "75228",
        "addr:state": "TX",
        "addr:street": "East R L Thornton Freeway",
        "amenity": "restaurant",
        "brand": "Denny's",
        "brand:wikidata": "Q1189695",
        "building": "yes",
        "check_date": "2026-04-15",
        "cuisine": "american",
        "name": "Denny's",
        "@geometry": "center"
      },
      "geometry": {
        "type": "Point",
        "coordinates": [
          -96.6989426,
          32.7947501
        ]
      },
      "id": "way/466447331"
    },
    {
      "type": "Feature",
      "properties": {
        "@id": "way/467283805",
        "addr:city": "Dallas",
        "addr:housenumber": "7120",
        "addr:postcode": "75236",
        "addr:state": "TX",
        "addr:street": "South Cockrell Hill Road",
        "amenity": "restaurant",
        "brand": "Denny's",
        "brand:wikidata": "Q1189695",
        "building": "yes",
        "cuisine": "american",
        "name": "Denny's",
        "@geometry": "center"
      },
      "geometry": {
        "type": "Point",
        "coordinates": [
          -96.8908667,
          32.6611427
        ]
      },
      "id": "way/467283805"
    },
    {
      "type": "Feature",
      "properties": {
        "@id": "way/468139983",
        "addr:housenumber": "10433",
        "addr:street": "North Central Expressway",
        "amenity": "restaurant",
        "brand": "Denny's",
        "brand:wikidata": "Q1189695",
        "building": "restaurant",
        "check_date": "2025-10-31",
        "check_date:opening_hours": "2025-10-31",
        "cuisine": "american",
        "name": "Denny's",
        "opening_hours": "Mo-Su 00:00-00:00",
        "@geometry": "center"
      },
      "geometry": {
        "type": "Point",
        "coordinates": [
          -96.7705257,
          32.8893069
        ]
      },
      "id": "way/468139983"
    },
    {
      "type": "Feature",
      "properties": {
        "@id": "way/468464024",
        "addr:city": "Eldersburg",
        "addr:housenumber": "6400",
        "addr:postcode": "21784",
        "addr:state": "MD",
        "addr:street": "Ridge Road",
        "amenity": "restaurant",
        "brand": "Denny's",
        "brand:wikidata": "Q1189695",
        "building": "yes",
        "cuisine": "american",
        "name": "Denny's",
        "@geometry": "center"
      },
      "geometry": {
        "type": "Point",
        "coordinates": [
          -76.9351338,
          39.3990603
        ]
      },
      "id": "way/468464024"
    },
    {
      "type": "Feature",
      "properties": {
        "@id": "way/469119721",
        "addr:housenumber": "510",
        "addr:street": "West LBJ Freeway",
        "amenity": "restaurant",
        "brand": "Denny's",
        "brand:wikidata": "Q1189695",
        "building": "yes",
        "cuisine": "american",
        "name": "Denny's",
        "opening_hours": "24/7",
        "@geometry": "center"
      },
      "geometry": {
        "type": "Point",
        "coordinates": [
          -96.9538835,
          32.9129838
        ]
      },
      "id": "way/469119721"
    },
    {
      "type": "Feature",
      "properties": {
        "@id": "way/469576825",
        "amenity": "restaurant",
        "brand": "Denny's",
        "brand:wikidata": "Q1189695",
        "building": "retail",
        "cuisine": "american",
        "name": "Denny's",
        "@geometry": "center"
      },
      "geometry": {
        "type": "Point",
        "coordinates": [
          -88.0666684,
          41.6872916
        ]
      },
      "id": "way/469576825"
    },
    {
      "type": "Feature",
      "properties": {
        "@id": "way/470352338",
        "addr:city": "Pomona",
        "addr:housenumber": "3012",
        "addr:state": "CA",
        "addr:street": "Temple Avenue",
        "amenity": "restaurant",
        "brand": "Denny's",
        "brand:wikidata": "Q1189695",
        "building": "yes",
        "building:units": "20",
        "cuisine": "american",
        "ele": "280.0",
        "height": "8.6",
        "lacounty:ain": "8707022147",
        "lacounty:bld_id": "622837837380",
        "name": "Denny's",
        "start_date": "1989",
        "@geometry": "center"
      },
      "geometry": {
        "type": "Point",
        "coordinates": [
          -117.7980893,
          34.0410398
        ]
      },
      "id": "way/470352338"
    },
    {
      "type": "Feature",
      "properties": {
        "@id": "way/470598997",
        "addr:city": "West Covina",
        "addr:housenumber": "645",
        "addr:postcode": "91791",
        "addr:state": "CA",
        "addr:street": "North Azusa Avenue",
        "amenity": "restaurant",
        "brand": "Denny's",
        "brand:wikidata": "Q1189695",
        "building": "commercial",
        "check_date": "2026-09-03",
        "cuisine": "american",
        "ele": "151.8",
        "height": "5.0",
        "indoor_seating": "yes",
        "lacounty:ain": "8442018019",
        "lacounty:bld_id": "589493852415",
        "name": "Denny's",
        "opening_hours": "24/7",
        "outdoor_seating": "no",
        "phone": "+1-626-331-6961",
        "start_date": "1979",
        "toilets": "yes",
        "toilets:access": "customers",
        "toilets:unisex": "no",
        "website": "https://locations.dennys.com/ca/west-covina/246854",
        "@geometry": "center"
      },
      "geometry": {
        "type": "Point",
        "coordinates": [
          -117.9081273,
          34.0824923
        ]
      },
      "id": "way/470598997"
    },
    {
      "type": "Feature",
      "properties": {
        "@id": "way/470774449",
        "amenity": "restaurant",
        "brand": "Denny's",
        "brand:wikidata": "Q1189695",
        "building": "commercial",
        "cuisine": "american",
        "ele": "209.3",
        "height": "3.4",
        "lacounty:ain": "8640007042",
        "lacounty:bld_id": "600329866478",
        "name": "Denny's",
        "start_date": "1978",
        "@geometry": "center"
      },
      "geometry": {
        "type": "Point",
        "coordinates": [
          -117.8722917,
          34.121129
        ]
      },
      "id": "way/470774449"
    },
    {
      "type": "Feature",
      "properties": {
        "@id": "way/471602958",
        "addr:city": "Whittier",
        "addr:postcode": "90601",
        "addr:state": "CA",
        "addr:street": "Whittier Boulevard",
        "amenity": "restaurant",
        "brand": "Denny's",
        "brand:wikidata": "Q1189695",
        "building": "retail",
        "cuisine": "american",
        "ele": "82.0",
        "height": "7.8",
        "lacounty:ain": "8140007059",
        "lacounty:bld_id": "546701815057",
        "name": "Denny's",
        "start_date": "1992",
        "@geometry": "center"
      },
      "geometry": {
        "type": "Point",
        "coordinates": [
          -118.0494544,
          33.9797747
        ]
      },
      "id": "way/471602958"
    },
    {
      "type": "Feature",
      "properties": {
        "@id": "way/472529485",
        "addr:city": "Santa Clarita",
        "addr:housenumber": "18932",
        "addr:postcode": "91351",
        "addr:state": "CA",
        "addr:street": "Soledad Canyon Road",
        "amenity": "restaurant",
        "brand": "Denny's",
        "brand:wikidata": "Q1189695",
        "building": "retail",
        "building:units": "1",
        "cuisine": "american",
        "ele": "428.9",
        "height": "4.0",
        "lacounty:ain": "2803029022",
        "lacounty:bld_id": "421266973837",
        "name": "Denny's",
        "opening_hours": "06:00-22:00",
        "phone": "+1-661-252-3902",
        "start_date": "1976",
        "website": "https://locations.dennys.com/CA/CANYON-COUNTRY/247900",
        "@geometry": "center"
      },
      "geometry": {
        "type": "Point",
        "coordinates": [
          -118.4655609,
          34.4152775
        ]
      },
      "id": "way/472529485"
    },
    {
      "type": "Feature",
      "properties": {
        "@id": "way/472566668",
        "alt_name": "Local Knowledge",
        "amenity": "restaurant",
        "brand": "Denny's",
        "brand:wikidata": "Q1189695",
        "building": "commercial",
        "cuisine": "american",
        "ele": "422.5",
        "height": "4.7",
        "lacounty:ain": "2826021011",
        "lacounty:bld_id": "390504960581",
        "name": "Denny's",
        "opening_hours": "24/7",
        "outdoor_seating": "no",
        "start_date": "1968",
        "takeaway": "yes",
        "@geometry": "center"
      },
      "geometry": {
        "type": "Point",
        "coordinates": [
          -118.5672885,
          34.3784522
        ]
      },
      "id": "way/472566668"
    },
    {
      "type": "Feature",
      "properties": {
        "@id": "way/472583978",
        "amenity": "restaurant",
        "brand": "Denny's",
        "brand:wikidata": "Q1189695",
        "building": "yes",
        "cuisine": "american",
        "ele": "488.1",
        "height": "6.1",
        "lacounty:ain": "2840007018",
        "lacounty:bld_id": "434238977294",
        "name": "Denny's",
        "start_date": "1969",
        "@geometry": "center"
      },
      "geometry": {
        "type": "Point",
        "coordinates": [
          -118.4224919,
          34.4248701
        ]
      },
      "id": "way/472583978"
    },
    {
      "type": "Feature",
      "properties": {
        "@id": "way/472622045",
        "addr:city": "Valencia",
        "addr:housenumber": "27541",
        "addr:postcode": "91355",
        "addr:street": "Wayne Mills Place",
        "air_conditioning": "yes",
        "amenity": "restaurant",
        "bar": "no",
        "brand": "Denny's",
        "brand:wikidata": "Q1189695",
        "building": "yes",
        "building:units": "1",
        "cuisine": "american",
        "ele": "341.6",
        "height": "4.2",
        "lacounty:ain": "2861071007",
        "lacounty:bld_id": "386282976434",
        "name": "Denny's",
        "opening_hours": "24/7",
        "smoking": "no",
        "start_date": "2002",
        "takeaway": "yes",
        "toilets": "yes",
        "wheelchair": "yes",
        "@geometry": "center"
      },
      "geometry": {
        "type": "Point",
        "coordinates": [
          -118.581584,
          34.4219022
        ]
      },
      "id": "way/472622045"
    },
    {
      "type": "Feature",
      "properties": {
        "@id": "way/473778650",
        "amenity": "restaurant",
        "brand": "Denny's",
        "brand:wikidata": "Q1189695",
        "building": "yes",
        "cuisine": "american",
        "name": "Denny's",
        "@geometry": "center"
      },
      "geometry": {
        "type": "Point",
        "coordinates": [
          -81.5288886,
          30.3244152
        ]
      },
      "id": "way/473778650"
    },
    {
      "type": "Feature",
      "properties": {
        "@id": "way/473779966",
        "addr:city": "Houston",
        "addr:housenumber": "7707",
        "addr:state": "TX",
        "addr:street": "Stuebner Airline Road",
        "amenity": "restaurant",
        "brand": "Denny's",
        "brand:wikidata": "Q1189695",
        "building": "yes",
        "check_date": "2024-08-23",
        "cuisine": "american",
        "name": "Denny's",
        "opening_hours": "24/7",
        "payment:cash": "yes",
        "payment:credit_cards": "yes",
        "payment:debit_cards": "yes",
        "wheelchair": "yes",
        "@geometry": "center"
      },
      "geometry": {
        "type": "Point",
        "coordinates": [
          -95.410392,
          29.8731018
        ]
      },
      "id": "way/473779966"
    },
    {
      "type": "Feature",
      "properties": {
        "@id": "way/476986193",
        "amenity": "restaurant",
        "brand": "Denny's",
        "brand:wikidata": "Q1189695",
        "building": "yes",
        "cuisine": "american",
        "name": "Denny's",
        "@geometry": "center"
      },
      "geometry": {
        "type": "Point",
        "coordinates": [
          -112.2986525,
          40.5474577
        ]
      },
      "id": "way/476986193"
    },
    {
      "type": "Feature",
      "properties": {
        "@id": "way/477410062",
        "addr:city": "Oak Park",
        "addr:housenumber": "711",
        "addr:postcode": "60302",
        "addr:state": "IL",
        "addr:street": "North Harlem Avenue",
        "amenity": "restaurant",
        "brand": "Denny's",
        "brand:wikidata": "Q1189695",
        "building": "retail",
        "cuisine": "american",
        "diet:vegan": "no",
        "diet:vegetarian": "yes",
        "name": "Denny's",
        "website": "https://locations.dennys.com/IL/OAK-PARK/247982",
        "@geometry": "center"
      },
      "geometry": {
        "type": "Point",
        "coordinates": [
          -87.8049553,
          41.8934201
        ]
      },
      "id": "way/477410062"
    },
    {
      "type": "Feature",
      "properties": {
        "@id": "way/477932405",
        "addr:city": "Latrobe",
        "addr:housenumber": "3870",
        "addr:postcode": "15650",
        "addr:state": "PA",
        "addr:street": "Route 30",
        "amenity": "restaurant",
        "brand": "Denny's",
        "brand:wikidata": "Q1189695",
        "building": "yes",
        "cuisine": "american",
        "name": "Denny's",
        "opening_hours": "24/7",
        "phone": "+1 724 539 3616",
        "@geometry": "center"
      },
      "geometry": {
        "type": "Point",
        "coordinates": [
          -79.3820411,
          40.2864538
        ]
      },
      "id": "way/477932405"
    },
    {
      "type": "Feature",
      "properties": {
        "@id": "way/479097126",
        "amenity": "restaurant",
        "brand": "Denny's",
        "brand:wikidata": "Q1189695",
        "building": "retail",
        "cuisine": "american",
        "name": "Denny's",
        "@geometry": "center"
      },
      "geometry": {
        "type": "Point",
        "coordinates": [
          -88.134177,
          41.9782819
        ]
      },
      "id": "way/479097126"
    },
    {
      "type": "Feature",
      "properties": {
        "@id": "way/479585734",
        "addr:city": "Hayward",
        "addr:housenumber": "25010",
        "addr:postcode": "94545",
        "addr:state": "CA",
        "addr:street": "Hesperian Boulevard",
        "amenity": "restaurant",
        "brand": "Denny's",
        "brand:wikidata": "Q1189695",
        "building": "restaurant",
        "cuisine": "american",
        "name": "Denny's",
        "opening_hours": "24/7",
        "phone": "+1-510-925-2771",
        "website": "https://locations.dennys.com/CA/HAYWARD/249621",
        "@geometry": "center"
      },
      "geometry": {
        "type": "Point",
        "coordinates": [
          -122.1046974,
          37.6447695
        ]
      },
      "id": "way/479585734"
    },
    {
      "type": "Feature",
      "properties": {
        "@id": "way/479814864",
        "addr:city": "Santa Fe",
        "addr:housenumber": "3004",
        "addr:postcode": "87507",
        "addr:state": "NM",
        "addr:street": "Cerrillos Road",
        "amenity": "restaurant",
        "brand": "Denny's",
        "brand:wikidata": "Q1189695",
        "building": "yes",
        "cuisine": "american",
        "name": "Denny's",
        "note": "opening_hours is strange. It is listed on the website as \"6am-3am\" for some days, and 24/7 for others.",
        "opening_hours": "24/7",
        "phone": "+1 505-471-2152",
        "website": "https://locations.dennys.com/NM/SANTA-FE/246213",
        "@geometry": "center"
      },
      "geometry": {
        "type": "Point",
        "coordinates": [
          -105.9928399,
          35.6541993
        ]
      },
      "id": "way/479814864"
    },
    {
      "type": "Feature",
      "properties": {
        "@id": "way/479919960",
        "addr:city": "New Smyrna Beach",
        "addr:housenumber": "1830",
        "addr:postcode": "32168",
        "addr:street": "State Road 44",
        "amenity": "restaurant",
        "brand": "Denny's",
        "brand:wikidata": "Q1189695",
        "building": "yes",
        "cuisine": "american",
        "name": "Denny's",
        "@geometry": "center"
      },
      "geometry": {
        "type": "Point",
        "coordinates": [
          -80.942799,
          29.0138927
        ]
      },
      "id": "way/479919960"
    },
    {
      "type": "Feature",
      "properties": {
        "@id": "way/480861023",
        "amenity": "restaurant",
        "brand": "Denny's",
        "brand:wikidata": "Q1189695",
        "building": "yes",
        "cuisine": "american",
        "name": "Denny's",
        "@geometry": "center"
      },
      "geometry": {
        "type": "Point",
        "coordinates": [
          -81.8005921,
          41.4367777
        ]
      },
      "id": "way/480861023"
    },
    {
      "type": "Feature",
      "properties": {
        "@id": "way/480949973",
        "addr:city": "Clifton",
        "addr:housenumber": "3205",
        "addr:postcode": "81520",
        "addr:state": "CO",
        "addr:street": "I 70 Business Loop",
        "amenity": "restaurant",
        "brand": "Denny's",
        "brand:wikidata": "Q1189695",
        "building": "restaurant",
        "building:levels": "1",
        "check_date": "2025-10-13",
        "cuisine": "american",
        "name": "Denny's",
        "opening_hours": "24/7",
        "payment:american_express": "yes",
        "payment:cheque": "no",
        "payment:diners_club": "yes",
        "payment:discover_card": "yes",
        "payment:jcb": "yes",
        "payment:mastercard": "yes",
        "payment:unionpay": "yes",
        "payment:visa": "yes",
        "phone": "+1-970-549-0065",
        "ref": "248673",
        "roof:levels": "0",
        "roof:shape": "flat",
        "takeaway": "yes",
        "website": "https://locations.dennys.com/CO/CLIFTON/248673",
        "@geometry": "center"
      },
      "geometry": {
        "type": "Point",
        "coordinates": [
          -108.4566793,
          39.0882003
        ]
      },
      "id": "way/480949973"
    },
    {
      "type": "Feature",
      "properties": {
        "@id": "way/481433174",
        "addr:housenumber": "1525",
        "addr:street": "McHenry Avenue",
        "amenity": "restaurant",
        "brand": "Denny's",
        "brand:wikidata": "Q1189695",
        "building": "yes",
        "cuisine": "american",
        "name": "Denny's",
        "@geometry": "center"
      },
      "geometry": {
        "type": "Point",
        "coordinates": [
          -120.9944025,
          37.6661353
        ]
      },
      "id": "way/481433174"
    },
    {
      "type": "Feature",
      "properties": {
        "@id": "way/484431994",
        "amenity": "restaurant",
        "brand": "Denny's",
        "brand:wikidata": "Q1189695",
        "building": "yes",
        "cuisine": "american",
        "name": "Denny's",
        "@geometry": "center"
      },
      "geometry": {
        "type": "Point",
        "coordinates": [
          -81.6485899,
          41.3952257
        ]
      },
      "id": "way/484431994"
    },
    {
      "type": "Feature",
      "properties": {
        "@id": "way/485986118",
        "amenity": "restaurant",
        "brand": "Denny's",
        "brand:wikidata": "Q1189695",
        "building": "yes",
        "cuisine": "american",
        "name": "Denny's",
        "@geometry": "center"
      },
      "geometry": {
        "type": "Point",
        "coordinates": [
          -80.0945265,
          26.7070167
        ]
      },
      "id": "way/485986118"
    },
    {
      "type": "Feature",
      "properties": {
        "@id": "way/486223641",
        "addr:city": "San Antonio",
        "addr:country": "US",
        "addr:housenumber": "9550",
        "addr:postcode": "78230",
        "addr:state": "TX",
        "addr:street": "Interstate Highway 10 West",
        "amenity": "restaurant",
        "brand": "Denny's",
        "brand:wikidata": "Q1189695",
        "building": "yes",
        "cuisine": "american",
        "name": "Denny's",
        "phone": "+1 210-593-0343",
        "@geometry": "center"
      },
      "geometry": {
        "type": "Point",
        "coordinates": [
          -98.561095,
          29.529127
        ]
      },
      "id": "way/486223641"
    },
    {
      "type": "Feature",
      "properties": {
        "@id": "way/491987662",
        "amenity": "restaurant",
        "brand": "Denny's",
        "brand:wikidata": "Q1189695",
        "building": "yes",
        "cuisine": "american",
        "name": "Denny's",
        "@geometry": "center"
      },
      "geometry": {
        "type": "Point",
        "coordinates": [
          -97.3698828,
          35.433635
        ]
      },
      "id": "way/491987662"
    },
    {
      "type": "Feature",
      "properties": {
        "@id": "way/492429417",
        "amenity": "restaurant",
        "brand": "Denny's",
        "brand:wikidata": "Q1189695",
        "building": "yes",
        "cuisine": "american",
        "name": "Denny's",
        "@geometry": "center"
      },
      "geometry": {
        "type": "Point",
        "coordinates": [
          -90.1542089,
          38.359749
        ]
      },
      "id": "way/492429417"
    },
    {
      "type": "Feature",
      "properties": {
        "@id": "way/494087985",
        "amenity": "restaurant",
        "brand": "Denny's",
        "brand:wikidata": "Q1189695",
        "building": "retail",
        "building:levels": "1",
        "check_date": "2024-01-03",
        "cuisine": "american",
        "name": "Denny's",
        "roof:levels": "0",
        "@geometry": "center"
      },
      "geometry": {
        "type": "Point",
        "coordinates": [
          -86.8933154,
          41.6680376
        ]
      },
      "id": "way/494087985"
    },
    {
      "type": "Feature",
      "properties": {
        "@id": "way/496774068",
        "amenity": "restaurant",
        "brand": "Denny's",
        "brand:wikidata": "Q1189695",
        "building": "yes",
        "cuisine": "american",
        "name": "Denny's",
        "@geometry": "center"
      },
      "geometry": {
        "type": "Point",
        "coordinates": [
          -123.1259211,
          47.2300257
        ]
      },
      "id": "way/496774068"
    },
    {
      "type": "Feature",
      "properties": {
        "@id": "way/497468365",
        "addr:city": "Sacremento",
        "addr:country": "US",
        "addr:housenumber": "1900",
        "addr:postcode": "95826",
        "addr:state": "CA",
        "addr:street": "College Town Drive",
        "amenity": "restaurant",
        "brand": "Denny's",
        "brand:wikidata": "Q1189695",
        "building": "yes",
        "cuisine": "american",
        "name": "Denny's",
        "phone": "+1-916-383-7071",
        "@geometry": "center"
      },
      "geometry": {
        "type": "Point",
        "coordinates": [
          -121.4100248,
          38.5550205
        ]
      },
      "id": "way/497468365"
    },
    {
      "type": "Feature",
      "properties": {
        "@id": "way/499976049",
        "addr:housenumber": "4400",
        "addr:street": "South Freeway",
        "amenity": "restaurant",
        "brand": "Denny's",
        "brand:wikidata": "Q1189695",
        "building": "commercial",
        "cuisine": "american",
        "name": "Denny's",
        "@geometry": "center"
      },
      "geometry": {
        "type": "Point",
        "coordinates": [
          -97.3213951,
          32.6829832
        ]
      },
      "id": "way/499976049"
    },
    {
      "type": "Feature",
      "properties": {
        "@id": "way/500287315",
        "amenity": "restaurant",
        "brand": "Denny's",
        "brand:wikidata": "Q1189695",
        "building": "retail",
        "cuisine": "american",
        "name": "Denny's",
        "source": "DigitalGlobe",
        "@geometry": "center"
      },
      "geometry": {
        "type": "Point",
        "coordinates": [
          -75.7563161,
          41.3147812
        ]
      },
      "id": "way/500287315"
    },
    {
      "type": "Feature",
      "properties": {
        "@id": "way/503642443",
        "amenity": "restaurant",
        "brand": "Denny's",
        "brand:wikidata": "Q1189695",
        "building": "yes",
        "building:levels": "1",
        "cuisine": "american",
        "name": "Denny's",
        "@geometry": "center"
      },
      "geometry": {
        "type": "Point",
        "coordinates": [
          -117.2525214,
          33.1956626
        ]
      },
      "id": "way/503642443"
    },
    {
      "type": "Feature",
      "properties": {
        "@id": "way/504041625",
        "addr:city": "San Jose",
        "addr:housenumber": "1001",
        "addr:postcode": "95121",
        "addr:state": "CA",
        "addr:street": "East Capitol Expressway",
        "amenity": "restaurant",
        "brand": "Denny's",
        "brand:wikidata": "Q1189695",
        "building": "restaurant",
        "cuisine": "american",
        "ele": "53.60",
        "height": "3.54",
        "name": "Denny's",
        "opening_hours": "24/7",
        "phone": "+1-408-578-2549",
        "website": "https://www.dennys.com/",
        "@geometry": "center"
      },
      "geometry": {
        "type": "Point",
        "coordinates": [
          -121.8237265,
          37.2992868
        ]
      },
      "id": "way/504041625"
    },
    {
      "type": "Feature",
      "properties": {
        "@id": "way/504748285",
        "addr:city": "Phoenix",
        "addr:housenumber": "1401",
        "addr:postcode": "85043",
        "addr:state": "AZ",
        "addr:street": "North 75th Avenue",
        "amenity": "restaurant",
        "brand": "Denny's",
        "brand:wikidata": "Q1189695",
        "building": "yes",
        "cuisine": "american",
        "name": "Denny's",
        "source": "esri/USA_NAD_Addresses",
        "@geometry": "center"
      },
      "geometry": {
        "type": "Point",
        "coordinates": [
          -112.220106,
          33.4641513
        ]
      },
      "id": "way/504748285"
    },
    {
      "type": "Feature",
      "properties": {
        "@id": "way/506900968",
        "amenity": "restaurant",
        "brand": "Denny's",
        "brand:wikidata": "Q1189695",
        "building": "yes",
        "cuisine": "american",
        "name": "Denny's",
        "@geometry": "center"
      },
      "geometry": {
        "type": "Point",
        "coordinates": [
          -117.3086035,
          34.0488056
        ]
      },
      "id": "way/506900968"
    },
    {
      "type": "Feature",
      "properties": {
        "@id": "way/507121120",
        "addr:city": "Rolla",
        "addr:housenumber": "1419",
        "addr:postcode": "65401",
        "addr:state": "MO",
        "addr:street": "Martin Springs Drive",
        "amenity": "restaurant",
        "brand": "Denny's",
        "brand:wikidata": "Q1189695",
        "building": "yes",
        "cuisine": "american",
        "name": "Denny's",
        "website": "https://locations.dennys.com/MO/ROLLA/248783",
        "@geometry": "center"
      },
      "geometry": {
        "type": "Point",
        "coordinates": [
          -91.7937997,
          37.9419368
        ]
      },
      "id": "way/507121120"
    },
    {
      "type": "Feature",
      "properties": {
        "@id": "way/511352150",
        "amenity": "restaurant",
        "brand": "Denny's",
        "brand:wikidata": "Q1189695",
        "building": "yes",
        "cuisine": "american",
        "name": "Denny's",
        "@geometry": "center"
      },
      "geometry": {
        "type": "Point",
        "coordinates": [
          -97.6310553,
          27.8547733
        ]
      },
      "id": "way/511352150"
    },
    {
      "type": "Feature",
      "properties": {
        "@id": "way/511361840",
        "addr:city": "Tustin",
        "addr:housenumber": "1571",
        "addr:postcode": "92780",
        "addr:state": "CA",
        "addr:street": "El Camino Real",
        "amenity": "restaurant",
        "brand": "Denny's",
        "brand:wikidata": "Q1189695",
        "building": "retail",
        "cuisine": "american",
        "name": "Denny's",
        "@geometry": "center"
      },
      "geometry": {
        "type": "Point",
        "coordinates": [
          -117.8137187,
          33.7336605
        ]
      },
      "id": "way/511361840"
    },
    {
      "type": "Feature",
      "properties": {
        "@id": "way/511364893",
        "addr:city": "Indianapolis",
        "addr:housenumber": "8808",
        "addr:postcode": "46268",
        "addr:state": "IN",
        "addr:street": "Michigan Road",
        "amenity": "restaurant",
        "brand": "Denny's",
        "brand:wikidata": "Q1189695",
        "building": "retail",
        "cuisine": "american",
        "diet:vegetarian": "yes",
        "name": "Denny's",
        "source": "esri_USDOT_Indiana",
        "toilets:wheelchair": "yes",
        "wheelchair": "yes",
        "@geometry": "center"
      },
      "geometry": {
        "type": "Point",
        "coordinates": [
          -86.2249081,
          39.9148644
        ]
      },
      "id": "way/511364893"
    },
    {
      "type": "Feature",
      "properties": {
        "@id": "way/511707059",
        "addr:city": "Ontario",
        "amenity": "restaurant",
        "brand": "Denny's",
        "brand:wikidata": "Q1189695",
        "building": "yes",
        "cuisine": "american",
        "delivery": "no",
        "internet_access": "no",
        "name": "Denny's",
        "outdoor_seating": "no",
        "smoking": "outside",
        "takeaway": "no",
        "wheelchair": "yes",
        "@geometry": "center"
      },
      "geometry": {
        "type": "Point",
        "coordinates": [
          -116.9431147,
          44.025435
        ]
      },
      "id": "way/511707059"
    },
    {
      "type": "Feature",
      "properties": {
        "@id": "way/513242767",
        "amenity": "restaurant",
        "brand": "Denny's",
        "brand:wikidata": "Q1189695",
        "building": "retail",
        "cuisine": "american",
        "name": "Denny's",
        "@geometry": "center"
      },
      "geometry": {
        "type": "Point",
        "coordinates": [
          -116.780312,
          47.6983023
        ]
      },
      "id": "way/513242767"
    },
    {
      "type": "Feature",
      "properties": {
        "@id": "way/514395901",
        "addr:city": "Tempe",
        "addr:housenumber": "1994",
        "addr:postcode": "85282",
        "addr:state": "AZ",
        "addr:street": "West Baseline Road",
        "amenity": "restaurant",
        "brand": "Denny's",
        "brand:wikidata": "Q1189695",
        "building": "yes",
        "cuisine": "american",
        "name": "Denny's",
        "source": "esri/USA_NAD_Addresses",
        "@geometry": "center"
      },
      "geometry": {
        "type": "Point",
        "coordinates": [
          -111.9689731,
          33.3787719
        ]
      },
      "id": "way/514395901"
    },
    {
      "type": "Feature",
      "properties": {
        "@id": "way/514458578",
        "amenity": "restaurant",
        "brand": "Denny's",
        "brand:wikidata": "Q1189695",
        "building": "yes",
        "cuisine": "american",
        "name": "Denny's",
        "@geometry": "center"
      },
      "geometry": {
        "type": "Point",
        "coordinates": [
          -111.9260264,
          33.3847218
        ]
      },
      "id": "way/514458578"
    },
    {
      "type": "Feature",
      "properties": {
        "@id": "way/515643668",
        "addr:city": "Springfield",
        "addr:housenumber": "4760",
        "addr:postcode": "65807",
        "addr:state": "MO",
        "addr:street": "South Campbell Avenue",
        "amenity": "restaurant",
        "brand": "Denny's",
        "brand:wikidata": "Q1189695",
        "building": "yes",
        "cuisine": "american",
        "name": "Denny's",
        "@geometry": "center"
      },
      "geometry": {
        "type": "Point",
        "coordinates": [
          -93.2956803,
          37.1276534
        ]
      },
      "id": "way/515643668"
    },
    {
      "type": "Feature",
      "properties": {
        "@id": "way/516226761",
        "addr:city": "Albuquerque",
        "addr:housenumber": "11261",
        "addr:postcode": "87112",
        "addr:state": "NM",
        "addr:street": "Menaul Boulevard Northeast",
        "amenity": "restaurant",
        "brand": "Denny's",
        "brand:wikidata": "Q1189695",
        "building": "yes",
        "cuisine": "american",
        "name": "Denny's",
        "opening_hours": "24/7",
        "outdoor_seating": "no",
        "phone": "+1-505-292-8964",
        "toilets": "yes",
        "toilets:access": "customers",
        "website": "https://locations.dennys.com/NM/ALBUQUERQUE/246214",
        "@geometry": "center"
      },
      "geometry": {
        "type": "Point",
        "coordinates": [
          -106.5158865,
          35.1091498
        ]
      },
      "id": "way/516226761"
    },
    {
      "type": "Feature",
      "properties": {
        "@id": "way/519010819",
        "addr:city": "Chandler",
        "addr:housenumber": "1750",
        "addr:postcode": "85224",
        "addr:state": "AZ",
        "addr:street": "West Chandler Boulevard",
        "amenity": "restaurant",
        "brand": "Denny's",
        "brand:wikidata": "Q1189695",
        "building": "yes",
        "cuisine": "american",
        "name": "Denny's",
        "source": "esri/USA_NAD_Addresses",
        "@geometry": "center"
      },
      "geometry": {
        "type": "Point",
        "coordinates": [
          -111.8725252,
          33.3066153
        ]
      },
      "id": "way/519010819"
    },
    {
      "type": "Feature",
      "properties": {
        "@id": "way/520089620",
        "amenity": "restaurant",
        "brand": "Denny's",
        "brand:wikidata": "Q1189695",
        "building": "yes",
        "cuisine": "american",
        "name": "Denny's",
        "source": "tnris.org",
        "@geometry": "center"
      },
      "geometry": {
        "type": "Point",
        "coordinates": [
          -96.1197191,
          29.3262618
        ]
      },
      "id": "way/520089620"
    },
    {
      "type": "Feature",
      "properties": {
        "@id": "way/520700985",
        "addr:city": "Houston",
        "addr:housenumber": "13031",
        "addr:postcode": "77065",
        "addr:state": "TX",
        "addr:street": "FM 1960 West",
        "amenity": "restaurant",
        "brand": "Denny's",
        "brand:wikidata": "Q1189695",
        "building": "yes",
        "cuisine": "american",
        "name": "Denny's",
        "@geometry": "center"
      },
      "geometry": {
        "type": "Point",
        "coordinates": [
          -95.6122426,
          29.9178556
        ]
      },
      "id": "way/520700985"
    },
    {
      "type": "Feature",
      "properties": {
        "@id": "way/520841662",
        "addr:housenumber": "4999",
        "addr:street": "North Highway 6",
        "air_conditioning": "yes",
        "amenity": "restaurant",
        "brand": "Denny's",
        "brand:wikidata": "Q1189695",
        "building": "retail",
        "building:levels": "1",
        "check_date": "2023-08-31",
        "cuisine": "american",
        "diet:halal": "no",
        "diet:vegetarian": "yes",
        "internet_access": "wlan",
        "internet_access:fee": "customers",
        "name": "Denny's",
        "opening_hours": "24/7",
        "payment:american_express": "yes",
        "payment:discover_card": "yes",
        "payment:mastercard": "yes",
        "payment:visa": "yes",
        "roof:levels": "0",
        "wheelchair": "yes",
        "@geometry": "center"
      },
      "geometry": {
        "type": "Point",
        "coordinates": [
          -95.6464431,
          29.8498654
        ]
      },
      "id": "way/520841662"
    },
    {
      "type": "Feature",
      "properties": {
        "@id": "way/522746729",
        "addr:city": "Largo",
        "addr:housenumber": "940",
        "addr:postcode": "33770",
        "addr:state": "FL",
        "addr:street": "Missouri Avenue North",
        "amenity": "restaurant",
        "brand": "Denny's",
        "brand:wikidata": "Q1189695",
        "building": "yes",
        "cuisine": "american",
        "height": "14.4400000000",
        "name": "Denny's",
        "@geometry": "center"
      },
      "geometry": {
        "type": "Point",
        "coordinates": [
          -82.7872388,
          27.9251215
        ]
      },
      "id": "way/522746729"
    },
    {
      "type": "Feature",
      "properties": {
        "@id": "way/522987818",
        "addr:city": "Temple Terrace",
        "addr:country": "US",
        "addr:postcode": "33610",
        "addr:state": "FL",
        "addr:street": "East Hillsborough Avenue",
        "amenity": "restaurant",
        "brand": "Denny's",
        "brand:wikidata": "Q1189695",
        "building": "yes",
        "cuisine": "american",
        "height": "15.4",
        "name": "Denny's",
        "@geometry": "center"
      },
      "geometry": {
        "type": "Point",
        "coordinates": [
          -82.3923571,
          27.995795
        ]
      },
      "id": "way/522987818"
    },
    {
      "type": "Feature",
      "properties": {
        "@id": "way/523129009",
        "amenity": "restaurant",
        "brand": "Denny's",
        "brand:wikidata": "Q1189695",
        "building": "yes",
        "cuisine": "american",
        "name": "Denny's",
        "@geometry": "center"
      },
      "geometry": {
        "type": "Point",
        "coordinates": [
          -92.3718492,
          38.966329
        ]
      },
      "id": "way/523129009"
    },
    {
      "type": "Feature",
      "properties": {
        "@id": "way/524020097",
        "addr:city": "Tampa",
        "addr:country": "US",
        "addr:housenumber": "1700",
        "addr:postcode": "33612",
        "addr:state": "FL",
        "addr:street": "East Fowler Avenue",
        "amenity": "restaurant",
        "brand": "Denny's",
        "brand:wikidata": "Q1189695",
        "building": "yes",
        "cuisine": "american",
        "height": "15",
        "name": "Denny's",
        "opening_hours": "24/7",
        "@geometry": "center"
      },
      "geometry": {
        "type": "Point",
        "coordinates": [
          -82.4403656,
          28.0550361
        ]
      },
      "id": "way/524020097"
    },
    {
      "type": "Feature",
      "properties": {
        "@id": "way/524697148",
        "addr:city": "Denton",
        "addr:housenumber": "4007",
        "addr:postcode": "76207",
        "addr:state": "TX",
        "addr:street": "North Interstate 35-",
        "amenity": "restaurant",
        "brand": "Denny's",
        "brand:wikidata": "Q1189695",
        "building": "yes",
        "cuisine": "american",
        "name": "Denny's",
        "opening_hours": "Mo-Su 00:00-00:00",
        "source": "esri/USA_NAD_Addresses",
        "@geometry": "center"
      },
      "geometry": {
        "type": "Point",
        "coordinates": [
          -97.1757023,
          33.2320957
        ]
      },
      "id": "way/524697148"
    },
    {
      "type": "Feature",
      "properties": {
        "@id": "way/525938451",
        "addr:city": "Victoria",
        "addr:housenumber": "7601",
        "addr:postcode": "77904",
        "addr:state": "TX",
        "addr:street": "North Navarro Street",
        "amenity": "restaurant",
        "brand": "Denny's",
        "brand:wikidata": "Q1189695",
        "building": "yes",
        "check_date": "2024-08-05",
        "cuisine": "american",
        "name": "Denny's",
        "@geometry": "center"
      },
      "geometry": {
        "type": "Point",
        "coordinates": [
          -96.9976508,
          28.8658613
        ]
      },
      "id": "way/525938451"
    },
    {
      "type": "Feature",
      "properties": {
        "@id": "way/527080197",
        "addr:city": "West St Paul",
        "addr:country": "US",
        "addr:housenumber": "1458",
        "addr:postcode": "55118",
        "addr:state": "MN",
        "addr:street": "Robert Street South",
        "amenity": "restaurant",
        "brand": "Denny's",
        "brand:wikidata": "Q1189695",
        "building": "commercial",
        "cuisine": "american",
        "name": "Denny's",
        "short_name": "BW3",
        "@geometry": "center"
      },
      "geometry": {
        "type": "Point",
        "coordinates": [
          -93.0801338,
          44.9020832
        ]
      },
      "id": "way/527080197"
    },
    {
      "type": "Feature",
      "properties": {
        "@id": "way/530440917",
        "amenity": "restaurant",
        "brand": "Denny's",
        "brand:wikidata": "Q1189695",
        "building": "yes",
        "cuisine": "american",
        "name": "Denny's",
        "@geometry": "center"
      },
      "geometry": {
        "type": "Point",
        "coordinates": [
          -111.7082745,
          32.8791792
        ]
      },
      "id": "way/530440917"
    },
    {
      "type": "Feature",
      "properties": {
        "@id": "way/531231125",
        "addr:city": "Tyler",
        "addr:housenumber": "3244",
        "addr:postcode": "75702",
        "addr:state": "TX",
        "addr:street": "West Gentry Parkway",
        "amenity": "restaurant",
        "brand": "Denny's",
        "brand:wikidata": "Q1189695",
        "building": "yes",
        "cuisine": "american",
        "name": "Denny's",
        "@geometry": "center"
      },
      "geometry": {
        "type": "Point",
        "coordinates": [
          -95.3321909,
          32.3794897
        ]
      },
      "id": "way/531231125"
    },
    {
      "type": "Feature",
      "properties": {
        "@id": "way/531297967",
        "amenity": "restaurant",
        "brand": "Denny's",
        "brand:wikidata": "Q1189695",
        "building": "yes",
        "cuisine": "american",
        "height": "13.97",
        "name": "Denny's",
        "@geometry": "center"
      },
      "geometry": {
        "type": "Point",
        "coordinates": [
          -97.4522684,
          27.8029404
        ]
      },
      "id": "way/531297967"
    },
    {
      "type": "Feature",
      "properties": {
        "@id": "way/532030738",
        "amenity": "restaurant",
        "brand": "Denny's",
        "brand:wikidata": "Q1189695",
        "building": "retail",
        "cuisine": "american",
        "name": "Denny's",
        "@geometry": "center"
      },
      "geometry": {
        "type": "Point",
        "coordinates": [
          -88.209652,
          41.7613654
        ]
      },
      "id": "way/532030738"
    },
    {
      "type": "Feature",
      "properties": {
        "@id": "way/532114294",
        "addr:city": "Lexingtion",
        "addr:housenumber": "1949",
        "addr:state": "KY",
        "addr:street": "Nicholasville Road",
        "amenity": "restaurant",
        "brand": "Denny's",
        "brand:wikidata": "Q1189695",
        "building": "restaurant",
        "cuisine": "american",
        "name": "Denny's",
        "wheelchair": "yes",
        "@geometry": "center"
      },
      "geometry": {
        "type": "Point",
        "coordinates": [
          -84.5166602,
          38.0125793
        ]
      },
      "id": "way/532114294"
    },
    {
      "type": "Feature",
      "properties": {
        "@id": "way/536776478",
        "addr:city": "Rockford",
        "addr:country": "US",
        "addr:state": "IL",
        "amenity": "restaurant",
        "brand": "Denny's",
        "brand:wikidata": "Q1189695",
        "building": "commercial",
        "cuisine": "american",
        "delivery": "no",
        "name": "Denny's",
        "wheelchair": "yes",
        "@geometry": "center"
      },
      "geometry": {
        "type": "Point",
        "coordinates": [
          -88.9727961,
          42.2693117
        ]
      },
      "id": "way/536776478"
    },
    {
      "type": "Feature",
      "properties": {
        "@id": "way/538329904",
        "addr:city": "Reno",
        "addr:county": "Washoe",
        "addr:housenumber": "1100",
        "addr:postcode": "89502",
        "addr:state": "NV",
        "addr:street": "East Plumb Lane",
        "amenity": "restaurant",
        "brand": "Denny's",
        "brand:wikidata": "Q1189695",
        "building": "yes",
        "cuisine": "american",
        "name": "Denny's",
        "source": "WC GIS",
        "@geometry": "center"
      },
      "geometry": {
        "type": "Point",
        "coordinates": [
          -119.7855584,
          39.5055763
        ]
      },
      "id": "way/538329904"
    },
    {
      "type": "Feature",
      "properties": {
        "@id": "way/538620766",
        "amenity": "restaurant",
        "brand": "Denny's",
        "brand:wikidata": "Q1189695",
        "building": "yes",
        "cuisine": "american",
        "name": "Denny's",
        "@geometry": "center"
      },
      "geometry": {
        "type": "Point",
        "coordinates": [
          -85.7860451,
          38.6844689
        ]
      },
      "id": "way/538620766"
    },
    {
      "type": "Feature",
      "properties": {
        "@id": "way/538623081",
        "amenity": "restaurant",
        "brand": "Denny's",
        "brand:wikidata": "Q1189695",
        "building": "commercial",
        "cuisine": "american",
        "name": "Denny's",
        "@geometry": "center"
      },
      "geometry": {
        "type": "Point",
        "coordinates": [
          -82.3759609,
          27.7114444
        ]
      },
      "id": "way/538623081"
    },
    {
      "type": "Feature",
      "properties": {
        "@id": "way/541535239",
        "addr:housenumber": "6302",
        "addr:postcode": "21061",
        "addr:street": "Ritchie Highway",
        "amenity": "restaurant",
        "brand": "Denny's",
        "brand:wikidata": "Q1189695",
        "building": "yes",
        "cuisine": "american",
        "name": "Denny's",
        "phone": "+1-410-636-7827",
        "@geometry": "center"
      },
      "geometry": {
        "type": "Point",
        "coordinates": [
          -76.6146399,
          39.2041183
        ]
      },
      "id": "way/541535239"
    },
    {
      "type": "Feature",
      "properties": {
        "@id": "way/541984303",
        "addr:city": "Tucson",
        "addr:housenumber": "6484",
        "addr:postcode": "85710",
        "addr:state": "AZ",
        "addr:street": "East Broadway Boulevard",
        "amenity": "restaurant",
        "brand": "Denny's",
        "brand:wikidata": "Q1189695",
        "building": "yes",
        "cuisine": "american",
        "delivery": "no",
        "name": "Denny's",
        "opening_hours": "24/7",
        "outdoor_seating": "no",
        "smoking": "no",
        "takeaway": "yes",
        "@geometry": "center"
      },
      "geometry": {
        "type": "Point",
        "coordinates": [
          -110.8553427,
          32.220569
        ]
      },
      "id": "way/541984303"
    },
    {
      "type": "Feature",
      "properties": {
        "@id": "way/542528332",
        "amenity": "restaurant",
        "brand": "Denny's",
        "brand:wikidata": "Q1189695",
        "building": "yes",
        "cuisine": "american",
        "name": "Denny's",
        "@geometry": "center"
      },
      "geometry": {
        "type": "Point",
        "coordinates": [
          -116.9726215,
          33.804495
        ]
      },
      "id": "way/542528332"
    },
    {
      "type": "Feature",
      "properties": {
        "@id": "way/543509990",
        "amenity": "restaurant",
        "brand": "Denny's",
        "brand:wikidata": "Q1189695",
        "building": "retail",
        "cuisine": "american",
        "name": "Denny's",
        "@geometry": "center"
      },
      "geometry": {
        "type": "Point",
        "coordinates": [
          -95.1806739,
          29.6656024
        ]
      },
      "id": "way/543509990"
    },
    {
      "type": "Feature",
      "properties": {
        "@id": "way/543953837",
        "addr:city": "Painted Post",
        "addr:housenumber": "118",
        "addr:postcode": "14870",
        "addr:state": "NY",
        "addr:street": "Victory Highway",
        "amenity": "restaurant",
        "brand": "Denny's",
        "brand:wikidata": "Q1189695",
        "building": "yes",
        "cuisine": "american",
        "name": "Denny's",
        "nysgissam:nysaddresspointid": "STEU038795",
        "opening_hours": "24/7",
        "phone": "+1-607-937-1073",
        "website": "https://www.dennys.com/",
        "@geometry": "center"
      },
      "geometry": {
        "type": "Point",
        "coordinates": [
          -77.1064964,
          42.1716171
        ]
      },
      "id": "way/543953837"
    },
    {
      "type": "Feature",
      "properties": {
        "@id": "way/544270754",
        "addr:city": "Houston",
        "addr:housenumber": "12697",
        "addr:postcode": "77064",
        "addr:state": "TX",
        "addr:street": "North Gessner Drive",
        "amenity": "restaurant",
        "brand": "Denny's",
        "brand:wikidata": "Q1189695",
        "building": "commercial",
        "cash_withdrawal": "no",
        "check_date": "2024-05-22",
        "cuisine": "american",
        "internet_access": "wlan",
        "internet_access:fee": "no",
        "kids_area": "no",
        "level": "0",
        "name": "Denny's",
        "opening_hours": "24/7",
        "reservation": "no",
        "smoking": "no",
        "takeaway": "yes",
        "toilets": "yes",
        "toilets:access": "customers",
        "wheelchair": "yes",
        "@geometry": "center"
      },
      "geometry": {
        "type": "Point",
        "coordinates": [
          -95.5460327,
          29.95556
        ]
      },
      "id": "way/544270754"
    },
    {
      "type": "Feature",
      "properties": {
        "@id": "way/544271127",
        "amenity": "restaurant",
        "brand": "Denny's",
        "brand:wikidata": "Q1189695",
        "building": "retail",
        "cuisine": "american",
        "name": "Denny's",
        "@geometry": "center"
      },
      "geometry": {
        "type": "Point",
        "coordinates": [
          -88.2932539,
          42.1061213
        ]
      },
      "id": "way/544271127"
    },
    {
      "type": "Feature",
      "properties": {
        "@id": "way/544299796",
        "amenity": "restaurant",
        "brand": "Denny's",
        "brand:wikidata": "Q1189695",
        "building": "yes",
        "cuisine": "american",
        "name": "Denny's",
        "@geometry": "center"
      },
      "geometry": {
        "type": "Point",
        "coordinates": [
          -99.7772285,
          32.413266
        ]
      },
      "id": "way/544299796"
    },
    {
      "type": "Feature",
      "properties": {
        "@id": "way/544920913",
        "addr:city": "Glen Carbon",
        "addr:housenumber": "27",
        "addr:postcode": "62034",
        "addr:state": "IL",
        "addr:street": "Junction Drive",
        "amenity": "restaurant",
        "brand": "Denny's",
        "brand:wikidata": "Q1189695",
        "building": "retail",
        "building:levels": "1",
        "cuisine": "american",
        "name": "Denny's",
        "opening_hours": "Mo-Su 00:00-24:00",
        "roof:levels": "0",
        "@geometry": "center"
      },
      "geometry": {
        "type": "Point",
        "coordinates": [
          -89.9555715,
          38.7759915
        ]
      },
      "id": "way/544920913"
    },
    {
      "type": "Feature",
      "properties": {
        "@id": "way/545307966",
        "addr:city": "Highland Park",
        "addr:housenumber": "2063",
        "addr:postcode": "60035",
        "addr:state": "IL",
        "addr:street": "Skokie Valley Road",
        "amenity": "restaurant",
        "brand": "Denny's",
        "brand:wikidata": "Q1189695",
        "building": "retail",
        "cuisine": "american",
        "name": "Denny's",
        "@geometry": "center"
      },
      "geometry": {
        "type": "Point",
        "coordinates": [
          -87.826021,
          42.190582
        ]
      },
      "id": "way/545307966"
    },
    {
      "type": "Feature",
      "properties": {
        "@id": "way/545619181",
        "amenity": "restaurant",
        "brand": "Denny's",
        "brand:wikidata": "Q1189695",
        "building": "yes",
        "cuisine": "american",
        "name": "Denny's",
        "@geometry": "center"
      },
      "geometry": {
        "type": "Point",
        "coordinates": [
          -81.2857779,
          28.758043
        ]
      },
      "id": "way/545619181"
    },
    {
      "type": "Feature",
      "properties": {
        "@id": "way/545748304",
        "amenity": "restaurant",
        "brand": "Denny's",
        "brand:wikidata": "Q1189695",
        "building": "yes",
        "cuisine": "american",
        "name": "Denny's",
        "@geometry": "center"
      },
      "geometry": {
        "type": "Point",
        "coordinates": [
          -93.5635703,
          45.2819183
        ]
      },
      "id": "way/545748304"
    },
    {
      "type": "Feature",
      "properties": {
        "@id": "way/545758343",
        "addr:city": "Seagoville",
        "addr:housenumber": "400",
        "addr:postcode": "75159",
        "addr:state": "TX",
        "addr:street": "North Highway 175",
        "amenity": "restaurant",
        "brand": "Denny's",
        "brand:wikidata": "Q1189695",
        "building": "yes",
        "cuisine": "american",
        "name": "Denny's",
        "@geometry": "center"
      },
      "geometry": {
        "type": "Point",
        "coordinates": [
          -96.5379972,
          32.6486006
        ]
      },
      "id": "way/545758343"
    },
    {
      "type": "Feature",
      "properties": {
        "@id": "way/545763038",
        "addr:city": "Barstow",
        "addr:country": "US",
        "addr:housenumber": "1200",
        "addr:postcode": "92311",
        "addr:state": "CA",
        "addr:street": "East Main Street",
        "amenity": "restaurant",
        "brand": "Denny's",
        "brand:wikidata": "Q1189695",
        "building": "retail",
        "cuisine": "american",
        "name": "Denny's",
        "@geometry": "center"
      },
      "geometry": {
        "type": "Point",
        "coordinates": [
          -117.0096839,
          34.8974262
        ]
      },
      "id": "way/545763038"
    },
    {
      "type": "Feature",
      "properties": {
        "@id": "way/546746222",
        "addr:city": "Owensboro",
        "addr:housenumber": "4545",
        "addr:state": "KY",
        "addr:street": "Frederica Street",
        "amenity": "restaurant",
        "brand": "Denny's",
        "brand:wikidata": "Q1189695",
        "building": "yes",
        "cuisine": "american",
        "name": "Denny's",
        "opening_hours": "Su-Th 06:00-20:00; Fr-Sa 06:00-21:00",
        "phone": "+1-270-684-5488",
        "@geometry": "center"
      },
      "geometry": {
        "type": "Point",
        "coordinates": [
          -87.1223911,
          37.7271111
        ]
      },
      "id": "way/546746222"
    },
    {
      "type": "Feature",
      "properties": {
        "@id": "way/547105971",
        "addr:city": "San Tan Valley",
        "addr:housenumber": "1758",
        "addr:postcode": "85143",
        "addr:state": "AZ",
        "addr:street": "West Hunt Highway",
        "amenity": "restaurant",
        "brand": "Denny's",
        "brand:wikidata": "Q1189695",
        "building": "retail",
        "cuisine": "american",
        "name": "Denny's",
        "@geometry": "center"
      },
      "geometry": {
        "type": "Point",
        "coordinates": [
          -111.5839989,
          33.1796123
        ]
      },
      "id": "way/547105971"
    },
    {
      "type": "Feature",
      "properties": {
        "@id": "way/547800863",
        "addr:housenumber": "11315",
        "addr:street": "Montwood Drive",
        "amenity": "restaurant",
        "brand": "Denny's",
        "brand:wikidata": "Q1189695",
        "building": "yes",
        "cuisine": "american",
        "name": "Denny's",
        "@geometry": "center"
      },
      "geometry": {
        "type": "Point",
        "coordinates": [
          -106.3026439,
          31.7697369
        ]
      },
      "id": "way/547800863"
    },
    {
      "type": "Feature",
      "properties": {
        "@id": "way/548239504",
        "addr:city": "Henderson",
        "addr:housenumber": "1201",
        "addr:postcode": "89014",
        "addr:state": "NV",
        "addr:street": "West Warm Springs Road",
        "amenity": "restaurant",
        "brand": "Denny's",
        "brand:wikidata": "Q1189695",
        "building": "commercial",
        "cuisine": "american",
        "name": "Denny's",
        "opening_hours": "24/7",
        "phone": "+1-702-454-7818",
        "website": "https://locations.dennys.com/NV/HENDERSON/247764",
        "@geometry": "center"
      },
      "geometry": {
        "type": "Point",
        "coordinates": [
          -115.0379133,
          36.0558412
        ]
      },
      "id": "way/548239504"
    },
    {
      "type": "Feature",
      "properties": {
        "@id": "way/548587582",
        "amenity": "restaurant",
        "brand": "Denny's",
        "brand:wikidata": "Q1189695",
        "building": "yes",
        "cuisine": "american",
        "name": "Denny's",
        "@geometry": "center"
      },
      "geometry": {
        "type": "Point",
        "coordinates": [
          -91.1489067,
          38.8209018
        ]
      },
      "id": "way/548587582"
    },
    {
      "type": "Feature",
      "properties": {
        "@id": "way/548802185",
        "addr:housenumber": "8409",
        "addr:postcode": "32244",
        "addr:street": "Blanding Boulevard",
        "amenity": "restaurant",
        "brand": "Denny's",
        "brand:wikidata": "Q1189695",
        "building": "yes",
        "building:levels": "1",
        "cuisine": "american",
        "name": "Denny's",
        "opening_hours": "24/7",
        "phone": "+1-904-778-4624",
        "website": "http://dennys.com",
        "@geometry": "center"
      },
      "geometry": {
        "type": "Point",
        "coordinates": [
          -81.7385603,
          30.1946192
        ]
      },
      "id": "way/548802185"
    },
    {
      "type": "Feature",
      "properties": {
        "@id": "way/549241780",
        "amenity": "restaurant",
        "brand": "Denny's",
        "brand:wikidata": "Q1189695",
        "building": "yes",
        "cuisine": "american",
        "name": "Denny's",
        "@geometry": "center"
      },
      "geometry": {
        "type": "Point",
        "coordinates": [
          -85.6377351,
          43.0193119
        ]
      },
      "id": "way/549241780"
    },
    {
      "type": "Feature",
      "properties": {
        "@id": "way/549337830",
        "addr:city": "Altamonte Springs",
        "addr:housenumber": "255",
        "addr:postcode": "32701",
        "addr:state": "FL",
        "addr:street": "East Altamonte Drive",
        "amenity": "restaurant",
        "brand": "Denny's",
        "brand:wikidata": "Q1189695",
        "building": "commercial",
        "cuisine": "american",
        "name": "Denny's",
        "opening_hours": "24/7",
        "phone": "+1 407-834-0863",
        "website": "https://locations.dennys.com/FL/ALTAMONTE-SPRINGS/247947",
        "wheelchair": "yes",
        "@geometry": "center"
      },
      "geometry": {
        "type": "Point",
        "coordinates": [
          -81.383926,
          28.6625611
        ]
      },
      "id": "way/549337830"
    },
    {
      "type": "Feature",
      "properties": {
        "@id": "way/549493052",
        "addr:housenumber": "19450",
        "addr:street": "Eastex Freeway",
        "amenity": "restaurant",
        "brand": "Denny's",
        "brand:wikidata": "Q1189695",
        "building": "retail",
        "check_date": "2023-12-21",
        "cuisine": "american",
        "name": "Denny's",
        "opening_hours": "24/7",
        "payment:american_express": "yes",
        "payment:cash": "yes",
        "payment:discover_card": "yes",
        "payment:mastercard": "yes",
        "payment:visa": "yes",
        "wheelchair": "yes",
        "@geometry": "center"
      },
      "geometry": {
        "type": "Point",
        "coordinates": [
          -95.2695528,
          29.9991509
        ]
      },
      "id": "way/549493052"
    },
    {
      "type": "Feature",
      "properties": {
        "@id": "way/549835497",
        "addr:housenumber": "412",
        "addr:street": "South Lincolnway Street",
        "amenity": "restaurant",
        "brand": "Denny's",
        "brand:wikidata": "Q1189695",
        "building": "retail",
        "cuisine": "american",
        "name": "Denny's",
        "@geometry": "center"
      },
      "geometry": {
        "type": "Point",
        "coordinates": [
          -88.3228233,
          41.7910959
        ]
      },
      "id": "way/549835497"
    },
    {
      "type": "Feature",
      "properties": {
        "@id": "way/550354207",
        "addr:city": "Tomball",
        "addr:housenumber": "14010",
        "addr:state": "TX",
        "addr:street": "FM 2920",
        "amenity": "restaurant",
        "brand": "Denny's",
        "brand:wikidata": "Q1189695",
        "building": "yes",
        "cuisine": "american",
        "name": "Denny's",
        "@geometry": "center"
      },
      "geometry": {
        "type": "Point",
        "coordinates": [
          -95.6381827,
          30.0899276
        ]
      },
      "id": "way/550354207"
    },
    {
      "type": "Feature",
      "properties": {
        "@id": "way/551172003",
        "addr:city": "Rochester",
        "addr:housenumber": "2890",
        "addr:postcode": "14626",
        "addr:state": "NY",
        "addr:street": "West Ridge Road",
        "amenity": "restaurant",
        "brand": "Denny's",
        "brand:wikidata": "Q1189695",
        "building": "yes",
        "building:levels": "1",
        "cuisine": "american",
        "delivery": "no",
        "name": "Denny's",
        "nysgissam:nysaddresspointid": "MONR014996",
        "outdoor_seating": "no",
        "phone": "+1 585-225-8350",
        "smoking": "no",
        "takeaway": "yes",
        "website": "https://www.dennys.com",
        "wheelchair": "yes",
        "@geometry": "center"
      },
      "geometry": {
        "type": "Point",
        "coordinates": [
          -77.7052288,
          43.2108819
        ]
      },
      "id": "way/551172003"
    },
    {
      "type": "Feature",
      "properties": {
        "@id": "way/551190957",
        "addr:city": "Murray",
        "addr:country": "US",
        "addr:housenumber": "420",
        "addr:postcode": "84123",
        "addr:state": "UT",
        "addr:street": "West 4500 South",
        "amenity": "restaurant",
        "brand": "Denny's",
        "brand:wikidata": "Q1189695",
        "building": "retail",
        "cuisine": "american",
        "name": "Denny's",
        "website": "https://locations.dennys.com/UT/MURRAY/247478",
        "@geometry": "center"
      },
      "geometry": {
        "type": "Point",
        "coordinates": [
          -111.9026904,
          40.6748563
        ]
      },
      "id": "way/551190957"
    },
    {
      "type": "Feature",
      "properties": {
        "@id": "way/551751931",
        "addr:city": "Mesa",
        "addr:housenumber": "1210",
        "addr:postcode": "85203",
        "addr:state": "AZ",
        "addr:street": "East Main Street",
        "amenity": "restaurant",
        "brand": "Denny's",
        "brand:wikidata": "Q1189695",
        "building": "yes",
        "cuisine": "american",
        "diet:vegetarian": "yes",
        "name": "Denny's",
        "opening_hours": "24/7",
        "@geometry": "center"
      },
      "geometry": {
        "type": "Point",
        "coordinates": [
          -111.8049431,
          33.4154791
        ]
      },
      "id": "way/551751931"
    },
    {
      "type": "Feature",
      "properties": {
        "@id": "way/552497831",
        "amenity": "restaurant",
        "brand": "Denny's",
        "brand:wikidata": "Q1189695",
        "building": "yes",
        "cuisine": "american",
        "name": "Denny's",
        "@geometry": "center"
      },
      "geometry": {
        "type": "Point",
        "coordinates": [
          -95.5606392,
          30.2231818
        ]
      },
      "id": "way/552497831"
    },
    {
      "type": "Feature",
      "properties": {
        "@id": "way/554445630",
        "amenity": "restaurant",
        "brand": "Denny's",
        "brand:wikidata": "Q1189695",
        "building": "yes",
        "cuisine": "american",
        "name": "Denny's",
        "@geometry": "center"
      },
      "geometry": {
        "type": "Point",
        "coordinates": [
          -122.3616221,
          40.5714798
        ]
      },
      "id": "way/554445630"
    },
    {
      "type": "Feature",
      "properties": {
        "@id": "way/555438281",
        "addr:housenumber": "9320",
        "addr:postcode": "89123",
        "addr:state": "NV",
        "addr:street": "South Eastern Avenue",
        "amenity": "restaurant",
        "brand": "Denny's",
        "brand:wikidata": "Q1189695",
        "building": "yes",
        "building:levels": "1",
        "cuisine": "american",
        "name": "Denny's",
        "opening_hours": "24/7",
        "phone": "+17029904560",
        "website": "https://www.dennys.com/",
        "@geometry": "center"
      },
      "geometry": {
        "type": "Point",
        "coordinates": [
          -115.1180487,
          36.0198204
        ]
      },
      "id": "way/555438281"
    },
    {
      "type": "Feature",
      "properties": {
        "@id": "way/556839878",
        "amenity": "restaurant",
        "brand": "Denny's",
        "brand:wikidata": "Q1189695",
        "building": "yes",
        "cuisine": "american",
        "name": "Denny's",
        "@geometry": "center"
      },
      "geometry": {
        "type": "Point",
        "coordinates": [
          -81.6890482,
          28.8227486
        ]
      },
      "id": "way/556839878"
    },
    {
      "type": "Feature",
      "properties": {
        "@id": "way/556892738",
        "addr:housenumber": "522",
        "addr:street": "Ramada Boulevard",
        "amenity": "restaurant",
        "brand": "Denny's",
        "brand:wikidata": "Q1189695",
        "building": "yes",
        "cuisine": "american",
        "name": "Denny's",
        "opening_hours": "24/7",
        "@geometry": "center"
      },
      "geometry": {
        "type": "Point",
        "coordinates": [
          -90.0108188,
          38.679783
        ]
      },
      "id": "way/556892738"
    },
    {
      "type": "Feature",
      "properties": {
        "@id": "way/558311436",
        "addr:city": "Rogers",
        "addr:housenumber": "13450",
        "addr:postcode": "55374",
        "addr:state": "MN",
        "addr:street": "Rogers Drive",
        "amenity": "restaurant",
        "brand": "Denny's",
        "brand:wikidata": "Q1189695",
        "building": "yes",
        "cuisine": "american",
        "name": "Denny's",
        "@geometry": "center"
      },
      "geometry": {
        "type": "Point",
        "coordinates": [
          -93.5497664,
          45.1983736
        ]
      },
      "id": "way/558311436"
    },
    {
      "type": "Feature",
      "properties": {
        "@id": "way/559970635",
        "addr:city": "Fountain Hills",
        "addr:housenumber": "17053",
        "addr:postcode": "85268",
        "addr:state": "AZ",
        "addr:street": "East Shea Boulevard",
        "amenity": "restaurant",
        "brand": "Denny's",
        "brand:wikidata": "Q1189695",
        "building": "yes",
        "cuisine": "american",
        "name": "Denny's",
        "opening_hours": "24/7",
        "phone": "+1-480-837-5307",
        "smoking": "no",
        "takeaway": "yes",
        "@geometry": "center"
      },
      "geometry": {
        "type": "Point",
        "coordinates": [
          -111.7143701,
          33.5726516
        ]
      },
      "id": "way/559970635"
    },
    {
      "type": "Feature",
      "properties": {
        "@id": "way/560150344",
        "addr:city": "Hamburg",
        "addr:housenumber": "5092",
        "addr:postcode": "14075",
        "addr:state": "NY",
        "addr:street": "Camp Road",
        "amenity": "restaurant",
        "brand": "Denny's",
        "brand:wikidata": "Q1189695",
        "building": "retail",
        "cuisine": "american",
        "internet_access": "wlan",
        "internet_access:fee": "no",
        "name": "Denny's",
        "nysgissam:nysaddresspointid": "ERIE032908",
        "opening_hours": "24/7",
        "phone": "+1-716-646-3065",
        "website": "https://locations.dennys.com/NY/HAMBURG/248137",
        "@geometry": "center"
      },
      "geometry": {
        "type": "Point",
        "coordinates": [
          -78.8546386,
          42.7487953
        ]
      },
      "id": "way/560150344"
    },
    {
      "type": "Feature",
      "properties": {
        "@id": "way/560568347",
        "addr:city": "San Jose",
        "addr:housenumber": "2484",
        "addr:postcode": "95133",
        "addr:street": "Berryessa Road",
        "amenity": "restaurant",
        "brand": "Denny's",
        "brand:wikidata": "Q1189695",
        "building": "yes",
        "cuisine": "american",
        "ele": "51.37",
        "height": "5.50",
        "name": "Denny's",
        "@geometry": "center"
      },
      "geometry": {
        "type": "Point",
        "coordinates": [
          -121.8609634,
          37.3857457
        ]
      },
      "id": "way/560568347"
    },
    {
      "type": "Feature",
      "properties": {
        "@id": "way/560844491",
        "amenity": "restaurant",
        "brand": "Denny's",
        "brand:wikidata": "Q1189695",
        "building": "yes",
        "cuisine": "american",
        "name": "Denny's",
        "@geometry": "center"
      },
      "geometry": {
        "type": "Point",
        "coordinates": [
          -97.6802656,
          26.1602599
        ]
      },
      "id": "way/560844491"
    },
    {
      "type": "Feature",
      "properties": {
        "@id": "way/564830949",
        "addr:housenumber": "2801",
        "addr:state": "TX",
        "addr:street": "South US Highway 287",
        "amenity": "restaurant",
        "brand": "Denny's",
        "brand:wikidata": "Q1189695",
        "building": "yes",
        "check_date": "2025-04-10",
        "cuisine": "american",
        "name": "Denny's",
        "opening_hours": "24/7",
        "source:addr": "esri_USDOT_NavarroCountyTX",
        "website": "https://locations.dennys.com/TX/CORSICANA/248183",
        "website:menu": "https://www.dennys.com/location/dennys-8183/menu",
        "website:orders": "https://order.dennys.com/locations/8183",
        "@geometry": "center"
      },
      "geometry": {
        "type": "Point",
        "coordinates": [
          -96.4442569,
          32.0739266
        ]
      },
      "id": "way/564830949"
    },
    {
      "type": "Feature",
      "properties": {
        "@id": "node/567079788",
        "addr:city": "Northfield",
        "addr:housenumber": "335",
        "addr:postcode": "08225",
        "addr:state": "NJ",
        "addr:street": "Tilton Road",
        "amenity": "restaurant",
        "brand": "Denny's",
        "brand:wikidata": "Q1189695",
        "check_date": "2024-08-19",
        "cuisine": "american",
        "name": "Denny's",
        "opening_hours": "24/7",
        "phone": "+1 609-677-9400",
        "takeaway": "yes",
        "website": "https://locations.dennys.com/NJ/NORTHFIELD/247061"
      },
      "geometry": {
        "type": "Point",
        "coordinates": [
          -74.5562881,
          39.3866521
        ]
      },
      "id": "node/567079788"
    },
    {
      "type": "Feature",
      "properties": {
        "@id": "way/567606439",
        "amenity": "restaurant",
        "brand": "Denny's",
        "brand:wikidata": "Q1189695",
        "building": "retail",
        "cuisine": "american",
        "name": "Denny's",
        "@geometry": "center"
      },
      "geometry": {
        "type": "Point",
        "coordinates": [
          -81.6462687,
          30.4824138
        ]
      },
      "id": "way/567606439"
    },
    {
      "type": "Feature",
      "properties": {
        "@id": "way/568602115",
        "addr:city": "Spring",
        "addr:housenumber": "6504",
        "addr:state": "TX",
        "addr:street": "FM 2920",
        "amenity": "restaurant",
        "brand": "Denny's",
        "brand:wikidata": "Q1189695",
        "building": "yes",
        "cuisine": "american",
        "name": "Denny's",
        "@geometry": "center"
      },
      "geometry": {
        "type": "Point",
        "coordinates": [
          -95.5232759,
          30.0745377
        ]
      },
      "id": "way/568602115"
    },
    {
      "type": "Feature",
      "properties": {
        "@id": "way/569365811",
        "addr:city": "Saratoga Springs",
        "addr:housenumber": "1516",
        "addr:postcode": "84045",
        "addr:state": "UT",
        "addr:street": "North Redwood Road",
        "amenity": "restaurant",
        "brand": "Denny's",
        "brand:wikidata": "Q1189695",
        "building": "restaurant",
        "cuisine": "american",
        "name": "Denny's",
        "opening_hours": "24/7",
        "phone": "+1-801-766-1270",
        "@geometry": "center"
      },
      "geometry": {
        "type": "Point",
        "coordinates": [
          -111.9160382,
          40.3895721
        ]
      },
      "id": "way/569365811"
    },
    {
      "type": "Feature",
      "properties": {
        "@id": "way/569371504",
        "amenity": "restaurant",
        "brand": "Denny's",
        "brand:wikidata": "Q1189695",
        "building": "yes",
        "cuisine": "american",
        "name": "Denny's",
        "@geometry": "center"
      },
      "geometry": {
        "type": "Point",
        "coordinates": [
          -81.2051153,
          28.5675212
        ]
      },
      "id": "way/569371504"
    },
    {
      "type": "Feature",
      "properties": {
        "@id": "way/569495750",
        "amenity": "restaurant",
        "brand": "Denny's",
        "brand:wikidata": "Q1189695",
        "building": "yes",
        "cuisine": "american",
        "name": "Denny's",
        "@geometry": "center"
      },
      "geometry": {
        "type": "Point",
        "coordinates": [
          -95.5760337,
          29.7828289
        ]
      },
      "id": "way/569495750"
    },
    {
      "type": "Feature",
      "properties": {
        "@id": "way/571055206",
        "addr:city": "Spartanburg",
        "addr:housenumber": "2306",
        "addr:postcode": "29301",
        "addr:state": "SC",
        "addr:street": "Reidville Road",
        "amenity": "restaurant",
        "brand": "Denny's",
        "brand:wikidata": "Q1189695",
        "building": "yes",
        "cuisine": "american",
        "name": "Denny's",
        "@geometry": "center"
      },
      "geometry": {
        "type": "Point",
        "coordinates": [
          -81.9918515,
          34.921481
        ]
      },
      "id": "way/571055206"
    },
    {
      "type": "Feature",
      "properties": {
        "@id": "node/571825015",
        "addr:city": "Fremont",
        "addr:country": "US",
        "addr:housenumber": "5280",
        "addr:state": "CA",
        "addr:street": "Mowry Avenue",
        "amenity": "restaurant",
        "brand": "Denny's",
        "brand:wikidata": "Q1189695",
        "check_date": "2026-06-06",
        "cuisine": "american",
        "name": "Denny's",
        "opening_hours": "24/7"
      },
      "geometry": {
        "type": "Point",
        "coordinates": [
          -122.0002655,
          37.5335432
        ]
      },
      "id": "node/571825015"
    },
    {
      "type": "Feature",
      "properties": {
        "@id": "way/572778361",
        "amenity": "restaurant",
        "brand": "Denny's",
        "brand:wikidata": "Q1189695",
        "building": "yes",
        "check_date": "2024-09-14",
        "cuisine": "american",
        "name": "Denny's",
        "@geometry": "center"
      },
      "geometry": {
        "type": "Point",
        "coordinates": [
          -122.2887127,
          47.8213621
        ]
      },
      "id": "way/572778361"
    },
    {
      "type": "Feature",
      "properties": {
        "@id": "way/576883637",
        "addr:housenumber": "6598",
        "addr:postcode": "23230",
        "addr:street": "West Broad Street",
        "amenity": "restaurant",
        "brand": "Denny's",
        "brand:wikidata": "Q1189695",
        "building": "yes",
        "cuisine": "american",
        "name": "Denny's",
        "opening_hours": "24/7",
        "smoking": "no",
        "takeaway": "yes",
        "@geometry": "center"
      },
      "geometry": {
        "type": "Point",
        "coordinates": [
          -77.5141685,
          37.6000983
        ]
      },
      "id": "way/576883637"
    },
    {
      "type": "Feature",
      "properties": {
        "@id": "node/576918598",
        "amenity": "restaurant",
        "brand": "Denny's",
        "brand:wikidata": "Q1189695",
        "cuisine": "american",
        "name": "Denny's"
      },
      "geometry": {
        "type": "Point",
        "coordinates": [
          -121.2672473,
          38.7434675
        ]
      },
      "id": "node/576918598"
    },
    {
      "type": "Feature",
      "properties": {
        "@id": "way/578645522",
        "addr:city": "Charlotte",
        "addr:country": "US",
        "addr:housenumber": "4541",
        "addr:postcode": "28216",
        "addr:state": "NC",
        "addr:street": "Sunset Road",
        "amenity": "restaurant",
        "brand": "Denny's",
        "brand:wikidata": "Q1189695",
        "building": "yes",
        "cuisine": "american",
        "name": "Denny's",
        "@geometry": "center"
      },
      "geometry": {
        "type": "Point",
        "coordinates": [
          -80.8511807,
          35.307571
        ]
      },
      "id": "way/578645522"
    },
    {
      "type": "Feature",
      "properties": {
        "@id": "way/579776882",
        "addr:city": "Lakewood",
        "addr:housenumber": "11755",
        "addr:postcode": "98499",
        "addr:state": "WA",
        "addr:street": "Pacific Highway Southwest",
        "amenity": "restaurant",
        "brand": "Denny's",
        "brand:wikidata": "Q1189695",
        "building": "yes",
        "cuisine": "american",
        "name": "Denny's",
        "@geometry": "center"
      },
      "geometry": {
        "type": "Point",
        "coordinates": [
          -122.5033223,
          47.1494702
        ]
      },
      "id": "way/579776882"
    },
    {
      "type": "Feature",
      "properties": {
        "@id": "way/580583587",
        "amenity": "restaurant",
        "brand": "Denny's",
        "brand:wikidata": "Q1189695",
        "building": "yes",
        "cuisine": "american",
        "name": "Denny's",
        "@geometry": "center"
      },
      "geometry": {
        "type": "Point",
        "coordinates": [
          -90.9689997,
          38.9861486
        ]
      },
      "id": "way/580583587"
    },
    {
      "type": "Feature",
      "properties": {
        "@id": "way/584369259",
        "addr:housenumber": "31831",
        "addr:street": "Gratiot",
        "amenity": "restaurant",
        "brand": "Denny's",
        "brand:wikidata": "Q1189695",
        "building": "yes",
        "cuisine": "american",
        "name": "Denny's",
        "phone": "+1 586 294 4250",
        "@geometry": "center"
      },
      "geometry": {
        "type": "Point",
        "coordinates": [
          -82.9155758,
          42.5309045
        ]
      },
      "id": "way/584369259"
    },
    {
      "type": "Feature",
      "properties": {
        "@id": "way/585769183",
        "addr:city": "Twin Falls",
        "addr:housenumber": "291",
        "addr:postcode": "83301",
        "addr:state": "ID",
        "addr:street": "Pole Line Road East",
        "amenity": "restaurant",
        "brand": "Denny's",
        "brand:wikidata": "Q1189695",
        "building": "yes",
        "cuisine": "american",
        "diet:vegetarian": "yes",
        "internet_access": "wlan",
        "name": "Denny's",
        "opening_hours": "24/7",
        "phone": "+1-208-736-8878",
        "website": "https://locations.dennys.com/ID/TWIN-FALLS/248878",
        "@geometry": "center"
      },
      "geometry": {
        "type": "Point",
        "coordinates": [
          -114.4756201,
          42.5922703
        ]
      },
      "id": "way/585769183"
    },
    {
      "type": "Feature",
      "properties": {
        "@id": "way/586437064",
        "addr:city": "Fremont",
        "addr:housenumber": "1750",
        "addr:postcode": "43420",
        "addr:state": "OH",
        "addr:street": "Cedar Street",
        "air_conditioning": "yes",
        "amenity": "restaurant",
        "brand": "Denny's",
        "brand:wikidata": "Q1189695",
        "building": "commercial",
        "cuisine": "american",
        "description": "This Denny’s location use to be a LK Restaurant from 1974 to 1988. In 1990 the restaurant became Denny’s.",
        "internet_access": "wlan",
        "internet_access:fee": "no",
        "name": "Denny's",
        "opening_hours": "24/7",
        "phone": "+1-866-987-0631",
        "smoking": "no",
        "start_date": "1990",
        "takeaway": "yes",
        "website": "https://www.dennys.com",
        "@geometry": "center"
      },
      "geometry": {
        "type": "Point",
        "coordinates": [
          -83.1346515,
          41.3642579
        ]
      },
      "id": "way/586437064"
    },
    {
      "type": "Feature",
      "properties": {
        "@id": "way/586442461",
        "addr:city": "Augusta",
        "addr:country": "US",
        "addr:postcode": "30907",
        "addr:street": "Washington Road",
        "amenity": "restaurant",
        "brand": "Denny's",
        "brand:wikidata": "Q1189695",
        "building": "yes",
        "cuisine": "american",
        "name": "Denny's",
        "source": "survey",
        "@geometry": "center"
      },
      "geometry": {
        "type": "Point",
        "coordinates": [
          -82.0468124,
          33.5121424
        ]
      },
      "id": "way/586442461"
    },
    {
      "type": "Feature",
      "properties": {
        "@id": "way/589073035",
        "addr:city": "San Antonio",
        "addr:housenumber": "7122",
        "addr:postcode": "78224",
        "addr:state": "TX",
        "addr:street": "South Pan Am Expressway",
        "amenity": "restaurant",
        "brand": "Denny's",
        "brand:wikidata": "Q1189695",
        "building": "yes",
        "cuisine": "american",
        "name": "Denny's",
        "phone": "+1-210-924-8251",
        "@geometry": "center"
      },
      "geometry": {
        "type": "Point",
        "coordinates": [
          -98.5256087,
          29.3559545
        ]
      },
      "id": "way/589073035"
    },
    {
      "type": "Feature",
      "properties": {
        "@id": "way/592771345",
        "addr:housenumber": "5910",
        "addr:street": "Rogers Avenue",
        "amenity": "restaurant",
        "brand": "Denny's",
        "brand:wikidata": "Q1189695",
        "building": "retail",
        "cuisine": "american",
        "name": "Denny's",
        "@geometry": "center"
      },
      "geometry": {
        "type": "Point",
        "coordinates": [
          -94.3673397,
          35.3600314
        ]
      },
      "id": "way/592771345"
    },
    {
      "type": "Feature",
      "properties": {
        "@id": "way/593927320",
        "addr:city": "Williamsport",
        "addr:housenumber": "1716",
        "addr:postcode": "17701",
        "addr:state": "PA",
        "addr:street": "East 3rd Street",
        "amenity": "restaurant",
        "brand": "Denny's",
        "brand:wikidata": "Q1189695",
        "building": "yes",
        "check_date": "2025-01-27",
        "cuisine": "american",
        "name": "Denny's",
        "opening_hours": "Mo-Fr 05:00-24:00; Sa,Su 00:00-24:00",
        "phone": "+1 570-323-4649",
        "smoking": "no",
        "takeaway": "yes",
        "website": "https://locations.dennys.com/PA/WILLIAMSPORT/248197",
        "@geometry": "center"
      },
      "geometry": {
        "type": "Point",
        "coordinates": [
          -76.971682,
          41.2500527
        ]
      },
      "id": "way/593927320"
    },
    {
      "type": "Feature",
      "properties": {
        "@id": "node/595485036",
        "addr:city": "Mill Hall",
        "addr:housenumber": "5609",
        "addr:postcode": "17751",
        "addr:state": "PA",
        "addr:street": "Nittany Valley Drive",
        "amenity": "restaurant",
        "brand": "Denny's",
        "brand:wikidata": "Q1189695",
        "check_date": "2024-08-19",
        "cuisine": "american",
        "name": "Denny's",
        "opening_hours": "05:00-24:00",
        "phone": "+1 570-726-2492",
        "takeaway": "yes",
        "website": "https://locations.dennys.com/PA/MILL-HALL/248572"
      },
      "geometry": {
        "type": "Point",
        "coordinates": [
          -77.5228786,
          41.028727
        ]
      },
      "id": "node/595485036"
    },
    {
      "type": "Feature",
      "properties": {
        "@id": "node/596062360",
        "addr:city": "El Cajon",
        "addr:country": "US",
        "addr:housenumber": "665",
        "addr:postcode": "92021",
        "addr:street": "North Mollison Avenue",
        "amenity": "restaurant",
        "brand": "Denny's",
        "brand:wikidata": "Q1189695",
        "cuisine": "american",
        "name": "Denny's",
        "source": "SanGIS Addresses Public Domain (http://www.sangis.org/)"
      },
      "geometry": {
        "type": "Point",
        "coordinates": [
          -116.9505397,
          32.8037656
        ]
      },
      "id": "node/596062360"
    },
    {
      "type": "Feature",
      "properties": {
        "@id": "node/596143314",
        "addr:city": "San Diego",
        "addr:country": "US",
        "addr:housenumber": "9898",
        "addr:postcode": "92131",
        "addr:state": "CA",
        "addr:street": "Mira Mesa Boulevard",
        "amenity": "restaurant",
        "brand": "Denny's",
        "brand:wikidata": "Q1189695",
        "check_date": "2026-07-04",
        "cuisine": "american",
        "name": "Denny's",
        "opening_hours": "24/7",
        "opening_hours:covid19": "Mo-Su 06:00-22:00",
        "phone": "+1-858-578-9090",
        "source": "SanGIS Addresses Public Domain (http://www.sangis.org/)",
        "website": "https://www.dennys.com/"
      },
      "geometry": {
        "type": "Point",
        "coordinates": [
          -117.1134741,
          32.9172294
        ]
      },
      "id": "node/596143314"
    },
    {
      "type": "Feature",
      "properties": {
        "@id": "way/596211680",
        "addr:city": "Tucson",
        "addr:housenumber": "5000",
        "addr:postcode": "85704",
        "addr:state": "AZ",
        "addr:street": "North Oracle Road",
        "amenity": "restaurant",
        "brand": "Denny's",
        "brand:wikidata": "Q1189695",
        "building": "yes",
        "cuisine": "american",
        "name": "Denny's",
        "phone": "+1 520-888-5195",
        "source": "Bing",
        "website": "https://locations.dennys.com/AZ/TUCSON/246915",
        "website:menu": "https://www.dennys.com/location/dennys-6915/menu",
        "@geometry": "center"
      },
      "geometry": {
        "type": "Point",
        "coordinates": [
          -110.9776832,
          32.297797
        ]
      },
      "id": "way/596211680"
    },
    {
      "type": "Feature",
      "properties": {
        "@id": "node/596307504",
        "addr:country": "US",
        "addr:housenumber": "424",
        "addr:street": "Mile of Cars Way",
        "amenity": "restaurant",
        "brand": "Denny's",
        "brand:wikidata": "Q1189695",
        "cuisine": "american",
        "name": "Denny's",
        "source": "SanGIS Addresses Public Domain (http://www.sangis.org/)"
      },
      "geometry": {
        "type": "Point",
        "coordinates": [
          -117.105975,
          32.6603211
        ]
      },
      "id": "node/596307504"
    },
    {
      "type": "Feature",
      "properties": {
        "@id": "node/596440006",
        "addr:city": "La Mesa",
        "addr:housenumber": "4235",
        "addr:postcode": "91941",
        "addr:state": "CA",
        "addr:street": "Spring Street",
        "amenity": "restaurant",
        "brand": "Denny's",
        "brand:wikidata": "Q1189695",
        "check_date": "2024-10-09",
        "cuisine": "american",
        "name": "Denny's",
        "opening_hours": "24/7",
        "phone": "+1 800-220-2187",
        "source": "SanGIS Addresses Public Domain (http://www.sangis.org/);official website",
        "takeaway": "yes",
        "website": "https://locations.dennys.com/CA/LA-MESA/246488"
      },
      "geometry": {
        "type": "Point",
        "coordinates": [
          -117.015172,
          32.7560909
        ]
      },
      "id": "node/596440006"
    },
    {
      "type": "Feature",
      "properties": {
        "@id": "node/596527242",
        "addr:city": "Santee",
        "addr:country": "US",
        "addr:housenumber": "140",
        "addr:postcode": "92071",
        "addr:state": "CA",
        "addr:street": "Town Center Parkway",
        "amenity": "restaurant",
        "brand": "Denny's",
        "brand:wikidata": "Q1189695",
        "contact:facebook": "dennys",
        "contact:instagram": "dennysdiner",
        "contact:twitter": "dennysdiner",
        "cuisine": "american",
        "internet_access": "wlan",
        "name": "Denny's",
        "opening_hours": "Su-Th 05:00-00:00; Fr-Sa 05:00-02:00",
        "phone": "+1-619-562-8403",
        "self_service": "no",
        "source": "SanGIS Addresses Public Domain (http://www.sangis.org/)",
        "website": "https://locations.dennys.com/CA/SANTEE/247287",
        "website:menu": "https://www.dennys.com/location/dennys-7287/menu"
      },
      "geometry": {
        "type": "Point",
        "coordinates": [
          -116.9890421,
          32.8413264
        ]
      },
      "id": "node/596527242"
    },
    {
      "type": "Feature",
      "properties": {
        "@id": "node/596839972",
        "addr:city": "San Marcos",
        "addr:housenumber": "731",
        "addr:postcode": "92069",
        "addr:state": "CA",
        "addr:street": "West San Marcos Boulevard",
        "amenity": "restaurant",
        "brand": "Denny's",
        "brand:wikidata": "Q1189695",
        "cuisine": "american",
        "name": "Denny's",
        "opening_hours": "Mo-Th,Su 05:00-23:00; Fr,Sa 05:00-25:00",
        "phone": "+1 760-744-8501",
        "source": "SanGIS Addresses Public Domain (http://www.sangis.org/)",
        "takeaway": "yes",
        "website": "https://locations.dennys.com/CA/SAN-MARCOS/247445"
      },
      "geometry": {
        "type": "Point",
        "coordinates": [
          -117.1802338,
          33.136538
        ]
      },
      "id": "node/596839972"
    },
    {
      "type": "Feature",
      "properties": {
        "@id": "node/597002044",
        "addr:city": "San Diego",
        "addr:country": "US",
        "addr:housenumber": "6908",
        "addr:postcode": "92121",
        "addr:state": "CA",
        "addr:street": "Miramar Road",
        "amenity": "restaurant",
        "brand": "Denny's",
        "brand:wikidata": "Q1189695",
        "check_date": "2026-06-19",
        "cuisine": "american",
        "name": "Denny's",
        "opening_hours": "24/7",
        "phone": "+1-858-578-6987",
        "source": "SanGIS Addresses Public Domain (http://www.sangis.org/)",
        "takeaway": "yes",
        "website": "https://locations.dennys.com/CA/SAN-DIEGO/247856"
      },
      "geometry": {
        "type": "Point",
        "coordinates": [
          -117.167388,
          32.878738
        ]
      },
      "id": "node/597002044"
    },
    {
      "type": "Feature",
      "properties": {
        "@id": "way/597088974",
        "addr:city": "Calexico",
        "addr:postcode": "92231",
        "addr:state": "CA",
        "amenity": "restaurant",
        "brand": "Denny's",
        "brand:wikidata": "Q1189695",
        "building": "yes",
        "cuisine": "american",
        "name": "Denny's",
        "@geometry": "center"
      },
      "geometry": {
        "type": "Point",
        "coordinates": [
          -115.500637,
          32.6935582
        ]
      },
      "id": "way/597088974"
    },
    {
      "type": "Feature",
      "properties": {
        "@id": "way/600436718",
        "addr:city": "Garland",
        "addr:housenumber": "457",
        "addr:postcode": "75043",
        "addr:state": "TX",
        "addr:street": "West Interstate 30",
        "amenity": "restaurant",
        "brand": "Denny's",
        "brand:wikidata": "Q1189695",
        "building": "yes",
        "capacity": "0",
        "cuisine": "american",
        "name": "Denny's",
        "@geometry": "center"
      },
      "geometry": {
        "type": "Point",
        "coordinates": [
          -96.593619,
          32.8416797
        ]
      },
      "id": "way/600436718"
    },
    {
      "type": "Feature",
      "properties": {
        "@id": "way/601781315",
        "addr:city": "El Centro",
        "addr:postcode": "92243",
        "addr:state": "CA",
        "addr:street": "Ocotillo Drive",
        "amenity": "restaurant",
        "brand": "Denny's",
        "brand:wikidata": "Q1189695",
        "building": "yes",
        "cuisine": "american",
        "delivery": "no",
        "name": "Denny's",
        "outdoor_seating": "no",
        "takeaway": "yes",
        "@geometry": "center"
      },
      "geometry": {
        "type": "Point",
        "coordinates": [
          -115.5689574,
          32.7761184
        ]
      },
      "id": "way/601781315"
    },
    {
      "type": "Feature",
      "properties": {
        "@id": "way/601785066",
        "amenity": "restaurant",
        "brand": "Denny's",
        "brand:wikidata": "Q1189695",
        "building": "yes",
        "cuisine": "american",
        "name": "Denny's",
        "@geometry": "center"
      },
      "geometry": {
        "type": "Point",
        "coordinates": [
          -115.5344156,
          32.7631748
        ]
      },
      "id": "way/601785066"
    },
    {
      "type": "Feature",
      "properties": {
        "@id": "way/604054638",
        "amenity": "restaurant",
        "brand": "Denny's",
        "brand:wikidata": "Q1189695",
        "building": "yes",
        "cuisine": "american",
        "name": "Denny's",
        "source": "local_knowledge",
        "@geometry": "center"
      },
      "geometry": {
        "type": "Point",
        "coordinates": [
          -94.7955562,
          39.7774666
        ]
      },
      "id": "way/604054638"
    },
    {
      "type": "Feature",
      "properties": {
        "@id": "way/607223670",
        "amenity": "restaurant",
        "brand": "Denny's",
        "brand:wikidata": "Q1189695",
        "building": "yes",
        "cuisine": "american",
        "name": "Denny's",
        "@geometry": "center"
      },
      "geometry": {
        "type": "Point",
        "coordinates": [
          -88.9519752,
          40.4730654
        ]
      },
      "id": "way/607223670"
    },
    {
      "type": "Feature",
      "properties": {
        "@id": "way/609349806",
        "addr:city": "Bryant",
        "addr:housenumber": "23236",
        "addr:postcode": "72022",
        "addr:state": "AR",
        "addr:street": "I-30 Frontage Road",
        "amenity": "restaurant",
        "brand": "Denny's",
        "brand:wikidata": "Q1189695",
        "building": "retail",
        "cuisine": "american",
        "name": "Denny's",
        "@geometry": "center"
      },
      "geometry": {
        "type": "Point",
        "coordinates": [
          -92.4943397,
          34.6215968
        ]
      },
      "id": "way/609349806"
    },
    {
      "type": "Feature",
      "properties": {
        "@id": "way/615609840",
        "addr:city": "Sacramento",
        "addr:housenumber": "7401",
        "addr:postcode": "95828",
        "addr:state": "CA",
        "addr:street": "Elsie Avenue",
        "amenity": "restaurant",
        "brand": "Denny's",
        "brand:wikidata": "Q1189695",
        "building": "yes",
        "cuisine": "american",
        "name": "Denny's",
        "opening_hours": "24/7",
        "phone": "+1 916-689-2011",
        "source": "official website",
        "takeaway": "yes",
        "website": "https://locations.dennys.com/CA/SACRAMENTO/247379",
        "@geometry": "center"
      },
      "geometry": {
        "type": "Point",
        "coordinates": [
          -121.4173988,
          38.4746814
        ]
      },
      "id": "way/615609840"
    },
    {
      "type": "Feature",
      "properties": {
        "@id": "way/617914346",
        "amenity": "restaurant",
        "brand": "Denny's",
        "brand:wikidata": "Q1189695",
        "building": "yes",
        "cuisine": "american",
        "name": "Denny's",
        "@geometry": "center"
      },
      "geometry": {
        "type": "Point",
        "coordinates": [
          -90.3006249,
          38.8088777
        ]
      },
      "id": "way/617914346"
    },
    {
      "type": "Feature",
      "properties": {
        "@id": "way/618400394",
        "addr:city": "Vestal",
        "addr:housenumber": "4024",
        "addr:postcode": "13850",
        "addr:state": "NY",
        "addr:street": "Vestal Parkway East",
        "amenity": "restaurant",
        "brand": "Denny's",
        "brand:wikidata": "Q1189695",
        "building": "yes",
        "cuisine": "american",
        "name": "Denny's",
        "phone": "+1-607-798-9660",
        "website": "https://locations.dennys.com/NY/VESTAL/248193",
        "@geometry": "center"
      },
      "geometry": {
        "type": "Point",
        "coordinates": [
          -75.9759062,
          42.0953884
        ]
      },
      "id": "way/618400394"
    },
    {
      "type": "Feature",
      "properties": {
        "@id": "way/618464681",
        "addr:city": "Zanesville",
        "addr:housenumber": "10",
        "addr:postcode": "43701",
        "addr:state": "OH",
        "addr:street": "Airport Road",
        "amenity": "restaurant",
        "brand": "Denny's",
        "brand:wikidata": "Q1189695",
        "building": "retail",
        "building:levels": "1",
        "contact:phone": "+1 740-450-8387",
        "cuisine": "american",
        "name": "Denny's",
        "opening_hours": "Mo-Tu 06:00-22:00, We 06:00-23:00, Th-Sa 06:00-01:00, Su 06:00-23:00",
        "outdoor_seating": "yes",
        "website": "https://locations.dennys.com/OH/ZANESVILLE/247499",
        "@geometry": "center"
      },
      "geometry": {
        "type": "Point",
        "coordinates": [
          -81.8969097,
          39.9653862
        ]
      },
      "id": "way/618464681"
    },
    {
      "type": "Feature",
      "properties": {
        "@id": "way/619600293",
        "addr:city": "Farmington",
        "addr:housenumber": "600",
        "addr:postcode": "87401",
        "addr:state": "NM",
        "addr:street": "Scott Avenue",
        "amenity": "restaurant",
        "brand": "Denny's",
        "brand:wikidata": "Q1189695",
        "building": "yes",
        "cuisine": "american",
        "name": "Denny's",
        "source": "esri_USDOT_UniversityofNewMexico",
        "@geometry": "center"
      },
      "geometry": {
        "type": "Point",
        "coordinates": [
          -108.1902459,
          36.7297664
        ]
      },
      "id": "way/619600293"
    },
    {
      "type": "Feature",
      "properties": {
        "@id": "way/620967901",
        "amenity": "restaurant",
        "brand": "Denny's",
        "brand:wikidata": "Q1189695",
        "building": "yes",
        "cuisine": "american",
        "name": "Denny's",
        "@geometry": "center"
      },
      "geometry": {
        "type": "Point",
        "coordinates": [
          -94.6900911,
          39.0137589
        ]
      },
      "id": "way/620967901"
    },
    {
      "type": "Feature",
      "properties": {
        "@id": "way/628933257",
        "addr:city": "Wichita Falls",
        "addr:housenumber": "4301",
        "addr:postcode": "76308",
        "addr:state": "TX",
        "addr:street": "Kemp Boulevard",
        "amenity": "restaurant",
        "brand": "Denny's",
        "brand:wikidata": "Q1189695",
        "building": "yes",
        "cuisine": "american",
        "name": "Denny's",
        "outdoor_seating": "no",
        "takeaway": "yes",
        "@geometry": "center"
      },
      "geometry": {
        "type": "Point",
        "coordinates": [
          -98.5354425,
          33.8656362
        ]
      },
      "id": "way/628933257"
    },
    {
      "type": "Feature",
      "properties": {
        "@id": "way/630386451",
        "amenity": "restaurant",
        "brand": "Denny's",
        "brand:wikidata": "Q1189695",
        "building": "yes",
        "cuisine": "american",
        "name": "Denny's",
        "@geometry": "center"
      },
      "geometry": {
        "type": "Point",
        "coordinates": [
          -97.0822503,
          47.8900182
        ]
      },
      "id": "way/630386451"
    },
    {
      "type": "Feature",
      "properties": {
        "@id": "way/632721713",
        "amenity": "restaurant",
        "brand": "Denny's",
        "brand:wikidata": "Q1189695",
        "building": "yes",
        "cuisine": "american",
        "name": "Denny's",
        "@geometry": "center"
      },
      "geometry": {
        "type": "Point",
        "coordinates": [
          -83.9641437,
          43.4794418
        ]
      },
      "id": "way/632721713"
    },
    {
      "type": "Feature",
      "properties": {
        "@id": "way/633140212",
        "amenity": "restaurant",
        "brand": "Denny's",
        "brand:wikidata": "Q1189695",
        "building": "retail",
        "cuisine": "american",
        "name": "Denny's",
        "@geometry": "center"
      },
      "geometry": {
        "type": "Point",
        "coordinates": [
          -88.1028793,
          41.8934846
        ]
      },
      "id": "way/633140212"
    },
    {
      "type": "Feature",
      "properties": {
        "@id": "way/635150564",
        "amenity": "restaurant",
        "brand": "Denny's",
        "brand:wikidata": "Q1189695",
        "building": "retail",
        "cuisine": "american",
        "name": "Denny's",
        "@geometry": "center"
      },
      "geometry": {
        "type": "Point",
        "coordinates": [
          -114.3431724,
          34.4743097
        ]
      },
      "id": "way/635150564"
    },
    {
      "type": "Feature",
      "properties": {
        "@id": "way/638968775",
        "addr:city": "Kent",
        "addr:housenumber": "1246",
        "addr:postcode": "98032",
        "addr:state": "WA",
        "addr:street": "Central Avenue North",
        "amenity": "restaurant",
        "brand": "Denny's",
        "brand:wikidata": "Q1189695",
        "building": "yes",
        "contact:twitter": "dennysdiner",
        "cuisine": "american",
        "name": "Denny's",
        "phone": "+1-253-854-6621",
        "website": "https://locations.dennys.com/WA/KENT/247871",
        "@geometry": "center"
      },
      "geometry": {
        "type": "Point",
        "coordinates": [
          -122.2273491,
          47.3971477
        ]
      },
      "id": "way/638968775"
    },
    {
      "type": "Feature",
      "properties": {
        "@id": "way/641455373",
        "amenity": "restaurant",
        "brand": "Denny's",
        "brand:wikidata": "Q1189695",
        "building": "yes",
        "cuisine": "american",
        "name": "Denny's",
        "@geometry": "center"
      },
      "geometry": {
        "type": "Point",
        "coordinates": [
          -122.7146839,
          38.4215966
        ]
      },
      "id": "way/641455373"
    },
    {
      "type": "Feature",
      "properties": {
        "@id": "way/641614795",
        "addr:city": "Garland",
        "addr:housenumber": "12733",
        "addr:postcode": "75041",
        "addr:state": "TX",
        "addr:street": "Lyndon B Johnson Freeway",
        "amenity": "restaurant",
        "brand": "Denny's",
        "brand:wikidata": "Q1189695",
        "building": "yes",
        "cuisine": "american",
        "name": "Denny's",
        "@geometry": "center"
      },
      "geometry": {
        "type": "Point",
        "coordinates": [
          -96.6608714,
          32.8648969
        ]
      },
      "id": "way/641614795"
    },
    {
      "type": "Feature",
      "properties": {
        "@id": "way/641987366",
        "addr:city": "Arlington",
        "addr:housenumber": "839",
        "addr:postcode": "76011",
        "addr:state": "TX",
        "addr:street": "North Watson Road",
        "amenity": "restaurant",
        "brand": "Denny's",
        "brand:wikidata": "Q1189695",
        "building": "yes",
        "cuisine": "american",
        "name": "Denny's",
        "@geometry": "center"
      },
      "geometry": {
        "type": "Point",
        "coordinates": [
          -97.0644707,
          32.7567664
        ]
      },
      "id": "way/641987366"
    },
    {
      "type": "Feature",
      "properties": {
        "@id": "way/646661655",
        "amenity": "restaurant",
        "brand": "Denny's",
        "brand:wikidata": "Q1189695",
        "building": "yes",
        "cuisine": "american",
        "name": "Denny's",
        "@geometry": "center"
      },
      "geometry": {
        "type": "Point",
        "coordinates": [
          -98.5072723,
          29.5186515
        ]
      },
      "id": "way/646661655"
    },
    {
      "type": "Feature",
      "properties": {
        "@id": "way/647126309",
        "amenity": "restaurant",
        "brand": "Denny's",
        "brand:wikidata": "Q1189695",
        "building": "yes",
        "cuisine": "american",
        "name": "Denny's",
        "@geometry": "center"
      },
      "geometry": {
        "type": "Point",
        "coordinates": [
          -110.7692086,
          33.3958748
        ]
      },
      "id": "way/647126309"
    },
    {
      "type": "Feature",
      "properties": {
        "@id": "way/652919971",
        "addr:city": "Mesquite",
        "addr:housenumber": "4004",
        "addr:postcode": "75150",
        "addr:state": "TX",
        "addr:street": "West Emporium Circle",
        "amenity": "restaurant",
        "brand": "Denny's",
        "brand:wikidata": "Q1189695",
        "building": "yes",
        "cuisine": "american",
        "name": "Denny's",
        "@geometry": "center"
      },
      "geometry": {
        "type": "Point",
        "coordinates": [
          -96.6247327,
          32.8116787
        ]
      },
      "id": "way/652919971"
    },
    {
      "type": "Feature",
      "properties": {
        "@id": "way/653101384",
        "addr:city": "Auburn",
        "addr:housenumber": "521",
        "addr:postcode": "98002",
        "addr:state": "WA",
        "addr:street": "Auburn Way South",
        "amenity": "restaurant",
        "brand": "Denny's",
        "brand:wikidata": "Q1189695",
        "building": "yes",
        "check_date": "2024-11-29",
        "cuisine": "american",
        "name": "Denny's",
        "@geometry": "center"
      },
      "geometry": {
        "type": "Point",
        "coordinates": [
          -122.2262693,
          47.3023536
        ]
      },
      "id": "way/653101384"
    },
    {
      "type": "Feature",
      "properties": {
        "@id": "way/656063922",
        "addr:city": "Clovis",
        "addr:housenumber": "4000",
        "addr:postcode": "88101",
        "addr:state": "NM",
        "addr:street": "North Prince Street",
        "amenity": "restaurant",
        "brand": "Denny's",
        "brand:wikidata": "Q1189695",
        "building": "retail",
        "cuisine": "american",
        "name": "Denny's",
        "@geometry": "center"
      },
      "geometry": {
        "type": "Point",
        "coordinates": [
          -103.1969074,
          34.4386912
        ]
      },
      "id": "way/656063922"
    },
    {
      "type": "Feature",
      "properties": {
        "@id": "way/658865351",
        "addr:city": "Jasper",
        "addr:housenumber": "3850",
        "addr:postcode": "47546",
        "addr:state": "IN",
        "addr:street": "Newton Street",
        "amenity": "restaurant",
        "brand": "Denny's",
        "brand:wikidata": "Q1189695",
        "building": "retail",
        "cuisine": "american",
        "name": "Denny's",
        "opening_hours": "Mo-Su 05:00-00:00",
        "website": "https://locations.dennys.com/IN/JASPER/246878",
        "@geometry": "center"
      },
      "geometry": {
        "type": "Point",
        "coordinates": [
          -86.9372496,
          38.4254548
        ]
      },
      "id": "way/658865351"
    },
    {
      "type": "Feature",
      "properties": {
        "@id": "way/659137414",
        "amenity": "restaurant",
        "brand": "Denny's",
        "brand:wikidata": "Q1189695",
        "building": "yes",
        "cuisine": "american",
        "name": "Denny's",
        "@geometry": "center"
      },
      "geometry": {
        "type": "Point",
        "coordinates": [
          -81.5732228,
          30.2202723
        ]
      },
      "id": "way/659137414"
    },
    {
      "type": "Feature",
      "properties": {
        "@id": "way/659161769",
        "addr:city": "Milwaukee",
        "addr:housenumber": "8001",
        "addr:postcode": "53223",
        "addr:state": "WI",
        "addr:street": "West Brown Deer Road",
        "amenity": "restaurant",
        "brand": "Denny's",
        "brand:wikidata": "Q1189695",
        "building": "yes",
        "cuisine": "american",
        "name": "Denny's",
        "@geometry": "center"
      },
      "geometry": {
        "type": "Point",
        "coordinates": [
          -88.0097191,
          43.1773321
        ]
      },
      "id": "way/659161769"
    },
    {
      "type": "Feature",
      "properties": {
        "@id": "way/659563328",
        "amenity": "restaurant",
        "brand": "Denny's",
        "brand:wikidata": "Q1189695",
        "building": "yes",
        "cuisine": "american",
        "name": "Denny's",
        "@geometry": "center"
      },
      "geometry": {
        "type": "Point",
        "coordinates": [
          -97.0986236,
          32.836877
        ]
      },
      "id": "way/659563328"
    },
    {
      "type": "Feature",
      "properties": {
        "@id": "way/661594218",
        "addr:city": "Wauwatosa",
        "addr:housenumber": "11155",
        "addr:postcode": "53226",
        "addr:state": "WI",
        "addr:street": "West North Avenue",
        "amenity": "restaurant",
        "brand": "Denny's",
        "brand:wikidata": "Q1189695",
        "building": "yes",
        "cuisine": "american",
        "name": "Denny's",
        "@geometry": "center"
      },
      "geometry": {
        "type": "Point",
        "coordinates": [
          -88.0522855,
          43.0593087
        ]
      },
      "id": "way/661594218"
    },
    {
      "type": "Feature",
      "properties": {
        "@id": "way/663607181",
        "amenity": "restaurant",
        "brand": "Denny's",
        "brand:wikidata": "Q1189695",
        "building": "yes",
        "check_date": "2023-04-01",
        "cuisine": "american",
        "name": "Denny's",
        "wheelchair": "yes",
        "@geometry": "center"
      },
      "geometry": {
        "type": "Point",
        "coordinates": [
          -122.9968969,
          44.9200692
        ]
      },
      "id": "way/663607181"
    },
    {
      "type": "Feature",
      "properties": {
        "@id": "way/663934049",
        "addr:city": "Greenfield",
        "addr:housenumber": "4695",
        "addr:postcode": "53228",
        "addr:state": "WI",
        "addr:street": "South 108th Street",
        "amenity": "restaurant",
        "brand": "Denny's",
        "brand:wikidata": "Q1189695",
        "building": "yes",
        "cuisine": "american",
        "name": "Denny's",
        "@geometry": "center"
      },
      "geometry": {
        "type": "Point",
        "coordinates": [
          -88.0487088,
          42.9595027
        ]
      },
      "id": "way/663934049"
    },
    {
      "type": "Feature",
      "properties": {
        "@id": "way/664010870",
        "addr:city": "Milwaukee",
        "addr:housenumber": "4925",
        "addr:postcode": "53207",
        "addr:state": "WI",
        "addr:street": "South Howell Avenue",
        "amenity": "restaurant",
        "brand": "Denny's",
        "brand:wikidata": "Q1189695",
        "building": "yes",
        "cuisine": "american",
        "name": "Denny's",
        "@geometry": "center"
      },
      "geometry": {
        "type": "Point",
        "coordinates": [
          -87.9102944,
          42.9549293
        ]
      },
      "id": "way/664010870"
    },
    {
      "type": "Feature",
      "properties": {
        "@id": "way/664200002",
        "addr:city": "Niagara Falls",
        "addr:housenumber": "8020",
        "addr:postcode": "14304",
        "addr:state": "NY",
        "addr:street": "Niagara Falls Boulevard",
        "amenity": "restaurant",
        "brand": "Denny's",
        "brand:wikidata": "Q1189695",
        "building": "yes",
        "cuisine": "american",
        "name": "Denny's",
        "phone": "+1-716-283-5560",
        "@geometry": "center"
      },
      "geometry": {
        "type": "Point",
        "coordinates": [
          -78.9724072,
          43.0896595
        ]
      },
      "id": "way/664200002"
    },
    {
      "type": "Feature",
      "properties": {
        "@id": "way/666218695",
        "addr:city": "Boise",
        "addr:housenumber": "2580",
        "addr:postcode": "83705",
        "addr:state": "ID",
        "addr:street": "West Airport Way",
        "amenity": "restaurant",
        "brand": "Denny's",
        "brand:wikidata": "Q1189695",
        "building": "yes",
        "cuisine": "american",
        "name": "Denny's",
        "@geometry": "center"
      },
      "geometry": {
        "type": "Point",
        "coordinates": [
          -116.2133867,
          43.5697339
        ]
      },
      "id": "way/666218695"
    },
    {
      "type": "Feature",
      "properties": {
        "@id": "way/667255390",
        "amenity": "restaurant",
        "brand": "Denny's",
        "brand:wikidata": "Q1189695",
        "building": "commercial",
        "cuisine": "american",
        "delivery": "no",
        "internet_access": "wlan",
        "internet_access:fee": "no",
        "name": "Denny's",
        "opening_hours": "24/7",
        "smoking": "no",
        "takeaway": "yes",
        "@geometry": "center"
      },
      "geometry": {
        "type": "Point",
        "coordinates": [
          -79.7517052,
          40.5908678
        ]
      },
      "id": "way/667255390"
    },
    {
      "type": "Feature",
      "properties": {
        "@id": "way/669238768",
        "addr:city": "Abilene",
        "addr:housenumber": "120",
        "addr:postcode": "79601",
        "addr:state": "TX",
        "addr:street": "East Overland Trail",
        "amenity": "restaurant",
        "brand": "Denny's",
        "brand:wikidata": "Q1189695",
        "building": "yes",
        "cuisine": "american",
        "name": "Denny's",
        "@geometry": "center"
      },
      "geometry": {
        "type": "Point",
        "coordinates": [
          -99.7224214,
          32.4911743
        ]
      },
      "id": "way/669238768"
    },
    {
      "type": "Feature",
      "properties": {
        "@id": "way/669491392",
        "addr:city": "Baytown",
        "addr:housenumber": "7207",
        "addr:state": "TX",
        "addr:street": "Garth Road",
        "amenity": "restaurant",
        "brand": "Denny's",
        "brand:wikidata": "Q1189695",
        "building": "yes",
        "check_date": "2025-07-18",
        "cuisine": "american",
        "name": "Denny's",
        "@geometry": "center"
      },
      "geometry": {
        "type": "Point",
        "coordinates": [
          -94.982676,
          29.8065984
        ]
      },
      "id": "way/669491392"
    },
    {
      "type": "Feature",
      "properties": {
        "@id": "way/669772190",
        "amenity": "restaurant",
        "brand": "Denny's",
        "brand:wikidata": "Q1189695",
        "building": "retail",
        "building:levels": "1",
        "cuisine": "american",
        "name": "Denny's",
        "@geometry": "center"
      },
      "geometry": {
        "type": "Point",
        "coordinates": [
          -117.5373024,
          33.8431493
        ]
      },
      "id": "way/669772190"
    },
    {
      "type": "Feature",
      "properties": {
        "@id": "way/671593874",
        "addr:city": "Green Valley",
        "addr:housenumber": "18875",
        "addr:postcode": "85614",
        "addr:state": "AZ",
        "addr:street": "South I-19 Frontage Road",
        "amenity": "restaurant",
        "brand": "Denny's",
        "brand:wikidata": "Q1189695",
        "building": "yes",
        "check_date": "2025-08-19",
        "cuisine": "american",
        "name": "Denny's",
        "opening_hours": "Mo-Th,Su 06:00-24:00; Fr-Sa 00:00-24:00",
        "operator": "Dennys",
        "phone": "+1 520-648-6162",
        "source": "Bing",
        "website": "https://locations.dennys.com/AZ/GREEN-VALLEY/246742",
        "@geometry": "center"
      },
      "geometry": {
        "type": "Point",
        "coordinates": [
          -110.9835744,
          31.9074579
        ]
      },
      "id": "way/671593874"
    },
    {
      "type": "Feature",
      "properties": {
        "@id": "way/673924856",
        "addr:city": "Mesquite",
        "addr:housenumber": "114",
        "addr:postcode": "75149",
        "addr:state": "TX",
        "addr:street": "East US Highway 80",
        "amenity": "restaurant",
        "brand": "Denny's",
        "brand:wikidata": "Q1189695",
        "building": "yes",
        "cuisine": "american",
        "name": "Denny's",
        "@geometry": "center"
      },
      "geometry": {
        "type": "Point",
        "coordinates": [
          -96.5941859,
          32.7894152
        ]
      },
      "id": "way/673924856"
    },
    {
      "type": "Feature",
      "properties": {
        "@id": "way/674567642",
        "addr:city": "Tacoma",
        "addr:housenumber": "5924",
        "addr:postcode": "98406",
        "addr:state": "WA",
        "addr:street": "6th Avenue",
        "brand": "Denny's",
        "brand:wikidata": "Q1189695",
        "building": "yes",
        "building:levels": "1",
        "cuisine": "american",
        "destroyed:amenity": "restaurant",
        "name": "Zip's marijuana",
        "shop": "cannabis",
        "@geometry": "center"
      },
      "geometry": {
        "type": "Point",
        "coordinates": [
          -122.5174856,
          47.2551749
        ]
      },
      "id": "way/674567642"
    },
    {
      "type": "Feature",
      "properties": {
        "@id": "way/675315768",
        "addr:city": "Boiling Springs",
        "addr:housenumber": "115",
        "addr:postcode": "29316",
        "addr:state": "SC",
        "addr:street": "Sloane Garden Road",
        "amenity": "restaurant",
        "brand": "Denny's",
        "brand:wikidata": "Q1189695",
        "building": "yes",
        "cuisine": "american",
        "name": "Denny's",
        "@geometry": "center"
      },
      "geometry": {
        "type": "Point",
        "coordinates": [
          -81.9561525,
          35.0119185
        ]
      },
      "id": "way/675315768"
    },
    {
      "type": "Feature",
      "properties": {
        "@id": "way/676997833",
        "addr:city": "Hanover",
        "addr:housenumber": "1365",
        "addr:postcode": "21076",
        "addr:state": "MD",
        "addr:street": "Mellon Road",
        "amenity": "restaurant",
        "brand": "Denny's",
        "brand:wikidata": "Q1189695",
        "building": "yes",
        "cuisine": "american",
        "name": "Denny's",
        "opening_hours": "Mo-Su 06:00-06:00",
        "phone": "+1-410-850-4888",
        "website": "https://locations.dennys.com/MD/HANOVER/246955",
        "@geometry": "center"
      },
      "geometry": {
        "type": "Point",
        "coordinates": [
          -76.7118734,
          39.1605426
        ]
      },
      "id": "way/676997833"
    },
    {
      "type": "Feature",
      "properties": {
        "@id": "way/679003258",
        "amenity": "restaurant",
        "brand": "Denny's",
        "brand:wikidata": "Q1189695",
        "building": "retail",
        "cuisine": "american",
        "name": "Denny's",
        "@geometry": "center"
      },
      "geometry": {
        "type": "Point",
        "coordinates": [
          -92.158213,
          37.8258763
        ]
      },
      "id": "way/679003258"
    },
    {
      "type": "Feature",
      "properties": {
        "@id": "way/679619536",
        "addr:city": "Indio",
        "addr:housenumber": "82120",
        "addr:postcode": "92201",
        "addr:state": "CA",
        "addr:street": "Highway 111",
        "amenity": "restaurant",
        "brand": "Denny's",
        "brand:wikidata": "Q1189695",
        "building": "yes",
        "cuisine": "american",
        "name": "Denny's",
        "opening_hours": "24/7",
        "phone": "+1 760-342-4114",
        "takeaway": "yes",
        "website": "https://locations.dennys.com/CA/INDIO/247589",
        "@geometry": "center"
      },
      "geometry": {
        "type": "Point",
        "coordinates": [
          -116.2330262,
          33.7150273
        ]
      },
      "id": "way/679619536"
    },
    {
      "type": "Feature",
      "properties": {
        "@id": "way/683982305",
        "addr:housenumber": "2335",
        "addr:postcode": "65616",
        "addr:street": "W 76 Country Blvd",
        "amenity": "restaurant",
        "brand": "Denny's",
        "brand:wikidata": "Q1189695",
        "building": "yes",
        "cuisine": "american",
        "name": "Denny's",
        "phone": "+1 417-339-3670",
        "source": "Bing",
        "website": "https://dennys.com/",
        "@geometry": "center"
      },
      "geometry": {
        "type": "Point",
        "coordinates": [
          -93.2635823,
          36.6417755
        ]
      },
      "id": "way/683982305"
    },
    {
      "type": "Feature",
      "properties": {
        "@id": "way/686386831",
        "addr:city": "San Luis",
        "addr:country": "US",
        "addr:postcode": "85349",
        "addr:state": "AZ",
        "addr:street": "Main Street",
        "amenity": "restaurant",
        "brand": "Denny's",
        "brand:wikidata": "Q1189695",
        "building": "yes",
        "cuisine": "american",
        "name": "Denny's",
        "@geometry": "center"
      },
      "geometry": {
        "type": "Point",
        "coordinates": [
          -114.7863342,
          32.5059413
        ]
      },
      "id": "way/686386831"
    },
    {
      "type": "Feature",
      "properties": {
        "@id": "way/688791346",
        "addr:city": "Rio Rancho",
        "addr:housenumber": "1446",
        "addr:postcode": "87124",
        "addr:state": "NM",
        "addr:street": "Unser Boulevard Southeast",
        "amenity": "restaurant",
        "brand": "Denny's",
        "brand:wikidata": "Q1189695",
        "building": "yes",
        "cuisine": "american",
        "name": "Denny's",
        "@geometry": "center"
      },
      "geometry": {
        "type": "Point",
        "coordinates": [
          -106.6956595,
          35.2353501
        ]
      },
      "id": "way/688791346"
    },
    {
      "type": "Feature",
      "properties": {
        "@id": "way/688890882",
        "addr:city": "Huntsville",
        "addr:housenumber": "3016",
        "addr:state": "TX",
        "addr:street": "State Highway 30 West",
        "amenity": "restaurant",
        "brand": "Denny's",
        "brand:wikidata": "Q1189695",
        "building": "yes",
        "cuisine": "american",
        "name": "Denny's",
        "operator": "Denny's",
        "@geometry": "center"
      },
      "geometry": {
        "type": "Point",
        "coordinates": [
          -95.5739191,
          30.7188585
        ]
      },
      "id": "way/688890882"
    },
    {
      "type": "Feature",
      "properties": {
        "@id": "way/689316150",
        "addr:city": "Vincennes",
        "addr:housenumber": "2728",
        "addr:postcode": "47591",
        "addr:state": "IN",
        "addr:street": "North 6th Street",
        "amenity": "restaurant",
        "brand": "Denny's",
        "brand:wikidata": "Q1189695",
        "building": "retail",
        "cuisine": "american",
        "name": "Denny's",
        "opening_hours": "24/7",
        "website": "https://www.dennys.com/",
        "wheelchair": "yes",
        "@geometry": "center"
      },
      "geometry": {
        "type": "Point",
        "coordinates": [
          -87.4993295,
          38.6926127
        ]
      },
      "id": "way/689316150"
    },
    {
      "type": "Feature",
      "properties": {
        "@id": "way/690971917",
        "addr:housenumber": "1284",
        "addr:street": "Boston Road",
        "amenity": "restaurant",
        "brand": "Denny's",
        "brand:wikidata": "Q1189695",
        "building": "yes",
        "cuisine": "american",
        "name": "Denny's",
        "source": "mapillary",
        "@geometry": "center"
      },
      "geometry": {
        "type": "Point",
        "coordinates": [
          -72.5011957,
          42.1408878
        ]
      },
      "id": "way/690971917"
    },
    {
      "type": "Feature",
      "properties": {
        "@id": "way/692036620",
        "addr:city": "Lake Worth",
        "addr:housenumber": "3543",
        "addr:postcode": "76135",
        "addr:state": "TX",
        "addr:street": "Jim Wright Freeway",
        "amenity": "restaurant",
        "brand": "Denny's",
        "brand:wikidata": "Q1189695",
        "building": "yes",
        "cuisine": "american",
        "name": "Denny's",
        "@geometry": "center"
      },
      "geometry": {
        "type": "Point",
        "coordinates": [
          -97.4103189,
          32.8137249
        ]
      },
      "id": "way/692036620"
    },
    {
      "type": "Feature",
      "properties": {
        "@id": "node/693356633",
        "addr:city": "Albuquerque",
        "addr:housenumber": "9911",
        "addr:postcode": "87121",
        "addr:state": "NM",
        "addr:street": "Avalon Road Northwest",
        "amenity": "restaurant",
        "brand": "Denny's",
        "brand:wikidata": "Q1189695",
        "check_date": "2024-10-09",
        "cuisine": "american",
        "name": "Denny's",
        "opening_hours": "24/7",
        "phone": "+1 505-836-1513",
        "source": "official website",
        "takeaway": "yes",
        "website": "https://locations.dennys.com/NM/ALBUQUERQUE/248561"
      },
      "geometry": {
        "type": "Point",
        "coordinates": [
          -106.745573,
          35.0795045
        ]
      },
      "id": "node/693356633"
    },
    {
      "type": "Feature",
      "properties": {
        "@id": "way/694628232",
        "addr:city": "Fort Walton Beach",
        "addr:housenumber": "543",
        "addr:postcode": "32547",
        "addr:state": "FL",
        "addr:street": "Eglin Parkway North",
        "amenity": "restaurant",
        "brand": "Denny's",
        "brand:wikidata": "Q1189695",
        "building": "yes",
        "cuisine": "american",
        "name": "Denny's",
        "@geometry": "center"
      },
      "geometry": {
        "type": "Point",
        "coordinates": [
          -86.5993816,
          30.4397808
        ]
      },
      "id": "way/694628232"
    },
    {
      "type": "Feature",
      "properties": {
        "@id": "way/696775708",
        "addr:city": "Hesperia",
        "addr:country": "US",
        "addr:housenumber": "13165",
        "addr:postcode": "92345",
        "addr:state": "CA",
        "addr:street": "Main Street",
        "amenity": "restaurant",
        "brand": "Denny's",
        "brand:wikidata": "Q1189695",
        "building": "retail",
        "building:levels": "1",
        "check_date": "2024-10-09",
        "contact:phone": "+1 760-947-7180",
        "contact:website": "https://locations.dennys.com/CA/HESPERIA/247095",
        "cuisine": "american",
        "name": "Denny's",
        "opening_hours": "24/7",
        "source": "official website",
        "takeaway": "yes",
        "@geometry": "center"
      },
      "geometry": {
        "type": "Point",
        "coordinates": [
          -117.3764129,
          34.4261012
        ]
      },
      "id": "way/696775708"
    },
    {
      "type": "Feature",
      "properties": {
        "@id": "way/698283521",
        "addr:city": "Rockwall",
        "addr:housenumber": "670",
        "addr:postcode": "75087",
        "addr:state": "TX",
        "addr:street": "East Interstate 30",
        "amenity": "restaurant",
        "brand": "Denny's",
        "brand:wikidata": "Q1189695",
        "building": "yes",
        "cuisine": "american",
        "name": "Denny's",
        "opening_hours": "24/7",
        "@geometry": "center"
      },
      "geometry": {
        "type": "Point",
        "coordinates": [
          -96.4670768,
          32.8987361
        ]
      },
      "id": "way/698283521"
    },
    {
      "type": "Feature",
      "properties": {
        "@id": "way/700987534",
        "amenity": "restaurant",
        "brand": "Denny's",
        "brand:wikidata": "Q1189695",
        "building": "yes",
        "cuisine": "american",
        "name": "Denny's",
        "@geometry": "center"
      },
      "geometry": {
        "type": "Point",
        "coordinates": [
          -81.0245914,
          29.1165775
        ]
      },
      "id": "way/700987534"
    },
    {
      "type": "Feature",
      "properties": {
        "@id": "way/702543333",
        "amenity": "restaurant",
        "brand": "Denny's",
        "brand:wikidata": "Q1189695",
        "building": "yes",
        "cuisine": "american",
        "name": "Denny's",
        "@geometry": "center"
      },
      "geometry": {
        "type": "Point",
        "coordinates": [
          -81.6607025,
          30.7902373
        ]
      },
      "id": "way/702543333"
    },
    {
      "type": "Feature",
      "properties": {
        "@id": "node/704354574",
        "amenity": "restaurant",
        "brand": "Denny's",
        "brand:wikidata": "Q1189695",
        "cuisine": "american",
        "name": "Denny's",
        "source": "usgs_imagery;survey;image",
        "source_ref": "AM909_DSCU1594",
        "wheelchair": "yes"
      },
      "geometry": {
        "type": "Point",
        "coordinates": [
          -118.1239311,
          33.7759785
        ]
      },
      "id": "node/704354574"
    },
    {
      "type": "Feature",
      "properties": {
        "@id": "way/704996502",
        "amenity": "restaurant",
        "brand": "Denny's",
        "brand:wikidata": "Q1189695",
        "building": "yes",
        "cuisine": "american",
        "name": "Denny's",
        "@geometry": "center"
      },
      "geometry": {
        "type": "Point",
        "coordinates": [
          -84.9638241,
          42.2912629
        ]
      },
      "id": "way/704996502"
    },
    {
      "type": "Feature",
      "properties": {
        "@id": "way/706732836",
        "addr:city": "Phoenix",
        "addr:country": "US",
        "addr:housenumber": "9020",
        "addr:postcode": "85051",
        "addr:state": "AZ",
        "addr:street": "North Black Canyon Highway",
        "amenity": "restaurant",
        "brand": "Denny's",
        "brand:wikidata": "Q1189695",
        "building": "retail",
        "cuisine": "american",
        "name": "Denny's",
        "source": "Bing;esri_USDOT_Arizona",
        "@geometry": "center"
      },
      "geometry": {
        "type": "Point",
        "coordinates": [
          -112.1181483,
          33.5688504
        ]
      },
      "id": "way/706732836"
    },
    {
      "type": "Feature",
      "properties": {
        "@id": "way/708614941",
        "addr:city": "Portland",
        "addr:housenumber": "1670",
        "addr:state": "TX",
        "addr:street": "US Highway 181",
        "amenity": "restaurant",
        "brand": "Denny's",
        "brand:wikidata": "Q1189695",
        "building": "yes",
        "cuisine": "american",
        "name": "Denny's",
        "@geometry": "center"
      },
      "geometry": {
        "type": "Point",
        "coordinates": [
          -97.3125718,
          27.8877506
        ]
      },
      "id": "way/708614941"
    },
    {
      "type": "Feature",
      "properties": {
        "@id": "way/708962183",
        "amenity": "restaurant",
        "brand": "Denny's",
        "brand:wikidata": "Q1189695",
        "building": "retail",
        "cuisine": "american",
        "name": "Denny's",
        "opening_hours": "24/7",
        "website": "https://www.dennys.com",
        "@geometry": "center"
      },
      "geometry": {
        "type": "Point",
        "coordinates": [
          -75.05924,
          38.4196346
        ]
      },
      "id": "way/708962183"
    },
    {
      "type": "Feature",
      "properties": {
        "@id": "way/709029730",
        "addr:city": "Royse City",
        "addr:housenumber": "201",
        "addr:postcode": "75189",
        "addr:state": "TX",
        "addr:street": "West Interstate 30",
        "amenity": "restaurant",
        "brand": "Denny's",
        "brand:wikidata": "Q1189695",
        "building": "yes",
        "cuisine": "american",
        "name": "Denny's",
        "@geometry": "center"
      },
      "geometry": {
        "type": "Point",
        "coordinates": [
          -96.33384,
          32.9672945
        ]
      },
      "id": "way/709029730"
    },
    {
      "type": "Feature",
      "properties": {
        "@id": "way/712438337",
        "amenity": "restaurant",
        "brand": "Denny's",
        "brand:wikidata": "Q1189695",
        "building": "yes",
        "cuisine": "american",
        "name": "Denny's",
        "@geometry": "center"
      },
      "geometry": {
        "type": "Point",
        "coordinates": [
          -98.6229282,
          29.4629141
        ]
      },
      "id": "way/712438337"
    },
    {
      "type": "Feature",
      "properties": {
        "@id": "way/712572972",
        "addr:city": "Metairie",
        "addr:housenumber": "5910",
        "addr:postcode": "70003",
        "addr:street": "Veterans Memorial Boulevard",
        "amenity": "restaurant",
        "brand": "Denny's",
        "brand:wikidata": "Q1189695",
        "building": "yes",
        "cuisine": "american",
        "name": "Denny's",
        "@geometry": "center"
      },
      "geometry": {
        "type": "Point",
        "coordinates": [
          -90.2061485,
          30.0051304
        ]
      },
      "id": "way/712572972"
    },
    {
      "type": "Feature",
      "properties": {
        "@id": "way/713757234",
        "amenity": "restaurant",
        "brand": "Denny's",
        "brand:wikidata": "Q1189695",
        "building": "retail",
        "cuisine": "american",
        "name": "Denny's",
        "@geometry": "center"
      },
      "geometry": {
        "type": "Point",
        "coordinates": [
          -97.2762061,
          32.6608295
        ]
      },
      "id": "way/713757234"
    },
    {
      "type": "Feature",
      "properties": {
        "@id": "way/714627659",
        "amenity": "restaurant",
        "brand": "Denny's",
        "brand:wikidata": "Q1189695",
        "building": "yes",
        "cuisine": "american",
        "name": "Denny's",
        "@geometry": "center"
      },
      "geometry": {
        "type": "Point",
        "coordinates": [
          -98.4829152,
          29.5661301
        ]
      },
      "id": "way/714627659"
    },
    {
      "type": "Feature",
      "properties": {
        "@id": "way/714856418",
        "addr:city": "Kaufman",
        "addr:housenumber": "2200",
        "addr:postcode": "75142",
        "addr:state": "TX",
        "addr:street": "South Washington Street",
        "amenity": "restaurant",
        "brand": "Denny's",
        "brand:wikidata": "Q1189695",
        "building": "yes",
        "cuisine": "american",
        "name": "Denny's",
        "@geometry": "center"
      },
      "geometry": {
        "type": "Point",
        "coordinates": [
          -96.3103268,
          32.5743955
        ]
      },
      "id": "way/714856418"
    },
    {
      "type": "Feature",
      "properties": {
        "@id": "way/715834720",
        "amenity": "restaurant",
        "brand": "Denny's",
        "brand:wikidata": "Q1189695",
        "building": "yes",
        "cuisine": "american",
        "name": "Denny's",
        "@geometry": "center"
      },
      "geometry": {
        "type": "Point",
        "coordinates": [
          -76.7576619,
          39.9793215
        ]
      },
      "id": "way/715834720"
    },
    {
      "type": "Feature",
      "properties": {
        "@id": "way/717738764",
        "addr:city": "Red Oak",
        "addr:housenumber": "408",
        "addr:postcode": "75154",
        "addr:state": "TX",
        "addr:street": "North Interstate 35E",
        "amenity": "restaurant",
        "brand": "Denny's",
        "brand:wikidata": "Q1189695",
        "building": "yes",
        "cuisine": "american",
        "name": "Denny's",
        "@geometry": "center"
      },
      "geometry": {
        "type": "Point",
        "coordinates": [
          -96.8211968,
          32.5293997
        ]
      },
      "id": "way/717738764"
    },
    {
      "type": "Feature",
      "properties": {
        "@id": "node/718324441",
        "addr:city": "Galloway",
        "addr:housenumber": "242",
        "addr:postcode": "08205",
        "addr:state": "NJ",
        "addr:street": "East White Horse Pike",
        "amenity": "restaurant",
        "brand": "Denny's",
        "brand:wikidata": "Q1189695",
        "check_date": "2024-08-18",
        "cuisine": "american",
        "name": "Denny's",
        "opening_hours": "Mo-Th,Su 06:00-25:00, Fr,Sa 06:00-26:00",
        "phone": "+1 609-404-9003",
        "source": "official website",
        "website": "https://locations.dennys.com/NJ/GALLOWAY/246150"
      },
      "geometry": {
        "type": "Point",
        "coordinates": [
          -74.5294742,
          39.4461256
        ]
      },
      "id": "node/718324441"
    },
    {
      "type": "Feature",
      "properties": {
        "@id": "way/720089694",
        "amenity": "restaurant",
        "brand": "Denny's",
        "brand:wikidata": "Q1189695",
        "building": "yes",
        "cuisine": "american",
        "name": "Denny's",
        "@geometry": "center"
      },
      "geometry": {
        "type": "Point",
        "coordinates": [
          -76.0595569,
          38.7821806
        ]
      },
      "id": "way/720089694"
    },
    {
      "type": "Feature",
      "properties": {
        "@id": "way/727540198",
        "addr:city": "Laredo",
        "addr:housenumber": "3600",
        "addr:postcode": "78041",
        "addr:state": "TX",
        "addr:street": "Santa Ursula Avenue",
        "amenity": "restaurant",
        "brand": "Denny's",
        "brand:wikidata": "Q1189695",
        "building": "yes",
        "cuisine": "american",
        "name": "Denny's",
        "@geometry": "center"
      },
      "geometry": {
        "type": "Point",
        "coordinates": [
          -99.50362,
          27.5320385
        ]
      },
      "id": "way/727540198"
    },
    {
      "type": "Feature",
      "properties": {
        "@id": "way/728277700",
        "amenity": "restaurant",
        "brand": "Denny's",
        "brand:wikidata": "Q1189695",
        "building": "retail",
        "cuisine": "american",
        "name": "Denny's",
        "@geometry": "center"
      },
      "geometry": {
        "type": "Point",
        "coordinates": [
          -117.0000207,
          33.7470652
        ]
      },
      "id": "way/728277700"
    },
    {
      "type": "Feature",
      "properties": {
        "@id": "way/729962258",
        "addr:city": "Cullman",
        "addr:housenumber": "5931",
        "addr:postcode": "35056",
        "addr:state": "AL",
        "addr:street": "Alabama Highway 157",
        "amenity": "restaurant",
        "brand": "Denny's",
        "brand:wikidata": "Q1189695",
        "building": "yes",
        "cuisine": "american",
        "name": "Denny's",
        "opening_hours": "Su-Th 06:00-24:00; Fr-Sa 06:00-02:00",
        "phone": "+1 866 987 0723",
        "source": "Bing",
        "website": "https://locations.dennys.com/AL/CULLMAN/248546",
        "@geometry": "center"
      },
      "geometry": {
        "type": "Point",
        "coordinates": [
          -86.8741839,
          34.2063957
        ]
      },
      "id": "way/729962258"
    },
    {
      "type": "Feature",
      "properties": {
        "@id": "way/731785421",
        "amenity": "restaurant",
        "brand": "Denny's",
        "brand:wikidata": "Q1189695",
        "building": "yes",
        "cuisine": "american",
        "name": "Denny's",
        "@geometry": "center"
      },
      "geometry": {
        "type": "Point",
        "coordinates": [
          -122.9876546,
          44.9498821
        ]
      },
      "id": "way/731785421"
    },
    {
      "type": "Feature",
      "properties": {
        "@id": "way/731983945",
        "amenity": "restaurant",
        "brand": "Denny's",
        "brand:wikidata": "Q1189695",
        "building": "yes",
        "cuisine": "american",
        "name": "Denny's",
        "wheelchair": "yes",
        "@geometry": "center"
      },
      "geometry": {
        "type": "Point",
        "coordinates": [
          -87.4152442,
          39.4257435
        ]
      },
      "id": "way/731983945"
    },
    {
      "type": "Feature",
      "properties": {
        "@id": "way/732686242",
        "addr:city": "Mansfield",
        "addr:housenumber": "3720",
        "addr:postcode": "76063",
        "addr:state": "TX",
        "addr:street": "East Broad Street",
        "amenity": "restaurant",
        "brand": "Denny's",
        "brand:wikidata": "Q1189695",
        "building": "retail",
        "cuisine": "american",
        "name": "Denny's",
        "opening_hours": "24/7",
        "phone": "+1-817-473-1519",
        "@geometry": "center"
      },
      "geometry": {
        "type": "Point",
        "coordinates": [
          -97.0764894,
          32.5786352
        ]
      },
      "id": "way/732686242"
    },
    {
      "type": "Feature",
      "properties": {
        "@id": "way/733691871",
        "addr:housenumber": "6441",
        "addr:street": "South Lindbergh Boulevard",
        "amenity": "restaurant",
        "brand": "Denny's",
        "brand:wikidata": "Q1189695",
        "building": "yes",
        "cuisine": "american",
        "internet_access": "wlan",
        "internet_access:fee": "no",
        "internet_access:ssid": "Dennys Guest Wifi",
        "name": "Denny's",
        "opening_hours": "24/7",
        "phone": "+13144870641",
        "website": "https://locations.dennys.com/MO/SAINT-LOUIS/209541",
        "@geometry": "center"
      },
      "geometry": {
        "type": "Point",
        "coordinates": [
          -90.3393111,
          38.5134228
        ]
      },
      "id": "way/733691871"
    },
    {
      "type": "Feature",
      "properties": {
        "@id": "way/734248851",
        "addr:city": "Oneonta",
        "addr:housenumber": "4979",
        "addr:postcode": "13820",
        "addr:state": "NY",
        "addr:street": "State Highway 23",
        "amenity": "restaurant",
        "brand": "Denny's",
        "brand:wikidata": "Q1189695",
        "building": "yes",
        "cuisine": "american",
        "name": "Denny's",
        "nysgissam:nysaddresspointid": "OTSE030864",
        "@geometry": "center"
      },
      "geometry": {
        "type": "Point",
        "coordinates": [
          -75.0486746,
          42.4486246
        ]
      },
      "id": "way/734248851"
    },
    {
      "type": "Feature",
      "properties": {
        "@id": "way/734270312",
        "addr:city": "Big Spring",
        "addr:housenumber": "1710",
        "addr:postcode": "79720",
        "addr:state": "TX",
        "addr:street": "East 3rd Street",
        "amenity": "restaurant",
        "brand": "Denny's",
        "brand:wikidata": "Q1189695",
        "building": "yes",
        "cuisine": "american",
        "name": "Denny's",
        "@geometry": "center"
      },
      "geometry": {
        "type": "Point",
        "coordinates": [
          -101.4534515,
          32.2598795
        ]
      },
      "id": "way/734270312"
    },
    {
      "type": "Feature",
      "properties": {
        "@id": "way/734910474",
        "addr:city": "El Paso",
        "addr:housenumber": "11045",
        "addr:postcode": "79935",
        "addr:state": "TX",
        "addr:street": "Gateway Boulevard West",
        "amenity": "restaurant",
        "brand": "Denny's",
        "brand:wikidata": "Q1189695",
        "building": "yes",
        "cuisine": "american",
        "name": "Denny's",
        "@geometry": "center"
      },
      "geometry": {
        "type": "Point",
        "coordinates": [
          -106.3328981,
          31.7458318
        ]
      },
      "id": "way/734910474"
    },
    {
      "type": "Feature",
      "properties": {
        "@id": "way/737309666",
        "addr:city": "Albuquerque",
        "addr:housenumber": "1602",
        "addr:postcode": "87121",
        "addr:state": "NM",
        "addr:street": "Coors Boulevard Northwest",
        "amenity": "restaurant",
        "brand": "Denny's",
        "brand:wikidata": "Q1189695",
        "building": "yes",
        "cuisine": "american",
        "name": "Denny's",
        "@geometry": "center"
      },
      "geometry": {
        "type": "Point",
        "coordinates": [
          -106.7049439,
          35.1036424
        ]
      },
      "id": "way/737309666"
    },
    {
      "type": "Feature",
      "properties": {
        "@id": "way/737332039",
        "addr:city": "Moses Lake",
        "addr:housenumber": "1590",
        "addr:postcode": "98837",
        "addr:street": "East Yonezawa Boulevard",
        "amenity": "restaurant",
        "brand": "Denny's",
        "brand:wikidata": "Q1189695",
        "building": "yes",
        "cuisine": "american",
        "name": "Denny's",
        "@geometry": "center"
      },
      "geometry": {
        "type": "Point",
        "coordinates": [
          -119.2530747,
          47.1064022
        ]
      },
      "id": "way/737332039"
    },
    {
      "type": "Feature",
      "properties": {
        "@id": "way/738867581",
        "addr:city": "Bedford",
        "addr:housenumber": "4271",
        "addr:postcode": "15522",
        "addr:state": "PA",
        "addr:street": "US 220",
        "amenity": "restaurant",
        "brand": "Denny's",
        "brand:wikidata": "Q1189695",
        "building": "yes",
        "cuisine": "american",
        "name": "Denny's",
        "@geometry": "center"
      },
      "geometry": {
        "type": "Point",
        "coordinates": [
          -78.5107484,
          40.0506065
        ]
      },
      "id": "way/738867581"
    },
    {
      "type": "Feature",
      "properties": {
        "@id": "way/741344973",
        "amenity": "restaurant",
        "brand": "Denny's",
        "brand:wikidata": "Q1189695",
        "building": "yes",
        "cuisine": "american",
        "name": "Denny's",
        "@geometry": "center"
      },
      "geometry": {
        "type": "Point",
        "coordinates": [
          -117.6898552,
          34.0319262
        ]
      },
      "id": "way/741344973"
    },
    {
      "type": "Feature",
      "properties": {
        "@id": "way/742353599",
        "amenity": "restaurant",
        "brand": "Denny's",
        "brand:wikidata": "Q1189695",
        "building": "yes",
        "cuisine": "american",
        "name": "Denny's",
        "@geometry": "center"
      },
      "geometry": {
        "type": "Point",
        "coordinates": [
          -117.5925629,
          34.0297165
        ]
      },
      "id": "way/742353599"
    },
    {
      "type": "Feature",
      "properties": {
        "@id": "way/743567020",
        "amenity": "restaurant",
        "brand": "Denny's",
        "brand:wikidata": "Q1189695",
        "building": "yes",
        "cuisine": "american",
        "name": "Denny's",
        "opening_hours": "24/7",
        "@geometry": "center"
      },
      "geometry": {
        "type": "Point",
        "coordinates": [
          -115.9935423,
          36.2165194
        ]
      },
      "id": "way/743567020"
    },
    {
      "type": "Feature",
      "properties": {
        "@id": "way/744512917",
        "amenity": "restaurant",
        "brand": "Denny's",
        "brand:wikidata": "Q1189695",
        "building": "yes",
        "cuisine": "american",
        "name": "Denny's",
        "@geometry": "center"
      },
      "geometry": {
        "type": "Point",
        "coordinates": [
          -117.2283831,
          33.939418
        ]
      },
      "id": "way/744512917"
    },
    {
      "type": "Feature",
      "properties": {
        "@id": "way/744524258",
        "addr:housenumber": "2951",
        "addr:street": "State Highway 36 South",
        "amenity": "restaurant",
        "brand": "Denny's",
        "brand:wikidata": "Q1189695",
        "building": "yes",
        "cuisine": "american",
        "name": "Denny's",
        "opening_hours": "24/7",
        "phone": "+1-979-836-4800",
        "ref:dennys": "247916",
        "website": "https://locations.dennys.com/TX/BRENHAM/247916",
        "@geometry": "center"
      },
      "geometry": {
        "type": "Point",
        "coordinates": [
          -96.3948607,
          30.1380654
        ]
      },
      "id": "way/744524258"
    },
    {
      "type": "Feature",
      "properties": {
        "@id": "way/746397318",
        "amenity": "restaurant",
        "brand": "Denny's",
        "brand:wikidata": "Q1189695",
        "building": "yes",
        "cuisine": "american",
        "name": "Denny's",
        "@geometry": "center"
      },
      "geometry": {
        "type": "Point",
        "coordinates": [
          -97.505249,
          25.944967
        ]
      },
      "id": "way/746397318"
    },
    {
      "type": "Feature",
      "properties": {
        "@id": "way/746415507",
        "amenity": "restaurant",
        "brand": "Denny's",
        "brand:wikidata": "Q1189695",
        "building": "yes",
        "cuisine": "american",
        "name": "Denny's",
        "@geometry": "center"
      },
      "geometry": {
        "type": "Point",
        "coordinates": [
          -117.0967681,
          32.6401855
        ]
      },
      "id": "way/746415507"
    },
    {
      "type": "Feature",
      "properties": {
        "@id": "way/746516324",
        "amenity": "restaurant",
        "brand": "Denny's",
        "brand:wikidata": "Q1189695",
        "building": "yes",
        "cuisine": "american",
        "name": "Denny's",
        "@geometry": "center"
      },
      "geometry": {
        "type": "Point",
        "coordinates": [
          -98.2098609,
          26.2382555
        ]
      },
      "id": "way/746516324"
    },
    {
      "type": "Feature",
      "properties": {
        "@id": "way/748908185",
        "addr:city": "Wichita Falls",
        "addr:housenumber": "1206",
        "addr:postcode": "76306",
        "addr:state": "TX",
        "addr:street": "Central Freeway",
        "amenity": "restaurant",
        "brand": "Denny's",
        "brand:wikidata": "Q1189695",
        "building": "yes",
        "cuisine": "american",
        "name": "Denny's",
        "opening_hours": "Mo-Su 00:00+",
        "@geometry": "center"
      },
      "geometry": {
        "type": "Point",
        "coordinates": [
          -98.5199425,
          33.9366165
        ]
      },
      "id": "way/748908185"
    },
    {
      "type": "Feature",
      "properties": {
        "@id": "way/750628358",
        "addr:city": "Springdale",
        "addr:housenumber": "4861",
        "addr:postcode": "72762",
        "addr:street": "West Sunset Avenue",
        "amenity": "restaurant",
        "brand": "Denny's",
        "brand:wikidata": "Q1189695",
        "building": "commercial",
        "cuisine": "american",
        "name": "Denny's",
        "@geometry": "center"
      },
      "geometry": {
        "type": "Point",
        "coordinates": [
          -94.1842457,
          36.1749486
        ]
      },
      "id": "way/750628358"
    },
    {
      "type": "Feature",
      "properties": {
        "@id": "way/755391676",
        "amenity": "restaurant",
        "brand": "Denny's",
        "brand:wikidata": "Q1189695",
        "building": "yes",
        "cuisine": "american",
        "name": "Denny's",
        "outdoor_seating": "no",
        "@geometry": "center"
      },
      "geometry": {
        "type": "Point",
        "coordinates": [
          -116.9459197,
          33.9277709
        ]
      },
      "id": "way/755391676"
    },
    {
      "type": "Feature",
      "properties": {
        "@id": "way/758461599",
        "addr:city": "Canton",
        "addr:housenumber": "17400",
        "addr:postcode": "75103",
        "addr:state": "TX",
        "addr:street": "I-20 Frontage Road",
        "amenity": "restaurant",
        "brand": "Denny's",
        "brand:wikidata": "Q1189695",
        "building": "yes",
        "cuisine": "american",
        "name": "Denny's",
        "@geometry": "center"
      },
      "geometry": {
        "type": "Point",
        "coordinates": [
          -95.8581861,
          32.5806613
        ]
      },
      "id": "way/758461599"
    },
    {
      "type": "Feature",
      "properties": {
        "@id": "way/759691594",
        "addr:housenumber": "361",
        "addr:state": "VT",
        "addr:street": "U.S. Route 7 South",
        "amenity": "restaurant",
        "brand": "Denny's",
        "brand:wikidata": "Q1189695",
        "building": "yes",
        "cuisine": "american",
        "name": "Denny's",
        "ref:vcgi:esiteid": "215236",
        "@geometry": "center"
      },
      "geometry": {
        "type": "Point",
        "coordinates": [
          -72.9674146,
          43.5851056
        ]
      },
      "id": "way/759691594"
    },
    {
      "type": "Feature",
      "properties": {
        "@id": "way/760234589",
        "addr:city": "Peoria",
        "addr:housenumber": "8737",
        "addr:postcode": "85345",
        "addr:state": "AZ",
        "addr:street": "West Grand Avenue",
        "amenity": "restaurant",
        "brand": "Denny's",
        "brand:wikidata": "Q1189695",
        "building": "yes",
        "cuisine": "american",
        "delivery": "no",
        "name": "Denny's",
        "smoking": "no",
        "source": "esri/USA_NAD_Addresses",
        "takeaway": "yes",
        "@geometry": "center"
      },
      "geometry": {
        "type": "Point",
        "coordinates": [
          -112.2465783,
          33.5884982
        ]
      },
      "id": "way/760234589"
    },
    {
      "type": "Feature",
      "properties": {
        "@id": "way/760266792",
        "amenity": "restaurant",
        "brand": "Denny's",
        "brand:wikidata": "Q1189695",
        "building": "yes",
        "cuisine": "american",
        "name": "Denny's",
        "@geometry": "center"
      },
      "geometry": {
        "type": "Point",
        "coordinates": [
          -81.9121071,
          35.3416649
        ]
      },
      "id": "way/760266792"
    },
    {
      "type": "Feature",
      "properties": {
        "@id": "way/760727565",
        "addr:city": "Bellmead",
        "addr:housenumber": "709",
        "addr:postcode": "76705",
        "addr:state": "TX",
        "addr:street": "North Interstate 35",
        "amenity": "restaurant",
        "brand": "Denny's",
        "brand:wikidata": "Q1189695",
        "building": "yes",
        "cuisine": "american",
        "name": "Denny's",
        "@geometry": "center"
      },
      "geometry": {
        "type": "Point",
        "coordinates": [
          -97.1085695,
          31.5836497
        ]
      },
      "id": "way/760727565"
    },
    {
      "type": "Feature",
      "properties": {
        "@id": "node/761334419",
        "addr:city": "Wichita",
        "addr:housenumber": "4024",
        "addr:postcode": "67218",
        "addr:state": "KS",
        "addr:street": "East Harry Street",
        "amenity": "restaurant",
        "brand": "Denny's",
        "brand:wikidata": "Q1189695",
        "cuisine": "american",
        "name": "Denny's",
        "opening_hours": "24/7",
        "website": "https://locations.dennys.com/KS/WICHITA/247372"
      },
      "geometry": {
        "type": "Point",
        "coordinates": [
          -97.2886341,
          37.6650412
        ]
      },
      "id": "node/761334419"
    },
    {
      "type": "Feature",
      "properties": {
        "@id": "way/761802005",
        "amenity": "restaurant",
        "brand": "Denny's",
        "brand:wikidata": "Q1189695",
        "building": "retail",
        "cuisine": "american",
        "name": "Denny's",
        "source": "Esri",
        "@geometry": "center"
      },
      "geometry": {
        "type": "Point",
        "coordinates": [
          -111.227366,
          36.1197204
        ]
      },
      "id": "way/761802005"
    },
    {
      "type": "Feature",
      "properties": {
        "@id": "way/764872811",
        "amenity": "restaurant",
        "brand": "Denny's",
        "brand:wikidata": "Q1189695",
        "building": "yes",
        "building:levels": "1",
        "cuisine": "american",
        "name": "Denny's",
        "@geometry": "center"
      },
      "geometry": {
        "type": "Point",
        "coordinates": [
          -112.3768985,
          33.6589156
        ]
      },
      "id": "way/764872811"
    },
    {
      "type": "Feature",
      "properties": {
        "@id": "way/765859840",
        "addr:city": "Saint Peters",
        "addr:housenumber": "3939",
        "addr:postcode": "63376",
        "addr:street": "Veterans Memorial Parkway",
        "amenity": "restaurant",
        "brand": "Denny's",
        "brand:wikidata": "Q1189695",
        "building": "yes",
        "cuisine": "american",
        "name": "Denny's",
        "@geometry": "center"
      },
      "geometry": {
        "type": "Point",
        "coordinates": [
          -90.5663031,
          38.7925157
        ]
      },
      "id": "way/765859840"
    },
    {
      "type": "Feature",
      "properties": {
        "@id": "way/766297885",
        "addr:city": "Katy",
        "addr:housenumber": "2405",
        "addr:postcode": "77494",
        "addr:state": "TX",
        "addr:street": "Texmati Drive",
        "amenity": "restaurant",
        "brand": "Denny's",
        "brand:wikidata": "Q1189695",
        "building": "yes",
        "cuisine": "american",
        "name": "Denny's",
        "@geometry": "center"
      },
      "geometry": {
        "type": "Point",
        "coordinates": [
          -95.809802,
          29.7821516
        ]
      },
      "id": "way/766297885"
    },
    {
      "type": "Feature",
      "properties": {
        "@id": "way/767809023",
        "addr:city": "Conroe",
        "addr:housenumber": "2243",
        "addr:postcode": "77303",
        "addr:state": "TX",
        "addr:street": "Stoneside Road",
        "amenity": "restaurant",
        "brand": "Denny's",
        "brand:wikidata": "Q1189695",
        "building": "yes",
        "check_date": "2024-07-12",
        "cuisine": "american",
        "name": "Denny's",
        "@geometry": "center"
      },
      "geometry": {
        "type": "Point",
        "coordinates": [
          -95.4786718,
          30.3377201
        ]
      },
      "id": "way/767809023"
    },
    {
      "type": "Feature",
      "properties": {
        "@id": "way/769174603",
        "addr:city": "Happy Valley",
        "addr:housenumber": "12101",
        "addr:postcode": "97086",
        "addr:street": "Southeast 82nd Avenue",
        "amenity": "restaurant",
        "brand": "Denny's",
        "brand:wikidata": "Q1189695",
        "building": "yes",
        "cuisine": "american",
        "name": "Denny's",
        "@geometry": "center"
      },
      "geometry": {
        "type": "Point",
        "coordinates": [
          -122.5795117,
          45.4355936
        ]
      },
      "id": "way/769174603"
    },
    {
      "type": "Feature",
      "properties": {
        "@id": "way/771502569",
        "addr:city": "Kennewick",
        "addr:housenumber": "2801",
        "addr:postcode": "99336",
        "addr:state": "WA",
        "addr:street": "West Kennewick Avenue",
        "amenity": "restaurant",
        "brand": "Denny's",
        "brand:wikidata": "Q1189695",
        "building": "yes",
        "cuisine": "american",
        "name": "Denny's",
        "@geometry": "center"
      },
      "geometry": {
        "type": "Point",
        "coordinates": [
          -119.1593663,
          46.2092144
        ]
      },
      "id": "way/771502569"
    },
    {
      "type": "Feature",
      "properties": {
        "@id": "way/776853161",
        "addr:city": "Raton",
        "addr:housenumber": "430",
        "addr:postcode": "87740",
        "addr:state": "NM",
        "addr:street": "Clayton Road",
        "amenity": "restaurant",
        "brand": "Denny's",
        "brand:wikidata": "Q1189695",
        "building": "restaurant",
        "cuisine": "american",
        "name": "Denny's",
        "opening_hours": "24/7",
        "phone": "+1-575-445-1386",
        "website": "https://www.dennys.com",
        "@geometry": "center"
      },
      "geometry": {
        "type": "Point",
        "coordinates": [
          -104.4349805,
          36.8854977
        ]
      },
      "id": "way/776853161"
    },
    {
      "type": "Feature",
      "properties": {
        "@id": "way/777211809",
        "air_conditioning": "yes",
        "amenity": "restaurant",
        "brand": "Denny's",
        "brand:wikidata": "Q1189695",
        "building": "yes",
        "cuisine": "american",
        "diet:vegan": "no",
        "diet:vegetarian": "yes",
        "indoor_seating": "yes",
        "name": "Denny's",
        "opening_hours": "24/7",
        "outdoor_seating": "yes",
        "smoking": "outside",
        "wheelchair": "yes",
        "@geometry": "center"
      },
      "geometry": {
        "type": "Point",
        "coordinates": [
          -72.6545641,
          41.5385072
        ]
      },
      "id": "way/777211809"
    },
    {
      "type": "Feature",
      "properties": {
        "@id": "way/778439381",
        "addr:city": "Cortez",
        "addr:housenumber": "2059",
        "addr:postcode": "81321",
        "addr:state": "CO",
        "addr:street": "East Main Street",
        "amenity": "restaurant",
        "brand": "Denny's",
        "brand:wikidata": "Q1189695",
        "building": "restaurant",
        "cuisine": "american",
        "name": "Denny's",
        "opening_hours": "24/7",
        "phone": "+1-970-564-0832",
        "website": "https://locations.dennys.com/CO/CORTEZ/247170",
        "@geometry": "center"
      },
      "geometry": {
        "type": "Point",
        "coordinates": [
          -108.5595195,
          37.3484955
        ]
      },
      "id": "way/778439381"
    },
    {
      "type": "Feature",
      "properties": {
        "@id": "way/779399160",
        "addr:city": "Prescott Valley",
        "addr:housenumber": "7925",
        "addr:postcode": "86314",
        "addr:state": "AZ",
        "addr:street": "East State Route 69",
        "amenity": "restaurant",
        "brand": "Denny's",
        "brand:wikidata": "Q1189695",
        "building": "yes",
        "cuisine": "american",
        "diet:vegetarian": "yes",
        "name": "Denny's",
        "opening_hours": "24/7",
        "phone": "+1 928-772-4420",
        "source": "microsoft/BuildingFootprints",
        "website": "https://locations.dennys.com/AZ/PRESCOTT-VALLEY/246534",
        "@geometry": "center"
      },
      "geometry": {
        "type": "Point",
        "coordinates": [
          -112.3263595,
          34.5855445
        ]
      },
      "id": "way/779399160"
    },
    {
      "type": "Feature",
      "properties": {
        "@id": "way/779961285",
        "amenity": "restaurant",
        "brand": "Denny's",
        "brand:wikidata": "Q1189695",
        "building": "yes",
        "cuisine": "american",
        "name": "Denny's",
        "@geometry": "center"
      },
      "geometry": {
        "type": "Point",
        "coordinates": [
          -89.0041889,
          42.7071519
        ]
      },
      "id": "way/779961285"
    },
    {
      "type": "Feature",
      "properties": {
        "@id": "way/779986947",
        "amenity": "restaurant",
        "brand": "Denny's",
        "brand:wikidata": "Q1189695",
        "building": "yes",
        "cuisine": "american",
        "name": "Denny's",
        "source": "microsoft/BuildingFootprints",
        "@geometry": "center"
      },
      "geometry": {
        "type": "Point",
        "coordinates": [
          -149.8068345,
          61.2093985
        ]
      },
      "id": "way/779986947"
    },
    {
      "type": "Feature",
      "properties": {
        "@id": "way/782557927",
        "addr:city": "Marina",
        "addr:housenumber": "110",
        "addr:postcode": "93933",
        "addr:state": "CA",
        "addr:street": "Reservation Road",
        "amenity": "restaurant",
        "brand": "Denny's",
        "brand:wikidata": "Q1189695",
        "building": "retail",
        "cuisine": "american",
        "name": "Denny's",
        "opening_hours": "05:00-24:00",
        "phone": "+1 866-985-3726",
        "source": "official website",
        "takeaway": "yes",
        "website": "https://locations.dennys.com/CA/MARINA/248543",
        "@geometry": "center"
      },
      "geometry": {
        "type": "Point",
        "coordinates": [
          -121.8032752,
          36.6955555
        ]
      },
      "id": "way/782557927"
    },
    {
      "type": "Feature",
      "properties": {
        "@id": "way/784522051",
        "addr:city": "Roseville",
        "addr:housenumber": "2045",
        "addr:postcode": "55113",
        "addr:state": "MN",
        "addr:street": "Twin Lakes Parkway",
        "amenity": "restaurant",
        "brand": "Denny's",
        "brand:wikidata": "Q1189695",
        "building": "yes",
        "cuisine": "american",
        "name": "Denny's",
        "@geometry": "center"
      },
      "geometry": {
        "type": "Point",
        "coordinates": [
          -93.1869475,
          45.0229467
        ]
      },
      "id": "way/784522051"
    },
    {
      "type": "Feature",
      "properties": {
        "@id": "way/786601256",
        "addr:city": "Santa Ana",
        "addr:housenumber": "2530",
        "addr:postcode": "92704",
        "addr:state": "CA",
        "addr:street": "South Bristol Street",
        "amenity": "restaurant",
        "brand": "Denny's",
        "brand:wikidata": "Q1189695",
        "building": "yes",
        "cuisine": "american",
        "height": "5.9",
        "name": "Denny's",
        "phone": "+1-714-662-5715",
        "@geometry": "center"
      },
      "geometry": {
        "type": "Point",
        "coordinates": [
          -117.8857369,
          33.7128241
        ]
      },
      "id": "way/786601256"
    },
    {
      "type": "Feature",
      "properties": {
        "@id": "way/790901274",
        "addr:city": "Ventura",
        "addr:housenumber": "4095",
        "addr:postcode": "93003",
        "addr:state": "CA",
        "addr:street": "Telegraph Road",
        "amenity": "restaurant",
        "brand": "Denny's",
        "brand:wikidata": "Q1189695",
        "building": "yes",
        "cuisine": "american",
        "name": "Denny's",
        "@geometry": "center"
      },
      "geometry": {
        "type": "Point",
        "coordinates": [
          -119.2395382,
          34.2746571
        ]
      },
      "id": "way/790901274"
    },
    {
      "type": "Feature",
      "properties": {
        "@id": "way/791566287",
        "amenity": "restaurant",
        "brand": "Denny's",
        "brand:wikidata": "Q1189695",
        "building": "yes",
        "cuisine": "american",
        "name": "Denny's",
        "@geometry": "center"
      },
      "geometry": {
        "type": "Point",
        "coordinates": [
          -121.2250279,
          38.787722
        ]
      },
      "id": "way/791566287"
    },
    {
      "type": "Feature",
      "properties": {
        "@id": "way/793348326",
        "amenity": "restaurant",
        "brand": "Denny's",
        "brand:wikidata": "Q1189695",
        "building": "yes",
        "cuisine": "american",
        "name": "Denny's",
        "@geometry": "center"
      },
      "geometry": {
        "type": "Point",
        "coordinates": [
          -81.7147892,
          28.003624
        ]
      },
      "id": "way/793348326"
    },
    {
      "type": "Feature",
      "properties": {
        "@id": "way/803142566",
        "addr:city": "Carle Place",
        "addr:housenumber": "371",
        "addr:postcode": "11514",
        "addr:state": "NY",
        "addr:street": "Old Country Road",
        "amenity": "restaurant",
        "brand": "Denny's",
        "brand:wikidata": "Q1189695",
        "building": "yes",
        "cuisine": "american",
        "name": "Denny's",
        "nysgissam:nysaddresspointid": "NASS274675",
        "@geometry": "center"
      },
      "geometry": {
        "type": "Point",
        "coordinates": [
          -73.6016703,
          40.7459635
        ]
      },
      "id": "way/803142566"
    },
    {
      "type": "Feature",
      "properties": {
        "@id": "way/805152058",
        "addr:city": "Santa Paula",
        "addr:housenumber": "327",
        "addr:postcode": "93060",
        "addr:state": "CA",
        "addr:street": "South Palm Avenue",
        "amenity": "restaurant",
        "brand": "Denny's",
        "brand:wikidata": "Q1189695",
        "building": "yes",
        "cuisine": "american",
        "name": "Denny's",
        "opening_hours": "Mo-Su 06:00-22:00",
        "phone": "+1-805-525-9500",
        "ref": "8887",
        "takeaway": "yes",
        "website": "https://locations.dennys.com/CA/SANTA-PAULA/248887",
        "@geometry": "center"
      },
      "geometry": {
        "type": "Point",
        "coordinates": [
          -119.0689812,
          34.3462644
        ]
      },
      "id": "way/805152058"
    },
    {
      "type": "Feature",
      "properties": {
        "@id": "way/807954579",
        "addr:city": "Gilbert",
        "addr:housenumber": "1651",
        "addr:postcode": "85296",
        "addr:state": "AZ",
        "addr:street": "East Warner Road",
        "amenity": "restaurant",
        "brand": "Denny's",
        "brand:wikidata": "Q1189695",
        "building": "yes",
        "cuisine": "american",
        "name": "Denny's",
        "source": "esri/USA_NAD_Addresses",
        "@geometry": "center"
      },
      "geometry": {
        "type": "Point",
        "coordinates": [
          -111.7543189,
          33.3350127
        ]
      },
      "id": "way/807954579"
    },
    {
      "type": "Feature",
      "properties": {
        "@id": "way/810068030",
        "addr:city": "Gun Barrel City",
        "addr:housenumber": "1015",
        "addr:postcode": "75156",
        "addr:state": "TX",
        "addr:street": "West Main Street",
        "amenity": "restaurant",
        "brand": "Denny's",
        "brand:wikidata": "Q1189695",
        "building": "yes",
        "cuisine": "american",
        "name": "Denny's",
        "source": "microsoft/BuildingFootprints",
        "@geometry": "center"
      },
      "geometry": {
        "type": "Point",
        "coordinates": [
          -96.1310125,
          32.330426
        ]
      },
      "id": "way/810068030"
    },
    {
      "type": "Feature",
      "properties": {
        "@id": "way/813716308",
        "addr:city": "Galveston",
        "addr:housenumber": "1410",
        "addr:postcode": "77550",
        "addr:state": "TX",
        "addr:street": "Seawall Boulevard",
        "amenity": "restaurant",
        "brand": "Denny's",
        "brand:wikidata": "Q1189695",
        "building": "yes",
        "cuisine": "american",
        "name": "Denny's",
        "source": "microsoft/BuildingFootprints;esri/USA_NAD_Addresses",
        "@geometry": "center"
      },
      "geometry": {
        "type": "Point",
        "coordinates": [
          -94.780538,
          29.2965819
        ]
      },
      "id": "way/813716308"
    },
    {
      "type": "Feature",
      "properties": {
        "@id": "way/813963178",
        "amenity": "restaurant",
        "brand": "Denny's",
        "brand:wikidata": "Q1189695",
        "building": "yes",
        "cuisine": "american",
        "name": "Denny's",
        "@geometry": "center"
      },
      "geometry": {
        "type": "Point",
        "coordinates": [
          -108.2685001,
          32.7826964
        ]
      },
      "id": "way/813963178"
    },
    {
      "type": "Feature",
      "properties": {
        "@id": "way/817058652",
        "addr:city": "Saratoga Springs",
        "addr:housenumber": "468",
        "addr:postcode": "12866",
        "addr:state": "NY",
        "addr:street": "Louden Road",
        "amenity": "restaurant",
        "brand": "Denny's",
        "brand:wikidata": "Q1189695",
        "building": "restaurant",
        "cuisine": "american",
        "name": "Denny's",
        "nysgissam:nysaddresspointid": "SARA058428",
        "opening_hours": "Mo-We 06:00-24:00; Th-Su 00:00-24:00",
        "phone": "+1 518-580-1598",
        "source": "NYS Clearinghouse OpenData & ESRI Clarity Sat Imagery",
        "takeaway": "yes",
        "website": "https://locations.dennys.com/NY/SARATOGA-SPRINGS/247779",
        "@geometry": "center"
      },
      "geometry": {
        "type": "Point",
        "coordinates": [
          -73.7476355,
          43.0976875
        ]
      },
      "id": "way/817058652"
    },
    {
      "type": "Feature",
      "properties": {
        "@id": "way/817878784",
        "addr:city": "Texas City",
        "addr:housenumber": "1201",
        "addr:postcode": "77590",
        "addr:state": "TX",
        "addr:street": "Highway 146 North",
        "amenity": "restaurant",
        "brand": "Denny's",
        "brand:wikidata": "Q1189695",
        "building": "yes",
        "cuisine": "american",
        "name": "Denny's",
        "source": "microsoft/BuildingFootprints",
        "@geometry": "center"
      },
      "geometry": {
        "type": "Point",
        "coordinates": [
          -94.9519975,
          29.394401
        ]
      },
      "id": "way/817878784"
    },
    {
      "type": "Feature",
      "properties": {
        "@id": "way/823243619",
        "addr:city": "San Antonio",
        "addr:housenumber": "6703",
        "addr:postcode": "78244",
        "addr:state": "TX",
        "addr:street": "FM78",
        "amenity": "restaurant",
        "brand": "Denny's",
        "brand:wikidata": "Q1189695",
        "building": "yes",
        "cuisine": "american",
        "name": "Denny's",
        "phone": "+1-210-661-7993",
        "source": "microsoft/BuildingFootprints",
        "@geometry": "center"
      },
      "geometry": {
        "type": "Point",
        "coordinates": [
          -98.3570395,
          29.4828155
        ]
      },
      "id": "way/823243619"
    },
    {
      "type": "Feature",
      "properties": {
        "@id": "way/824919630",
        "addr:city": "Pensacola",
        "addr:housenumber": "4625",
        "addr:postcode": "32506",
        "addr:state": "FL",
        "addr:street": "Mobile Highway",
        "amenity": "restaurant",
        "brand": "Denny's",
        "brand:wikidata": "Q1189695",
        "building": "yes",
        "cuisine": "american",
        "name": "Denny's",
        "opening_hours": "24/7",
        "phone": "+1-850-456-0014",
        "website": "https://locations.dennys.com/FL/PENSACOLA/248157",
        "@geometry": "center"
      },
      "geometry": {
        "type": "Point",
        "coordinates": [
          -87.2794993,
          30.4370711
        ]
      },
      "id": "way/824919630"
    },
    {
      "type": "Feature",
      "properties": {
        "@id": "way/825440464",
        "addr:city": "Minot",
        "addr:housenumber": "2701",
        "addr:postcode": "58701",
        "addr:state": "ND",
        "addr:street": "South Broadway",
        "amenity": "restaurant",
        "brand": "Denny's",
        "brand:wikidata": "Q1189695",
        "building": "yes",
        "cuisine": "american",
        "name": "Denny's",
        "opening_hours": "07:00-22:00",
        "phone": "+1 701-837-5646",
        "website": "https://dennys.com",
        "@geometry": "center"
      },
      "geometry": {
        "type": "Point",
        "coordinates": [
          -101.2951465,
          48.2057592
        ]
      },
      "id": "way/825440464"
    },
    {
      "type": "Feature",
      "properties": {
        "@id": "way/825527821",
        "addr:city": "Geneva",
        "addr:housenumber": "813",
        "addr:postcode": "14456",
        "addr:state": "NY",
        "addr:street": "Canandaigua Road",
        "amenity": "restaurant",
        "brand": "Denny's",
        "brand:wikidata": "Q1189695",
        "building": "yes",
        "cuisine": "american",
        "name": "Denny's",
        "nysgissam:nysaddresspointid": "ONTA054961",
        "opening_hours": "Su-Th 06:00-23:00; Fr-Sa 06:00-03:00",
        "phone": "+1-315-789-2039",
        "website": "https://locations.dennys.com/NY/GENEVA/248657",
        "@geometry": "center"
      },
      "geometry": {
        "type": "Point",
        "coordinates": [
          -77.0133395,
          42.8563194
        ]
      },
      "id": "way/825527821"
    },
    {
      "type": "Feature",
      "properties": {
        "@id": "way/827530107",
        "addr:city": "Geneseo",
        "addr:housenumber": "4240",
        "addr:postcode": "14454",
        "addr:state": "NY",
        "addr:street": "Lakeville Road",
        "amenity": "restaurant",
        "brand": "Denny's",
        "brand:wikidata": "Q1189695",
        "building": "yes",
        "cuisine": "american",
        "disused:amenity": "restaurant",
        "name": "Denny's",
        "nysgissam:nysaddresspointid": "LIVI001158",
        "phone": "+15852431825",
        "source": "Modified MS Footprints 2018 (OpenData)",
        "website": "https://locations.dennys.com/NY/GENESEO/248130?utm_source=yext&utm_medium=local-listing&utm_campaign=yext-listing&y_source=1_MjIyODcyMy03MTUtbG9jYXRpb24ud2Vic2l0ZQ%3D%3D",
        "@geometry": "center"
      },
      "geometry": {
        "type": "Point",
        "coordinates": [
          -77.789283,
          42.796395
        ]
      },
      "id": "way/827530107"
    },
    {
      "type": "Feature",
      "properties": {
        "@id": "way/829913317",
        "addr:city": "Batavia",
        "addr:housenumber": "364-368",
        "addr:postcode": "14020",
        "addr:state": "NY",
        "addr:street": "West Main Street",
        "amenity": "restaurant",
        "brand": "Denny's",
        "brand:wikidata": "Q1189695",
        "building": "yes",
        "cuisine": "american",
        "name": "Denny's",
        "opening_hours": "24/7",
        "source": "Satellite imagery & MS Footprts '18",
        "@geometry": "center"
      },
      "geometry": {
        "type": "Point",
        "coordinates": [
          -78.2016195,
          43.0048597
        ]
      },
      "id": "way/829913317"
    },
    {
      "type": "Feature",
      "properties": {
        "@id": "way/830411139",
        "addr:city": "Bernalillo",
        "addr:housenumber": "254",
        "addr:postcode": "87004",
        "addr:state": "NM",
        "addr:street": "US 550",
        "amenity": "restaurant",
        "brand": "Denny's",
        "brand:wikidata": "Q1189695",
        "building": "yes",
        "cuisine": "american",
        "name": "Denny's",
        "@geometry": "center"
      },
      "geometry": {
        "type": "Point",
        "coordinates": [
          -106.540551,
          35.3179274
        ]
      },
      "id": "way/830411139"
    },
    {
      "type": "Feature",
      "properties": {
        "@id": "way/830416817",
        "addr:city": "Balch Springs",
        "addr:housenumber": "4125",
        "addr:postcode": "75181",
        "addr:state": "TX",
        "addr:street": "South Belt Line Road",
        "amenity": "restaurant",
        "brand": "Denny's",
        "brand:wikidata": "Q1189695",
        "building": "yes",
        "cuisine": "american",
        "name": "Denny's",
        "@geometry": "center"
      },
      "geometry": {
        "type": "Point",
        "coordinates": [
          -96.5857052,
          32.7069253
        ]
      },
      "id": "way/830416817"
    },
    {
      "type": "Feature",
      "properties": {
        "@id": "way/832070908",
        "amenity": "restaurant",
        "brand": "Denny's",
        "brand:wikidata": "Q1189695",
        "building": "yes",
        "cuisine": "american",
        "name": "Denny's",
        "@geometry": "center"
      },
      "geometry": {
        "type": "Point",
        "coordinates": [
          -102.3859013,
          31.8818171
        ]
      },
      "id": "way/832070908"
    },
    {
      "type": "Feature",
      "properties": {
        "@id": "way/842258066",
        "addr:city": "Peoria",
        "addr:housenumber": "8131",
        "addr:postcode": "85382",
        "addr:state": "AZ",
        "addr:street": "West Bell Road",
        "amenity": "restaurant",
        "brand": "Denny's",
        "brand:wikidata": "Q1189695",
        "building": "yes",
        "cuisine": "american",
        "name": "Denny's",
        "phone": "+1-623-486-8505",
        "source": "microsoft/BuildingFootprints",
        "website": "https://www.dennys.com/",
        "@geometry": "center"
      },
      "geometry": {
        "type": "Point",
        "coordinates": [
          -112.231544,
          33.6377597
        ]
      },
      "id": "way/842258066"
    },
    {
      "type": "Feature",
      "properties": {
        "@id": "way/844143249",
        "amenity": "restaurant",
        "brand": "Denny's",
        "brand:wikidata": "Q1189695",
        "building": "yes",
        "cuisine": "american",
        "name": "Denny's",
        "@geometry": "center"
      },
      "geometry": {
        "type": "Point",
        "coordinates": [
          -82.6999278,
          28.3327116
        ]
      },
      "id": "way/844143249"
    },
    {
      "type": "Feature",
      "properties": {
        "@id": "way/844184018",
        "addr:city": "Houston",
        "addr:housenumber": "12862",
        "addr:state": "TX",
        "addr:street": "Northwest Freeway",
        "amenity": "restaurant",
        "brand": "Denny's",
        "brand:wikidata": "Q1189695",
        "building": "yes",
        "check_date": "2023-05-13",
        "cuisine": "american",
        "name": "Denny's",
        "source": "microsoft/BuildingFootprints",
        "@geometry": "center"
      },
      "geometry": {
        "type": "Point",
        "coordinates": [
          -95.4950751,
          29.8439447
        ]
      },
      "id": "way/844184018"
    },
    {
      "type": "Feature",
      "properties": {
        "@id": "node/844292004",
        "addr:city": "Fairfax",
        "addr:housenumber": "10473",
        "addr:postcode": "22030",
        "addr:state": "VA",
        "addr:street": "Fairfax Boulevard",
        "amenity": "restaurant",
        "brand": "Denny's",
        "brand:wikidata": "Q1189695",
        "check_date": "2024-08-18",
        "cuisine": "american",
        "ele": "107.0716553",
        "name": "Denny's",
        "note": "road name was changed; official website has old name (Lee Highway) instead of new (Fairfax Boulevard)",
        "opening_hours": "24/7",
        "phone": "+1 703-273-8133",
        "website": "https://locations.dennys.com/VA/FAIRFAX/247411",
        "wpt_description": "30-JUL-10 16:35:35"
      },
      "geometry": {
        "type": "Point",
        "coordinates": [
          -77.3064506,
          38.8582888
        ]
      },
      "id": "node/844292004"
    },
    {
      "type": "Feature",
      "properties": {
        "@id": "way/846940813",
        "addr:city": "Houston",
        "addr:housenumber": "6711",
        "addr:postcode": "77072",
        "addr:state": "TX",
        "addr:street": "West Sam Houston Parkway South",
        "amenity": "restaurant",
        "brand": "Denny's",
        "brand:wikidata": "Q1189695",
        "building": "yes",
        "cuisine": "american",
        "name": "Denny's",
        "source": "microsoft/BuildingFootprints",
        "@geometry": "center"
      },
      "geometry": {
        "type": "Point",
        "coordinates": [
          -95.5563195,
          29.703564
        ]
      },
      "id": "way/846940813"
    },
    {
      "type": "Feature",
      "properties": {
        "@id": "way/849316440",
        "addr:city": "Houston",
        "addr:housenumber": "11901",
        "addr:postcode": "77029",
        "addr:state": "TX",
        "addr:street": "East Freeway",
        "amenity": "restaurant",
        "brand": "Denny's",
        "brand:wikidata": "Q1189695",
        "building": "yes",
        "cuisine": "american",
        "name": "Denny's",
        "source": "microsoft/BuildingFootprints",
        "@geometry": "center"
      },
      "geometry": {
        "type": "Point",
        "coordinates": [
          -95.2258646,
          29.7722738
        ]
      },
      "id": "way/849316440"
    },
    {
      "type": "Feature",
      "properties": {
        "@id": "way/849341740",
        "addr:city": "Houston",
        "addr:housenumber": "12405",
        "addr:postcode": "77077",
        "addr:state": "TX",
        "addr:street": "Westheimer Road",
        "amenity": "restaurant",
        "brand": "Denny's",
        "brand:wikidata": "Q1189695",
        "building": "commercial",
        "cuisine": "american",
        "name": "Denny's",
        "source": "microsoft/BuildingFootprints",
        "@geometry": "center"
      },
      "geometry": {
        "type": "Point",
        "coordinates": [
          -95.6009495,
          29.7357883
        ]
      },
      "id": "way/849341740"
    },
    {
      "type": "Feature",
      "properties": {
        "@id": "way/853553445",
        "addr:city": "Queen Creek",
        "addr:housenumber": "20995",
        "addr:postcode": "85142",
        "addr:state": "AZ",
        "addr:street": "East Rittenhouse Road",
        "amenity": "restaurant",
        "brand": "Denny's",
        "brand:wikidata": "Q1189695",
        "building": "yes",
        "cuisine": "american",
        "name": "Denny's",
        "source": "esri/USA_NAD_Addresses",
        "@geometry": "center"
      },
      "geometry": {
        "type": "Point",
        "coordinates": [
          -111.6304897,
          33.2527743
        ]
      },
      "id": "way/853553445"
    },
    {
      "type": "Feature",
      "properties": {
        "@id": "way/854090219",
        "amenity": "restaurant",
        "brand": "Denny's",
        "brand:wikidata": "Q1189695",
        "building": "retail",
        "cuisine": "american",
        "name": "Denny's",
        "@geometry": "center"
      },
      "geometry": {
        "type": "Point",
        "coordinates": [
          -80.2863912,
          39.2694044
        ]
      },
      "id": "way/854090219"
    },
    {
      "type": "Feature",
      "properties": {
        "@id": "way/855741091",
        "addr:city": "Tucson",
        "addr:housenumber": "9220",
        "addr:postcode": "85747-9732",
        "addr:state": "AZ",
        "addr:street": "South Houghton Road",
        "amenity": "restaurant",
        "brand": "Denny's",
        "brand:wikidata": "Q1189695",
        "building": "yes",
        "cuisine": "american",
        "name": "Denny's",
        "phone": "+1-520-849-7017",
        "website": "https://locations.dennys.com/AZ/TUCSON/249370",
        "@geometry": "center"
      },
      "geometry": {
        "type": "Point",
        "coordinates": [
          -110.7733908,
          32.0850243
        ]
      },
      "id": "way/855741091"
    },
    {
      "type": "Feature",
      "properties": {
        "@id": "way/858706669",
        "addr:city": "Rancho Cucamonga",
        "addr:housenumber": "11899",
        "addr:postcode": "91730",
        "addr:state": "CA",
        "addr:street": "Foothill Boulevard",
        "amenity": "restaurant",
        "brand": "Denny's",
        "brand:wikidata": "Q1189695",
        "building": "yes",
        "cuisine": "american",
        "name": "Denny's",
        "opening_hours": "24/7",
        "phone": "+1 909-481-9447",
        "ref": "246770",
        "website": "https://locations.dennys.com/CA/RANCHO-CUCAMONGA/246770",
        "@geometry": "center"
      },
      "geometry": {
        "type": "Point",
        "coordinates": [
          -117.5460051,
          34.1060259
        ]
      },
      "id": "way/858706669"
    },
    {
      "type": "Feature",
      "properties": {
        "@id": "way/864190966",
        "addr:city": "Cambridge",
        "addr:housenumber": "2031",
        "addr:postcode": "43725",
        "addr:state": "OH",
        "addr:street": "Southgate Parkway",
        "amenity": "restaurant",
        "brand": "Denny's",
        "brand:wikidata": "Q1189695",
        "building": "yes",
        "cuisine": "american",
        "name": "Denny's",
        "website": "https://locations.dennys.com/OH/CAMBRIDGE/247841",
        "@geometry": "center"
      },
      "geometry": {
        "type": "Point",
        "coordinates": [
          -81.575311,
          40.0045832
        ]
      },
      "id": "way/864190966"
    },
    {
      "type": "Feature",
      "properties": {
        "@id": "way/866671689",
        "amenity": "restaurant",
        "brand": "Denny's",
        "brand:wikidata": "Q1189695",
        "building": "yes",
        "cuisine": "american",
        "name": "Denny's",
        "@geometry": "center"
      },
      "geometry": {
        "type": "Point",
        "coordinates": [
          -87.4790883,
          37.3274109
        ]
      },
      "id": "way/866671689"
    },
    {
      "type": "Feature",
      "properties": {
        "@id": "way/868398628",
        "addr:city": "Blaine",
        "addr:housenumber": "8850",
        "addr:postcode": "55434",
        "addr:state": "MN",
        "addr:street": "University Drive",
        "amenity": "restaurant",
        "brand": "Denny's",
        "brand:wikidata": "Q1189695",
        "building": "yes",
        "cuisine": "american",
        "name": "Denny's",
        "@geometry": "center"
      },
      "geometry": {
        "type": "Point",
        "coordinates": [
          -93.2655617,
          45.13091
        ]
      },
      "id": "way/868398628"
    },
    {
      "type": "Feature",
      "properties": {
        "@id": "way/880156575",
        "amenity": "restaurant",
        "brand": "Denny's",
        "brand:wikidata": "Q1189695",
        "building": "yes",
        "cuisine": "american",
        "name": "Denny's",
        "takeaway": "yes",
        "@geometry": "center"
      },
      "geometry": {
        "type": "Point",
        "coordinates": [
          -85.6493486,
          30.1928737
        ]
      },
      "id": "way/880156575"
    },
    {
      "type": "Feature",
      "properties": {
        "@id": "way/883376103",
        "addr:housenumber": "825",
        "addr:street": "Foothill Boulevard",
        "amenity": "restaurant",
        "brand": "Denny's",
        "brand:wikidata": "Q1189695",
        "building": "yes",
        "cuisine": "american",
        "name": "Denny's",
        "@geometry": "center"
      },
      "geometry": {
        "type": "Point",
        "coordinates": [
          -117.6620391,
          34.107361
        ]
      },
      "id": "way/883376103"
    },
    {
      "type": "Feature",
      "properties": {
        "@id": "way/883994516",
        "addr:city": "Elizabethtown",
        "addr:housenumber": "2008",
        "addr:postcode": "42701",
        "addr:state": "KY",
        "addr:street": "North Mulberry Street",
        "amenity": "restaurant",
        "brand": "Denny's",
        "brand:wikidata": "Q1189695",
        "building": "yes",
        "cuisine": "american",
        "name": "Denny's",
        "opening_hours": "24/7",
        "phone": "+1-270-506-0959",
        "website": "https://locations.dennys.com/ky/elizabethtown/248768",
        "@geometry": "center"
      },
      "geometry": {
        "type": "Point",
        "coordinates": [
          -85.8268962,
          37.7155899
        ]
      },
      "id": "way/883994516"
    },
    {
      "type": "Feature",
      "properties": {
        "@id": "way/888307876",
        "addr:city": "Gilbert",
        "addr:housenumber": "3971",
        "addr:postcode": "85297",
        "addr:state": "AZ",
        "addr:street": "South Gilbert Road",
        "amenity": "restaurant",
        "brand": "Denny's",
        "brand:wikidata": "Q1189695",
        "building": "yes",
        "cuisine": "american",
        "name": "Denny's",
        "source": "esri/USA_NAD_Addresses",
        "@geometry": "center"
      },
      "geometry": {
        "type": "Point",
        "coordinates": [
          -111.7887185,
          33.2779133
        ]
      },
      "id": "way/888307876"
    },
    {
      "type": "Feature",
      "properties": {
        "@id": "way/894283938",
        "addr:city": "Buffalo",
        "addr:housenumber": "4445",
        "addr:postcode": "14226",
        "addr:state": "NY",
        "addr:street": "Main Street",
        "brand": "Denny's",
        "brand:wikidata": "Q1189695",
        "building": "yes",
        "cuisine": "american",
        "description": "Empty building for sale",
        "source": "https://locations.dennys.com/NY/BUFFALO/248138",
        "@geometry": "center"
      },
      "geometry": {
        "type": "Point",
        "coordinates": [
          -78.7851102,
          42.9630193
        ]
      },
      "id": "way/894283938"
    },
    {
      "type": "Feature",
      "properties": {
        "@id": "node/894860496",
        "addr:city": "Norcross",
        "addr:housenumber": "5534",
        "addr:postcode": "30093",
        "addr:state": "GA",
        "addr:street": "Jimmy Carter Boulevard",
        "amenity": "restaurant",
        "brand": "Denny's",
        "brand:wikidata": "Q1189695",
        "check_date": "2024-08-19",
        "cuisine": "american",
        "indoor_seating": "yes",
        "name": "Denny's",
        "opening_hours": "24/7",
        "outdoor_seating": "no",
        "phone": "+1 770-448-8762",
        "takeaway": "yes",
        "website": "https://locations.dennys.com/GA/NORCROSS/247071"
      },
      "geometry": {
        "type": "Point",
        "coordinates": [
          -84.2072765,
          33.9095562
        ]
      },
      "id": "node/894860496"
    },
    {
      "type": "Feature",
      "properties": {
        "@id": "way/899385386",
        "addr:city": "Texarkana",
        "addr:housenumber": "5104",
        "addr:postcode": "71854",
        "addr:state": "AR",
        "addr:street": "North State Line Avenue",
        "amenity": "restaurant",
        "brand": "Denny's",
        "brand:wikidata": "Q1189695",
        "building": "yes",
        "cuisine": "american",
        "name": "Denny's",
        "@geometry": "center"
      },
      "geometry": {
        "type": "Point",
        "coordinates": [
          -94.0422353,
          33.4729804
        ]
      },
      "id": "way/899385386"
    },
    {
      "type": "Feature",
      "properties": {
        "@id": "way/904814430",
        "addr:city": "Italy",
        "addr:housenumber": "140",
        "addr:state": "TX",
        "addr:street": "L R Campbell Road",
        "amenity": "restaurant",
        "brand": "Denny's",
        "brand:wikidata": "Q1189695",
        "building": "yes",
        "cuisine": "american",
        "name": "Denny's",
        "@geometry": "center"
      },
      "geometry": {
        "type": "Point",
        "coordinates": [
          -96.9006368,
          32.1972394
        ]
      },
      "id": "way/904814430"
    },
    {
      "type": "Feature",
      "properties": {
        "@id": "way/904976759",
        "addr:city": "San Fernando",
        "addr:housenumber": "1041",
        "addr:postcode": "91340",
        "addr:state": "CA",
        "addr:street": "Truman Street",
        "amenity": "restaurant",
        "brand": "Denny's",
        "brand:wikidata": "Q1189695",
        "building": "yes",
        "cuisine": "american",
        "name": "Denny's",
        "@geometry": "center"
      },
      "geometry": {
        "type": "Point",
        "coordinates": [
          -118.4405183,
          34.2835574
        ]
      },
      "id": "way/904976759"
    },
    {
      "type": "Feature",
      "properties": {
        "@id": "way/905241566",
        "amenity": "restaurant",
        "brand": "Denny's",
        "brand:wikidata": "Q1189695",
        "building": "yes",
        "cuisine": "american",
        "name": "Denny's",
        "@geometry": "center"
      },
      "geometry": {
        "type": "Point",
        "coordinates": [
          -115.1825014,
          36.1448833
        ]
      },
      "id": "way/905241566"
    },
    {
      "type": "Feature",
      "properties": {
        "@id": "way/905514674",
        "addr:city": "Colonial Heights",
        "addr:housenumber": "851",
        "addr:postcode": "23834",
        "addr:state": "VA",
        "addr:street": "South Avenue",
        "amenity": "restaurant",
        "brand": "Denny's",
        "brand:wikidata": "Q1189695",
        "building": "yes",
        "cuisine": "american",
        "name": "Denny's",
        "opening_hours": "24/7",
        "phone": "+1-804-504-8012",
        "source": "esri_USDOT_Virgina",
        "takeaway": "yes",
        "website": "https://locations.dennys.com/VA/COLONIAL-HEIGHTS/248100",
        "@geometry": "center"
      },
      "geometry": {
        "type": "Point",
        "coordinates": [
          -77.3919542,
          37.24477
        ]
      },
      "id": "way/905514674"
    },
    {
      "type": "Feature",
      "properties": {
        "@id": "way/911348558",
        "addr:city": "Riverside",
        "addr:housenumber": "2915",
        "addr:state": "CA",
        "addr:street": "Van Buren Boulevard",
        "amenity": "restaurant",
        "brand": "Denny's",
        "brand:wikidata": "Q1189695",
        "building": "yes",
        "cuisine": "american",
        "height": "6.04",
        "name": "Denny's",
        "source": "esri/Riverside_CA_Buildings_v2",
        "@geometry": "center"
      },
      "geometry": {
        "type": "Point",
        "coordinates": [
          -117.436765,
          33.9089211
        ]
      },
      "id": "way/911348558"
    },
    {
      "type": "Feature",
      "properties": {
        "@id": "node/914969201",
        "amenity": "restaurant",
        "brand": "Denny's",
        "brand:wikidata": "Q1189695",
        "cuisine": "american",
        "name": "Denny's"
      },
      "geometry": {
        "type": "Point",
        "coordinates": [
          -119.740204,
          39.5329627
        ]
      },
      "id": "node/914969201"
    },
    {
      "type": "Feature",
      "properties": {
        "@id": "node/915005100",
        "addr:city": "Reno",
        "addr:housenumber": "680",
        "addr:postcode": "89512",
        "addr:state": "NV",
        "addr:street": "North Wells Avenue",
        "amenity": "restaurant",
        "brand": "Denny's",
        "brand:wikidata": "Q1189695",
        "cuisine": "american",
        "name": "Denny's",
        "opening_hours": "24/7",
        "phone": "+1 775-322-9039",
        "source": "official website",
        "takeaway": "yes",
        "website": "https://locations.dennys.com/NV/RENO/248733"
      },
      "geometry": {
        "type": "Point",
        "coordinates": [
          -119.802809,
          39.5358875
        ]
      },
      "id": "node/915005100"
    },
    {
      "type": "Feature",
      "properties": {
        "@id": "way/923663239",
        "amenity": "restaurant",
        "brand": "Denny's",
        "brand:wikidata": "Q1189695",
        "building": "yes",
        "cuisine": "american",
        "name": "Denny's",
        "@geometry": "center"
      },
      "geometry": {
        "type": "Point",
        "coordinates": [
          -117.5058312,
          47.6210281
        ]
      },
      "id": "way/923663239"
    },
    {
      "type": "Feature",
      "properties": {
        "@id": "way/925281700",
        "amenity": "restaurant",
        "brand": "Denny's",
        "brand:wikidata": "Q1189695",
        "building": "yes",
        "cuisine": "american",
        "name": "Denny's",
        "@geometry": "center"
      },
      "geometry": {
        "type": "Point",
        "coordinates": [
          -119.7730185,
          36.7072691
        ]
      },
      "id": "way/925281700"
    },
    {
      "type": "Feature",
      "properties": {
        "@id": "way/925409998",
        "amenity": "restaurant",
        "brand": "Denny's",
        "brand:wikidata": "Q1189695",
        "building": "yes",
        "cuisine": "american",
        "name": "Denny's",
        "source": "microsoft/BuildingFootprints",
        "@geometry": "center"
      },
      "geometry": {
        "type": "Point",
        "coordinates": [
          -111.9684665,
          33.3058545
        ]
      },
      "id": "way/925409998"
    },
    {
      "type": "Feature",
      "properties": {
        "@id": "way/930864733",
        "addr:housename": "Denny's",
        "addr:housenumber": "21",
        "addr:postcode": "95695",
        "addr:state": "CA",
        "addr:street": "Bernard Court",
        "amenity": "restaurant",
        "brand": "Denny's",
        "brand:wikidata": "Q1189695",
        "building": "retail",
        "cuisine": "american",
        "name": "Denny's",
        "@geometry": "center"
      },
      "geometry": {
        "type": "Point",
        "coordinates": [
          -121.7829459,
          38.7005934
        ]
      },
      "id": "way/930864733"
    },
    {
      "type": "Feature",
      "properties": {
        "@id": "way/933092626",
        "amenity": "restaurant",
        "brand": "Denny's",
        "brand:wikidata": "Q1189695",
        "building": "yes",
        "cuisine": "american",
        "name": "Denny's",
        "@geometry": "center"
      },
      "geometry": {
        "type": "Point",
        "coordinates": [
          -117.4332329,
          34.069999
        ]
      },
      "id": "way/933092626"
    },
    {
      "type": "Feature",
      "properties": {
        "@id": "way/934037742",
        "amenity": "restaurant",
        "brand": "Denny's",
        "brand:wikidata": "Q1189695",
        "building": "yes",
        "cuisine": "american",
        "name": "Denny's",
        "source": "microsoft/BuildingFootprints",
        "@geometry": "center"
      },
      "geometry": {
        "type": "Point",
        "coordinates": [
          -81.5465895,
          28.552113
        ]
      },
      "id": "way/934037742"
    },
    {
      "type": "Feature",
      "properties": {
        "@id": "way/935084442",
        "addr:city": "Mentor",
        "addr:housenumber": "7700",
        "addr:postcode": "44060",
        "addr:state": "OH",
        "addr:street": "Mentor Avenue",
        "amenity": "restaurant",
        "brand": "Denny's",
        "brand:wikidata": "Q1189695",
        "building": "yes",
        "cuisine": "american",
        "name": "Denny's",
        "opening_hours": "Su 07:00-03:00; Mo-Tu 07:00-23:00; We 07:00-03:00; Th-Sa 07:00-31:00",
        "phone": "+1 866 987 0778",
        "website": "https://locations.dennys.com/OH/MENTOR/247936",
        "@geometry": "center"
      },
      "geometry": {
        "type": "Point",
        "coordinates": [
          -81.365912,
          41.6590049
        ]
      },
      "id": "way/935084442"
    },
    {
      "type": "Feature",
      "properties": {
        "@id": "way/935204060",
        "amenity": "restaurant",
        "brand": "Denny's",
        "brand:wikidata": "Q1189695",
        "building": "retail",
        "cuisine": "american",
        "name": "Denny's",
        "@geometry": "center"
      },
      "geometry": {
        "type": "Point",
        "coordinates": [
          -111.855453,
          38.935981
        ]
      },
      "id": "way/935204060"
    },
    {
      "type": "Feature",
      "properties": {
        "@id": "way/935528226",
        "addr:city": "Byron",
        "addr:country": "US",
        "addr:housenumber": "309",
        "addr:postcode": "31008",
        "addr:state": "GA",
        "addr:street": "Georgia Highway 49 North",
        "amenity": "restaurant",
        "brand": "Denny's",
        "brand:wikidata": "Q1189695",
        "building": "retail",
        "building:levels": "1",
        "cuisine": "american",
        "name": "Denny's",
        "smoking": "no",
        "source": "microsoft/BuildingFootprints",
        "website": "https://locations.dennys.com/GA/BYRON/247516",
        "wheelchair": "yes",
        "@geometry": "center"
      },
      "geometry": {
        "type": "Point",
        "coordinates": [
          -83.741408,
          32.662111
        ]
      },
      "id": "way/935528226"
    },
    {
      "type": "Feature",
      "properties": {
        "@id": "way/940045260",
        "addr:city": "Ormond Beach",
        "addr:housenumber": "110",
        "addr:postcode": "32174",
        "addr:state": "FL",
        "addr:street": "Williamson Boulevard",
        "amenity": "restaurant",
        "brand": "Denny's",
        "brand:wikidata": "Q1189695",
        "building": "yes",
        "cuisine": "american",
        "name": "Denny's",
        "@geometry": "center"
      },
      "geometry": {
        "type": "Point",
        "coordinates": [
          -81.11381,
          29.2561929
        ]
      },
      "id": "way/940045260"
    },
    {
      "type": "Feature",
      "properties": {
        "@id": "way/940229190",
        "addr:city": "San Diego",
        "addr:housenumber": "130",
        "addr:postcode": "92173",
        "addr:state": "CA",
        "addr:street": "Calle Primera",
        "amenity": "restaurant",
        "brand": "Denny's",
        "brand:wikidata": "Q1189695",
        "building": "retail",
        "cuisine": "american",
        "name": "Denny's",
        "opening_hours": "Mo 00:00-03:00,04:00-24:00; Tu-We 05:00-24:00; Th-Su 00:00-03:00,04:00-24:00",
        "phone": "+1 619-690-0408",
        "website": "https://locations.dennys.com/CA/SAN-YSIDRO/248745",
        "website:menu": "https://www.dennys.com/location/dennys-8745/menu",
        "website:orders": "https://order.dennys.com/locations/8745",
        "@geometry": "center"
      },
      "geometry": {
        "type": "Point",
        "coordinates": [
          -117.043652,
          32.5498624
        ]
      },
      "id": "way/940229190"
    },
    {
      "type": "Feature",
      "properties": {
        "@id": "way/949775554",
        "addr:city": "Sneads Ferry",
        "addr:housenumber": "2020",
        "addr:postcode": "28460",
        "addr:state": "NC",
        "addr:street": "NC-172",
        "amenity": "restaurant",
        "brand": "Denny's",
        "brand:wikidata": "Q1189695",
        "building": "commercial",
        "cuisine": "american",
        "name": "Denny's",
        "opening_hours": "Mo-Su 06:00-22:00",
        "phone": "+1-910-327-1177",
        "website": "https://locations.dennys.com/NC/SNEADS-FERRY/248897",
        "@geometry": "center"
      },
      "geometry": {
        "type": "Point",
        "coordinates": [
          -77.4294148,
          34.54905
        ]
      },
      "id": "way/949775554"
    },
    {
      "type": "Feature",
      "properties": {
        "@id": "way/953596303",
        "addr:city": "West Seneca",
        "addr:housenumber": "1881",
        "addr:postcode": "14224",
        "addr:state": "NY",
        "addr:street": "Ridge Road",
        "amenity": "restaurant",
        "brand": "Denny's",
        "brand:wikidata": "Q1189695",
        "building": "yes",
        "cuisine": "american",
        "name": "Denny's",
        "opening_hours": "24/7",
        "phone": "+1-716-675-7148",
        "website": "https://locations.dennys.com/NY/WEST-SENECA/248135",
        "website:menu": "https://www.dennys.com/location/dennys-8135/menu",
        "@geometry": "center"
      },
      "geometry": {
        "type": "Point",
        "coordinates": [
          -78.7826785,
          42.8283743
        ]
      },
      "id": "way/953596303"
    },
    {
      "type": "Feature",
      "properties": {
        "@id": "node/956932022",
        "air_conditioning": "yes",
        "amenity": "restaurant",
        "brand": "Denny's",
        "brand:wikidata": "Q1189695",
        "cuisine": "american",
        "name": "Denny's",
        "source": "usgs_imagery_2008;survey;image",
        "source_ref": "AM909_DSCW0846",
        "takeaway": "yes",
        "toilets": "yes",
        "wheelchair": "yes"
      },
      "geometry": {
        "type": "Point",
        "coordinates": [
          -118.449253,
          35.1423332
        ]
      },
      "id": "node/956932022"
    },
    {
      "type": "Feature",
      "properties": {
        "@id": "way/958052293",
        "amenity": "restaurant",
        "brand": "Denny's",
        "brand:wikidata": "Q1189695",
        "building": "yes",
        "cuisine": "american",
        "name": "Denny's",
        "@geometry": "center"
      },
      "geometry": {
        "type": "Point",
        "coordinates": [
          -120.7711421,
          38.3460999
        ]
      },
      "id": "way/958052293"
    },
    {
      "type": "Feature",
      "properties": {
        "@id": "way/958427850",
        "addr:city": "Columbus",
        "addr:housenumber": "3239",
        "addr:postcode": "31907",
        "addr:state": "GA",
        "addr:street": "Macon Road",
        "amenity": "restaurant",
        "brand": "Denny's",
        "brand:wikidata": "Q1189695",
        "building": "yes",
        "cuisine": "american",
        "name": "Denny's",
        "source": "microsoft/BuildingFootprints",
        "@geometry": "center"
      },
      "geometry": {
        "type": "Point",
        "coordinates": [
          -84.9417516,
          32.4818127
        ]
      },
      "id": "way/958427850"
    },
    {
      "type": "Feature",
      "properties": {
        "@id": "node/958707229",
        "amenity": "restaurant",
        "brand": "Denny's",
        "brand:wikidata": "Q1189695",
        "cuisine": "american",
        "name": "Denny's"
      },
      "geometry": {
        "type": "Point",
        "coordinates": [
          -66.0629207,
          18.4252918
        ]
      },
      "id": "node/958707229"
    },
    {
      "type": "Feature",
      "properties": {
        "@id": "way/964734443",
        "amenity": "restaurant",
        "brand": "Denny's",
        "brand:wikidata": "Q1189695",
        "building": "yes",
        "check_date": "2023-04-08",
        "cuisine": "american",
        "name": "Denny's",
        "@geometry": "center"
      },
      "geometry": {
        "type": "Point",
        "coordinates": [
          -117.6018395,
          33.8799687
        ]
      },
      "id": "way/964734443"
    },
    {
      "type": "Feature",
      "properties": {
        "@id": "way/967565878",
        "amenity": "restaurant",
        "brand": "Denny's",
        "brand:wikidata": "Q1189695",
        "building": "yes",
        "cuisine": "american",
        "name": "Denny's",
        "@geometry": "center"
      },
      "geometry": {
        "type": "Point",
        "coordinates": [
          -76.2065109,
          38.9622417
        ]
      },
      "id": "way/967565878"
    },
    {
      "type": "Feature",
      "properties": {
        "@id": "way/972401128",
        "amenity": "restaurant",
        "brand": "Denny's",
        "brand:wikidata": "Q1189695",
        "building": "yes",
        "cuisine": "american",
        "name": "Denny's",
        "@geometry": "center"
      },
      "geometry": {
        "type": "Point",
        "coordinates": [
          -117.4368803,
          34.0107078
        ]
      },
      "id": "way/972401128"
    },
    {
      "type": "Feature",
      "properties": {
        "@id": "way/972713134",
        "addr:city": "Espanola",
        "addr:housenumber": "1317",
        "addr:state": "NM",
        "addr:street": "Riverside Drive",
        "amenity": "restaurant",
        "brand": "Denny's",
        "brand:wikidata": "Q1189695",
        "building": "yes",
        "cuisine": "american",
        "name": "Denny's",
        "@geometry": "center"
      },
      "geometry": {
        "type": "Point",
        "coordinates": [
          -106.0644428,
          36.0107077
        ]
      },
      "id": "way/972713134"
    },
    {
      "type": "Feature",
      "properties": {
        "@id": "way/974211267",
        "amenity": "restaurant",
        "brand": "Denny's",
        "brand:wikidata": "Q1189695",
        "building": "yes",
        "cuisine": "american",
        "name": "Denny's",
        "@geometry": "center"
      },
      "geometry": {
        "type": "Point",
        "coordinates": [
          -117.3981593,
          34.1063858
        ]
      },
      "id": "way/974211267"
    },
    {
      "type": "Feature",
      "properties": {
        "@id": "way/975709430",
        "amenity": "restaurant",
        "brand": "Denny's",
        "brand:wikidata": "Q1189695",
        "building": "yes",
        "cuisine": "american",
        "name": "Denny's",
        "wheelchair": "yes",
        "@geometry": "center"
      },
      "geometry": {
        "type": "Point",
        "coordinates": [
          -110.9837419,
          32.2303717
        ]
      },
      "id": "way/975709430"
    },
    {
      "type": "Feature",
      "properties": {
        "@id": "way/975837984",
        "addr:city": "Wyoming",
        "addr:housenumber": "715",
        "addr:postcode": "49509",
        "addr:state": "MI",
        "addr:street": "44th Street Southwest",
        "amenity": "restaurant",
        "brand": "Denny's",
        "brand:wikidata": "Q1189695",
        "building": "yes",
        "cuisine": "american",
        "name": "Denny's",
        "source": "microsoft/BuildingFootprints",
        "@geometry": "center"
      },
      "geometry": {
        "type": "Point",
        "coordinates": [
          -85.6822095,
          42.8846705
        ]
      },
      "id": "way/975837984"
    },
    {
      "type": "Feature",
      "properties": {
        "@id": "node/977244963",
        "addr:city": "Lehi",
        "addr:housenumber": "101",
        "addr:postcode": "84043",
        "addr:state": "UT",
        "addr:street": "North 1200 East",
        "amenity": "restaurant",
        "brand": "Denny's",
        "brand:wikidata": "Q1189695",
        "cuisine": "american",
        "name": "Denny's",
        "opening_hours": "24/7",
        "phone": "+1 801-766-9129",
        "source": "survey",
        "website": "https://locations.dennys.com/UT/LEHI/248110"
      },
      "geometry": {
        "type": "Point",
        "coordinates": [
          -111.8270793,
          40.389395
        ]
      },
      "id": "node/977244963"
    },
    {
      "type": "Feature",
      "properties": {
        "@id": "way/977686675",
        "addr:city": "Bossier City",
        "addr:housenumber": "1832",
        "addr:postcode": "71111",
        "addr:state": "LA",
        "addr:street": "Old Minden Road",
        "amenity": "restaurant",
        "brand": "Denny's",
        "brand:wikidata": "Q1189695",
        "building": "yes",
        "cuisine": "american",
        "name": "Denny's",
        "@geometry": "center"
      },
      "geometry": {
        "type": "Point",
        "coordinates": [
          -93.7143168,
          32.5159811
        ]
      },
      "id": "way/977686675"
    },
    {
      "type": "Feature",
      "properties": {
        "@id": "way/977727053",
        "addr:city": "Shreveport",
        "addr:housenumber": "9080",
        "addr:postcode": "71118",
        "addr:state": "LA",
        "addr:street": "Mansfield Road",
        "amenity": "restaurant",
        "brand": "Denny's",
        "brand:wikidata": "Q1189695",
        "building": "yes",
        "cuisine": "american",
        "name": "Denny's",
        "@geometry": "center"
      },
      "geometry": {
        "type": "Point",
        "coordinates": [
          -93.7988744,
          32.4088093
        ]
      },
      "id": "way/977727053"
    },
    {
      "type": "Feature",
      "properties": {
        "@id": "way/980179860",
        "amenity": "restaurant",
        "brand": "Denny's",
        "brand:wikidata": "Q1189695",
        "building": "yes",
        "cuisine": "american",
        "name": "Denny's",
        "@geometry": "center"
      },
      "geometry": {
        "type": "Point",
        "coordinates": [
          -120.5590172,
          46.6199355
        ]
      },
      "id": "way/980179860"
    },
    {
      "type": "Feature",
      "properties": {
        "@id": "way/980789803",
        "amenity": "restaurant",
        "brand": "Denny's",
        "brand:wikidata": "Q1189695",
        "building": "yes",
        "cuisine": "american",
        "name": "Denny's",
        "@geometry": "center"
      },
      "geometry": {
        "type": "Point",
        "coordinates": [
          -119.9790687,
          46.3083568
        ]
      },
      "id": "way/980789803"
    },
    {
      "type": "Feature",
      "properties": {
        "@id": "node/984142565",
        "amenity": "restaurant",
        "brand": "Denny's",
        "brand:wikidata": "Q1189695",
        "cuisine": "american",
        "name": "Denny's",
        "source": "usgs_imagery_2006;survey;image",
        "source_ref": "AM909_DSCV9695"
      },
      "geometry": {
        "type": "Point",
        "coordinates": [
          -118.6210538,
          34.4952999
        ]
      },
      "id": "node/984142565"
    },
    {
      "type": "Feature",
      "properties": {
        "@id": "way/990205260",
        "addr:city": "El Paso",
        "addr:housenumber": "9567",
        "addr:postcode": "79924",
        "addr:state": "TX",
        "addr:street": "Dyer Street",
        "amenity": "restaurant",
        "brand": "Denny's",
        "brand:wikidata": "Q1189695",
        "building": "yes",
        "cuisine": "american",
        "name": "Denny's",
        "@geometry": "center"
      },
      "geometry": {
        "type": "Point",
        "coordinates": [
          -106.4191593,
          31.8840849
        ]
      },
      "id": "way/990205260"
    },
    {
      "type": "Feature",
      "properties": {
        "@id": "way/990210998",
        "addr:city": "El Paso",
        "addr:housenumber": "4690",
        "addr:postcode": "79924",
        "addr:state": "TX",
        "addr:street": "Woodrow Bean Transmountain Drive",
        "amenity": "restaurant",
        "brand": "Denny's",
        "brand:wikidata": "Q1189695",
        "building": "yes",
        "cuisine": "american",
        "name": "Denny's",
        "@geometry": "center"
      },
      "geometry": {
        "type": "Point",
        "coordinates": [
          -106.4350991,
          31.8979503
        ]
      },
      "id": "way/990210998"
    },
    {
      "type": "Feature",
      "properties": {
        "@id": "way/990526140",
        "addr:city": "Holbrook",
        "addr:housenumber": "2510",
        "addr:postcode": "86025",
        "addr:state": "AZ",
        "addr:street": "Navajo Boulevard",
        "amenity": "restaurant",
        "brand": "Denny's",
        "brand:wikidata": "Q1189695",
        "building": "yes",
        "cuisine": "american",
        "name": "Denny's",
        "phone": "+1-928-524-2893",
        "@geometry": "center"
      },
      "geometry": {
        "type": "Point",
        "coordinates": [
          -110.136133,
          34.93277
        ]
      },
      "id": "way/990526140"
    },
    {
      "type": "Feature",
      "properties": {
        "@id": "way/990528000",
        "amenity": "restaurant",
        "brand": "Denny's",
        "brand:wikidata": "Q1189695",
        "building": "yes",
        "cuisine": "american",
        "name": "Denny's",
        "@geometry": "center"
      },
      "geometry": {
        "type": "Point",
        "coordinates": [
          -109.5636856,
          36.1564482
        ]
      },
      "id": "way/990528000"
    },
    {
      "type": "Feature",
      "properties": {
        "@id": "way/991802579",
        "addr:city": "Goodyear",
        "addr:housenumber": "1218",
        "addr:postcode": "85395",
        "addr:state": "AZ",
        "addr:street": "North Litchfield Road",
        "amenity": "restaurant",
        "brand": "Denny's",
        "brand:wikidata": "Q1189695",
        "building": "yes",
        "cuisine": "american",
        "name": "Denny's",
        "phone": "+1-623-935-7388",
        "source": "microsoft/BuildingFootprints;esri/USA_NAD_Addresses",
        "website": "https://www.dennys.com",
        "@geometry": "center"
      },
      "geometry": {
        "type": "Point",
        "coordinates": [
          -112.3589162,
          33.4598333
        ]
      },
      "id": "way/991802579"
    },
    {
      "type": "Feature",
      "properties": {
        "@id": "way/992026012",
        "addr:city": "Buckeye",
        "addr:country": "US",
        "addr:housenumber": "441",
        "addr:postcode": "85326",
        "addr:state": "AZ",
        "addr:street": "South Watson Road",
        "amenity": "restaurant",
        "brand": "Denny's",
        "brand:wikidata": "Q1189695",
        "building": "yes",
        "cuisine": "american",
        "name": "Denny's",
        "source": "esri_USDOT_Arizona;microsoft/BuildingFootprints",
        "website": "https://www.dennys.com/",
        "@geometry": "center"
      },
      "geometry": {
        "type": "Point",
        "coordinates": [
          -112.555117,
          33.443242
        ]
      },
      "id": "way/992026012"
    },
    {
      "type": "Feature",
      "properties": {
        "@id": "way/992996401",
        "addr:city": "Pewaukee",
        "addr:housenumber": "2801",
        "addr:postcode": "53072",
        "addr:state": "WI",
        "addr:street": "North Grandview Boulevard",
        "amenity": "restaurant",
        "brand": "Denny's",
        "brand:wikidata": "Q1189695",
        "building": "yes",
        "cuisine": "american",
        "name": "Denny's",
        "@geometry": "center"
      },
      "geometry": {
        "type": "Point",
        "coordinates": [
          -88.2553286,
          43.0429205
        ]
      },
      "id": "way/992996401"
    },
    {
      "type": "Feature",
      "properties": {
        "@id": "way/1001012645",
        "addr:city": "Honolulu",
        "addr:housenumber": "208",
        "addr:postcode": "96815",
        "addr:state": "HI",
        "addr:street": "Kapahulu Avenue",
        "amenity": "restaurant",
        "brand": "Denny's",
        "brand:wikidata": "Q1189695",
        "building": "yes",
        "check_date": "2026-09-02",
        "contact:yelp": "https://www.yelp.com/biz/dennys-honolulu-6",
        "cuisine": "american",
        "name": "Denny's",
        "opening_hours": "Mo-Th 07:00-24:00; Fr-Su 07:00-02:00",
        "phone": "+1-808-922-2500",
        "takeaway": "yes",
        "website": "https://locations.dennys.com/hi/honolulu/249294",
        "@geometry": "center"
      },
      "geometry": {
        "type": "Point",
        "coordinates": [
          -157.8203403,
          21.2721536
        ]
      },
      "id": "way/1001012645"
    },
    {
      "type": "Feature",
      "properties": {
        "@id": "way/1001527844",
        "addr:housenumber": "2380",
        "addr:postcode": "89119",
        "addr:street": "East Tropicana Avenue",
        "amenity": "restaurant",
        "brand": "Denny's",
        "brand:wikidata": "Q1189695",
        "building": "yes",
        "cuisine": "american",
        "name": "Denny's",
        "opening_hours": "24/7",
        "phone": "+17027397001",
        "source": "microsoft/BuildingFootprints",
        "website": "https://www.dennys.com/",
        "@geometry": "center"
      },
      "geometry": {
        "type": "Point",
        "coordinates": [
          -115.119351,
          36.1004145
        ]
      },
      "id": "way/1001527844"
    },
    {
      "type": "Feature",
      "properties": {
        "@id": "way/1009527071",
        "addr:city": "Buffalo",
        "addr:housenumber": "2215",
        "addr:postcode": "14216",
        "addr:state": "NY",
        "addr:street": "Delaware Avenue",
        "amenity": "restaurant",
        "brand": "Denny's",
        "brand:wikidata": "Q1189695",
        "building": "yes",
        "cuisine": "american",
        "indoor_seating": "yes",
        "name": "Denny's",
        "outdoor_seating": "no",
        "phone": "+17168775398",
        "website": "https://locations.dennys.com/NY/BUFFALO/248121",
        "@geometry": "center"
      },
      "geometry": {
        "type": "Point",
        "coordinates": [
          -78.8677288,
          42.9443964
        ]
      },
      "id": "way/1009527071"
    },
    {
      "type": "Feature",
      "properties": {
        "@id": "way/1012911995",
        "addr:city": "Youngstown",
        "addr:housenumber": "4020",
        "addr:postcode": "44505",
        "addr:state": "OH",
        "addr:street": "Belmont Avenue",
        "amenity": "restaurant",
        "brand": "Denny's",
        "brand:wikidata": "Q1189695",
        "building": "commercial",
        "cuisine": "american",
        "name": "Denny's",
        "opening_hours": "24/7",
        "phone": "+1-330-759-0446",
        "website": "https://locations.dennys.com/OH/YOUNGSTOWN/247401",
        "@geometry": "center"
      },
      "geometry": {
        "type": "Point",
        "coordinates": [
          -80.6654433,
          41.1537145
        ]
      },
      "id": "way/1012911995"
    },
    {
      "type": "Feature",
      "properties": {
        "@id": "way/1017274304",
        "addr:city": "Lake Jackson",
        "addr:housenumber": "415",
        "addr:postcode": "77566",
        "addr:state": "TX",
        "addr:street": "This Way",
        "amenity": "restaurant",
        "brand": "Denny's",
        "brand:wikidata": "Q1189695",
        "building": "yes",
        "check_date": "2023-07-22",
        "cuisine": "american",
        "name": "Denny's",
        "opening_hours": "24/7",
        "payment:american_express": "yes",
        "payment:discover_card": "yes",
        "payment:mastercard": "yes",
        "payment:visa": "yes",
        "source": "esri_USDOT_GrayCounty_TX",
        "wheelchair": "yes",
        "@geometry": "center"
      },
      "geometry": {
        "type": "Point",
        "coordinates": [
          -95.4550603,
          29.0391079
        ]
      },
      "id": "way/1017274304"
    },
    {
      "type": "Feature",
      "properties": {
        "@id": "way/1034321887",
        "addr:city": "Tacoma",
        "addr:housenumber": "8614",
        "addr:postcode": "98444",
        "addr:state": "WA",
        "addr:street": "South Hosmer Street",
        "amenity": "restaurant",
        "brand": "Denny's",
        "brand:wikidata": "Q1189695",
        "building": "yes",
        "cuisine": "american",
        "name": "Denny's",
        "source": "esri/Tacoma_WA_Buildings",
        "@geometry": "center"
      },
      "geometry": {
        "type": "Point",
        "coordinates": [
          -122.4641495,
          47.1787687
        ]
      },
      "id": "way/1034321887"
    },
    {
      "type": "Feature",
      "properties": {
        "@id": "way/1036119273",
        "addr:city": "New London",
        "addr:housenumber": "322",
        "addr:postcode": "06320",
        "addr:state": "CT",
        "addr:street": "South Frontage Road",
        "amenity": "restaurant",
        "brand": "Denny's",
        "brand:wikidata": "Q1189695",
        "building": "yes",
        "cuisine": "american",
        "name": "Denny's",
        "opening_hours": "Mo-Su 06:00-24:00",
        "phone": "+1 860 440 3200",
        "@geometry": "center"
      },
      "geometry": {
        "type": "Point",
        "coordinates": [
          -72.1188743,
          41.3690841
        ]
      },
      "id": "way/1036119273"
    },
    {
      "type": "Feature",
      "properties": {
        "@id": "way/1044322930",
        "amenity": "restaurant",
        "brand": "Denny's",
        "brand:wikidata": "Q1189695",
        "building": "yes",
        "cuisine": "american",
        "name": "Denny's",
        "source": "microsoft/BuildingFootprints",
        "@geometry": "center"
      },
      "geometry": {
        "type": "Point",
        "coordinates": [
          -122.1271605,
          38.219704
        ]
      },
      "id": "way/1044322930"
    },
    {
      "type": "Feature",
      "properties": {
        "@id": "way/1053417446",
        "addr:city": "Tucson",
        "addr:housenumber": "4920",
        "addr:postcode": "85741",
        "addr:state": "AZ",
        "addr:street": "West Ina Road",
        "amenity": "restaurant",
        "brand": "Denny's",
        "brand:wikidata": "Q1189695",
        "building": "yes",
        "check_date": "2025-02-22",
        "cuisine": "american",
        "name": "Denny's",
        "opening_hours": "24/7",
        "phone": "+1 520-744-6805",
        "website": "https://locations.dennys.com/AZ/TUCSON/246716",
        "@geometry": "center"
      },
      "geometry": {
        "type": "Point",
        "coordinates": [
          -111.0696846,
          32.3380749
        ]
      },
      "id": "way/1053417446"
    },
    {
      "type": "Feature",
      "properties": {
        "@id": "way/1053793749",
        "amenity": "restaurant",
        "brand": "Denny's",
        "brand:wikidata": "Q1189695",
        "building": "yes",
        "cuisine": "american",
        "name": "Denny's",
        "@geometry": "center"
      },
      "geometry": {
        "type": "Point",
        "coordinates": [
          -82.7332488,
          28.2241097
        ]
      },
      "id": "way/1053793749"
    },
    {
      "type": "Feature",
      "properties": {
        "@id": "way/1055847174",
        "amenity": "restaurant",
        "brand": "Denny's",
        "brand:wikidata": "Q1189695",
        "building": "yes",
        "cuisine": "american",
        "name": "Denny's",
        "@geometry": "center"
      },
      "geometry": {
        "type": "Point",
        "coordinates": [
          -97.5833211,
          30.4984257
        ]
      },
      "id": "way/1055847174"
    },
    {
      "type": "Feature",
      "properties": {
        "@id": "way/1056004604",
        "addr:city": "Locust Grove",
        "addr:housenumber": "1000",
        "addr:postcode": "30248",
        "addr:state": "GA",
        "addr:street": "Tanger Drive",
        "amenity": "restaurant",
        "brand": "Denny's",
        "brand:wikidata": "Q1189695",
        "building": "yes",
        "cuisine": "american",
        "name": "Denny's",
        "opening_hours": "Mo-Sa 10:00-21:00, Su 10:00-19:00",
        "phone": "+1 678 432 4417",
        "source": "microsoft/BuildingFootprints",
        "website": "https://www.tangeroutlet.com/locustgrove/maps#/profile?location=440",
        "@geometry": "center"
      },
      "geometry": {
        "type": "Point",
        "coordinates": [
          -84.1230116,
          33.3484969
        ]
      },
      "id": "way/1056004604"
    },
    {
      "type": "Feature",
      "properties": {
        "@id": "way/1056417900",
        "addr:city": "Springfield",
        "addr:housenumber": "987",
        "addr:postcode": "97477",
        "addr:state": "OR",
        "addr:street": "Kruse Way",
        "amenity": "restaurant",
        "bar": "yes",
        "brand": "Denny's",
        "brand:wikidata": "Q1189695",
        "building": "yes",
        "check_date": "2023-05-04",
        "cuisine": "american",
        "internet_access": "wlan",
        "internet_access:fee": "customers",
        "name": "Denny's",
        "payment:cash": "yes",
        "payment:credit_cards": "yes",
        "phone": "+1 541 744 0602",
        "wheelchair": "yes",
        "@geometry": "center"
      },
      "geometry": {
        "type": "Point",
        "coordinates": [
          -123.0402494,
          44.0823571
        ]
      },
      "id": "way/1056417900"
    },
    {
      "type": "Feature",
      "properties": {
        "@id": "way/1060251024",
        "amenity": "restaurant",
        "brand": "Denny's",
        "brand:wikidata": "Q1189695",
        "building": "yes",
        "cuisine": "american",
        "name": "Denny's",
        "@geometry": "center"
      },
      "geometry": {
        "type": "Point",
        "coordinates": [
          -81.4328682,
          40.7948397
        ]
      },
      "id": "way/1060251024"
    },
    {
      "type": "Feature",
      "properties": {
        "@id": "way/1064302660",
        "addr:city": "Ontario",
        "addr:housenumber": "502",
        "addr:postcode": "91764",
        "addr:state": "CA",
        "addr:street": "Vineyard Avenue",
        "amenity": "restaurant",
        "brand": "Denny's",
        "brand:wikidata": "Q1189695",
        "building": "yes",
        "cuisine": "american",
        "name": "Denny's",
        "@geometry": "center"
      },
      "geometry": {
        "type": "Point",
        "coordinates": [
          -117.6106585,
          34.0684858
        ]
      },
      "id": "way/1064302660"
    },
    {
      "type": "Feature",
      "properties": {
        "@id": "way/1065705068",
        "addr:city": "Hollywood",
        "addr:housenumber": "2541",
        "addr:postcode": "33020",
        "addr:state": "FL",
        "addr:street": "North 29th Avenue",
        "amenity": "restaurant",
        "brand": "Denny's",
        "brand:wikidata": "Q1189695",
        "building": "yes",
        "cuisine": "american",
        "name": "Denny's",
        "source": "microsoft/BuildingFootprints",
        "@geometry": "center"
      },
      "geometry": {
        "type": "Point",
        "coordinates": [
          -80.165223,
          26.034303
        ]
      },
      "id": "way/1065705068"
    },
    {
      "type": "Feature",
      "properties": {
        "@id": "way/1067687815",
        "amenity": "restaurant",
        "brand": "Denny's",
        "brand:wikidata": "Q1189695",
        "building": "yes",
        "cuisine": "american",
        "name": "Denny's",
        "@geometry": "center"
      },
      "geometry": {
        "type": "Point",
        "coordinates": [
          -123.0598415,
          44.6291419
        ]
      },
      "id": "way/1067687815"
    },
    {
      "type": "Feature",
      "properties": {
        "@id": "node/1068789578",
        "addr:city": "Dededo",
        "addr:housenumber": "1088",
        "addr:state": "GU",
        "addr:street": "Marine Corps Drive",
        "amenity": "restaurant",
        "brand": "Denny's",
        "brand:wikidata": "Q1189695",
        "cuisine": "american",
        "name": "Denny's",
        "website": "https://dennysofguam.com/",
        "wheelchair": "yes"
      },
      "geometry": {
        "type": "Point",
        "coordinates": [
          144.81712,
          13.519654
        ]
      },
      "id": "node/1068789578"
    },
    {
      "type": "Feature",
      "properties": {
        "@id": "way/1072468017",
        "addr:city": "Cottonwood",
        "addr:housenumber": "2211",
        "addr:postcode": "86326",
        "addr:state": "AZ",
        "addr:street": "East State Route 89A",
        "amenity": "restaurant",
        "brand": "Denny's",
        "brand:wikidata": "Q1189695",
        "building": "yes",
        "cuisine": "american",
        "name": "Denny's",
        "source": "microsoft/BuildingFootprints;esri/USA_NAD_Addresses",
        "@geometry": "center"
      },
      "geometry": {
        "type": "Point",
        "coordinates": [
          -112.0007995,
          34.7209955
        ]
      },
      "id": "way/1072468017"
    },
    {
      "type": "Feature",
      "properties": {
        "@id": "way/1075463763",
        "addr:city": "Casper",
        "addr:housenumber": "4220",
        "addr:postcode": "82609",
        "addr:state": "WY",
        "addr:street": "Hospitality Lane",
        "amenity": "restaurant",
        "brand": "Denny's",
        "brand:wikidata": "Q1189695",
        "building": "yes",
        "cuisine": "american",
        "name": "Denny's",
        "@geometry": "center"
      },
      "geometry": {
        "type": "Point",
        "coordinates": [
          -106.274189,
          42.8530655
        ]
      },
      "id": "way/1075463763"
    },
    {
      "type": "Feature",
      "properties": {
        "@id": "way/1080419553",
        "amenity": "restaurant",
        "brand": "Denny's",
        "brand:wikidata": "Q1189695",
        "building": "yes",
        "cuisine": "american",
        "name": "Denny's",
        "source": "microsoft/BuildingFootprints",
        "@geometry": "center"
      },
      "geometry": {
        "type": "Point",
        "coordinates": [
          -117.8724885,
          33.8620012
        ]
      },
      "id": "way/1080419553"
    },
    {
      "type": "Feature",
      "properties": {
        "@id": "way/1080421012",
        "amenity": "restaurant",
        "brand": "Denny's",
        "brand:wikidata": "Q1189695",
        "building": "yes",
        "cuisine": "american",
        "name": "Denny's",
        "source": "microsoft/BuildingFootprints",
        "@geometry": "center"
      },
      "geometry": {
        "type": "Point",
        "coordinates": [
          -117.967473,
          33.917957
        ]
      },
      "id": "way/1080421012"
    },
    {
      "type": "Feature",
      "properties": {
        "@id": "way/1080658080",
        "addr:city": "Ridgecrest",
        "addr:housenumber": "104",
        "addr:postcode": "93555",
        "addr:state": "CA",
        "addr:street": "North China Lake Boulevard",
        "air_conditioning": "yes",
        "amenity": "restaurant",
        "brand": "Denny's",
        "brand:wikidata": "Q1189695",
        "building": "yes",
        "cuisine": "american",
        "delivery": "yes",
        "dog": "no",
        "highchair": "no",
        "indoor_seating": "yes",
        "kids_area": "no",
        "name": "Denny's",
        "opening_hours": "24/7",
        "outdoor_seating": "no",
        "payment:cards": "yes",
        "payment:cash": "yes",
        "payment:qr_code": "no",
        "phone": "+1-760-375-5572",
        "reservation": "recommended",
        "service:electricity": "no",
        "smoking": "no",
        "takeaway": "yes",
        "website": "https://locations.dennys.com/CA/RIDGECREST/246371",
        "wheelchair": "yes",
        "@geometry": "center"
      },
      "geometry": {
        "type": "Point",
        "coordinates": [
          -117.6692946,
          35.6231029
        ]
      },
      "id": "way/1080658080"
    },
    {
      "type": "Feature",
      "properties": {
        "@id": "way/1086237805",
        "addr:city": "Peñitas",
        "addr:housenumber": "1815",
        "addr:postcode": "78576",
        "addr:state": "TX",
        "addr:street": "East Expressway 83",
        "amenity": "restaurant",
        "brand": "Denny's",
        "brand:wikidata": "Q1189695",
        "building": "yes",
        "cuisine": "american",
        "name": "Denny's",
        "@geometry": "center"
      },
      "geometry": {
        "type": "Point",
        "coordinates": [
          -98.4413698,
          26.243784
        ]
      },
      "id": "way/1086237805"
    },
    {
      "type": "Feature",
      "properties": {
        "@id": "way/1087366654",
        "addr:city": "Rancho Cordova",
        "addr:housenumber": "2474",
        "addr:postcode": "95670",
        "addr:state": "CA",
        "addr:street": "Sunrise Boulevard",
        "amenity": "restaurant",
        "brand": "Denny's",
        "brand:wikidata": "Q1189695",
        "building": "yes",
        "cuisine": "american",
        "name": "Denny's",
        "@geometry": "center"
      },
      "geometry": {
        "type": "Point",
        "coordinates": [
          -121.2700648,
          38.6145239
        ]
      },
      "id": "way/1087366654"
    },
    {
      "type": "Feature",
      "properties": {
        "@id": "way/1096157930",
        "amenity": "restaurant",
        "brand": "Denny's",
        "brand:wikidata": "Q1189695",
        "building": "yes",
        "cuisine": "american",
        "name": "Denny's",
        "opening_hours": "24/7",
        "@geometry": "center"
      },
      "geometry": {
        "type": "Point",
        "coordinates": [
          -95.497912,
          29.7147358
        ]
      },
      "id": "way/1096157930"
    },
    {
      "type": "Feature",
      "properties": {
        "@id": "way/1098027445",
        "addr:city": "Klamath Falls",
        "addr:housenumber": "2947",
        "addr:postcode": "97603",
        "addr:state": "OR",
        "addr:street": "South 6th Street",
        "amenity": "restaurant",
        "brand": "Denny's",
        "brand:wikidata": "Q1189695",
        "building": "yes",
        "cuisine": "american",
        "name": "Denny's",
        "@geometry": "center"
      },
      "geometry": {
        "type": "Point",
        "coordinates": [
          -121.7524408,
          42.2094403
        ]
      },
      "id": "way/1098027445"
    },
    {
      "type": "Feature",
      "properties": {
        "@id": "way/1098565888",
        "amenity": "restaurant",
        "brand": "Denny's",
        "brand:wikidata": "Q1189695",
        "building": "yes",
        "cuisine": "american",
        "name": "Denny's",
        "source": "microsoft/BuildingFootprints",
        "@geometry": "center"
      },
      "geometry": {
        "type": "Point",
        "coordinates": [
          -82.3351369,
          26.938273
        ]
      },
      "id": "way/1098565888"
    },
    {
      "type": "Feature",
      "properties": {
        "@id": "way/1100956386",
        "addr:city": "Rio Grande City",
        "addr:housenumber": "4756",
        "addr:state": "TX",
        "addr:street": "East US Highway 83",
        "amenity": "restaurant",
        "brand": "Denny's",
        "brand:wikidata": "Q1189695",
        "building": "yes",
        "cuisine": "american",
        "name": "Denny's",
        "@geometry": "center"
      },
      "geometry": {
        "type": "Point",
        "coordinates": [
          -98.7906327,
          26.3635896
        ]
      },
      "id": "way/1100956386"
    },
    {
      "type": "Feature",
      "properties": {
        "@id": "way/1102314096",
        "amenity": "restaurant",
        "brand": "Denny's",
        "brand:wikidata": "Q1189695",
        "building": "yes",
        "cuisine": "american",
        "name": "Denny's",
        "@geometry": "center"
      },
      "geometry": {
        "type": "Point",
        "coordinates": [
          -88.9962661,
          40.5309888
        ]
      },
      "id": "way/1102314096"
    },
    {
      "type": "Feature",
      "properties": {
        "@id": "node/1103490135",
        "addr:city": "El Monte",
        "addr:housenumber": "9804",
        "addr:state": "CA",
        "addr:street": "Flair Drive",
        "amenity": "restaurant",
        "brand": "Denny's",
        "brand:wikidata": "Q1189695",
        "cuisine": "american",
        "name": "Denny's",
        "opening_hours": "24/7",
        "source": "bing_imagery_0.06m_200801;survey;image",
        "source_ref": "AM909_IMG_0294",
        "website": "https://locations.dennys.com/CA/EL-MONTE/248076"
      },
      "geometry": {
        "type": "Point",
        "coordinates": [
          -118.055111,
          34.0718709
        ]
      },
      "id": "node/1103490135"
    },
    {
      "type": "Feature",
      "properties": {
        "@id": "way/1115819600",
        "addr:city": "Murrieta",
        "addr:housenumber": "36490",
        "addr:postcode": "92563",
        "addr:state": "CA",
        "addr:street": "Winchester Road",
        "amenity": "restaurant",
        "brand": "Denny's",
        "brand:wikidata": "Q1189695",
        "building": "retail",
        "cuisine": "american",
        "name": "Denny's",
        "source": "microsoft/BuildingFootprints",
        "@geometry": "center"
      },
      "geometry": {
        "type": "Point",
        "coordinates": [
          -117.1253776,
          33.5912372
        ]
      },
      "id": "way/1115819600"
    },
    {
      "type": "Feature",
      "properties": {
        "@id": "way/1118221231",
        "amenity": "restaurant",
        "brand": "Denny's",
        "brand:wikidata": "Q1189695",
        "building": "yes",
        "cuisine": "american",
        "name": "Denny's",
        "@geometry": "center"
      },
      "geometry": {
        "type": "Point",
        "coordinates": [
          -88.9705768,
          38.6240238
        ]
      },
      "id": "way/1118221231"
    },
    {
      "type": "Feature",
      "properties": {
        "@id": "node/1119459393",
        "amenity": "restaurant",
        "brand": "Denny's",
        "brand:wikidata": "Q1189695",
        "cuisine": "american",
        "name": "Denny's"
      },
      "geometry": {
        "type": "Point",
        "coordinates": [
          -94.1879474,
          36.3356281
        ]
      },
      "id": "node/1119459393"
    },
    {
      "type": "Feature",
      "properties": {
        "@id": "way/1125738659",
        "addr:city": "Irvine",
        "addr:housenumber": "14962",
        "addr:postcode": "92618",
        "addr:state": "CA",
        "addr:street": "Sand Canyon Avenue",
        "amenity": "restaurant",
        "brand": "Denny's",
        "brand:wikidata": "Q1189695",
        "building": "yes",
        "cuisine": "american",
        "height": "5.8",
        "name": "Denny's",
        "source": "usgs_imagery;survey;image",
        "source_ref": "AM909_DSCV0871",
        "@geometry": "center"
      },
      "geometry": {
        "type": "Point",
        "coordinates": [
          -117.7589715,
          33.6763596
        ]
      },
      "id": "way/1125738659"
    },
    {
      "type": "Feature",
      "properties": {
        "@id": "way/1130554772",
        "addr:city": "Rosenburg",
        "addr:housenumber": "350",
        "addr:postcode": "97470",
        "addr:state": "OR",
        "addr:street": "West Harvard Avenue",
        "amenity": "restaurant",
        "brand": "Denny's",
        "brand:wikidata": "Q1189695",
        "building": "yes",
        "check_date": "2024-12-31",
        "cuisine": "american",
        "name": "Denny's",
        "opening_hours": "24/7",
        "payment:cash": "yes",
        "payment:credit_cards": "yes",
        "payment:debit_cards": "yes",
        "source": "microsoft/BuildingFootprints",
        "@geometry": "center"
      },
      "geometry": {
        "type": "Point",
        "coordinates": [
          -123.3524534,
          43.2130408
        ]
      },
      "id": "way/1130554772"
    },
    {
      "type": "Feature",
      "properties": {
        "@id": "way/1133062180",
        "addr:city": "Midvale",
        "addr:housenumber": "401",
        "addr:postcode": "84047",
        "addr:state": "UT",
        "addr:street": "West 7200 South",
        "amenity": "restaurant",
        "brand": "Denny's",
        "brand:wikidata": "Q1189695",
        "building": "yes",
        "check_date": "2024-10-09",
        "cuisine": "american",
        "name": "Denny's",
        "opening_hours": "24/7",
        "phone": "+1 801-561-4112",
        "source": "official website",
        "takeaway": "yes",
        "website": "https://locations.dennys.com/UT/MIDVALE/247481",
        "@geometry": "center"
      },
      "geometry": {
        "type": "Point",
        "coordinates": [
          -111.9010723,
          40.6202833
        ]
      },
      "id": "way/1133062180"
    },
    {
      "type": "Feature",
      "properties": {
        "@id": "way/1135119773",
        "addr:city": "Plant City",
        "addr:housenumber": "2001",
        "addr:state": "FL",
        "addr:street": "South Frontage Road",
        "amenity": "restaurant",
        "brand": "Denny's",
        "brand:wikidata": "Q1189695",
        "building": "yes",
        "cuisine": "american",
        "name": "Denny's",
        "source": "esri/Tampa_FL_Buildings",
        "start_date": "1988",
        "@geometry": "center"
      },
      "geometry": {
        "type": "Point",
        "coordinates": [
          -82.1038296,
          28.0352894
        ]
      },
      "id": "way/1135119773"
    },
    {
      "type": "Feature",
      "properties": {
        "@id": "way/1136841830",
        "addr:housenumber": "27960",
        "addr:street": "Southwest Freeway",
        "amenity": "restaurant",
        "brand": "Denny's",
        "brand:wikidata": "Q1189695",
        "building": "yes",
        "cuisine": "american",
        "name": "Denny's",
        "@geometry": "center"
      },
      "geometry": {
        "type": "Point",
        "coordinates": [
          -95.8049906,
          29.532905
        ]
      },
      "id": "way/1136841830"
    },
    {
      "type": "Feature",
      "properties": {
        "@id": "way/1138191330",
        "addr:city": "Arnold",
        "addr:country": "US",
        "addr:housenumber": "1203",
        "addr:postcode": "63010",
        "addr:state": "MO",
        "addr:street": "Drury Lane",
        "amenity": "restaurant",
        "brand": "Denny's",
        "brand:wikidata": "Q1189695",
        "building": "yes",
        "contact:phone": "+1-636-296-9477",
        "cuisine": "american",
        "internet_access": "wlan",
        "internet_access:fee": "no",
        "internet_access:ssid": "Dennys_Guest_WIFI",
        "name": "Denny's",
        "source:addr": "https://locations.dennys.com/MO/ARNOLD/248815",
        "source:contact:phone": "https://locations.dennys.com/MO/ARNOLD/248815",
        "website": "https://www.dennys.com/",
        "@geometry": "center"
      },
      "geometry": {
        "type": "Point",
        "coordinates": [
          -90.3779296,
          38.4444422
        ]
      },
      "id": "way/1138191330"
    },
    {
      "type": "Feature",
      "properties": {
        "@id": "way/1144044852",
        "addr:city": "Mesa",
        "addr:housenumber": "5854",
        "addr:postcode": "85215",
        "addr:state": "AZ",
        "addr:street": "East Longbow Parkway",
        "amenity": "restaurant",
        "brand": "Denny's",
        "brand:wikidata": "Q1189695",
        "building": "yes",
        "cuisine": "american",
        "name": "Denny's",
        "opening_hours": "24/7",
        "website": "https://locations.dennys.com/AZ/MESA/249645",
        "@geometry": "center"
      },
      "geometry": {
        "type": "Point",
        "coordinates": [
          -111.7036097,
          33.4723843
        ]
      },
      "id": "way/1144044852"
    },
    {
      "type": "Feature",
      "properties": {
        "@id": "way/1144440629",
        "amenity": "restaurant",
        "brand": "Denny's",
        "brand:wikidata": "Q1189695",
        "building": "yes",
        "cuisine": "american",
        "name": "Denny's",
        "@geometry": "center"
      },
      "geometry": {
        "type": "Point",
        "coordinates": [
          -118.9365274,
          34.1892771
        ]
      },
      "id": "way/1144440629"
    },
    {
      "type": "Feature",
      "properties": {
        "@id": "way/1177459559",
        "addr:city": "Las Vegas",
        "addr:housenumber": "9840",
        "addr:postcode": "89183",
        "addr:state": "NV",
        "addr:street": "South Las Vegas Boulevard",
        "amenity": "restaurant",
        "brand": "Denny's",
        "brand:wikidata": "Q1189695",
        "building": "yes",
        "cuisine": "american",
        "name": "Denny's",
        "@geometry": "center"
      },
      "geometry": {
        "type": "Point",
        "coordinates": [
          -115.1717968,
          36.01132
        ]
      },
      "id": "way/1177459559"
    },
    {
      "type": "Feature",
      "properties": {
        "@id": "way/1178787963",
        "addr:city": "Porterville",
        "addr:housenumber": "1262",
        "addr:postcode": "93257",
        "addr:state": "CA",
        "addr:street": "West Henderson Avenue",
        "amenity": "restaurant",
        "brand": "Denny's",
        "brand:wikidata": "Q1189695",
        "building": "yes",
        "check_date": "2024-10-09",
        "cuisine": "american",
        "name": "Denny's",
        "opening_hours": "24/7",
        "phone": "+1 559-791-9170",
        "source": "microsoft/BuildingFootprints;official website",
        "takeaway": "yes",
        "website": "https://locations.dennys.com/CA/PORTERVILLE/247761",
        "@geometry": "center"
      },
      "geometry": {
        "type": "Point",
        "coordinates": [
          -119.0453745,
          36.080761
        ]
      },
      "id": "way/1178787963"
    },
    {
      "type": "Feature",
      "properties": {
        "@id": "way/1185532051",
        "amenity": "restaurant",
        "brand": "Denny's",
        "brand:wikidata": "Q1189695",
        "building": "yes",
        "cuisine": "american",
        "name": "Denny's",
        "@geometry": "center"
      },
      "geometry": {
        "type": "Point",
        "coordinates": [
          -118.4664882,
          34.1713249
        ]
      },
      "id": "way/1185532051"
    },
    {
      "type": "Feature",
      "properties": {
        "@id": "way/1186232692",
        "amenity": "restaurant",
        "brand": "Denny's",
        "brand:wikidata": "Q1189695",
        "building": "yes",
        "cuisine": "american",
        "name": "Denny's",
        "@geometry": "center"
      },
      "geometry": {
        "type": "Point",
        "coordinates": [
          -115.1357917,
          36.2839837
        ]
      },
      "id": "way/1186232692"
    },
    {
      "type": "Feature",
      "properties": {
        "@id": "way/1190685915",
        "amenity": "restaurant",
        "brand": "Denny's",
        "brand:wikidata": "Q1189695",
        "building": "yes",
        "cuisine": "american",
        "name": "Denny's",
        "@geometry": "center"
      },
      "geometry": {
        "type": "Point",
        "coordinates": [
          -85.701486,
          37.994572
        ]
      },
      "id": "way/1190685915"
    },
    {
      "type": "Feature",
      "properties": {
        "@id": "way/1191622485",
        "addr:city": "Palm Bay",
        "addr:housenumber": "840",
        "addr:postcode": "32905",
        "addr:state": "FL",
        "addr:street": "Palm Bay Road Northeast",
        "amenity": "restaurant",
        "brand": "Denny's",
        "brand:wikidata": "Q1189695",
        "building": "yes",
        "cuisine": "american",
        "name": "Denny's",
        "opening_hours": "Mo-Su 00:00-24:00",
        "phone": "+1 321-676-4433",
        "website": "https://locations.dennys.com/fl/palm-bay/247017",
        "website:menu": "https://dennys.com/#top-menu-section",
        "@geometry": "center"
      },
      "geometry": {
        "type": "Point",
        "coordinates": [
          -80.6481554,
          28.0346676
        ]
      },
      "id": "way/1191622485"
    },
    {
      "type": "Feature",
      "properties": {
        "@id": "way/1201589092",
        "amenity": "restaurant",
        "brand": "Denny's",
        "brand:wikidata": "Q1189695",
        "building": "yes",
        "cuisine": "american",
        "name": "Denny's",
        "@geometry": "center"
      },
      "geometry": {
        "type": "Point",
        "coordinates": [
          -92.6486084,
          37.6683964
        ]
      },
      "id": "way/1201589092"
    },
    {
      "type": "Feature",
      "properties": {
        "@id": "way/1201597812",
        "amenity": "restaurant",
        "brand": "Denny's",
        "brand:wikidata": "Q1189695",
        "building": "yes",
        "cuisine": "american",
        "name": "Denny's",
        "@geometry": "center"
      },
      "geometry": {
        "type": "Point",
        "coordinates": [
          -94.393164,
          36.84045
        ]
      },
      "id": "way/1201597812"
    },
    {
      "type": "Feature",
      "properties": {
        "@id": "way/1201625343",
        "amenity": "restaurant",
        "brand": "Denny's",
        "brand:wikidata": "Q1189695",
        "building": "yes",
        "cuisine": "american",
        "name": "Denny's",
        "@geometry": "center"
      },
      "geometry": {
        "type": "Point",
        "coordinates": [
          -119.2500499,
          35.7909871
        ]
      },
      "id": "way/1201625343"
    },
    {
      "type": "Feature",
      "properties": {
        "@id": "way/1203027899",
        "amenity": "restaurant",
        "brand": "Denny's",
        "brand:wikidata": "Q1189695",
        "building": "yes",
        "cuisine": "american",
        "name": "Denny's",
        "@geometry": "center"
      },
      "geometry": {
        "type": "Point",
        "coordinates": [
          -98.3464259,
          29.5554927
        ]
      },
      "id": "way/1203027899"
    },
    {
      "type": "Feature",
      "properties": {
        "@id": "way/1203413800",
        "amenity": "restaurant",
        "brand": "Denny's",
        "brand:wikidata": "Q1189695",
        "building": "yes",
        "cuisine": "american",
        "name": "Denny's",
        "@geometry": "center"
      },
      "geometry": {
        "type": "Point",
        "coordinates": [
          -92.9963285,
          45.5087093
        ]
      },
      "id": "way/1203413800"
    },
    {
      "type": "Feature",
      "properties": {
        "@id": "way/1205382652",
        "addr:city": "Nacogdoches",
        "addr:housenumber": "2615",
        "addr:postcode": "75964",
        "addr:state": "TX",
        "addr:street": "North Stallings Drive",
        "amenity": "restaurant",
        "brand": "Denny's",
        "brand:wikidata": "Q1189695",
        "building": "yes",
        "cuisine": "american",
        "name": "Denny's",
        "@geometry": "center"
      },
      "geometry": {
        "type": "Point",
        "coordinates": [
          -94.6792741,
          31.6518365
        ]
      },
      "id": "way/1205382652"
    },
    {
      "type": "Feature",
      "properties": {
        "@id": "way/1208894511",
        "addr:city": "Tampa",
        "addr:country": "US",
        "addr:housenumber": "2004",
        "addr:postcode": "33607",
        "addr:state": "FL",
        "addr:street": "North Dale Mabry Highway",
        "amenity": "restaurant",
        "brand": "Denny's",
        "brand:wikidata": "Q1189695",
        "changing_table": "no",
        "cuisine": "american",
        "landuse": "commercial",
        "name": "Denny's",
        "opening_hours": "24/7",
        "operator": "RREMC Restaurants, LLC",
        "phone": "+1 813-877-6311",
        "smoking": "no",
        "takeaway": "yes",
        "toilets": "yes",
        "toilets:access": "customers",
        "toilets:wheelchair": "designated",
        "website": "https://locations.dennys.com/FL/TAMPA/246844",
        "@geometry": "center"
      },
      "geometry": {
        "type": "Point",
        "coordinates": [
          -82.5062839,
          27.9598058
        ]
      },
      "id": "way/1208894511"
    },
    {
      "type": "Feature",
      "properties": {
        "@id": "way/1213386405",
        "addr:city": "Turlock",
        "addr:housenumber": "1991",
        "addr:postcode": "95380",
        "addr:street": "Lander Avenue",
        "amenity": "restaurant",
        "brand": "Denny's",
        "brand:wikidata": "Q1189695",
        "building": "yes",
        "cuisine": "american",
        "name": "Denny's",
        "opening_hours": "24/7",
        "wheelchair": "yes",
        "@geometry": "center"
      },
      "geometry": {
        "type": "Point",
        "coordinates": [
          -120.8496184,
          37.4748975
        ]
      },
      "id": "way/1213386405"
    },
    {
      "type": "Feature",
      "properties": {
        "@id": "way/1216931130",
        "addr:city": "Hickory Hills",
        "addr:housenumber": "7627",
        "addr:postcode": "60457",
        "addr:state": "IL",
        "addr:street": "West 95th Street",
        "amenity": "restaurant",
        "brand": "Denny's",
        "brand:wikidata": "Q1189695",
        "building": "retail",
        "cuisine": "american",
        "name": "Denny's",
        "website": "https://locations.dennys.com/IL/HICKORY-HILLS/247981",
        "@geometry": "center"
      },
      "geometry": {
        "type": "Point",
        "coordinates": [
          -87.8090688,
          41.7184179
        ]
      },
      "id": "way/1216931130"
    },
    {
      "type": "Feature",
      "properties": {
        "@id": "node/1219348099",
        "addr:city": "Clive",
        "addr:housenumber": "11820",
        "addr:postcode": "50325",
        "addr:state": "IA",
        "addr:street": "Hickman Road",
        "amenity": "restaurant",
        "brand": "Denny's",
        "brand:wikidata": "Q1189695",
        "cuisine": "american",
        "name": "Denny's",
        "opening_hours": "Mo,Sa,Su 08:00-20:00; Tu,We 09:00-20:00; Th,Fr 07:00-22:00",
        "phone": "+1 515-331-0249",
        "website": "https://locations.dennys.com/IA/CLIVE/248669"
      },
      "geometry": {
        "type": "Point",
        "coordinates": [
          -93.7809703,
          41.6135494
        ]
      },
      "id": "node/1219348099"
    },
    {
      "type": "Feature",
      "properties": {
        "@id": "node/1235360214",
        "addr:city": "Hallandale Beach",
        "addr:housenumber": "1025",
        "addr:postcode": "33009",
        "addr:state": "FL",
        "addr:street": "West Hallandale Beach Boulevard",
        "amenity": "restaurant",
        "brand": "Denny's",
        "brand:wikidata": "Q1189695",
        "check_date": "2024-08-19",
        "cuisine": "american",
        "name": "Denny's",
        "opening_hours": "24/7",
        "phone": "+1 954-458-0306",
        "source": "official website",
        "takeaway": "yes",
        "website": "https://locations.dennys.com/FL/HALLANDALE-BEACH/247454"
      },
      "geometry": {
        "type": "Point",
        "coordinates": [
          -80.1629764,
          25.9847753
        ]
      },
      "id": "node/1235360214"
    },
    {
      "type": "Feature",
      "properties": {
        "@id": "way/1236679989",
        "addr:city": "Las Vegas",
        "addr:housenumber": "6300",
        "addr:postcode": "89146",
        "addr:state": "NV",
        "addr:street": "West Charleston Boulevard",
        "addr:unit": "110",
        "amenity": "restaurant",
        "brand": "Denny's",
        "brand:wikidata": "Q1189695",
        "building": "retail",
        "cuisine": "american",
        "name": "Denny's",
        "source": "microsoft/BuildingFootprints",
        "@geometry": "center"
      },
      "geometry": {
        "type": "Point",
        "coordinates": [
          -115.2306525,
          36.1594681
        ]
      },
      "id": "way/1236679989"
    },
    {
      "type": "Feature",
      "properties": {
        "@id": "way/1236725171",
        "addr:city": "Las Vegas",
        "addr:housenumber": "3081",
        "addr:postcode": "89109",
        "addr:state": "NV",
        "addr:street": "South Maryland Parkway",
        "amenity": "restaurant",
        "brand": "Denny's",
        "brand:wikidata": "Q1189695",
        "building": "yes",
        "cuisine": "american",
        "name": "Denny's",
        "opening_hours": "24/7",
        "phone": "+1-702-734-1295",
        "ref": "8659",
        "source": "microsoft/BuildingFootprints",
        "website": "https://www.dennys.com",
        "@geometry": "center"
      },
      "geometry": {
        "type": "Point",
        "coordinates": [
          -115.1373198,
          36.1338909
        ]
      },
      "id": "way/1236725171"
    },
    {
      "type": "Feature",
      "properties": {
        "@id": "way/1236725970",
        "addr:city": "Las Vegas",
        "addr:housenumber": "1822",
        "addr:postcode": "89104",
        "addr:state": "NV",
        "addr:street": "South Las Vegas Boulevard",
        "amenity": "restaurant",
        "brand": "Denny's",
        "brand:wikidata": "Q1189695",
        "building": "retail",
        "contact:phone": "+1 702-384-5624",
        "cuisine": "american",
        "name": "Denny's",
        "name:en": "Denny's",
        "source": "microsoft/BuildingFootprints",
        "website": "https://www.dennys.com/",
        "@geometry": "center"
      },
      "geometry": {
        "type": "Point",
        "coordinates": [
          -115.1539217,
          36.1496991
        ]
      },
      "id": "way/1236725970"
    },
    {
      "type": "Feature",
      "properties": {
        "@id": "way/1239549355",
        "addr:housenumber": "5187",
        "addr:street": "East Los Angeles Avenue",
        "amenity": "restaurant",
        "brand": "Denny's",
        "brand:wikidata": "Q1189695",
        "building": "yes",
        "check_date": "2024-03-09",
        "cuisine": "american",
        "name": "Denny's",
        "opening_hours": "24/7",
        "payment:cash": "yes",
        "payment:credit_cards": "yes",
        "payment:debit_cards": "yes",
        "phone": "+1 805-823-2594",
        "website": "https://locations.dennys.com/CA/SIMI-VALLEY/249391",
        "@geometry": "center"
      },
      "geometry": {
        "type": "Point",
        "coordinates": [
          -118.6918887,
          34.2721899
        ]
      },
      "id": "way/1239549355"
    },
    {
      "type": "Feature",
      "properties": {
        "@id": "way/1239805881",
        "amenity": "restaurant",
        "brand": "Denny's",
        "brand:wikidata": "Q1189695",
        "building": "yes",
        "cuisine": "american",
        "name": "Denny's",
        "@geometry": "center"
      },
      "geometry": {
        "type": "Point",
        "coordinates": [
          -94.7869696,
          32.1513601
        ]
      },
      "id": "way/1239805881"
    },
    {
      "type": "Feature",
      "properties": {
        "@id": "way/1243927051",
        "addr:city": "Las Vegas",
        "addr:housenumber": "7341",
        "addr:postcode": "89128",
        "addr:state": "NV",
        "addr:street": "West Lake Mead Boulevard",
        "amenity": "restaurant",
        "brand": "Denny's",
        "brand:wikidata": "Q1189695",
        "building": "commercial",
        "cuisine": "american",
        "internet_access": "wlan",
        "name": "Denny's",
        "opening_hours": "24/7",
        "phone": "+1 702-240-6015",
        "source": "microsoft/BuildingFootprints",
        "website": "https://www.dennys.com/",
        "@geometry": "center"
      },
      "geometry": {
        "type": "Point",
        "coordinates": [
          -115.2524414,
          36.1956086
        ]
      },
      "id": "way/1243927051"
    },
    {
      "type": "Feature",
      "properties": {
        "@id": "way/1245725275",
        "addr:city": "West Memphis",
        "addr:housenumber": "3400",
        "addr:postcode": "72301",
        "addr:state": "AR",
        "addr:street": "Service Loop Road",
        "amenity": "restaurant",
        "brand": "Denny's",
        "brand:wikidata": "Q1189695",
        "building:part": "yes",
        "cuisine": "american",
        "name": "Denny's",
        "phone": "+1 870 400 2094;+1 800 694 0707",
        "@geometry": "center"
      },
      "geometry": {
        "type": "Point",
        "coordinates": [
          -90.1440209,
          35.1543002
        ]
      },
      "id": "way/1245725275"
    },
    {
      "type": "Feature",
      "properties": {
        "@id": "way/1247632701",
        "addr:city": "Maryland Heights",
        "addr:housenumber": "12319",
        "addr:postcode": "63043",
        "addr:state": "MO",
        "addr:street": "Dorsett Road",
        "amenity": "restaurant",
        "brand": "Denny's",
        "brand:wikidata": "Q1189695",
        "building": "yes",
        "cuisine": "american",
        "name": "Denny's",
        "@geometry": "center"
      },
      "geometry": {
        "type": "Point",
        "coordinates": [
          -90.4486759,
          38.7149592
        ]
      },
      "id": "way/1247632701"
    },
    {
      "type": "Feature",
      "properties": {
        "@id": "way/1247655560",
        "addr:city": "Hazelwood",
        "addr:housenumber": "5789",
        "addr:postcode": "63042",
        "addr:state": "MO",
        "addr:street": "Campus Parkway",
        "amenity": "restaurant",
        "brand": "Denny's",
        "brand:wikidata": "Q1189695",
        "building": "yes",
        "cuisine": "american",
        "name": "Denny's",
        "@geometry": "center"
      },
      "geometry": {
        "type": "Point",
        "coordinates": [
          -90.3887311,
          38.7759891
        ]
      },
      "id": "way/1247655560"
    },
    {
      "type": "Feature",
      "properties": {
        "@id": "way/1247680417",
        "addr:city": "Sacramento",
        "addr:housenumber": "5460",
        "addr:postcode": "95823",
        "addr:state": "CA",
        "addr:street": "Florin Road",
        "amenity": "restaurant",
        "brand": "Denny's",
        "brand:wikidata": "Q1189695",
        "building": "yes",
        "cuisine": "american",
        "name": "Denny's",
        "@geometry": "center"
      },
      "geometry": {
        "type": "Point",
        "coordinates": [
          -121.4425373,
          38.4956426
        ]
      },
      "id": "way/1247680417"
    },
    {
      "type": "Feature",
      "properties": {
        "@id": "way/1247682159",
        "addr:city": "Avenel",
        "addr:housenumber": "1286",
        "addr:postcode": "07001",
        "addr:state": "NJ",
        "addr:street": "St. George's Avenue",
        "amenity": "restaurant",
        "brand": "Denny's",
        "brand:wikidata": "Q1189695",
        "building": "yes",
        "cuisine": "american",
        "name": "Denny's",
        "@geometry": "center"
      },
      "geometry": {
        "type": "Point",
        "coordinates": [
          -74.2927174,
          40.5826965
        ]
      },
      "id": "way/1247682159"
    },
    {
      "type": "Feature",
      "properties": {
        "@id": "way/1247682758",
        "addr:city": "Johnston",
        "addr:housenumber": "1450",
        "addr:postcode": "02919",
        "addr:state": "RI",
        "addr:street": "Hartford Avenue",
        "amenity": "restaurant",
        "brand": "Denny's",
        "brand:wikidata": "Q1189695",
        "building": "yes",
        "cuisine": "american",
        "name": "Denny's",
        "@geometry": "center"
      },
      "geometry": {
        "type": "Point",
        "coordinates": [
          -71.5018223,
          41.8240578
        ]
      },
      "id": "way/1247682758"
    },
    {
      "type": "Feature",
      "properties": {
        "@id": "way/1247770830",
        "addr:city": "Brandon",
        "addr:housenumber": "1301",
        "addr:postcode": "33511",
        "addr:state": "FL",
        "addr:street": "West Brandon Boulevard",
        "amenity": "restaurant",
        "brand": "Denny's",
        "brand:wikidata": "Q1189695",
        "building": "yes",
        "cuisine": "american",
        "name": "Denny's",
        "@geometry": "center"
      },
      "geometry": {
        "type": "Point",
        "coordinates": [
          -82.3024899,
          27.9371559
        ]
      },
      "id": "way/1247770830"
    },
    {
      "type": "Feature",
      "properties": {
        "@id": "node/1248867461",
        "addr:city": "Wildomar",
        "addr:housenumber": "23857",
        "addr:postcode": "92595",
        "addr:state": "CA",
        "addr:street": "Clinton Keith Road",
        "amenity": "restaurant",
        "brand": "Denny's",
        "brand:wikidata": "Q1189695",
        "check_date": "2024-10-09",
        "cuisine": "american",
        "indoor_seating": "yes",
        "name": "Denny's",
        "opening_hours": "Mo-We,Su 06:30-24:00; Th-Sa 04:00-24:00",
        "outdoor_seating": "no",
        "phone": "+1 951-600-7773",
        "source": "official website",
        "takeaway": "yes",
        "website": "https://locations.dennys.com/CA/WILDOMAR/247830"
      },
      "geometry": {
        "type": "Point",
        "coordinates": [
          -117.242688,
          33.5945535
        ]
      },
      "id": "node/1248867461"
    },
    {
      "type": "Feature",
      "properties": {
        "@id": "way/1257095943",
        "amenity": "restaurant",
        "brand": "Denny's",
        "brand:wikidata": "Q1189695",
        "building": "yes",
        "cuisine": "american",
        "name": "Denny's",
        "@geometry": "center"
      },
      "geometry": {
        "type": "Point",
        "coordinates": [
          -122.2303463,
          38.124184
        ]
      },
      "id": "way/1257095943"
    },
    {
      "type": "Feature",
      "properties": {
        "@id": "way/1257653287",
        "addr:city": "Las Vegas",
        "addr:housenumber": "5175",
        "addr:postcode": "89139",
        "addr:state": "NV",
        "addr:street": "Blue Diamond Road",
        "addr:unit": "100-115",
        "amenity": "restaurant",
        "brand": "Denny's",
        "brand:wikidata": "Q1189695",
        "building": "retail",
        "check_date": "2024-10-09",
        "cuisine": "american",
        "name": "Denny's",
        "opening_hours": "24/7",
        "phone": "+1 702-966-8551",
        "source": "official website",
        "takeaway": "yes",
        "website": "https://locations.dennys.com/NV/LAS-VEGAS/249626",
        "@geometry": "center"
      },
      "geometry": {
        "type": "Point",
        "coordinates": [
          -115.2112517,
          36.030477
        ]
      },
      "id": "way/1257653287"
    },
    {
      "type": "Feature",
      "properties": {
        "@id": "way/1264703197",
        "addr:housenumber": "3881",
        "addr:postcode": "89103",
        "addr:street": "West Flamingo Road",
        "air_conditioning": "yes",
        "amenity": "restaurant",
        "brand": "Denny's",
        "brand:wikidata": "Q1189695",
        "building": "retail",
        "contact:phone": "+1 702-625-5371",
        "cuisine": "american",
        "name": "Denny's",
        "opening_hours": "24/7",
        "website": "https://www.dennys.com/",
        "@geometry": "center"
      },
      "geometry": {
        "type": "Point",
        "coordinates": [
          -115.1918077,
          36.1151267
        ]
      },
      "id": "way/1264703197"
    },
    {
      "type": "Feature",
      "properties": {
        "@id": "way/1265987608",
        "amenity": "restaurant",
        "brand": "Denny's",
        "brand:wikidata": "Q1189695",
        "building": "yes",
        "check_date": "2025-03-01",
        "cuisine": "american",
        "name": "Denny's",
        "@geometry": "center"
      },
      "geometry": {
        "type": "Point",
        "coordinates": [
          -112.7389218,
          33.9814894
        ]
      },
      "id": "way/1265987608"
    },
    {
      "type": "Feature",
      "properties": {
        "@id": "way/1268415892",
        "addr:city": "Fresno",
        "addr:housenumber": "30",
        "addr:postcode": "93720",
        "addr:state": "CA",
        "addr:street": "East Herndon Avenue",
        "amenity": "restaurant",
        "brand": "Denny's",
        "brand:wikidata": "Q1189695",
        "building": "yes",
        "cuisine": "american",
        "name": "Denny's",
        "opening_hours": "24/7",
        "phone": "+1-559-435-5638",
        "website": "https://locations.dennys.com/CA/FRESNO/249548?utm_source=yext&utm_medium=local-listing&utm_campaign=yext-listing&y_source=1_MjIyODQ5My03MTUtbG9jYXRpb24ud2Vic2l0ZQ%3D%3D",
        "website:menu": "https://www.dennys.com/menu?y_source=1_MjIyODQ5My03MTUtbG9jYXRpb24ubWVudV91cmw%3D",
        "@geometry": "center"
      },
      "geometry": {
        "type": "Point",
        "coordinates": [
          -119.7895065,
          36.8377693
        ]
      },
      "id": "way/1268415892"
    },
    {
      "type": "Feature",
      "properties": {
        "@id": "way/1270651071",
        "addr:city": "Oak Lawn",
        "addr:housenumber": "9217",
        "addr:postcode": "60453",
        "addr:state": "IL",
        "addr:street": "South Cicero Avenue",
        "amenity": "restaurant",
        "brand": "Denny's",
        "brand:wikidata": "Q1189695",
        "building": "retail",
        "cuisine": "american",
        "name": "Denny's",
        "@geometry": "center"
      },
      "geometry": {
        "type": "Point",
        "coordinates": [
          -87.7405468,
          41.7250708
        ]
      },
      "id": "way/1270651071"
    },
    {
      "type": "Feature",
      "properties": {
        "@id": "way/1271040038",
        "addr:city": "Fresno",
        "addr:housenumber": "1746",
        "addr:postcode": "93711",
        "addr:state": "CA",
        "addr:street": "West Shaw Avenue",
        "amenity": "restaurant",
        "brand": "Denny's",
        "brand:wikidata": "Q1189695",
        "building": "yes",
        "check_date": "2026-08-12",
        "cuisine": "american",
        "name": "Denny's",
        "opening_hours": "24/7",
        "phone": "+1-559-432-3806",
        "website": "https://locations.dennys.com/CA/FRESNO/247815",
        "website:menu": "https://www.dennys.com/menu",
        "@geometry": "center"
      },
      "geometry": {
        "type": "Point",
        "coordinates": [
          -119.8249919,
          36.8086426
        ]
      },
      "id": "way/1271040038"
    },
    {
      "type": "Feature",
      "properties": {
        "@id": "way/1274185133",
        "amenity": "restaurant",
        "brand": "Denny's",
        "brand:wikidata": "Q1189695",
        "building": "yes",
        "cuisine": "american",
        "name": "Denny's",
        "source": "microsoft/BuildingFootprints",
        "@geometry": "center"
      },
      "geometry": {
        "type": "Point",
        "coordinates": [
          -115.1175429,
          36.1961223
        ]
      },
      "id": "way/1274185133"
    },
    {
      "type": "Feature",
      "properties": {
        "@id": "way/1274314483",
        "addr:city": "Laveen Village",
        "addr:housenumber": "5995",
        "addr:postcode": "85339",
        "addr:state": "AZ",
        "addr:street": "West Baseline Road",
        "amenity": "restaurant",
        "brand": "Denny's",
        "brand:wikidata": "Q1189695",
        "building": "yes",
        "cuisine": "american",
        "name": "Denny's",
        "source": "esri/USA_NAD_Addresses",
        "@geometry": "center"
      },
      "geometry": {
        "type": "Point",
        "coordinates": [
          -112.1883799,
          33.37695
        ]
      },
      "id": "way/1274314483"
    },
    {
      "type": "Feature",
      "properties": {
        "@id": "way/1280259849",
        "amenity": "restaurant",
        "brand": "Denny's",
        "brand:wikidata": "Q1189695",
        "building": "yes",
        "cuisine": "american",
        "name": "Denny's",
        "@geometry": "center"
      },
      "geometry": {
        "type": "Point",
        "coordinates": [
          -122.2925431,
          47.1067979
        ]
      },
      "id": "way/1280259849"
    },
    {
      "type": "Feature",
      "properties": {
        "@id": "way/1284824463",
        "addr:city": "Oakland",
        "addr:housenumber": "1000",
        "addr:postcode": "21550",
        "addr:state": "MD",
        "addr:street": "Starlite Plaza",
        "amenity": "restaurant",
        "branch": "6460",
        "brand": "Denny's",
        "brand:wikidata": "Q1189695",
        "building": "yes",
        "building:levels": "1",
        "cuisine": "american",
        "internet_access": "wlan",
        "internet_access:fee": "no",
        "internet_access:ssid": "Dennys Guest Wifi",
        "name": "Denny's",
        "@geometry": "center"
      },
      "geometry": {
        "type": "Point",
        "coordinates": [
          -79.4008952,
          39.4188475
        ]
      },
      "id": "way/1284824463"
    },
    {
      "type": "Feature",
      "properties": {
        "@id": "way/1285748931",
        "addr:city": "Phoenix",
        "addr:housenumber": "9950",
        "addr:postcode": "85353",
        "addr:state": "AZ",
        "addr:street": "West Lower Buckeye Road",
        "amenity": "restaurant",
        "brand": "Denny's",
        "brand:wikidata": "Q1189695",
        "building": "yes",
        "cuisine": "american",
        "name": "Denny's",
        "source": "microsoft/BuildingFootprints;esri/USA_NAD_Addresses",
        "@geometry": "center"
      },
      "geometry": {
        "type": "Point",
        "coordinates": [
          -112.274216,
          33.4217319
        ]
      },
      "id": "way/1285748931"
    },
    {
      "type": "Feature",
      "properties": {
        "@id": "way/1287936191",
        "addr:city": "Post Falls",
        "addr:housenumber": "1670",
        "addr:postcode": "83854",
        "addr:state": "ID",
        "addr:street": "East Schneidmiller Avenue",
        "amenity": "restaurant",
        "brand": "Denny's",
        "brand:wikidata": "Q1189695",
        "building": "yes",
        "cuisine": "american",
        "name": "Denny's",
        "@geometry": "center"
      },
      "geometry": {
        "type": "Point",
        "coordinates": [
          -116.9206825,
          47.7117353
        ]
      },
      "id": "way/1287936191"
    },
    {
      "type": "Feature",
      "properties": {
        "@id": "way/1295638535",
        "addr:city": "Tulare",
        "addr:housenumber": "795",
        "addr:postcode": "93274",
        "addr:state": "CA",
        "addr:street": "East Prosperity Avenue",
        "amenity": "restaurant",
        "brand": "Denny's",
        "brand:wikidata": "Q1189695",
        "building": "yes",
        "building:levels": "1",
        "cuisine": "american",
        "name": "Denny's",
        "@geometry": "center"
      },
      "geometry": {
        "type": "Point",
        "coordinates": [
          -119.3372012,
          36.2255473
        ]
      },
      "id": "way/1295638535"
    },
    {
      "type": "Feature",
      "properties": {
        "@id": "way/1296204740",
        "addr:city": "Spanaway",
        "addr:housenumber": "20420",
        "addr:postcode": "98387",
        "addr:state": "WA",
        "addr:street": "Mountain Highway East",
        "air_conditioning": "yes",
        "amenity": "restaurant",
        "brand": "Denny's",
        "brand:wikidata": "Q1189695",
        "building": "yes",
        "cuisine": "american",
        "name": "Denny's",
        "opening_hours": "24/7",
        "phone": "+1-253-271-6370",
        "website": "https://locations.dennys.com/WA/SPANAWAY/248803?utm_source=yext&utm_medium=local-listing&utm_campaign=yext-listing&y_source=1_MjIyODI0My03MTUtbG9jYXRpb24ud2Vic2l0ZQ%3D%3D",
        "wheelchair": "yes",
        "@geometry": "center"
      },
      "geometry": {
        "type": "Point",
        "coordinates": [
          -122.4196903,
          47.0714894
        ]
      },
      "id": "way/1296204740"
    },
    {
      "type": "Feature",
      "properties": {
        "@id": "way/1299141432",
        "addr:country": "US",
        "addr:housenumber": "110",
        "addr:street": "Bonita Road",
        "amenity": "restaurant",
        "brand": "Denny's",
        "brand:wikidata": "Q1189695",
        "building": "retail",
        "cuisine": "american",
        "height": "4.57",
        "name": "Denny's",
        "opening_hours": "24/7",
        "source": "esri/Chula_Vista_CA_Buildings;SanGIS Addresses Public Domain (http://www.sangis.org/)",
        "wheelchair": "yes",
        "@geometry": "center"
      },
      "geometry": {
        "type": "Point",
        "coordinates": [
          -117.063102,
          32.6476901
        ]
      },
      "id": "way/1299141432"
    },
    {
      "type": "Feature",
      "properties": {
        "@id": "node/1299184156",
        "addr:city": "Lakeland",
        "addr:housenumber": "4325",
        "addr:postcode": "33813",
        "addr:state": "FL",
        "addr:street": "South Florida Avenue",
        "amenity": "restaurant",
        "brand": "Denny's",
        "brand:wikidata": "Q1189695",
        "check_date": "2024-08-19",
        "cuisine": "american",
        "name": "Denny's",
        "opening_hours": "24/7",
        "phone": "+1 863-646-4074",
        "source": "official website",
        "takeaway": "yes",
        "website": "https://locations.dennys.com/FL/LAKELAND/246824"
      },
      "geometry": {
        "type": "Point",
        "coordinates": [
          -81.9573766,
          27.9864072
        ]
      },
      "id": "node/1299184156"
    },
    {
      "type": "Feature",
      "properties": {
        "@id": "way/1299416258",
        "amenity": "restaurant",
        "brand": "Denny's",
        "brand:wikidata": "Q1189695",
        "building": "yes",
        "cuisine": "american",
        "name": "Denny's",
        "@geometry": "center"
      },
      "geometry": {
        "type": "Point",
        "coordinates": [
          -124.1952201,
          41.7554179
        ]
      },
      "id": "way/1299416258"
    },
    {
      "type": "Feature",
      "properties": {
        "@id": "way/1302872347",
        "addr:city": "Roanoke",
        "addr:housenumber": "3429",
        "addr:postcode": "24012",
        "addr:state": "VA",
        "addr:street": "Orange Avenue Northeast",
        "amenity": "restaurant",
        "brand": "Denny's",
        "brand:wikidata": "Q1189695",
        "building": "yes",
        "cuisine": "american",
        "name": "Denny's",
        "phone": "+1-540-344-9193",
        "website": "https://locations.dennys.com/VA/ROANOKE/246973",
        "@geometry": "center"
      },
      "geometry": {
        "type": "Point",
        "coordinates": [
          -79.892178,
          37.302058
        ]
      },
      "id": "way/1302872347"
    },
    {
      "type": "Feature",
      "properties": {
        "@id": "way/1307897529",
        "addr:city": "Eagle Pass",
        "addr:housenumber": "564",
        "addr:postcode": "78852",
        "addr:state": "TX",
        "addr:street": "South Bibb Avenue",
        "amenity": "restaurant",
        "brand": "Denny's",
        "brand:wikidata": "Q1189695",
        "building": "yes",
        "cuisine": "american",
        "name": "Denny's",
        "opening_hours": "24/7",
        "phone": "+1-830-752-9044",
        "@geometry": "center"
      },
      "geometry": {
        "type": "Point",
        "coordinates": [
          -100.4833979,
          28.6993159
        ]
      },
      "id": "way/1307897529"
    },
    {
      "type": "Feature",
      "properties": {
        "@id": "way/1314086614",
        "amenity": "restaurant",
        "brand": "Denny's",
        "brand:wikidata": "Q1189695",
        "building": "retail",
        "cuisine": "american",
        "name": "Denny's",
        "@geometry": "center"
      },
      "geometry": {
        "type": "Point",
        "coordinates": [
          -117.0477056,
          32.7740961
        ]
      },
      "id": "way/1314086614"
    },
    {
      "type": "Feature",
      "properties": {
        "@id": "way/1330653470",
        "addr:city": "Franklin Park",
        "addr:housenumber": "2447",
        "addr:postcode": "60131",
        "addr:state": "IL",
        "addr:street": "North Mannheim Road",
        "amenity": "restaurant",
        "brand": "Denny's",
        "brand:wikidata": "Q1189695",
        "building": "retail",
        "check_date": "2024-08-22",
        "cuisine": "american",
        "name": "Denny's",
        "phone": "+1 847-455-5805",
        "takeaway": "yes",
        "website": "https://locations.dennys.com/IL/FRANKLIN-PARK/248056",
        "@geometry": "center"
      },
      "geometry": {
        "type": "Point",
        "coordinates": [
          -87.8839455,
          41.9242829
        ]
      },
      "id": "way/1330653470"
    },
    {
      "type": "Feature",
      "properties": {
        "@id": "way/1333227100",
        "addr:city": "Conway",
        "addr:housenumber": "900",
        "addr:postcode": "72032",
        "addr:state": "AR",
        "addr:street": "Crain Drive",
        "amenity": "restaurant",
        "brand": "Denny's",
        "brand:wikidata": "Q1189695",
        "building": "retail",
        "cuisine": "american",
        "name": "Denny's",
        "opening_hours": "24/7",
        "phone": "+1-501-504-6965",
        "website": "https://locations.dennys.com/ar/conway/249534",
        "@geometry": "center"
      },
      "geometry": {
        "type": "Point",
        "coordinates": [
          -92.4145365,
          35.0677747
        ]
      },
      "id": "way/1333227100"
    },
    {
      "type": "Feature",
      "properties": {
        "@id": "way/1379031775",
        "amenity": "restaurant",
        "brand": "Denny's",
        "brand:wikidata": "Q1189695",
        "building": "yes",
        "cuisine": "american",
        "name": "Denny's",
        "source": "survey",
        "@geometry": "center"
      },
      "geometry": {
        "type": "Point",
        "coordinates": [
          -91.7631199,
          45.5110588
        ]
      },
      "id": "way/1379031775"
    },
    {
      "type": "Feature",
      "properties": {
        "@id": "way/1381561598",
        "addr:city": "Las Vegas",
        "addr:housenumber": "3001",
        "addr:postcode": "89109",
        "addr:street": "South Las Vegas Boulevard",
        "amenity": "restaurant",
        "brand": "Denny's",
        "brand:wikidata": "Q1189695",
        "building": "commercial",
        "cuisine": "american",
        "internet_access": "wlan",
        "name": "Denny's",
        "opening_hours": "24/7",
        "phone": "+1 702-413-1923",
        "website": "https://www.dennys.com",
        "@geometry": "center"
      },
      "geometry": {
        "type": "Point",
        "coordinates": [
          -115.1638394,
          36.1329263
        ]
      },
      "id": "way/1381561598"
    },
    {
      "type": "Feature",
      "properties": {
        "@id": "way/1386060863",
        "addr:city": "Colton",
        "addr:housenumber": "160",
        "addr:postcode": "92324",
        "addr:state": "CA",
        "addr:street": "West Valley Boulevard",
        "amenity": "restaurant",
        "brand": "Denny's",
        "brand:wikidata": "Q1189695",
        "building": "yes",
        "cuisine": "american",
        "name": "Denny's",
        "@geometry": "center"
      },
      "geometry": {
        "type": "Point",
        "coordinates": [
          -117.3254139,
          34.0666927
        ]
      },
      "id": "way/1386060863"
    },
    {
      "type": "Feature",
      "properties": {
        "@id": "way/1386068691",
        "amenity": "restaurant",
        "brand": "Denny's",
        "brand:wikidata": "Q1189695",
        "building": "yes",
        "cuisine": "american",
        "name": "Denny's",
        "@geometry": "center"
      },
      "geometry": {
        "type": "Point",
        "coordinates": [
          -121.0303426,
          37.666148
        ]
      },
      "id": "way/1386068691"
    },
    {
      "type": "Feature",
      "properties": {
        "@id": "way/1396135985",
        "amenity": "restaurant",
        "brand": "Denny's",
        "brand:wikidata": "Q1189695",
        "building": "retail",
        "cuisine": "american",
        "name": "Denny's",
        "website": "https://www.dennys.com/",
        "@geometry": "center"
      },
      "geometry": {
        "type": "Point",
        "coordinates": [
          -87.8520745,
          41.1631231
        ]
      },
      "id": "way/1396135985"
    },
    {
      "type": "Feature",
      "properties": {
        "@id": "way/1408425133",
        "amenity": "restaurant",
        "brand": "Denny's",
        "brand:wikidata": "Q1189695",
        "building": "yes",
        "cuisine": "american",
        "name": "Denny's",
        "@geometry": "center"
      },
      "geometry": {
        "type": "Point",
        "coordinates": [
          -120.99346,
          37.6457609
        ]
      },
      "id": "way/1408425133"
    },
    {
      "type": "Feature",
      "properties": {
        "@id": "way/1409802152",
        "amenity": "restaurant",
        "brand": "Denny's",
        "brand:wikidata": "Q1189695",
        "building": "retail",
        "cuisine": "american",
        "name": "Denny's",
        "@geometry": "center"
      },
      "geometry": {
        "type": "Point",
        "coordinates": [
          -90.140227,
          32.3999157
        ]
      },
      "id": "way/1409802152"
    },
    {
      "type": "Feature",
      "properties": {
        "@id": "way/1411710413",
        "addr:city": "Spring",
        "addr:housenumber": "20015",
        "addr:postcode": "77388",
        "addr:state": "TX",
        "addr:street": "I-45 North",
        "amenity": "restaurant",
        "brand": "Denny's",
        "brand:wikidata": "Q1189695",
        "building": "yes",
        "check_date": "2024-05-16",
        "cuisine": "american",
        "name": "Denny's",
        "opening_hours": "24/7",
        "phone": "+1 281-350-6184",
        "source": "official website",
        "takeaway": "yes",
        "website": "https://locations.dennys.com/TX/SPRING/247621",
        "@geometry": "center"
      },
      "geometry": {
        "type": "Point",
        "coordinates": [
          -95.4331968,
          30.0542572
        ]
      },
      "id": "way/1411710413"
    },
    {
      "type": "Feature",
      "properties": {
        "@id": "way/1411757678",
        "amenity": "restaurant",
        "brand": "Denny's",
        "brand:wikidata": "Q1189695",
        "building": "yes",
        "building:parts": "yes",
        "cuisine": "american",
        "layer": "1",
        "name": "Denny's",
        "@geometry": "center"
      },
      "geometry": {
        "type": "Point",
        "coordinates": [
          -121.1370219,
          36.2049962
        ]
      },
      "id": "way/1411757678"
    },
    {
      "type": "Feature",
      "properties": {
        "@id": "way/1427584006",
        "addr:city": "Fresno",
        "addr:housenumber": "1110",
        "addr:postcode": "93710",
        "addr:state": "CA",
        "addr:street": "East Shaw Avenue",
        "amenity": "restaurant",
        "brand": "Denny's",
        "brand:wikidata": "Q1189695",
        "building": "yes",
        "cuisine": "american",
        "name": "Denny's",
        "opening_hours": "24/7",
        "phone": "+1-559-222-4630",
        "website": "https://locations.dennys.com/CA/FRESNO/248721",
        "website:menu": "https://www.dennys.com/location/dennys-8721/menu",
        "@geometry": "center"
      },
      "geometry": {
        "type": "Point",
        "coordinates": [
          -119.7698822,
          36.8089685
        ]
      },
      "id": "way/1427584006"
    },
    {
      "type": "Feature",
      "properties": {
        "@id": "node/1432852055",
        "addr:city": "Spring Hill",
        "addr:housenumber": "1445",
        "addr:postcode": "34607",
        "addr:state": "FL",
        "addr:street": "Wendy Court",
        "amenity": "restaurant",
        "brand": "Denny's",
        "brand:wikidata": "Q1189695",
        "check_date": "2024-08-19",
        "cuisine": "american",
        "name": "Denny's",
        "opening_hours": "24/7",
        "phone": "+1 352-666-5152",
        "takeaway": "yes",
        "website": "https://locations.dennys.com/FL/SPRING-HILL/246931"
      },
      "geometry": {
        "type": "Point",
        "coordinates": [
          -82.6300659,
          28.4556702
        ]
      },
      "id": "node/1432852055"
    },
    {
      "type": "Feature",
      "properties": {
        "@id": "way/1442063480",
        "addr:city": "Wheat Ridge",
        "addr:housenumber": "9930",
        "addr:postcode": "80033",
        "addr:state": "CO",
        "addr:street": "West 49th Avenue",
        "amenity": "restaurant",
        "brand": "Denny's",
        "brand:wikidata": "Q1189695",
        "building": "restaurant",
        "cuisine": "american",
        "name": "Denny's",
        "opening_hours": "24/7",
        "phone": "+1-303-423-0716",
        "website": "https://locations.dennys.com/CO/WHEAT-RIDGE/248718",
        "@geometry": "center"
      },
      "geometry": {
        "type": "Point",
        "coordinates": [
          -105.1087572,
          39.7852283
        ]
      },
      "id": "way/1442063480"
    },
    {
      "type": "Feature",
      "properties": {
        "@id": "way/1449495845",
        "addr:city": "Kyle",
        "addr:housenumber": "19020",
        "addr:postcode": "78640",
        "addr:state": "TX",
        "addr:street": "S I-35 Frontage Rd",
        "amenity": "restaurant",
        "brand": "Denny's",
        "brand:wikidata": "Q1189695",
        "building": "yes",
        "cuisine": "american",
        "name": "Denny's",
        "opening_hours": "24/7",
        "phone": "+17373340695",
        "website": "https://locations.dennys.com/TX/KYLE/249653?utm_source=G&utm_medium=organic&utm_campaign=DAC",
        "@geometry": "center"
      },
      "geometry": {
        "type": "Point",
        "coordinates": [
          -97.8491766,
          30.031101
        ]
      },
      "id": "way/1449495845"
    },
    {
      "type": "Feature",
      "properties": {
        "@id": "way/1452542616",
        "addr:city": "San Leandro",
        "addr:housenumber": "1803",
        "addr:postcode": "94577",
        "addr:state": "CA",
        "addr:street": "Marina Boulevard",
        "amenity": "restaurant",
        "brand": "Denny's",
        "brand:wikidata": "Q1189695",
        "building": "yes",
        "cuisine": "american",
        "name": "Denny's",
        "phone": "+15103513989",
        "website": "https://dennys.com",
        "@geometry": "center"
      },
      "geometry": {
        "type": "Point",
        "coordinates": [
          -122.1695174,
          37.7089443
        ]
      },
      "id": "way/1452542616"
    },
    {
      "type": "Feature",
      "properties": {
        "@id": "way/1453489875",
        "addr:city": "Maricopa",
        "addr:housenumber": "21195",
        "addr:postcode": "85138",
        "addr:state": "AZ",
        "addr:street": "North John Wayne Parkway",
        "amenity": "restaurant",
        "brand": "Denny's",
        "brand:wikidata": "Q1189695",
        "building": "yes",
        "cuisine": "american",
        "name": "Denny's",
        "source": "esri/USA_NAD_Addresses",
        "@geometry": "center"
      },
      "geometry": {
        "type": "Point",
        "coordinates": [
          -112.0442344,
          33.0712817
        ]
      },
      "id": "way/1453489875"
    },
    {
      "type": "Feature",
      "properties": {
        "@id": "node/1459203422",
        "amenity": "restaurant",
        "brand": "Denny's",
        "brand:wikidata": "Q1189695",
        "cuisine": "american",
        "name": "Denny's",
        "opening_hours": "Su 04:00-03:00, Mo 04:00-24:00, Tu 05:00-24:00, We 05:00-03:00, Th-Sa 04:00-03:00"
      },
      "geometry": {
        "type": "Point",
        "coordinates": [
          -117.2016166,
          32.8325199
        ]
      },
      "id": "node/1459203422"
    },
    {
      "type": "Feature",
      "properties": {
        "@id": "way/1459878934",
        "amenity": "restaurant",
        "brand": "Denny's",
        "brand:wikidata": "Q1189695",
        "building": "yes",
        "cuisine": "american",
        "name": "Denny's",
        "@geometry": "center"
      },
      "geometry": {
        "type": "Point",
        "coordinates": [
          -117.2722099,
          34.1361357
        ]
      },
      "id": "way/1459878934"
    },
    {
      "type": "Feature",
      "properties": {
        "@id": "node/1466035315",
        "addr:city": "Eureka",
        "addr:housenumber": "136",
        "addr:postcode": "95501",
        "addr:state": "CA",
        "addr:street": "5th Street",
        "air_conditioning": "yes",
        "amenity": "restaurant",
        "bar": "no",
        "brand": "Denny's",
        "brand:wikidata": "Q1189695",
        "cuisine": "american",
        "name": "Denny's",
        "opening_hours": "closed",
        "outdoor_seating": "no",
        "smoking": "no",
        "takeaway": "yes",
        "toilets": "yes",
        "website": "https://locations.dennys.com/CA/EUREKA/247449",
        "wheelchair": "yes"
      },
      "geometry": {
        "type": "Point",
        "coordinates": [
          -124.169399,
          40.8012736
        ]
      },
      "id": "node/1466035315"
    },
    {
      "type": "Feature",
      "properties": {
        "@id": "node/1475231748",
        "addr:city": "Jarrell",
        "addr:housenumber": "11710",
        "addr:postcode": "76537",
        "addr:state": "TX",
        "addr:street": "North Interstate 35",
        "amenity": "restaurant",
        "brand": "Denny's",
        "brand:wikidata": "Q1189695",
        "cuisine": "american",
        "delivery": "no",
        "name": "Denny's",
        "opening_hours": "Mo-Su 07:00-22:00",
        "phone": "+1-512-746-2082",
        "safety:mask:covid19": "yes",
        "takeaway": "yes",
        "website": "https://www.dennys.com/",
        "wheelchair": "yes"
      },
      "geometry": {
        "type": "Point",
        "coordinates": [
          -97.6115939,
          30.8112203
        ]
      },
      "id": "node/1475231748"
    },
    {
      "type": "Feature",
      "properties": {
        "@id": "node/1477428966",
        "amenity": "restaurant",
        "brand": "Denny's",
        "brand:wikidata": "Q1189695",
        "cuisine": "american",
        "name": "Denny's"
      },
      "geometry": {
        "type": "Point",
        "coordinates": [
          -97.7052248,
          30.3325149
        ]
      },
      "id": "node/1477428966"
    },
    {
      "type": "Feature",
      "properties": {
        "@id": "way/1490677759",
        "addr:city": "New Boston",
        "addr:housenumber": "1888",
        "addr:postcode": "75570",
        "addr:state": "TX",
        "addr:street": "US Highway 82 West",
        "amenity": "restaurant",
        "brand": "Denny's",
        "brand:wikidata": "Q1189695",
        "building": "yes",
        "cuisine": "american",
        "name": "Denny's",
        "@geometry": "center"
      },
      "geometry": {
        "type": "Point",
        "coordinates": [
          -94.453872,
          33.4696181
        ]
      },
      "id": "way/1490677759"
    },
    {
      "type": "Feature",
      "properties": {
        "@id": "node/1499348637",
        "addr:city": "Orlando",
        "addr:housenumber": "5725",
        "addr:postcode": "32822",
        "addr:state": "FL",
        "addr:street": "T.G. Lee Boulevard",
        "amenity": "restaurant",
        "brand": "Denny's",
        "brand:wikidata": "Q1189695",
        "check_date": "2024-09-27",
        "cuisine": "american",
        "name": "Denny's",
        "opening_hours": "24/7",
        "phone": "+1 407-438-8811",
        "ref": "6425",
        "takeaway": "yes",
        "website": "https://locations.dennys.com/FL/ORLANDO/246425",
        "wheelchair": "yes"
      },
      "geometry": {
        "type": "Point",
        "coordinates": [
          -81.3092272,
          28.4607928
        ]
      },
      "id": "node/1499348637"
    },
    {
      "type": "Feature",
      "properties": {
        "@id": "way/1513726112",
        "addr:housenumber": "3135",
        "addr:street": "Avanzando Road Southwest",
        "amenity": "restaurant",
        "brand": "Denny's",
        "brand:wikidata": "Q1189695",
        "building": "yes",
        "cuisine": "american",
        "name": "Denny's",
        "@geometry": "center"
      },
      "geometry": {
        "type": "Point",
        "coordinates": [
          -106.7076141,
          35.0268979
        ]
      },
      "id": "way/1513726112"
    },
    {
      "type": "Feature",
      "properties": {
        "@id": "way/1514060570",
        "addr:city": "Thatcher",
        "addr:postcode": "85552",
        "addr:state": "AZ",
        "addr:street": "West Thatcher Boulevard",
        "amenity": "restaurant",
        "brand": "Denny's",
        "brand:wikidata": "Q1189695",
        "building": "yes",
        "cuisine": "american",
        "name": "Denny's",
        "opening_hours": "24/7",
        "toilets": "yes",
        "@geometry": "center"
      },
      "geometry": {
        "type": "Point",
        "coordinates": [
          -109.747424,
          32.8471849
        ]
      },
      "id": "way/1514060570"
    },
    {
      "type": "Feature",
      "properties": {
        "@id": "way/1519711163",
        "addr:city": "Hermiston",
        "addr:housenumber": "2265",
        "addr:postcode": "97838",
        "addr:state": "OR",
        "addr:street": "South Highway 395",
        "amenity": "restaurant",
        "brand": "Denny's",
        "brand:wikidata": "Q1189695",
        "building": "yes",
        "cuisine": "american",
        "name": "Denny's",
        "@geometry": "center"
      },
      "geometry": {
        "type": "Point",
        "coordinates": [
          -119.2620242,
          45.8184978
        ]
      },
      "id": "way/1519711163"
    },
    {
      "type": "Feature",
      "properties": {
        "@id": "way/1525625381",
        "addr:city": "Beaver",
        "addr:postcode": "84713",
        "addr:state": "UT",
        "amenity": "restaurant",
        "brand": "Denny's",
        "brand:wikidata": "Q1189695",
        "building": "retail",
        "cuisine": "american",
        "name": "Denny's",
        "@geometry": "center"
      },
      "geometry": {
        "type": "Point",
        "coordinates": [
          -112.652893,
          38.2941441
        ]
      },
      "id": "way/1525625381"
    },
    {
      "type": "Feature",
      "properties": {
        "@id": "way/1533140679",
        "amenity": "restaurant",
        "brand": "Denny's",
        "brand:wikidata": "Q1189695",
        "building": "yes",
        "cuisine": "american",
        "name": "Denny's",
        "@geometry": "center"
      },
      "geometry": {
        "type": "Point",
        "coordinates": [
          -95.3158562,
          29.896983
        ]
      },
      "id": "way/1533140679"
    },
    {
      "type": "Feature",
      "properties": {
        "@id": "node/1545329529",
        "addr:city": "Queensbury",
        "addr:housenumber": "248",
        "addr:postcode": "12804",
        "addr:state": "NY",
        "addr:street": "Quaker Road",
        "amenity": "restaurant",
        "brand": "Denny's",
        "brand:wikidata": "Q1189695",
        "check_date": "2024-08-19",
        "cuisine": "american",
        "name": "Denny's",
        "opening_hours": "Mo-We 07:00-24:00; Th-Su 00:00-24:00",
        "phone": "+1 518-798-4388",
        "takeaway": "yes",
        "website": "https://locations.dennys.com/NY/QUEENSBURY/247305"
      },
      "geometry": {
        "type": "Point",
        "coordinates": [
          -73.6510686,
          43.3319109
        ]
      },
      "id": "node/1545329529"
    },
    {
      "type": "Feature",
      "properties": {
        "@id": "way/1549517857",
        "amenity": "restaurant",
        "brand": "Denny's",
        "brand:wikidata": "Q1189695",
        "building": "commercial",
        "cuisine": "american",
        "name": "Denny's",
        "@geometry": "center"
      },
      "geometry": {
        "type": "Point",
        "coordinates": [
          -82.1860494,
          29.1869514
        ]
      },
      "id": "way/1549517857"
    },
    {
      "type": "Feature",
      "properties": {
        "@id": "way/1554314659",
        "addr:city": "Ceres",
        "addr:housenumber": "1507",
        "addr:postcode": "95307",
        "addr:state": "CA",
        "addr:street": "Herndon Road",
        "amenity": "restaurant",
        "brand": "Denny's",
        "brand:wikidata": "Q1189695",
        "building": "yes",
        "cuisine": "american",
        "name": "Denny's",
        "@geometry": "center"
      },
      "geometry": {
        "type": "Point",
        "coordinates": [
          -120.9747281,
          37.6084406
        ]
      },
      "id": "way/1554314659"
    },
    {
      "type": "Feature",
      "properties": {
        "@id": "way/1556423042",
        "amenity": "restaurant",
        "brand": "Denny's",
        "brand:wikidata": "Q1189695",
        "cuisine": "american",
        "indoor": "room",
        "name": "Denny's",
        "room": "restaurant",
        "@geometry": "center"
      },
      "geometry": {
        "type": "Point",
        "coordinates": [
          -117.0816761,
          34.8545243
        ]
      },
      "id": "way/1556423042"
    },
    {
      "type": "Feature",
      "properties": {
        "@id": "node/1578848367",
        "amenity": "restaurant",
        "brand": "Denny's",
        "brand:wikidata": "Q1189695",
        "cuisine": "american",
        "name": "Denny's"
      },
      "geometry": {
        "type": "Point",
        "coordinates": [
          -110.6742305,
          35.0152363
        ]
      },
      "id": "node/1578848367"
    },
    {
      "type": "Feature",
      "properties": {
        "@id": "node/1580029658",
        "addr:housenumber": "7071",
        "addr:postcode": "89129",
        "addr:street": "Craig Road",
        "amenity": "restaurant",
        "brand": "Denny's",
        "brand:wikidata": "Q1189695",
        "cuisine": "american",
        "name": "Denny's",
        "opening_hours": "24/7",
        "phone": "+1-702-395-9116",
        "website": "https://www.dennys.com/"
      },
      "geometry": {
        "type": "Point",
        "coordinates": [
          -115.2482826,
          36.2385515
        ]
      },
      "id": "node/1580029658"
    },
    {
      "type": "Feature",
      "properties": {
        "@id": "node/1626413959",
        "addr:city": "Lockport",
        "addr:housenumber": "5699",
        "addr:postcode": "14094",
        "addr:state": "NY",
        "addr:street": "South Transit Road",
        "amenity": "restaurant",
        "brand": "Denny's",
        "brand:wikidata": "Q1189695",
        "cuisine": "american",
        "name": "Denny's",
        "opening_hours": "24/7",
        "phone": "+1 716-433-7840",
        "website": "https://locations.dennys.com/NY/LOCKPORT/248124"
      },
      "geometry": {
        "type": "Point",
        "coordinates": [
          -78.6962792,
          43.1486498
        ]
      },
      "id": "node/1626413959"
    },
    {
      "type": "Feature",
      "properties": {
        "@id": "node/1633493034",
        "amenity": "restaurant",
        "brand": "Denny's",
        "brand:wikidata": "Q1189695",
        "cuisine": "american",
        "name": "Denny's"
      },
      "geometry": {
        "type": "Point",
        "coordinates": [
          -81.3032013,
          28.9965455
        ]
      },
      "id": "node/1633493034"
    },
    {
      "type": "Feature",
      "properties": {
        "@id": "node/1771041121",
        "addr:city": "Titusville",
        "addr:housenumber": "3500",
        "addr:postcode": "32780",
        "addr:state": "FL",
        "addr:street": "Cheney Highway",
        "amenity": "restaurant",
        "brand": "Denny's",
        "brand:wikidata": "Q1189695",
        "cuisine": "american",
        "name": "Denny's",
        "opening_hours": "Mo-Su 00:00-24:00",
        "phone": "+1 321-268-4527",
        "website": "https://locations.dennys.com/fl/titusville/247374",
        "website:menu": "https://dennys.com/#top-menu-section"
      },
      "geometry": {
        "type": "Point",
        "coordinates": [
          -80.8479877,
          28.5543741
        ]
      },
      "id": "node/1771041121"
    },
    {
      "type": "Feature",
      "properties": {
        "@id": "node/1771603652",
        "amenity": "restaurant",
        "brand": "Denny's",
        "brand:wikidata": "Q1189695",
        "cuisine": "american",
        "name": "Denny's",
        "opening_hours": "Mo-Fr 06:00-24:00, Sa,Su 00:00-00:00"
      },
      "geometry": {
        "type": "Point",
        "coordinates": [
          -120.8306486,
          38.7228747
        ]
      },
      "id": "node/1771603652"
    },
    {
      "type": "Feature",
      "properties": {
        "@id": "node/1781322064",
        "addr:city": "Santa Maria",
        "addr:housenumber": "1019",
        "addr:postcode": "93454",
        "addr:state": "CA",
        "addr:street": "East Main Street",
        "air_conditioning": "yes",
        "amenity": "restaurant",
        "brand": "Denny's",
        "brand:wikidata": "Q1189695",
        "cuisine": "american",
        "name": "Denny's",
        "opening_hours": "24/7",
        "phone": "+1 805-922-3153",
        "takeaway": "yes",
        "website": "https://locations.dennys.com/CA/SANTA-MARIA/248066",
        "wheelchair": "yes"
      },
      "geometry": {
        "type": "Point",
        "coordinates": [
          -120.419021,
          34.9532966
        ]
      },
      "id": "node/1781322064"
    },
    {
      "type": "Feature",
      "properties": {
        "@id": "node/1785835469",
        "addr:city": "Los Angeles",
        "addr:housenumber": "3060",
        "addr:postcode": "90065",
        "addr:state": "CA",
        "addr:street": "North San Fernando Road",
        "amenity": "restaurant",
        "brand": "Denny's",
        "brand:wikidata": "Q1189695",
        "cuisine": "american",
        "name": "Denny's",
        "opening_hours": "24/7",
        "phone": "+1-323-259-8258",
        "website": "https://locations.dennys.com/CA/LOS-ANGELES/202125"
      },
      "geometry": {
        "type": "Point",
        "coordinates": [
          -118.2456554,
          34.1143477
        ]
      },
      "id": "node/1785835469"
    },
    {
      "type": "Feature",
      "properties": {
        "@id": "node/1836722086",
        "addr:city": "Soledad",
        "addr:housenumber": "3064",
        "addr:postcode": "93960",
        "addr:state": "CA",
        "addr:street": "H Dela Rosa Sr Street",
        "amenity": "restaurant",
        "brand": "Denny's",
        "brand:wikidata": "Q1189695",
        "check_date": "2024-10-09",
        "cuisine": "american",
        "name": "Denny's",
        "opening_hours": "24/7",
        "phone": "+1 831-678-1468",
        "source": "official website",
        "takeaway": "yes",
        "website": "https://locations.dennys.com/CA/SOLEDAD/248636"
      },
      "geometry": {
        "type": "Point",
        "coordinates": [
          -121.3208008,
          36.4163355
        ]
      },
      "id": "node/1836722086"
    },
    {
      "type": "Feature",
      "properties": {
        "@id": "node/1884311920",
        "addr:city": "Corning",
        "addr:housenumber": "2120",
        "addr:postcode": "96021",
        "addr:state": "CA",
        "addr:street": "South Avenue",
        "amenity": "restaurant",
        "brand": "Denny's",
        "brand:wikidata": "Q1189695",
        "check_date": "2024-10-09",
        "cuisine": "american",
        "indoor_seating": "yes",
        "name": "Denny's",
        "opening_hours": "24/7",
        "outdoor_seating": "no",
        "phone": "+1 866-985-3756",
        "source": "official website",
        "takeaway": "yes",
        "website": "https://locations.dennys.com/CA/CORNING/248641"
      },
      "geometry": {
        "type": "Point",
        "coordinates": [
          -122.1965986,
          39.9074731
        ]
      },
      "id": "node/1884311920"
    },
    {
      "type": "Feature",
      "properties": {
        "@id": "node/1976127931",
        "addr:housenumber": "72950",
        "addr:postcode": "92260",
        "addr:street": "Highway 111",
        "amenity": "restaurant",
        "brand": "Denny's",
        "brand:wikidata": "Q1189695",
        "cuisine": "american",
        "name": "Denny's",
        "website": "https://locations.dennys.com/CA/PALM-DESERT/247588/",
        "wheelchair": "yes"
      },
      "geometry": {
        "type": "Point",
        "coordinates": [
          -116.3919692,
          33.7218239
        ]
      },
      "id": "node/1976127931"
    },
    {
      "type": "Feature",
      "properties": {
        "@id": "node/1994751473",
        "addr:city": "Hagerstown",
        "addr:housenumber": "1630",
        "addr:postcode": "21740",
        "addr:state": "MD",
        "addr:street": "Dual Highway",
        "amenity": "restaurant",
        "brand": "Denny's",
        "brand:wikidata": "Q1189695",
        "check_date": "2024-08-19",
        "cuisine": "american",
        "name": "Denny's",
        "opening_hours": "24/7",
        "phone": "+1-877-340-1764",
        "takeaway": "yes",
        "website": "https://locations.dennys.com/MD/HAGERSTOWN/249580"
      },
      "geometry": {
        "type": "Point",
        "coordinates": [
          -77.6925017,
          39.6175617
        ]
      },
      "id": "node/1994751473"
    },
    {
      "type": "Feature",
      "properties": {
        "@id": "node/2055169640",
        "addr:city": "West Covina",
        "addr:housenumber": "132",
        "addr:postcode": "91791",
        "addr:state": "CA",
        "addr:street": "North Grand Avenue",
        "amenity": "restaurant",
        "brand": "Denny's",
        "brand:wikidata": "Q1189695",
        "cuisine": "american",
        "name": "Denny's",
        "note": "discrepancy on website: opening hours are listed but it also claims to be open 24/7",
        "opening_hours": "Mo-Th 06:30-23:00; Fr 06:30-24:00; Sa 00:00-24:00; Su 00:00-23:00",
        "phone": "+1 626-332-0041",
        "source": "official website",
        "website": "https://locations.dennys.com/CA/WEST-COVINA/247806"
      },
      "geometry": {
        "type": "Point",
        "coordinates": [
          -117.8720788,
          34.0738348
        ]
      },
      "id": "node/2055169640"
    },
    {
      "type": "Feature",
      "properties": {
        "@id": "node/2084180530",
        "amenity": "restaurant",
        "brand": "Denny's",
        "brand:wikidata": "Q1189695",
        "cuisine": "american",
        "name": "Denny's"
      },
      "geometry": {
        "type": "Point",
        "coordinates": [
          -121.5262636,
          38.6529957
        ]
      },
      "id": "node/2084180530"
    },
    {
      "type": "Feature",
      "properties": {
        "@id": "node/2146969419",
        "amenity": "restaurant",
        "brand": "Denny's",
        "brand:wikidata": "Q1189695",
        "cuisine": "american",
        "name": "Denny's"
      },
      "geometry": {
        "type": "Point",
        "coordinates": [
          -115.1414844,
          36.169961
        ]
      },
      "id": "node/2146969419"
    },
    {
      "type": "Feature",
      "properties": {
        "@id": "node/2170264967",
        "amenity": "restaurant",
        "brand": "Denny's",
        "brand:wikidata": "Q1189695",
        "cuisine": "american",
        "name": "Denny's"
      },
      "geometry": {
        "type": "Point",
        "coordinates": [
          -93.9798268,
          32.4446833
        ]
      },
      "id": "node/2170264967"
    },
    {
      "type": "Feature",
      "properties": {
        "@id": "node/2266549657",
        "addr:city": "South Beloit",
        "addr:housenumber": "16049",
        "addr:postcode": "61080",
        "addr:state": "IL",
        "addr:street": "Willow Brook Road",
        "amenity": "restaurant",
        "brand": "Denny's",
        "brand:wikidata": "Q1189695",
        "cuisine": "american",
        "internet_access": "wlan",
        "name": "Denny's",
        "opening_hours": "24/7",
        "phone": "+1-815-389-6023",
        "website": "https://locations.dennys.com/IL/SOUTH-BELOIT/248616",
        "wheelchair": "yes"
      },
      "geometry": {
        "type": "Point",
        "coordinates": [
          -88.9986713,
          42.4936102
        ]
      },
      "id": "node/2266549657"
    },
    {
      "type": "Feature",
      "properties": {
        "@id": "node/2294711122",
        "addr:city": "Paso Robles",
        "addr:housenumber": "1310",
        "addr:postcode": "93446",
        "addr:state": "CA",
        "addr:street": "24th Street",
        "air_conditioning": "yes",
        "amenity": "restaurant",
        "brand": "Denny's",
        "brand:wikidata": "Q1189695",
        "check_date": "2024-10-09",
        "cuisine": "american",
        "delivery": "no",
        "internet_access": "no",
        "name": "Denny's",
        "opening_hours": "24/7",
        "outdoor_seating": "no",
        "phone": "+1 805-238-5025",
        "reservation": "no",
        "smoking": "outside",
        "source": "official website",
        "takeaway": "yes",
        "toilets": "yes",
        "website": "https://locations.dennys.com/CA/PASO-ROBLES/248068",
        "website:menu": "https://www.dennys.com/location/dennys-8068/menu",
        "website:orders": "https://order.dennys.com/locations/8068",
        "wheelchair": "yes"
      },
      "geometry": {
        "type": "Point",
        "coordinates": [
          -120.6854305,
          35.6417749
        ]
      },
      "id": "node/2294711122"
    },
    {
      "type": "Feature",
      "properties": {
        "@id": "node/2316386052",
        "addr:city": "Hendersonville",
        "addr:housenumber": "1550",
        "addr:postcode": "28792",
        "addr:state": "NC",
        "addr:street": "Four Seasons Boulevard",
        "amenity": "restaurant",
        "brand": "Denny's",
        "brand:wikidata": "Q1189695",
        "check_date": "2024-08-19",
        "cuisine": "american",
        "name": "Denny's",
        "opening_hours": "24/7",
        "phone": "+1 800-991-0731",
        "takeaway": "yes",
        "website": "https://locations.dennys.com/NC/HENDERSONVILLE/248054"
      },
      "geometry": {
        "type": "Point",
        "coordinates": [
          -82.4481659,
          35.3319927
        ]
      },
      "id": "node/2316386052"
    },
    {
      "type": "Feature",
      "properties": {
        "@id": "node/2317645534",
        "brand": "Denny's",
        "brand:wikidata": "Q1189695",
        "cuisine": "american",
        "entrance": "main",
        "name": "Denny's",
        "website": "https://www.dennys.com/"
      },
      "geometry": {
        "type": "Point",
        "coordinates": [
          -97.4853695,
          35.4345547
        ]
      },
      "id": "node/2317645534"
    },
    {
      "type": "Feature",
      "properties": {
        "@id": "node/2326325817",
        "addr:city": "Midvale",
        "addr:housenumber": "7051",
        "addr:postcode": "84047",
        "addr:state": "UT",
        "addr:street": "South 1300 East",
        "amenity": "restaurant",
        "brand": "Denny's",
        "brand:wikidata": "Q1189695",
        "cuisine": "american",
        "name": "Denny's",
        "opening_hours": "24/7",
        "phone": "+1 801-233-9280",
        "source": "official website",
        "takeaway": "yes",
        "website": "https://locations.dennys.com/UT/MIDVALE/247722"
      },
      "geometry": {
        "type": "Point",
        "coordinates": [
          -111.8551455,
          40.6236419
        ]
      },
      "id": "node/2326325817"
    },
    {
      "type": "Feature",
      "properties": {
        "@id": "node/2366191856",
        "addr:city": "Tye",
        "addr:housenumber": "101",
        "addr:postcode": "79563",
        "addr:state": "TX",
        "addr:street": "North FM 707",
        "amenity": "restaurant",
        "brand": "Denny's",
        "brand:wikidata": "Q1189695",
        "check_date": "2024-10-09",
        "cuisine": "american",
        "name": "Denny's",
        "opening_hours": "24/7",
        "phone": "+1 325-692-5200",
        "source": "official website",
        "takeaway": "yes",
        "website": "https://locations.dennys.com/TX/TYE/248596"
      },
      "geometry": {
        "type": "Point",
        "coordinates": [
          -99.8722019,
          32.4609621
        ]
      },
      "id": "node/2366191856"
    },
    {
      "type": "Feature",
      "properties": {
        "@id": "node/2375509248",
        "amenity": "restaurant",
        "brand": "Denny's",
        "brand:wikidata": "Q1189695",
        "cuisine": "american",
        "name": "Denny's"
      },
      "geometry": {
        "type": "Point",
        "coordinates": [
          -96.425505,
          30.725379
        ]
      },
      "id": "node/2375509248"
    },
    {
      "type": "Feature",
      "properties": {
        "@id": "node/2378410246",
        "addr:housenumber": "1060",
        "addr:postcode": "90024",
        "addr:street": "Tiverton Avenue",
        "amenity": "restaurant",
        "brand": "Denny's",
        "brand:wikidata": "Q1189695",
        "cuisine": "american",
        "name": "Denny's"
      },
      "geometry": {
        "type": "Point",
        "coordinates": [
          -118.443093,
          34.0602095
        ]
      },
      "id": "node/2378410246"
    },
    {
      "type": "Feature",
      "properties": {
        "@id": "node/2416625026",
        "addr:city": "Cheyenne",
        "addr:housename": "Dennys at Pilot Travel Center",
        "addr:housenumber": "2250",
        "addr:postcode": "82007",
        "addr:state": "WY",
        "addr:street": "Etchepare Drive",
        "amenity": "restaurant",
        "brand": "Denny's",
        "brand:wikidata": "Q1189695",
        "cuisine": "american",
        "name": "Denny's",
        "phone": "+1-307-634-6659",
        "source": "local visit, company website",
        "website": "https://www.dennys.com/"
      },
      "geometry": {
        "type": "Point",
        "coordinates": [
          -104.85382,
          41.0989575
        ]
      },
      "id": "node/2416625026"
    },
    {
      "type": "Feature",
      "properties": {
        "@id": "node/2418038288",
        "amenity": "restaurant",
        "brand": "Denny's",
        "brand:wikidata": "Q1189695",
        "cuisine": "american",
        "name": "Denny's",
        "phone": "+1-360-736-6917",
        "ref": "7541",
        "website": "https://www.dennys.com"
      },
      "geometry": {
        "type": "Point",
        "coordinates": [
          -122.9779683,
          46.7287551
        ]
      },
      "id": "node/2418038288"
    },
    {
      "type": "Feature",
      "properties": {
        "@id": "node/2442057612",
        "addr:city": "Cocoa Beach",
        "addr:housenumber": "1245",
        "addr:postcode": "32931",
        "addr:state": "FL",
        "addr:street": "North Atlantic Avenue",
        "amenity": "restaurant",
        "brand": "Denny's",
        "brand:wikidata": "Q1189695",
        "cuisine": "american",
        "name": "Denny's",
        "opening_hours": "24/7",
        "phone": "+1 321-783-4005",
        "website": "https://locations.dennys.com/fl/cocoa-beach/247952",
        "website:menu": "https://dennys.com/#top-menu-section"
      },
      "geometry": {
        "type": "Point",
        "coordinates": [
          -80.6111526,
          28.3319881
        ]
      },
      "id": "node/2442057612"
    },
    {
      "type": "Feature",
      "properties": {
        "@id": "node/2479251357",
        "amenity": "restaurant",
        "brand": "Denny's",
        "brand:wikidata": "Q1189695",
        "cuisine": "american",
        "name": "Denny's"
      },
      "geometry": {
        "type": "Point",
        "coordinates": [
          -98.3617241,
          29.446312
        ]
      },
      "id": "node/2479251357"
    },
    {
      "type": "Feature",
      "properties": {
        "@id": "node/2504506708",
        "addr:city": "Pittsburgh",
        "addr:housenumber": "2180",
        "addr:postcode": "15220",
        "addr:state": "PA",
        "addr:street": "Greentree Road",
        "amenity": "restaurant",
        "brand": "Denny's",
        "brand:wikidata": "Q1189695",
        "check_date": "2024-08-18",
        "cuisine": "american",
        "name": "Denny's",
        "opening_hours": "07:00-24:00",
        "phone": "+1 833-551-5785",
        "source": "official website",
        "website": "https://locations.dennys.com/PA/PITTSBURGH/249581"
      },
      "geometry": {
        "type": "Point",
        "coordinates": [
          -80.0737616,
          40.3911249
        ]
      },
      "id": "node/2504506708"
    },
    {
      "type": "Feature",
      "properties": {
        "@id": "node/2506667945",
        "addr:city": "Monroeville",
        "addr:housenumber": "3980",
        "addr:postcode": "15146",
        "addr:state": "PA",
        "addr:street": "William Penn Highway",
        "amenity": "restaurant",
        "brand": "Denny's",
        "brand:wikidata": "Q1189695",
        "check_date": "2024-08-19",
        "cuisine": "american",
        "name": "Denny's",
        "opening_hours": "24/7",
        "phone": "+1 412-372-2707",
        "takeaway": "yes",
        "website": "https://locations.dennys.com/PA/MONROEVILLE/248165",
        "website:menu": "https://www.dennys.com/location/dennys-8165/menu",
        "website:orders": "https://order.dennys.com/locations/8165"
      },
      "geometry": {
        "type": "Point",
        "coordinates": [
          -79.7723799,
          40.4380147
        ]
      },
      "id": "node/2506667945"
    },
    {
      "type": "Feature",
      "properties": {
        "@id": "node/2511042190",
        "addr:city": "Oakdale",
        "addr:housenumber": "1555",
        "addr:postcode": "95361",
        "addr:state": "CA",
        "addr:street": "East F Street",
        "amenity": "restaurant",
        "brand": "Denny's",
        "brand:wikidata": "Q1189695",
        "check_date": "2024-10-09",
        "cuisine": "american",
        "name": "Denny's",
        "opening_hours": "24/7",
        "phone": "+1 209-847-0242",
        "source": "official website",
        "takeaway": "yes",
        "website": "https://locations.dennys.com/CA/OAKDALE/246763"
      },
      "geometry": {
        "type": "Point",
        "coordinates": [
          -120.8295082,
          37.7730539
        ]
      },
      "id": "node/2511042190"
    },
    {
      "type": "Feature",
      "properties": {
        "@id": "node/2535915661",
        "addr:city": "Gretna",
        "addr:housenumber": "15010",
        "addr:postcode": "68028",
        "addr:state": "NE",
        "addr:street": "State Highway 31",
        "amenity": "restaurant",
        "brand": "Denny's",
        "brand:wikidata": "Q1189695",
        "check_date": "2024-10-09",
        "cuisine": "american",
        "name": "Denny's",
        "opening_hours": "24/7",
        "phone": "+1 402-332-0400",
        "source": "official website",
        "takeaway": "yes",
        "website": "https://locations.dennys.com/NE/GRETNA/248595"
      },
      "geometry": {
        "type": "Point",
        "coordinates": [
          -96.2546087,
          41.0918655
        ]
      },
      "id": "node/2535915661"
    },
    {
      "type": "Feature",
      "properties": {
        "@id": "node/2553624028",
        "addr:city": "Jackson Heights",
        "addr:housenumber": "87-10",
        "addr:postcode": "11372",
        "addr:state": "NY",
        "addr:street": "Northern Boulevard",
        "amenity": "restaurant",
        "brand": "Denny's",
        "brand:wikidata": "Q1189695",
        "cuisine": "american",
        "name": "Denny's",
        "opening_hours": "Mo-We,Su 07:00-22:00; Th-Sa 07:00-24:00",
        "phone": "+1 718-446-1312",
        "takeaway": "yes",
        "website": "https://locations.dennys.com/NY/JACKSON-HEIGHTS/248760"
      },
      "geometry": {
        "type": "Point",
        "coordinates": [
          -73.8805005,
          40.7559109
        ]
      },
      "id": "node/2553624028"
    },
    {
      "type": "Feature",
      "properties": {
        "@id": "node/2581421775",
        "amenity": "restaurant",
        "brand": "Denny's",
        "brand:wikidata": "Q1189695",
        "cuisine": "american",
        "name": "Denny's",
        "opening_hours:covid19": "closed"
      },
      "geometry": {
        "type": "Point",
        "coordinates": [
          -117.183854,
          34.0575621
        ]
      },
      "id": "node/2581421775"
    },
    {
      "type": "Feature",
      "properties": {
        "@id": "node/2590532297",
        "amenity": "restaurant",
        "brand": "Denny's",
        "brand:wikidata": "Q1189695",
        "cuisine": "american",
        "name": "Denny's"
      },
      "geometry": {
        "type": "Point",
        "coordinates": [
          -121.9592762,
          38.3713217
        ]
      },
      "id": "node/2590532297"
    },
    {
      "type": "Feature",
      "properties": {
        "@id": "node/2591988100",
        "addr:city": "West Sacramento",
        "addr:housenumber": "1235",
        "addr:postcode": "95691",
        "addr:street": "Harbor Boulevard",
        "amenity": "restaurant",
        "brand": "Denny's",
        "brand:wikidata": "Q1189695",
        "cuisine": "american",
        "name": "Denny's"
      },
      "geometry": {
        "type": "Point",
        "coordinates": [
          -121.54912,
          38.5734701
        ]
      },
      "id": "node/2591988100"
    },
    {
      "type": "Feature",
      "properties": {
        "@id": "node/2606329035",
        "addr:city": "Herkimer",
        "addr:housenumber": "701",
        "addr:postcode": "13350",
        "addr:state": "NY",
        "addr:street": "Mohawk Street",
        "amenity": "restaurant",
        "brand": "Denny's",
        "brand:wikidata": "Q1189695",
        "check_date": "2024-08-18",
        "cuisine": "american",
        "name": "Denny's",
        "opening_hours": "Mo-We 07:00-23:00; Th-Sa 00:00-24:00; Su 00:00-23:00",
        "phone": "+1 315-866-1603",
        "source": "official website",
        "website": "https://locations.dennys.com/NY/HERKIMER/246717"
      },
      "geometry": {
        "type": "Point",
        "coordinates": [
          -74.9919542,
          43.0184606
        ]
      },
      "id": "node/2606329035"
    },
    {
      "type": "Feature",
      "properties": {
        "@id": "node/2653946401",
        "addr:city": "Waco",
        "addr:housenumber": "2409",
        "addr:postcode": "76711",
        "addr:state": "TX",
        "addr:street": "South New Road",
        "amenity": "restaurant",
        "brand": "Denny's",
        "brand:wikidata": "Q1189695",
        "check_date": "2024-10-09",
        "cuisine": "american",
        "name": "Denny's",
        "opening_hours": "24/7",
        "phone": "+1 254-752-0743",
        "source": "official website",
        "takeaway": "yes",
        "website": "https://locations.dennys.com/TX/WACO/248591"
      },
      "geometry": {
        "type": "Point",
        "coordinates": [
          -97.1451564,
          31.5073809
        ]
      },
      "id": "node/2653946401"
    },
    {
      "type": "Feature",
      "properties": {
        "@id": "node/2667296057",
        "amenity": "restaurant",
        "brand": "Denny's",
        "brand:wikidata": "Q1189695",
        "cuisine": "american",
        "name": "Denny's"
      },
      "geometry": {
        "type": "Point",
        "coordinates": [
          -81.4508761,
          28.1460524
        ]
      },
      "id": "node/2667296057"
    },
    {
      "type": "Feature",
      "properties": {
        "@id": "node/2669523544",
        "amenity": "restaurant",
        "brand": "Denny's",
        "brand:wikidata": "Q1189695",
        "cuisine": "american",
        "name": "Denny's"
      },
      "geometry": {
        "type": "Point",
        "coordinates": [
          -65.9926682,
          18.3947872
        ]
      },
      "id": "node/2669523544"
    },
    {
      "type": "Feature",
      "properties": {
        "@id": "node/2697912495",
        "addr:city": "Hialeah",
        "addr:housenumber": "16935",
        "addr:postcode": "33015",
        "addr:state": "FL",
        "addr:street": "Northwest 67th Avenue",
        "amenity": "restaurant",
        "brand": "Denny's",
        "brand:wikidata": "Q1189695",
        "cuisine": "american",
        "name": "Denny's",
        "phone": "+1 305 821 7032",
        "website": "https://dennys.com/"
      },
      "geometry": {
        "type": "Point",
        "coordinates": [
          -80.3079824,
          25.9261465
        ]
      },
      "id": "node/2697912495"
    },
    {
      "type": "Feature",
      "properties": {
        "@id": "node/2711790791",
        "addr:city": "Blvd Calimesa",
        "addr:housenumber": "1184",
        "addr:postcode": "92320",
        "addr:state": "CA",
        "addr:street": "Calimesa Boulevard",
        "amenity": "restaurant",
        "brand": "Denny's",
        "brand:wikidata": "Q1189695",
        "cuisine": "american",
        "name": "Denny's",
        "phone": "+1-909-795-6765",
        "website": "https://locations.dennys.com/CA/CALIMESA"
      },
      "geometry": {
        "type": "Point",
        "coordinates": [
          -117.0589706,
          33.9951099
        ]
      },
      "id": "node/2711790791"
    },
    {
      "type": "Feature",
      "properties": {
        "@id": "node/2714772738",
        "addr:city": "South Padre Island",
        "addr:housenumber": "1100",
        "addr:postcode": "78597",
        "addr:state": "TX",
        "addr:street": "Padre Boulevard",
        "amenity": "restaurant",
        "brand": "Denny's",
        "brand:wikidata": "Q1189695",
        "cuisine": "american",
        "name": "Denny's",
        "opening_hours": "24/7",
        "phone": "+1 956-761-1887",
        "takeaway": "yes",
        "website": "https://locations.dennys.com/TX/SOUTH-PADRE-ISLAND/248653"
      },
      "geometry": {
        "type": "Point",
        "coordinates": [
          -97.1648752,
          26.0930215
        ]
      },
      "id": "node/2714772738"
    },
    {
      "type": "Feature",
      "properties": {
        "@id": "node/2763364656",
        "addr:city": "Beatty",
        "addr:housenumber": "900",
        "addr:postcode": "89003",
        "addr:state": "NV",
        "addr:street": "Veterans Memorial Highway",
        "air_conditioning": "yes",
        "amenity": "restaurant",
        "brand": "Denny's",
        "brand:wikidata": "Q1189695",
        "cuisine": "american",
        "diet:halal": "no",
        "diet:kosher": "only",
        "diet:vegetarian": "no",
        "level": "0",
        "name": "Denny's",
        "opening_hours": "Mo-Su 05:00-23:00",
        "outdoor_seating": "no",
        "payment:cash": "yes",
        "payment:credit_cards": "yes",
        "phone": "+1-775-553-9942",
        "smoking": "no",
        "takeaway": "yes",
        "website": "https://locations.dennys.com/NV/BEATTY/248685",
        "wheelchair": "yes"
      },
      "geometry": {
        "type": "Point",
        "coordinates": [
          -116.752806,
          36.9148405
        ]
      },
      "id": "node/2763364656"
    },
    {
      "type": "Feature",
      "properties": {
        "@id": "node/2780705780",
        "amenity": "restaurant",
        "brand": "Denny's",
        "brand:wikidata": "Q1189695",
        "cuisine": "american",
        "name": "Denny's",
        "source": "Bing"
      },
      "geometry": {
        "type": "Point",
        "coordinates": [
          -94.5021499,
          39.1297129
        ]
      },
      "id": "node/2780705780"
    },
    {
      "type": "Feature",
      "properties": {
        "@id": "node/2821356102",
        "amenity": "restaurant",
        "brand": "Denny's",
        "brand:wikidata": "Q1189695",
        "cash_withdrawal": "no",
        "check_date": "2025-12-14",
        "cuisine": "american",
        "diet:vegetarian": "yes",
        "internet_access": "wlan",
        "internet_access:fee": "yes",
        "kids_area": "no",
        "name": "Denny's",
        "opening_hours": "24/7",
        "smoking": "no",
        "takeaway": "yes",
        "toilets": "yes",
        "toilets:access": "customers",
        "wheelchair": "yes"
      },
      "geometry": {
        "type": "Point",
        "coordinates": [
          -95.4270599,
          29.9991428
        ]
      },
      "id": "node/2821356102"
    },
    {
      "type": "Feature",
      "properties": {
        "@id": "node/2863177231",
        "addr:city": "Fort Pierce",
        "addr:housenumber": "100",
        "addr:postcode": "34945",
        "addr:state": "FL",
        "addr:street": "North Kings Highway",
        "amenity": "restaurant",
        "brand": "Denny's",
        "brand:wikidata": "Q1189695",
        "check_date": "2024-08-19",
        "cuisine": "american",
        "name": "Denny's",
        "opening_hours": "24/7",
        "phone": "+1 772-466-3609",
        "source": "official website",
        "takeaway": "yes",
        "website": "https://locations.dennys.com/FL/FORT-PIERCE/248796"
      },
      "geometry": {
        "type": "Point",
        "coordinates": [
          -80.3977247,
          27.448773
        ]
      },
      "id": "node/2863177231"
    },
    {
      "type": "Feature",
      "properties": {
        "@id": "node/2940398982",
        "addr:city": "Miami",
        "addr:housenumber": "3850",
        "addr:postcode": "33175",
        "addr:state": "FL",
        "addr:street": "Southwest 137th Avenue",
        "amenity": "restaurant",
        "brand": "Denny's",
        "brand:wikidata": "Q1189695",
        "check_date": "2024-08-19",
        "cuisine": "american",
        "name": "Denny's",
        "opening_hours": "24/7",
        "phone": "+1 305-551-3277",
        "takeaway": "yes",
        "website": "https://locations.dennys.com/FL/MIAMI/247018"
      },
      "geometry": {
        "type": "Point",
        "coordinates": [
          -80.4163609,
          25.7317042
        ]
      },
      "id": "node/2940398982"
    },
    {
      "type": "Feature",
      "properties": {
        "@id": "node/2956249927",
        "amenity": "restaurant",
        "brand": "Denny's",
        "brand:wikidata": "Q1189695",
        "check_date": "2026-05-19",
        "cuisine": "american",
        "name": "Denny's"
      },
      "geometry": {
        "type": "Point",
        "coordinates": [
          -108.6667284,
          35.5310834
        ]
      },
      "id": "node/2956249927"
    },
    {
      "type": "Feature",
      "properties": {
        "@id": "node/2983924443",
        "amenity": "restaurant",
        "brand": "Denny's",
        "brand:wikidata": "Q1189695",
        "cuisine": "american",
        "name": "Denny's"
      },
      "geometry": {
        "type": "Point",
        "coordinates": [
          -121.2476354,
          37.9857895
        ]
      },
      "id": "node/2983924443"
    },
    {
      "type": "Feature",
      "properties": {
        "@id": "node/3052530599",
        "addr:city": "Chino Hills",
        "addr:housenumber": "15459",
        "addr:postcode": "91709",
        "addr:street": "Fairfield Ranch Road",
        "amenity": "restaurant",
        "brand": "Denny's",
        "brand:wikidata": "Q1189695",
        "cuisine": "american",
        "name": "Denny's",
        "opening_hours": "24/7"
      },
      "geometry": {
        "type": "Point",
        "coordinates": [
          -117.689805,
          33.9714507
        ]
      },
      "id": "node/3052530599"
    },
    {
      "type": "Feature",
      "properties": {
        "@id": "node/3066580827",
        "addr:city": "Key West",
        "addr:housenumber": "2710",
        "addr:postcode": "33040",
        "addr:state": "FL",
        "addr:street": "North Roosevelt Boulevard",
        "amenity": "restaurant",
        "brand": "Denny's",
        "brand:wikidata": "Q1189695",
        "check_date": "2024-08-19",
        "cuisine": "american",
        "name": "Denny's",
        "opening_hours": "24/7",
        "phone": "+1 305-741-7990",
        "source": "official website",
        "takeaway": "yes",
        "website": "https://locations.dennys.com/FL/KEY-WEST/249332"
      },
      "geometry": {
        "type": "Point",
        "coordinates": [
          -81.772883,
          24.5648489
        ]
      },
      "id": "node/3066580827"
    },
    {
      "type": "Feature",
      "properties": {
        "@id": "node/3076780912",
        "addr:city": "Columbia",
        "addr:housenumber": "5901",
        "addr:postcode": "29203",
        "addr:state": "SC",
        "addr:street": "Fairfield Road",
        "air_conditioning": "yes",
        "amenity": "restaurant",
        "brand": "Denny's",
        "brand:wikidata": "Q1189695",
        "check_date": "2024-08-19",
        "cuisine": "american",
        "name": "Denny's",
        "opening_hours": "24/7",
        "phone": "+1 800-991-1452",
        "takeaway": "yes",
        "website": "https://locations.dennys.com/SC/COLUMBIA/248666"
      },
      "geometry": {
        "type": "Point",
        "coordinates": [
          -81.0233915,
          34.0651788
        ]
      },
      "id": "node/3076780912"
    },
    {
      "type": "Feature",
      "properties": {
        "@id": "node/3102969882",
        "addr:housenumber": "2620",
        "addr:street": "Woodgate Road",
        "air_conditioning": "yes",
        "amenity": "restaurant",
        "brand": "Denny's",
        "brand:wikidata": "Q1189695",
        "check_date": "2025-10-08",
        "cuisine": "american",
        "name": "Denny's",
        "opening_hours": "24/7",
        "outdoor_seating": "no",
        "payment:app": "yes",
        "toilets": "yes"
      },
      "geometry": {
        "type": "Point",
        "coordinates": [
          -107.8656581,
          38.456111
        ]
      },
      "id": "node/3102969882"
    },
    {
      "type": "Feature",
      "properties": {
        "@id": "node/3128690450",
        "addr:city": "Battleboro",
        "addr:postcode": "27809",
        "amenity": "restaurant",
        "brand": "Denny's",
        "brand:wikidata": "Q1189695",
        "contact:phone": "+1-866-987-0530",
        "cuisine": "american",
        "name": "Denny's",
        "website": "https://locations.dennys.com/NC/BATTLEBORO/246171"
      },
      "geometry": {
        "type": "Point",
        "coordinates": [
          -77.8157421,
          36.0605683
        ]
      },
      "id": "node/3128690450"
    },
    {
      "type": "Feature",
      "properties": {
        "@id": "node/3165690275",
        "addr:city": "Washington",
        "addr:housenumber": "1250",
        "addr:postcode": "20002",
        "addr:state": "DC",
        "addr:street": "Bladensburg Road Northeast",
        "amenity": "restaurant",
        "brand": "Denny's",
        "brand:wikidata": "Q1189695",
        "check_date": "2024-08-18",
        "cuisine": "american",
        "name": "Denny's",
        "opening_hours": "24/7",
        "phone": "+1 202-758-3637",
        "source": "official website",
        "website": "https://locations.dennys.com/DC/WASHINGTON/248646"
      },
      "geometry": {
        "type": "Point",
        "coordinates": [
          -76.9794732,
          38.9067755
        ]
      },
      "id": "node/3165690275"
    },
    {
      "type": "Feature",
      "properties": {
        "@id": "node/3196293389",
        "addr:housenumber": "3397",
        "addr:postcode": "89109",
        "addr:street": "South Las Vegas Boulevard",
        "amenity": "restaurant",
        "brand": "Denny's",
        "brand:wikidata": "Q1189695",
        "cuisine": "american",
        "internet_access": "wlan",
        "name": "Denny's",
        "opening_hours": "24/7",
        "phone": "+1 702-474-4417",
        "website": "https://www.dennys.com/",
        "wikidata": "Q61741268"
      },
      "geometry": {
        "type": "Point",
        "coordinates": [
          -115.171762,
          36.1209774
        ]
      },
      "id": "node/3196293389"
    },
    {
      "type": "Feature",
      "properties": {
        "@id": "node/3241461963",
        "addr:city": "Albuquerque",
        "addr:housenumber": "1620",
        "addr:postcode": "87106",
        "addr:state": "NM",
        "addr:street": "Towne Center Lane Southeast",
        "amenity": "restaurant",
        "brand": "Denny's",
        "brand:wikidata": "Q1189695",
        "cuisine": "american",
        "name": "Denny's"
      },
      "geometry": {
        "type": "Point",
        "coordinates": [
          -106.629421,
          35.0589706
        ]
      },
      "id": "node/3241461963"
    },
    {
      "type": "Feature",
      "properties": {
        "@id": "node/3243666037",
        "addr:city": "Aurora",
        "addr:housenumber": "16751",
        "addr:postcode": "80011",
        "addr:state": "CO",
        "addr:street": "East 32nd Avenue",
        "amenity": "restaurant",
        "brand": "Denny's",
        "brand:wikidata": "Q1189695",
        "cuisine": "american",
        "name": "Denny's",
        "opening_hours": "24/7",
        "phone": "+1-303-344-7196",
        "website": "https://locations.dennys.com/CO/AURORA/248720"
      },
      "geometry": {
        "type": "Point",
        "coordinates": [
          -104.7927723,
          39.7629506
        ]
      },
      "id": "node/3243666037"
    },
    {
      "type": "Feature",
      "properties": {
        "@id": "node/3300625261",
        "addr:city": "Florida City",
        "addr:housenumber": "401",
        "addr:postcode": "33034",
        "addr:state": "FL",
        "addr:street": "Southeast 1st Avenue",
        "amenity": "restaurant",
        "brand": "Denny's",
        "brand:wikidata": "Q1189695",
        "check_date": "2024-09-24",
        "cuisine": "american",
        "name": "Denny's",
        "opening_hours": "24/7",
        "phone": "+1 305-246-0029",
        "source": "official website",
        "website": "https://locations.dennys.com/FL/FLORIDA-CITY/209598"
      },
      "geometry": {
        "type": "Point",
        "coordinates": [
          -80.474521,
          25.443473
        ]
      },
      "id": "node/3300625261"
    },
    {
      "type": "Feature",
      "properties": {
        "@id": "node/3319395603",
        "amenity": "restaurant",
        "brand": "Denny's",
        "brand:wikidata": "Q1189695",
        "check_date": "2024-08-11",
        "cuisine": "american",
        "internet_access": "wlan",
        "internet_access:fee": "customers",
        "name": "Denny's",
        "opening_hours": "24/7",
        "payment:cash": "yes",
        "payment:credit_cards": "yes",
        "payment:debit_cards": "yes",
        "wheelchair": "yes"
      },
      "geometry": {
        "type": "Point",
        "coordinates": [
          -95.5796233,
          29.6462018
        ]
      },
      "id": "node/3319395603"
    },
    {
      "type": "Feature",
      "properties": {
        "@id": "node/3353142754",
        "addr:city": "Sugar Land",
        "addr:housenumber": "1422",
        "addr:postcode": "77478",
        "addr:street": "State Highway 6",
        "air_conditioning": "yes",
        "amenity": "restaurant",
        "brand": "Denny's",
        "brand:wikidata": "Q1189695",
        "cuisine": "american",
        "name": "Denny's",
        "opening_hours": "24/7",
        "phone": "+1 281 240 0327",
        "website": "https://locations.dennys.com/TX/SUGAR-LAND/247689",
        "wheelchair": "yes"
      },
      "geometry": {
        "type": "Point",
        "coordinates": [
          -95.6331295,
          29.601696
        ]
      },
      "id": "node/3353142754"
    },
    {
      "type": "Feature",
      "properties": {
        "@id": "node/3356504024",
        "addr:city": "Miami",
        "addr:housenumber": "8503",
        "addr:postcode": "33155",
        "addr:state": "FL",
        "addr:street": "Southwest 40th Street",
        "amenity": "restaurant",
        "brand": "Denny's",
        "brand:wikidata": "Q1189695",
        "cuisine": "american",
        "name": "Denny's",
        "opening_hours": "24/7",
        "phone": "+13052233067",
        "website": "https://locations.dennys.com/fl/miami/209593"
      },
      "geometry": {
        "type": "Point",
        "coordinates": [
          -80.3337914,
          25.7336428
        ]
      },
      "id": "node/3356504024"
    },
    {
      "type": "Feature",
      "properties": {
        "@id": "node/3359231781",
        "addr:city": "Tamuning",
        "addr:housenumber": "393",
        "addr:state": "GU",
        "addr:street": "South Marine Corps Drive",
        "amenity": "restaurant",
        "brand": "Denny's",
        "brand:wikidata": "Q1189695",
        "cuisine": "american",
        "name": "Denny's",
        "opening_hours": "Mo-Su 00:00-00:00",
        "website": "https://dennysofguam.com/"
      },
      "geometry": {
        "type": "Point",
        "coordinates": [
          144.7876502,
          13.4898706
        ]
      },
      "id": "node/3359231781"
    },
    {
      "type": "Feature",
      "properties": {
        "@id": "node/3373779239",
        "addr:city": "Schertz",
        "addr:housenumber": "17455",
        "addr:postcode": "78154-1265",
        "addr:street": "Interstate Highway 35 North",
        "amenity": "restaurant",
        "brand": "Denny's",
        "brand:wikidata": "Q1189695",
        "cuisine": "american",
        "name": "Denny's"
      },
      "geometry": {
        "type": "Point",
        "coordinates": [
          -98.2789304,
          29.5997996
        ]
      },
      "id": "node/3373779239"
    },
    {
      "type": "Feature",
      "properties": {
        "@id": "node/3408874763",
        "amenity": "restaurant",
        "brand": "Denny's",
        "brand:wikidata": "Q1189695",
        "cuisine": "american",
        "name": "Denny's"
      },
      "geometry": {
        "type": "Point",
        "coordinates": [
          -94.6682771,
          38.9388996
        ]
      },
      "id": "node/3408874763"
    },
    {
      "type": "Feature",
      "properties": {
        "@id": "node/3423489115",
        "amenity": "restaurant",
        "brand": "Denny's",
        "brand:wikidata": "Q1189695",
        "cuisine": "american",
        "name": "Denny's",
        "smoking": "no"
      },
      "geometry": {
        "type": "Point",
        "coordinates": [
          -66.0146752,
          18.4423068
        ]
      },
      "id": "node/3423489115"
    },
    {
      "type": "Feature",
      "properties": {
        "@id": "node/3474537671",
        "addr:city": "Las Vegas",
        "addr:housenumber": "5318",
        "addr:postcode": "89122",
        "addr:state": "NV",
        "addr:street": "Boulder Highway",
        "amenity": "restaurant",
        "brand": "Denny's",
        "brand:wikidata": "Q1189695",
        "cuisine": "american",
        "name": "Denny's",
        "opening_hours": "24/7",
        "phone": "+1 702-333-2185",
        "source": "official website",
        "takeaway": "yes",
        "website": "https://locations.dennys.com/NV/LAS-VEGAS/248563"
      },
      "geometry": {
        "type": "Point",
        "coordinates": [
          -115.0578247,
          36.1061288
        ]
      },
      "id": "node/3474537671"
    },
    {
      "type": "Feature",
      "properties": {
        "@id": "node/3484819287",
        "addr:city": "Arcadia",
        "addr:housenumber": "7",
        "addr:postcode": "91006",
        "addr:state": "CA",
        "addr:street": "East Huntington Drive",
        "amenity": "restaurant",
        "brand": "Denny's",
        "brand:wikidata": "Q1189695",
        "check_date": "2026-01-03",
        "contact:yelp": "https://www.yelp.com/biz/dennys-arcadia",
        "cuisine": "american",
        "name": "Denny's",
        "opening_hours": "24/7",
        "payment:cash": "yes",
        "payment:credit_cards": "yes",
        "payment:debit_cards": "yes",
        "phone": "+1-626-446-3401",
        "website": "https://locations.dennys.com/CA/ARCADIA/249600"
      },
      "geometry": {
        "type": "Point",
        "coordinates": [
          -118.031154,
          34.1402997
        ]
      },
      "id": "node/3484819287"
    },
    {
      "type": "Feature",
      "properties": {
        "@id": "node/3534463361",
        "addr:city": "Nephi",
        "addr:housenumber": "1597",
        "addr:postcode": "84648",
        "addr:state": "UT",
        "addr:street": "South Main Street",
        "amenity": "restaurant",
        "brand": "Denny's",
        "brand:wikidata": "Q1189695",
        "cuisine": "american",
        "name": "Denny's",
        "opening_hours": "Su-Th 06:00-24:00; Fr-Sa 06:00-02:00",
        "phone": "+1-435-623-0762",
        "website": "https://locations.dennys.com/UT/NEPHI/248675"
      },
      "geometry": {
        "type": "Point",
        "coordinates": [
          -111.836575,
          39.6850725
        ]
      },
      "id": "node/3534463361"
    },
    {
      "type": "Feature",
      "properties": {
        "@id": "node/3545931880",
        "amenity": "restaurant",
        "brand": "Denny's",
        "brand:wikidata": "Q1189695",
        "cuisine": "american",
        "name": "Denny's"
      },
      "geometry": {
        "type": "Point",
        "coordinates": [
          -119.6966427,
          36.8378348
        ]
      },
      "id": "node/3545931880"
    },
    {
      "type": "Feature",
      "properties": {
        "@id": "node/3673052827",
        "amenity": "restaurant",
        "brand": "Denny's",
        "brand:wikidata": "Q1189695",
        "cuisine": "american",
        "name": "Denny's",
        "source": "Bing"
      },
      "geometry": {
        "type": "Point",
        "coordinates": [
          -103.7036733,
          35.1585577
        ]
      },
      "id": "node/3673052827"
    },
    {
      "type": "Feature",
      "properties": {
        "@id": "node/3690872197",
        "addr:city": "Tulsa",
        "addr:housenumber": "121",
        "addr:postcode": "74116",
        "addr:state": "OK",
        "addr:street": "North 129th Avenue East",
        "air_conditioning": "yes",
        "amenity": "restaurant",
        "brand": "Denny's",
        "brand:wikidata": "Q1189695",
        "cuisine": "american",
        "indoor_seating": "yes",
        "name": "Denny's",
        "opening_hours": "24/7",
        "outdoor_seating": "no",
        "phone": "+1 918-437-5800",
        "takeaway": "yes",
        "website": "https://locations.dennys.com/OK/TULSA/248594",
        "wheelchair": "yes"
      },
      "geometry": {
        "type": "Point",
        "coordinates": [
          -95.8319794,
          36.161803
        ]
      },
      "id": "node/3690872197"
    },
    {
      "type": "Feature",
      "properties": {
        "@id": "node/3706212480",
        "addr:city": "Roswell",
        "addr:housenumber": "2200",
        "addr:postcode": "88201",
        "addr:state": "NM",
        "addr:street": "North Main Street",
        "amenity": "restaurant",
        "brand": "Denny's",
        "brand:wikidata": "Q1189695",
        "cuisine": "american",
        "name": "Denny's",
        "opening_hours": "24/7",
        "phone": "+1-575-622-9960",
        "source": "Bing;official website",
        "takeaway": "yes",
        "website": "https://locations.dennys.com/NM/ROSWELL/246234"
      },
      "geometry": {
        "type": "Point",
        "coordinates": [
          -104.523609,
          33.418879
        ]
      },
      "id": "node/3706212480"
    },
    {
      "type": "Feature",
      "properties": {
        "@id": "node/3708743719",
        "addr:city": "San Antonio",
        "addr:housenumber": "29933",
        "addr:postcode": "33576",
        "addr:state": "FL",
        "addr:street": "State Road 52",
        "amenity": "restaurant",
        "brand": "Denny's",
        "brand:wikidata": "Q1189695",
        "check_date": "2024-08-19",
        "cuisine": "american",
        "name": "Denny's",
        "opening_hours": "24/7",
        "phone": "+1 352-588-7963",
        "source": "official website",
        "takeaway": "yes",
        "website": "https://locations.dennys.com/FL/SAN-ANTONIO/248797"
      },
      "geometry": {
        "type": "Point",
        "coordinates": [
          -82.322559,
          28.326392
        ]
      },
      "id": "node/3708743719"
    },
    {
      "type": "Feature",
      "properties": {
        "@id": "node/3748099529",
        "addr:city": "Newcastle",
        "addr:housenumber": "681",
        "addr:postcode": "95658",
        "addr:state": "CA",
        "addr:street": "Newcastle Road",
        "amenity": "restaurant",
        "brand": "Denny's",
        "brand:wikidata": "Q1189695",
        "check_date": "2024-10-09",
        "cuisine": "american",
        "name": "Denny's",
        "opening_hours": "06:00-24:00",
        "phone": "+1 866-985-3788",
        "source": "official website",
        "takeaway": "yes",
        "website": "https://locations.dennys.com/CA/NEWCASTLE/246775"
      },
      "geometry": {
        "type": "Point",
        "coordinates": [
          -121.129395,
          38.8702108
        ]
      },
      "id": "node/3748099529"
    },
    {
      "type": "Feature",
      "properties": {
        "@id": "node/3793730757",
        "addr:city": "Salt Lake City",
        "addr:housenumber": "2025",
        "addr:postcode": "84119",
        "addr:state": "UT",
        "addr:street": "South 900 West",
        "air_conditioning": "yes",
        "amenity": "restaurant",
        "brand": "Denny's",
        "brand:wikidata": "Q1189695",
        "cuisine": "american",
        "delivery": "yes",
        "description": "Located inside convenience store.",
        "name": "Denny's",
        "opening_hours": "24/7",
        "phone": "+1-801-886-1107",
        "takeaway": "yes",
        "website": "https://locations.dennys.com/UT/SALT-LAKE-CITY/248676",
        "wheelchair": "yes"
      },
      "geometry": {
        "type": "Point",
        "coordinates": [
          -111.915706,
          40.726476
        ]
      },
      "id": "node/3793730757"
    },
    {
      "type": "Feature",
      "properties": {
        "@id": "node/3830195757",
        "amenity": "restaurant",
        "brand": "Denny's",
        "brand:wikidata": "Q1189695",
        "cuisine": "american;breakfast",
        "name": "Denny's",
        "takeaway": "yes"
      },
      "geometry": {
        "type": "Point",
        "coordinates": [
          -118.3748265,
          33.9166897
        ]
      },
      "id": "node/3830195757"
    },
    {
      "type": "Feature",
      "properties": {
        "@id": "node/3877067305",
        "addr:city": "Sioux Falls",
        "addr:housenumber": "5201",
        "addr:postcode": "57107",
        "addr:state": "SD",
        "addr:street": "Granite Lane",
        "amenity": "restaurant",
        "brand": "Denny's",
        "brand:wikidata": "Q1189695",
        "cuisine": "american",
        "name": "Denny's",
        "opening_hours": "24/7",
        "phone": "+1 605-334-4547",
        "source": "official website",
        "takeaway": "yes",
        "website": "https://locations.dennys.com/SD/SIOUX-FALLS/248573"
      },
      "geometry": {
        "type": "Point",
        "coordinates": [
          -96.7677671,
          43.6027588
        ]
      },
      "id": "node/3877067305"
    },
    {
      "type": "Feature",
      "properties": {
        "@id": "node/3877496799",
        "addr:city": "Hialeah Gardens",
        "addr:housenumber": "11701",
        "addr:postcode": "33018",
        "addr:state": "FL",
        "addr:street": "Okeechobee Road",
        "amenity": "restaurant",
        "brand": "Denny's",
        "brand:wikidata": "Q1189695",
        "check_date": "2024-08-19",
        "cuisine": "american",
        "name": "Denny's",
        "opening_hours": "Mo,Th-Su 00:00-24:00, Tu,We 06:00-25:00",
        "phone": "+1 305-362-8866",
        "source": "official website",
        "takeaway": "yes",
        "website": "https://locations.dennys.com/FL/HIALEAH-GARDENS/247302"
      },
      "geometry": {
        "type": "Point",
        "coordinates": [
          -80.3567376,
          25.8804689
        ]
      },
      "id": "node/3877496799"
    },
    {
      "type": "Feature",
      "properties": {
        "@id": "node/3894318554",
        "amenity": "restaurant",
        "brand": "Denny's",
        "brand:wikidata": "Q1189695",
        "cuisine": "american",
        "name": "Denny's"
      },
      "geometry": {
        "type": "Point",
        "coordinates": [
          -93.2551055,
          38.7048646
        ]
      },
      "id": "node/3894318554"
    },
    {
      "type": "Feature",
      "properties": {
        "@id": "node/3897624264",
        "addr:city": "Oak Grove",
        "addr:housenumber": "18750",
        "addr:postcode": "42262",
        "addr:state": "KY",
        "addr:street": "Herndon Oak Grove Road",
        "amenity": "restaurant",
        "brand": "Denny's",
        "brand:wikidata": "Q1189695",
        "check_date": "2024-08-22",
        "cuisine": "american",
        "name": "Denny's",
        "opening_hours": "24/7",
        "phone": "+1 270-640-4673",
        "takeaway": "yes",
        "website": "https://locations.dennys.com/KY/OAK-GROVE/248581"
      },
      "geometry": {
        "type": "Point",
        "coordinates": [
          -87.4546034,
          36.6972596
        ]
      },
      "id": "node/3897624264"
    },
    {
      "type": "Feature",
      "properties": {
        "@id": "node/3900609256",
        "addr:city": "Miami",
        "addr:housenumber": "7411",
        "addr:postcode": "33166",
        "addr:state": "FL",
        "addr:street": "Northwest 36th Street",
        "amenity": "restaurant",
        "brand": "Denny's",
        "brand:wikidata": "Q1189695",
        "check_date": "2024-08-19",
        "cuisine": "american",
        "name": "Denny's",
        "opening_hours": "24/7",
        "phone": "+1 305-592-0846",
        "source": "official website",
        "takeaway": "yes",
        "website": "https://locations.dennys.com/FL/MIAMI/247459"
      },
      "geometry": {
        "type": "Point",
        "coordinates": [
          -80.3178164,
          25.8097722
        ]
      },
      "id": "node/3900609256"
    },
    {
      "type": "Feature",
      "properties": {
        "@id": "node/3931966171",
        "amenity": "restaurant",
        "brand": "Denny's",
        "brand:wikidata": "Q1189695",
        "cuisine": "american",
        "name": "Denny's"
      },
      "geometry": {
        "type": "Point",
        "coordinates": [
          -109.230443,
          41.608976
        ]
      },
      "id": "node/3931966171"
    },
    {
      "type": "Feature",
      "properties": {
        "@id": "node/3977051826",
        "amenity": "restaurant",
        "brand": "Denny's",
        "brand:wikidata": "Q1189695",
        "cuisine": "american",
        "name": "Denny's"
      },
      "geometry": {
        "type": "Point",
        "coordinates": [
          -118.1748431,
          35.0572383
        ]
      },
      "id": "node/3977051826"
    },
    {
      "type": "Feature",
      "properties": {
        "@id": "node/3981229414",
        "amenity": "restaurant",
        "brand": "Denny's",
        "brand:wikidata": "Q1189695",
        "cuisine": "american",
        "name": "Denny's"
      },
      "geometry": {
        "type": "Point",
        "coordinates": [
          -111.8814296,
          34.5760022
        ]
      },
      "id": "node/3981229414"
    },
    {
      "type": "Feature",
      "properties": {
        "@id": "node/4001622962",
        "amenity": "restaurant",
        "brand": "Denny's",
        "brand:wikidata": "Q1189695",
        "cuisine": "american",
        "name": "Denny's"
      },
      "geometry": {
        "type": "Point",
        "coordinates": [
          -109.568138,
          40.4363333
        ]
      },
      "id": "node/4001622962"
    },
    {
      "type": "Feature",
      "properties": {
        "@id": "node/4015588711",
        "amenity": "restaurant",
        "brand": "Denny's",
        "brand:wikidata": "Q1189695",
        "cuisine": "american",
        "indoor_seating": "yes",
        "name": "Denny's",
        "outdoor_seating": "no"
      },
      "geometry": {
        "type": "Point",
        "coordinates": [
          -115.1723993,
          36.104061
        ]
      },
      "id": "node/4015588711"
    },
    {
      "type": "Feature",
      "properties": {
        "@id": "node/4037105604",
        "amenity": "restaurant",
        "brand": "Denny's",
        "brand:wikidata": "Q1189695",
        "cuisine": "american",
        "name": "Denny's"
      },
      "geometry": {
        "type": "Point",
        "coordinates": [
          -82.6105801,
          28.9186636
        ]
      },
      "id": "node/4037105604"
    },
    {
      "type": "Feature",
      "properties": {
        "@id": "node/4047546182",
        "addr:city": "Woodland",
        "addr:housenumber": "1568",
        "addr:postcode": "95776",
        "addr:street": "East Main Street",
        "amenity": "restaurant",
        "brand": "Denny's",
        "brand:wikidata": "Q1189695",
        "cuisine": "american",
        "name": "Denny's"
      },
      "geometry": {
        "type": "Point",
        "coordinates": [
          -121.7484703,
          38.676814
        ]
      },
      "id": "node/4047546182"
    },
    {
      "type": "Feature",
      "properties": {
        "@id": "node/4064442032",
        "amenity": "restaurant",
        "brand": "Denny's",
        "brand:wikidata": "Q1189695",
        "cuisine": "american",
        "name": "Denny's"
      },
      "geometry": {
        "type": "Point",
        "coordinates": [
          -116.5463417,
          33.9067219
        ]
      },
      "id": "node/4064442032"
    },
    {
      "type": "Feature",
      "properties": {
        "@id": "node/4065359846",
        "amenity": "restaurant",
        "brand": "Denny's",
        "brand:wikidata": "Q1189695",
        "cuisine": "american",
        "name": "Denny's"
      },
      "geometry": {
        "type": "Point",
        "coordinates": [
          -119.26212,
          45.8185214
        ]
      },
      "id": "node/4065359846"
    },
    {
      "type": "Feature",
      "properties": {
        "@id": "node/4070024463",
        "amenity": "restaurant",
        "brand": "Denny's",
        "brand:wikidata": "Q1189695",
        "cuisine": "american",
        "name": "Denny's"
      },
      "geometry": {
        "type": "Point",
        "coordinates": [
          -108.5646585,
          45.753993
        ]
      },
      "id": "node/4070024463"
    },
    {
      "type": "Feature",
      "properties": {
        "@id": "node/4082250888",
        "addr:city": "Chula Vista",
        "addr:housenumber": "2110",
        "addr:postcode": "91915",
        "addr:street": "Birch Road",
        "amenity": "restaurant",
        "brand": "Denny's",
        "brand:wikidata": "Q1189695",
        "cuisine": "american",
        "name": "Denny's"
      },
      "geometry": {
        "type": "Point",
        "coordinates": [
          -116.9623572,
          32.6212233
        ]
      },
      "id": "node/4082250888"
    },
    {
      "type": "Feature",
      "properties": {
        "@id": "node/4107485581",
        "addr:city": "Long Beach",
        "addr:housenumber": "601",
        "addr:state": "CA",
        "addr:street": "Long Beach Boulevard",
        "amenity": "restaurant",
        "brand": "Denny's",
        "brand:wikidata": "Q1189695",
        "cuisine": "american",
        "name": "Denny's",
        "opening_hours": "24/7",
        "website": "https://locations.dennys.com/CA/LONG-BEACH/247211"
      },
      "geometry": {
        "type": "Point",
        "coordinates": [
          -118.189751,
          33.7743813
        ]
      },
      "id": "node/4107485581"
    },
    {
      "type": "Feature",
      "properties": {
        "@id": "node/4119375291",
        "air_conditioning": "yes",
        "amenity": "restaurant",
        "brand": "Denny's",
        "brand:wikidata": "Q1189695",
        "cuisine": "american",
        "name": "Denny's"
      },
      "geometry": {
        "type": "Point",
        "coordinates": [
          -119.349271,
          36.3282535
        ]
      },
      "id": "node/4119375291"
    },
    {
      "type": "Feature",
      "properties": {
        "@id": "node/4175103679",
        "amenity": "restaurant",
        "brand": "Denny's",
        "brand:wikidata": "Q1189695",
        "cuisine": "american",
        "name": "Denny's"
      },
      "geometry": {
        "type": "Point",
        "coordinates": [
          -81.5030186,
          31.2453404
        ]
      },
      "id": "node/4175103679"
    },
    {
      "type": "Feature",
      "properties": {
        "@id": "node/4221606207",
        "amenity": "restaurant",
        "brand": "Denny's",
        "brand:wikidata": "Q1189695",
        "cuisine": "american",
        "internet_access": "wlan",
        "name": "Denny's",
        "opening_hours": "24/7",
        "phone": "+1-626-338-0217",
        "website": "https://dennys.com/"
      },
      "geometry": {
        "type": "Point",
        "coordinates": [
          -117.9584642,
          34.0712524
        ]
      },
      "id": "node/4221606207"
    },
    {
      "type": "Feature",
      "properties": {
        "@id": "node/4284231178",
        "addr:city": "Honolulu",
        "addr:housenumber": "205",
        "addr:postcode": "96815",
        "addr:state": "HI",
        "addr:street": "Lewers Street",
        "amenity": "restaurant",
        "brand": "Denny's",
        "brand:wikidata": "Q1189695",
        "check_date": "2026-08-28",
        "cuisine": "american",
        "name": "Denny's",
        "opening_hours": "24/7",
        "takeaway": "yes"
      },
      "geometry": {
        "type": "Point",
        "coordinates": [
          -157.8315343,
          21.2784813
        ]
      },
      "id": "node/4284231178"
    },
    {
      "type": "Feature",
      "properties": {
        "@id": "node/4284242124",
        "addr:city": "Sebring",
        "addr:housenumber": "4677",
        "addr:postcode": "33870",
        "addr:state": "FL",
        "addr:street": "Keiber Boulevard",
        "amenity": "restaurant",
        "brand": "Denny's",
        "brand:wikidata": "Q1189695",
        "cuisine": "american",
        "name": "Denny's",
        "opening_hours": "24/7"
      },
      "geometry": {
        "type": "Point",
        "coordinates": [
          -81.497613,
          27.5238249
        ]
      },
      "id": "node/4284242124"
    },
    {
      "type": "Feature",
      "properties": {
        "@id": "node/4325259890",
        "addr:city": "Los Angeles",
        "addr:housenumber": "888",
        "addr:postcode": "90017",
        "addr:state": "CA",
        "addr:street": "Figueroa Street",
        "amenity": "restaurant",
        "brand": "Denny's",
        "brand:wikidata": "Q1189695",
        "cuisine": "american",
        "name": "Denny's",
        "opening_hours": "24/7",
        "phone": "+1 213-629-4250",
        "website": "https://locations.dennys.com/CA/LOS-ANGELES/247569",
        "wheelchair": "yes"
      },
      "geometry": {
        "type": "Point",
        "coordinates": [
          -118.2614835,
          34.0473363
        ]
      },
      "id": "node/4325259890"
    },
    {
      "type": "Feature",
      "properties": {
        "@id": "node/4353970697",
        "addr:city": "Vineland",
        "addr:housenumber": "16",
        "addr:postcode": "08360",
        "addr:state": "NJ",
        "addr:street": "South Delsea Drive",
        "amenity": "restaurant",
        "brand": "Denny's",
        "brand:wikidata": "Q1189695",
        "check_date": "2025-08-06",
        "cuisine": "american",
        "name": "Denny's",
        "opening_hours": "24/7",
        "phone": "+1 856-696-1900",
        "takeaway": "yes",
        "website": "https://locations.dennys.com/NJ/VINELAND/246455"
      },
      "geometry": {
        "type": "Point",
        "coordinates": [
          -75.0436044,
          39.486311
        ]
      },
      "id": "node/4353970697"
    },
    {
      "type": "Feature",
      "properties": {
        "@id": "node/4369405112",
        "addr:city": "Houston",
        "addr:housenumber": "1104",
        "addr:state": "TX",
        "addr:street": "North Sam Houston Parkway East",
        "addr:unit": "B",
        "amenity": "restaurant",
        "brand": "Denny's",
        "brand:wikidata": "Q1189695",
        "cuisine": "american",
        "name": "Denny's",
        "opening_hours": "Mo-Su 06:00-22:00"
      },
      "geometry": {
        "type": "Point",
        "coordinates": [
          -95.3721616,
          29.9379523
        ]
      },
      "id": "node/4369405112"
    },
    {
      "type": "Feature",
      "properties": {
        "@id": "node/4422265492",
        "addr:city": "Commerce",
        "addr:housenumber": "5142",
        "addr:state": "CA",
        "addr:street": "Triggs Street",
        "amenity": "restaurant",
        "brand": "Denny's",
        "brand:wikidata": "Q1189695",
        "cuisine": "american",
        "name": "Denny's",
        "opening_hours": "24/7",
        "website": "https://locations.dennys.com/CA/CITY-OF-COMMERCE/246826"
      },
      "geometry": {
        "type": "Point",
        "coordinates": [
          -118.1620337,
          34.0108612
        ]
      },
      "id": "node/4422265492"
    },
    {
      "type": "Feature",
      "properties": {
        "@id": "node/4432547575",
        "addr:city": "Binghamton",
        "addr:housenumber": "1250",
        "addr:postcode": "13901",
        "addr:state": "NY",
        "addr:street": "Upper Front Street",
        "amenity": "restaurant",
        "brand": "Denny's",
        "brand:wikidata": "Q1189695",
        "check_date": "2024-08-18",
        "cuisine": "american",
        "name": "Denny's",
        "opening_hours": "24/7",
        "phone": "+1 607-722-4971",
        "source": "official website",
        "website": "https://locations.dennys.com/NY/BINGHAMTON/248194"
      },
      "geometry": {
        "type": "Point",
        "coordinates": [
          -75.8958694,
          42.1556691
        ]
      },
      "id": "node/4432547575"
    },
    {
      "type": "Feature",
      "properties": {
        "@id": "node/4433601877",
        "addr:city": "New Milford",
        "addr:housenumber": "1623",
        "addr:postcode": "18834",
        "addr:state": "PA",
        "addr:street": "Oliver Road",
        "amenity": "restaurant",
        "brand": "Denny's",
        "brand:wikidata": "Q1189695",
        "check_date": "2024-03-16",
        "cuisine": "american",
        "name": "Denny's",
        "opening_hours": "24/7",
        "phone": "+1 570-465-2178",
        "takeaway": "yes",
        "website": "https://locations.dennys.com/PA/NEW-MILFORD/248635"
      },
      "geometry": {
        "type": "Point",
        "coordinates": [
          -75.6819197,
          41.8245826
        ]
      },
      "id": "node/4433601877"
    },
    {
      "type": "Feature",
      "properties": {
        "@id": "node/4449013291",
        "addr:housenumber": "8000 suits 109",
        "addr:postcode": "89117",
        "addr:street": "West Sahara Avenue",
        "addr:unit": "109",
        "amenity": "restaurant",
        "brand": "Denny's",
        "brand:wikidata": "Q1189695",
        "cuisine": "american",
        "internet_access": "wlan",
        "name": "Denny's",
        "opening_hours": "24/7",
        "phone": "+1-702-948-8382",
        "website": "https://www.dennys.com/"
      },
      "geometry": {
        "type": "Point",
        "coordinates": [
          -115.2663741,
          36.1442517
        ]
      },
      "id": "node/4449013291"
    },
    {
      "type": "Feature",
      "properties": {
        "@id": "node/4537718790",
        "addr:city": "Haw River",
        "addr:country": "US",
        "addr:housenumber": "1043",
        "addr:postcode": "27258",
        "addr:state": "NC",
        "addr:street": "Jimmie Kerr Road",
        "amenity": "restaurant",
        "brand": "Denny's",
        "brand:wikidata": "Q1189695",
        "cuisine": "american",
        "name": "Denny's",
        "opening_hours": "06:00-25:00",
        "phone": "+1 800-991-1474",
        "takeaway": "yes",
        "website": "https://locations.dennys.com/NC/HAW-RIVER/248642"
      },
      "geometry": {
        "type": "Point",
        "coordinates": [
          -79.3528473,
          36.0714017
        ]
      },
      "id": "node/4537718790"
    },
    {
      "type": "Feature",
      "properties": {
        "@id": "node/4572175208",
        "addr:city": "Amarillo",
        "addr:housenumber": "1710",
        "addr:postcode": "79103",
        "addr:state": "TX",
        "addr:street": "East Interstate Drive",
        "amenity": "restaurant",
        "brand": "Denny's",
        "brand:wikidata": "Q1189695",
        "check_date": "2026-05-21",
        "cuisine": "american",
        "name": "Denny's"
      },
      "geometry": {
        "type": "Point",
        "coordinates": [
          -101.8184248,
          35.1918139
        ]
      },
      "id": "node/4572175208"
    },
    {
      "type": "Feature",
      "properties": {
        "@id": "node/4578287858",
        "amenity": "restaurant",
        "brand": "Denny's",
        "brand:wikidata": "Q1189695",
        "cuisine": "american",
        "name": "Denny's"
      },
      "geometry": {
        "type": "Point",
        "coordinates": [
          -117.988194,
          34.0184577
        ]
      },
      "id": "node/4578287858"
    },
    {
      "type": "Feature",
      "properties": {
        "@id": "node/4668357801",
        "amenity": "restaurant",
        "brand": "Denny's",
        "brand:wikidata": "Q1189695",
        "cuisine": "american",
        "name": "Denny's"
      },
      "geometry": {
        "type": "Point",
        "coordinates": [
          -98.3407213,
          40.8884281
        ]
      },
      "id": "node/4668357801"
    },
    {
      "type": "Feature",
      "properties": {
        "@id": "node/4684862409",
        "addr:city": "Dale",
        "addr:housenumber": "812",
        "addr:postcode": "47523",
        "addr:state": "IN",
        "addr:street": "North Conner Court",
        "amenity": "restaurant",
        "brand": "Denny's",
        "brand:wikidata": "Q1189695",
        "check_date": "2024-08-21",
        "cuisine": "american",
        "name": "Denny's",
        "opening_hours": "24/7",
        "phone": "+1 812-937-7002",
        "takeaway": "yes",
        "website": "https://locations.dennys.com/IN/DALE/246896"
      },
      "geometry": {
        "type": "Point",
        "coordinates": [
          -86.9871475,
          38.1841869
        ]
      },
      "id": "node/4684862409"
    },
    {
      "type": "Feature",
      "properties": {
        "@id": "node/4719302816",
        "amenity": "restaurant",
        "brand": "Denny's",
        "brand:wikidata": "Q1189695",
        "cuisine": "american",
        "name": "Denny's"
      },
      "geometry": {
        "type": "Point",
        "coordinates": [
          -111.5494618,
          32.7325956
        ]
      },
      "id": "node/4719302816"
    },
    {
      "type": "Feature",
      "properties": {
        "@id": "node/4729019872",
        "amenity": "restaurant",
        "brand": "Denny's",
        "brand:wikidata": "Q1189695",
        "cuisine": "american",
        "name": "Denny's"
      },
      "geometry": {
        "type": "Point",
        "coordinates": [
          -118.069859,
          45.3319683
        ]
      },
      "id": "node/4729019872"
    },
    {
      "type": "Feature",
      "properties": {
        "@id": "node/4770531005",
        "amenity": "restaurant",
        "brand": "Denny's",
        "brand:wikidata": "Q1189695",
        "cuisine": "american",
        "name": "Denny's"
      },
      "geometry": {
        "type": "Point",
        "coordinates": [
          -95.1070524,
          29.5783233
        ]
      },
      "id": "node/4770531005"
    },
    {
      "type": "Feature",
      "properties": {
        "@id": "node/4809918522",
        "addr:city": "Coral Gables",
        "addr:housenumber": "1150",
        "addr:postcode": "33146",
        "addr:state": "FL",
        "addr:street": "South Dixie Highway",
        "amenity": "restaurant",
        "brand": "Denny's",
        "brand:wikidata": "Q1189695",
        "check_date": "2024-08-19",
        "cuisine": "american",
        "internet_access": "wlan",
        "name": "Denny's",
        "opening_hours": "24/7",
        "phone": "+1 305-666-6250",
        "source": "official website",
        "takeaway": "yes",
        "website": "https://locations.dennys.com/FL/CORAL-GABLES/248698"
      },
      "geometry": {
        "type": "Point",
        "coordinates": [
          -80.2750603,
          25.7156959
        ]
      },
      "id": "node/4809918522"
    },
    {
      "type": "Feature",
      "properties": {
        "@id": "node/4825570372",
        "addr:city": "Sarasota",
        "addr:housenumber": "3701",
        "addr:postcode": "34233",
        "addr:state": "FL",
        "addr:street": "Bee Ridge Road",
        "amenity": "restaurant",
        "brand": "Denny's",
        "brand:wikidata": "Q1189695",
        "check_date": "2024-08-19",
        "cuisine": "american",
        "name": "Denny's",
        "opening_hours": "24/7",
        "phone": "+1 941-210-3964",
        "takeaway": "yes",
        "website": "https://locations.dennys.com/FL/SARASOTA/249331"
      },
      "geometry": {
        "type": "Point",
        "coordinates": [
          -82.493779,
          27.2992769
        ]
      },
      "id": "node/4825570372"
    },
    {
      "type": "Feature",
      "properties": {
        "@id": "node/4833536825",
        "addr:housenumber": "1010",
        "addr:postcode": "91506",
        "addr:street": "West Alameda Avenue",
        "amenity": "restaurant",
        "brand": "Denny's",
        "brand:wikidata": "Q1189695",
        "cuisine": "american",
        "internet_access": "wlan",
        "name": "Denny's",
        "opening_hours": "Mo-Su 06:00-00:00",
        "phone": "+1-818-842-0555",
        "website": "http://Dennys.com"
      },
      "geometry": {
        "type": "Point",
        "coordinates": [
          -118.313221,
          34.1628831
        ]
      },
      "id": "node/4833536825"
    },
    {
      "type": "Feature",
      "properties": {
        "@id": "node/4898522122",
        "addr:housenumber": "1121",
        "addr:street": "North Parkway Drive",
        "amenity": "restaurant",
        "brand": "Denny's",
        "brand:wikidata": "Q1189695",
        "cuisine": "american",
        "name": "Denny's",
        "name:en": "Denny's"
      },
      "geometry": {
        "type": "Point",
        "coordinates": [
          -119.83063,
          36.756715
        ]
      },
      "id": "node/4898522122"
    },
    {
      "type": "Feature",
      "properties": {
        "@id": "node/4949980324",
        "addr:city": "Salem",
        "addr:housenumber": "2039",
        "addr:postcode": "24153",
        "addr:state": "VA",
        "addr:street": "West Main Street",
        "amenity": "restaurant",
        "brand": "Denny's",
        "brand:wikidata": "Q1189695",
        "check_date": "2024-08-19",
        "cuisine": "american",
        "name": "Denny's",
        "opening_hours": "24/7",
        "phone": "+1 540-389-5074",
        "takeaway": "yes",
        "website": "https://locations.dennys.com/VA/SALEM/246891"
      },
      "geometry": {
        "type": "Point",
        "coordinates": [
          -80.0943312,
          37.2881746
        ]
      },
      "id": "node/4949980324"
    },
    {
      "type": "Feature",
      "properties": {
        "@id": "node/4954188659",
        "addr:city": "North Pekin",
        "addr:housenumber": "115",
        "addr:postcode": "61554",
        "addr:state": "IL",
        "addr:street": "Radio City Drive",
        "amenity": "restaurant",
        "brand": "Denny's",
        "brand:wikidata": "Q1189695",
        "check_date": "2024-08-23",
        "cuisine": "american",
        "name": "Denny's",
        "opening_hours": "24/7",
        "phone": "+1 309-382-4400",
        "takeaway": "yes",
        "website": "https://locations.dennys.com/IL/NORTH-PEKIN/247567"
      },
      "geometry": {
        "type": "Point",
        "coordinates": [
          -89.6210829,
          40.6249823
        ]
      },
      "id": "node/4954188659"
    },
    {
      "type": "Feature",
      "properties": {
        "@id": "node/5003462274",
        "addr:city": "Tomah",
        "addr:housenumber": "310",
        "addr:postcode": "54660",
        "addr:state": "WI",
        "addr:street": "East McCoy Boulevard",
        "amenity": "restaurant",
        "brand": "Denny's",
        "brand:wikidata": "Q1189695",
        "check_date": "2024-08-22",
        "cuisine": "american",
        "name": "Denny's",
        "opening_hours": "24/7",
        "phone": "+1 608-372-2691",
        "takeaway": "yes",
        "website": "https://locations.dennys.com/WI/TOMAH/209342"
      },
      "geometry": {
        "type": "Point",
        "coordinates": [
          -90.5031638,
          44.0192058
        ]
      },
      "id": "node/5003462274"
    },
    {
      "type": "Feature",
      "properties": {
        "@id": "node/5062484145",
        "addr:city": "Miami Gardens",
        "addr:housenumber": "19780",
        "addr:postcode": "33056",
        "addr:state": "FL",
        "addr:street": "Northwest 27th Avenue",
        "amenity": "restaurant",
        "brand": "Denny's",
        "brand:wikidata": "Q1189695",
        "cuisine": "american",
        "name": "Denny's"
      },
      "geometry": {
        "type": "Point",
        "coordinates": [
          -80.246397,
          25.9535903
        ]
      },
      "id": "node/5062484145"
    },
    {
      "type": "Feature",
      "properties": {
        "@id": "node/5111896334",
        "amenity": "restaurant",
        "brand": "Denny's",
        "brand:wikidata": "Q1189695",
        "cuisine": "american",
        "name": "Denny's",
        "opening_hours": "24/7",
        "website": "https://locations.dennys.com/CA/LOS-ANGELES/246865"
      },
      "geometry": {
        "type": "Point",
        "coordinates": [
          -118.3080575,
          34.0615155
        ]
      },
      "id": "node/5111896334"
    },
    {
      "type": "Feature",
      "properties": {
        "@id": "node/5120056051",
        "amenity": "restaurant",
        "brand": "Denny's",
        "brand:wikidata": "Q1189695",
        "cuisine": "american",
        "name": "Denny's"
      },
      "geometry": {
        "type": "Point",
        "coordinates": [
          -80.1549612,
          26.1669804
        ]
      },
      "id": "node/5120056051"
    },
    {
      "type": "Feature",
      "properties": {
        "@id": "node/5236801322",
        "addr:city": "New Caney",
        "addr:housenumber": "23412",
        "addr:postcode": "77357",
        "addr:state": "TX",
        "addr:street": "State Highway 242",
        "amenity": "restaurant",
        "brand": "Denny's",
        "brand:wikidata": "Q1189695",
        "check_date": "2024-10-09",
        "cuisine": "american",
        "name": "Denny's",
        "opening_hours": "24/7",
        "phone": "+1 281-689-3385",
        "source": "official website",
        "takeaway": "yes",
        "website": "https://locations.dennys.com/TX/NEW-CANEY/248625"
      },
      "geometry": {
        "type": "Point",
        "coordinates": [
          -95.1926708,
          30.1924868
        ]
      },
      "id": "node/5236801322"
    },
    {
      "type": "Feature",
      "properties": {
        "@id": "node/5256303421",
        "addr:street": "Sherman Way",
        "amenity": "restaurant",
        "brand": "Denny's",
        "brand:wikidata": "Q1189695",
        "cuisine": "american",
        "name": "Denny's",
        "opening_hours": "24/7"
      },
      "geometry": {
        "type": "Point",
        "coordinates": [
          -118.419501,
          34.2009294
        ]
      },
      "id": "node/5256303421"
    },
    {
      "type": "Feature",
      "properties": {
        "@id": "node/5271353725",
        "addr:city": "Denver",
        "addr:housenumber": "1605",
        "addr:postcode": "80204",
        "addr:state": "CO",
        "addr:street": "Federal Boulevard",
        "amenity": "restaurant",
        "brand": "Denny's",
        "brand:wikidata": "Q1189695",
        "cuisine": "american",
        "name": "Denny's",
        "opening_hours": "24/7",
        "phone": "+1-303-893-2627",
        "website": "https://locations.dennys.com/CO/DENVER/247203"
      },
      "geometry": {
        "type": "Point",
        "coordinates": [
          -105.0256594,
          39.7430287
        ]
      },
      "id": "node/5271353725"
    },
    {
      "type": "Feature",
      "properties": {
        "@id": "node/5355840233",
        "addr:city": "Highland",
        "addr:housenumber": "2442",
        "addr:postcode": "92346",
        "addr:state": "CA",
        "addr:street": "Highland Avenue",
        "amenity": "restaurant",
        "brand": "Denny's",
        "brand:wikidata": "Q1189695",
        "cuisine": "american",
        "name": "Denny's",
        "opening_hours": "24/7",
        "phone": "+1 909-862-2003",
        "source": "official website",
        "takeaway": "yes",
        "website": "https://locations.dennys.com/CA/HIGHLAND/249312"
      },
      "geometry": {
        "type": "Point",
        "coordinates": [
          -117.234137,
          34.1361204
        ]
      },
      "id": "node/5355840233"
    },
    {
      "type": "Feature",
      "properties": {
        "@id": "node/5359129321",
        "addr:city": "Los Angeles",
        "addr:housenumber": "8601",
        "addr:postcode": "90045",
        "addr:state": "CA",
        "addr:street": "Bellanca Avenue",
        "amenity": "restaurant",
        "brand": "Denny's",
        "brand:wikidata": "Q1189695",
        "check_date": "2024-10-09",
        "cuisine": "american",
        "name": "Denny's",
        "opening_hours": "24/7",
        "phone": "+1 310-410-1222",
        "source": "official website",
        "takeaway": "yes",
        "website": "https://locations.dennys.com/CA/LOS-ANGELES/246220"
      },
      "geometry": {
        "type": "Point",
        "coordinates": [
          -118.380743,
          33.9596766
        ]
      },
      "id": "node/5359129321"
    },
    {
      "type": "Feature",
      "properties": {
        "@id": "node/5373920259",
        "addr:city": "Appleton",
        "addr:housenumber": "3470",
        "addr:postcode": "54914",
        "addr:state": "WI",
        "addr:street": "West College Avenue",
        "amenity": "restaurant",
        "brand": "Denny's",
        "brand:wikidata": "Q1189695",
        "check_date": "2024-08-22",
        "cuisine": "american",
        "name": "Denny's",
        "opening_hours": "Mo-We,Su 07:00-22:00; Th 07:00-24:00; Fr,Sa 00:00-24:00",
        "phone": "+1 920-380-9424",
        "takeaway": "yes",
        "website": "https://locations.dennys.com/WI/APPLETON/248757"
      },
      "geometry": {
        "type": "Point",
        "coordinates": [
          -88.4580997,
          44.2624531
        ]
      },
      "id": "node/5373920259"
    },
    {
      "type": "Feature",
      "properties": {
        "@id": "node/5534799952",
        "amenity": "restaurant",
        "brand": "Denny's",
        "brand:wikidata": "Q1189695",
        "cuisine": "american",
        "name": "Denny's"
      },
      "geometry": {
        "type": "Point",
        "coordinates": [
          -81.5782598,
          31.1399352
        ]
      },
      "id": "node/5534799952"
    },
    {
      "type": "Feature",
      "properties": {
        "@id": "node/5613685104",
        "amenity": "restaurant",
        "brand": "Denny's",
        "brand:wikidata": "Q1189695",
        "cuisine": "american",
        "ele": "261.9",
        "ele:msl": "261.9",
        "ele:source": "GPS",
        "name": "Denny's",
        "source": "GPS"
      },
      "geometry": {
        "type": "Point",
        "coordinates": [
          -96.0421838,
          41.225548
        ]
      },
      "id": "node/5613685104"
    },
    {
      "type": "Feature",
      "properties": {
        "@id": "node/5648899217",
        "amenity": "restaurant",
        "brand": "Denny's",
        "brand:wikidata": "Q1189695",
        "name": "Denny's"
      },
      "geometry": {
        "type": "Point",
        "coordinates": [
          -107.3098601,
          41.7784654
        ]
      },
      "id": "node/5648899217"
    },
    {
      "type": "Feature",
      "properties": {
        "@id": "node/5763201198",
        "addr:city": "Berkshire",
        "addr:housenumber": "7735",
        "addr:postcode": "43074",
        "addr:state": "OH",
        "addr:street": "State Route 37",
        "amenity": "restaurant",
        "brand": "Denny's",
        "brand:wikidata": "Q1189695",
        "check_date": "2024-08-19",
        "cuisine": "american",
        "name": "Denny's",
        "opening_hours": "24/7",
        "phone": "+1 740-965-1541",
        "takeaway": "yes",
        "website": "https://locations.dennys.com/OH/BERKSHIRE/248590"
      },
      "geometry": {
        "type": "Point",
        "coordinates": [
          -82.9249691,
          40.2676518
        ]
      },
      "id": "node/5763201198"
    },
    {
      "type": "Feature",
      "properties": {
        "@id": "node/5842299324",
        "addr:city": "LaSalle",
        "addr:floor": "1",
        "addr:housenumber": "343",
        "addr:postcode": "61301",
        "addr:state": "IL",
        "addr:street": "Civic Road",
        "amenity": "restaurant",
        "brand": "Denny's",
        "brand:wikidata": "Q1189695",
        "check_date": "2025-04-20",
        "cuisine": "american",
        "internet_access": "wlan",
        "internet_access:fee": "no",
        "level": "0",
        "name": "Denny's",
        "opening_hours": "24/7",
        "payment:cash": "yes",
        "payment:credit_cards": "yes",
        "payment:debit_cards": "yes",
        "phone": "+1 815-223-6036",
        "takeaway": "yes",
        "website": "https://locations.dennys.com/IL/LASALLE/248628",
        "wheelchair": "yes"
      },
      "geometry": {
        "type": "Point",
        "coordinates": [
          -89.0976399,
          41.3689941
        ]
      },
      "id": "node/5842299324"
    },
    {
      "type": "Feature",
      "properties": {
        "@id": "node/5850347785",
        "addr:city": "Gallup",
        "addr:housenumber": "836",
        "addr:postcode": "87301",
        "addr:state": "NM",
        "addr:street": "North US 491",
        "amenity": "restaurant",
        "brand": "Denny's",
        "brand:wikidata": "Q1189695",
        "cuisine": "american",
        "name": "Denny's",
        "opening_hours": "24/7",
        "phone": "+1 505-722-6945",
        "source": "official website",
        "takeaway": "yes",
        "website": "https://locations.dennys.com/NM/GALLUP/247437"
      },
      "geometry": {
        "type": "Point",
        "coordinates": [
          -108.7583563,
          35.5338766
        ]
      },
      "id": "node/5850347785"
    },
    {
      "type": "Feature",
      "properties": {
        "@id": "node/5876993564",
        "addr:city": "Jacksonville",
        "addr:housenumber": "1702",
        "addr:postcode": "75766",
        "addr:state": "TX",
        "addr:street": "South Jackson Street",
        "amenity": "restaurant",
        "brand": "Denny's",
        "brand:wikidata": "Q1189695",
        "cuisine": "american",
        "name": "Denny's",
        "opening_hours": "24/7"
      },
      "geometry": {
        "type": "Point",
        "coordinates": [
          -95.2585529,
          31.9458045
        ]
      },
      "id": "node/5876993564"
    },
    {
      "type": "Feature",
      "properties": {
        "@id": "node/5993913454",
        "addr:city": "Aguadilla",
        "addr:postcode": "00603",
        "addr:state": "PR",
        "addr:street": "Belt Road",
        "amenity": "restaurant",
        "brand": "Denny's",
        "brand:wikidata": "Q1189695",
        "cuisine": "american",
        "name": "Denny's",
        "opening_hours": "24/7",
        "phone": "+1 787-957-6393",
        "takeaway": "yes",
        "website": "https://dennyspr.com/"
      },
      "geometry": {
        "type": "Point",
        "coordinates": [
          -67.1399419,
          18.5010852
        ]
      },
      "id": "node/5993913454"
    },
    {
      "type": "Feature",
      "properties": {
        "@id": "node/6035445214",
        "addr:city": "Miami",
        "addr:housenumber": "12000",
        "addr:postcode": "33186",
        "addr:state": "FL",
        "addr:street": "Southwest 88th Street",
        "amenity": "restaurant",
        "brand": "Denny's",
        "brand:wikidata": "Q1189695",
        "check_date": "2026-09-16",
        "cuisine": "american",
        "name": "Denny's",
        "opening_hours": "24/7",
        "phone": "+1-305-598-0307",
        "website": "https://locations.dennys.com/FL/MIAMI/249596"
      },
      "geometry": {
        "type": "Point",
        "coordinates": [
          -80.3912775,
          25.6855625
        ]
      },
      "id": "node/6035445214"
    },
    {
      "type": "Feature",
      "properties": {
        "@id": "node/6073265267",
        "addr:city": "Coral Gables",
        "addr:housenumber": "1",
        "addr:postcode": "33134",
        "addr:state": "FL",
        "addr:street": "Miracle Mile",
        "amenity": "restaurant",
        "brand": "Denny's",
        "brand:wikidata": "Q1189695",
        "cuisine": "american",
        "delivery": "yes",
        "name": "Denny's",
        "opening_hours": "24/7",
        "phone": "+1-305-445-2300",
        "takeaway": "yes",
        "website": "https://locations.dennys.com/FL/CORAL-GABLES/209595"
      },
      "geometry": {
        "type": "Point",
        "coordinates": [
          -80.2552516,
          25.7500164
        ]
      },
      "id": "node/6073265267"
    },
    {
      "type": "Feature",
      "properties": {
        "@id": "node/6089888721",
        "addr:city": "Resaca",
        "addr:housenumber": "288",
        "addr:postcode": "30735",
        "addr:state": "GA",
        "addr:street": "Resaca Beach Boulevard",
        "amenity": "restaurant",
        "brand": "Denny's",
        "brand:wikidata": "Q1189695",
        "contact:website": "https://locations.dennys.com/GA/RESACA/248564",
        "cuisine": "american",
        "name": "Denny's",
        "opening_hours": "24/7",
        "phone": "+1-706-624-1546",
        "website": "https://locations.dennys.com/GA/RESACA/248564"
      },
      "geometry": {
        "type": "Point",
        "coordinates": [
          -84.9474809,
          34.5764278
        ]
      },
      "id": "node/6089888721"
    },
    {
      "type": "Feature",
      "properties": {
        "@id": "node/6128310819",
        "addr:city": "Petaluma",
        "addr:housenumber": "4986",
        "addr:postcode": "94952",
        "addr:state": "CA",
        "addr:street": "Petaluma Boulevard North",
        "amenity": "restaurant",
        "brand": "Denny's",
        "brand:wikidata": "Q1189695",
        "cuisine": "american",
        "name": "Denny's",
        "opening_hours": "24/7",
        "phone": "+1 707-559-5264",
        "source": "official website",
        "takeaway": "yes",
        "website": "https://locations.dennys.com/CA/PETALUMA/249643"
      },
      "geometry": {
        "type": "Point",
        "coordinates": [
          -122.6701886,
          38.2689958
        ]
      },
      "id": "node/6128310819"
    },
    {
      "type": "Feature",
      "properties": {
        "@id": "node/6171367072",
        "addr:housenumber": "2701",
        "addr:street": "East Grand River Avenue",
        "amenity": "restaurant",
        "brand": "Denny's",
        "brand:wikidata": "Q1189695",
        "cuisine": "american",
        "name": "Denny's",
        "opening_hours": "24/7",
        "phone": "+1-517-351-0421",
        "ref": "7908",
        "smoking": "no",
        "toilets": "yes",
        "toilets:access": "customers",
        "website": "https://locations.dennys.com/MI/EAST-LANSING/247908"
      },
      "geometry": {
        "type": "Point",
        "coordinates": [
          -84.4502222,
          42.7254157
        ]
      },
      "id": "node/6171367072"
    },
    {
      "type": "Feature",
      "properties": {
        "@id": "node/6310400674",
        "addr:city": "Hubbard",
        "addr:housenumber": "2226",
        "addr:postcode": "44425",
        "addr:state": "OH",
        "addr:street": "North Main Street",
        "amenity": "restaurant",
        "brand": "Denny's",
        "brand:wikidata": "Q1189695",
        "check_date": "2024-08-18",
        "cuisine": "american",
        "name": "Denny's",
        "opening_hours": "06:00-01:00",
        "phone": "+1 866-987-0734",
        "source": "official website",
        "website": "https://locations.dennys.com/OH/HUBBARD/248637"
      },
      "geometry": {
        "type": "Point",
        "coordinates": [
          -80.5693846,
          41.1827209
        ]
      },
      "id": "node/6310400674"
    },
    {
      "type": "Feature",
      "properties": {
        "@id": "node/6330016555",
        "addr:city": "Friendswood",
        "addr:housenumber": "19212",
        "addr:postcode": "77546",
        "addr:state": "TX",
        "addr:street": "Gulf Freeway",
        "amenity": "restaurant",
        "brand": "Denny's",
        "brand:wikidata": "Q1189695",
        "check_date": "2024-09-24",
        "cuisine": "american",
        "name": "Denny's",
        "opening_hours": "24/7",
        "phone": "+1 281-486-4834",
        "source": "official website",
        "website": "https://locations.dennys.com/TX/FRIENDSWOOD/209386"
      },
      "geometry": {
        "type": "Point",
        "coordinates": [
          -95.1449915,
          29.5428464
        ]
      },
      "id": "node/6330016555"
    },
    {
      "type": "Feature",
      "properties": {
        "@id": "node/6331583765",
        "addr:city": "Johnstown",
        "addr:housenumber": "3156",
        "addr:postcode": "15904",
        "addr:state": "PA",
        "addr:street": "Elton Road",
        "amenity": "restaurant",
        "brand": "Denny's",
        "brand:wikidata": "Q1189695",
        "cuisine": "american",
        "name": "Denny's",
        "opening_hours": "06:00-23:00",
        "phone": "+1 866-948-7660",
        "takeaway": "yes",
        "website": "https://locations.dennys.com/PA/JOHNSTOWN/249563"
      },
      "geometry": {
        "type": "Point",
        "coordinates": [
          -78.8475337,
          40.2790926
        ]
      },
      "id": "node/6331583765"
    },
    {
      "type": "Feature",
      "properties": {
        "@id": "node/6415266074",
        "amenity": "restaurant",
        "brand": "Denny's",
        "brand:wikidata": "Q1189695",
        "cuisine": "american",
        "name": "Denny's"
      },
      "geometry": {
        "type": "Point",
        "coordinates": [
          -66.0408031,
          18.2216155
        ]
      },
      "id": "node/6415266074"
    },
    {
      "type": "Feature",
      "properties": {
        "@id": "node/6418297686",
        "addr:city": "Daytona Beach",
        "addr:housenumber": "2701",
        "addr:postcode": "32118",
        "addr:state": "FL",
        "addr:street": "North Atlantic Avenue",
        "amenity": "restaurant",
        "brand": "Denny's",
        "brand:wikidata": "Q1189695",
        "check_date": "2024-09-24",
        "cuisine": "american",
        "internet_access": "wlan",
        "name": "Denny's",
        "opening_hours": "24/7",
        "phone": "+1 386-673-5283",
        "source": "official website",
        "website": "https://locations.dennys.com/FL/DAYTONA-BEACH/247958"
      },
      "geometry": {
        "type": "Point",
        "coordinates": [
          -81.0273268,
          29.2647488
        ]
      },
      "id": "node/6418297686"
    },
    {
      "type": "Feature",
      "properties": {
        "@id": "node/6439737985",
        "addr:city": "Santa Clara",
        "addr:housenumber": "1745",
        "addr:postcode": "95050",
        "addr:state": "CA",
        "addr:street": "El Camino Real",
        "amenity": "restaurant",
        "brand": "Denny's",
        "brand:wikidata": "Q1189695",
        "cuisine": "american",
        "name": "Denny's",
        "opening_hours": "24/7",
        "phone": "+1 408-243-6053",
        "source": "official website",
        "takeaway": "yes",
        "website": "https://locations.dennys.com/CA/SANTA-CLARA/246917"
      },
      "geometry": {
        "type": "Point",
        "coordinates": [
          -121.956884,
          37.3526598
        ]
      },
      "id": "node/6439737985"
    },
    {
      "type": "Feature",
      "properties": {
        "@id": "node/6501153921",
        "addr:city": "Phoenix",
        "addr:housenumber": "2801",
        "addr:postcode": "85009",
        "addr:state": "AZ",
        "addr:street": "North Black Canyon Highway",
        "amenity": "restaurant",
        "brand": "Denny's",
        "brand:wikidata": "Q1189695",
        "check_date": "2024-10-09",
        "cuisine": "american",
        "name": "Denny's",
        "opening_hours": "24/7",
        "phone": "+1 602-252-3745",
        "source": "official website",
        "takeaway": "yes",
        "website": "https://locations.dennys.com/AZ/PHOENIX/248550"
      },
      "geometry": {
        "type": "Point",
        "coordinates": [
          -112.1122316,
          33.4797631
        ]
      },
      "id": "node/6501153921"
    },
    {
      "type": "Feature",
      "properties": {
        "@id": "node/6501252579",
        "addr:city": "Greensboro",
        "addr:housenumber": "3703",
        "addr:postcode": "27407",
        "addr:state": "NC",
        "addr:street": "West Gate City Boulevard",
        "amenity": "restaurant",
        "brand": "Denny's",
        "brand:wikidata": "Q1189695",
        "check_date": "2026-08-29",
        "cuisine": "american",
        "name": "Denny's",
        "opening_hours": "Mo 07:00-21:00; Tu-Th 07:00-24:00; Fr-Sa 00:00-24:00; Su 12:00-20:00",
        "phone": "+1 336-285-7939",
        "takeaway": "yes",
        "website": "https://locations.dennys.com/NC/GREENSBORO/249322"
      },
      "geometry": {
        "type": "Point",
        "coordinates": [
          -79.8511966,
          36.0390982
        ]
      },
      "id": "node/6501252579"
    },
    {
      "type": "Feature",
      "properties": {
        "@id": "node/6508642300",
        "amenity": "restaurant",
        "brand": "Denny's",
        "brand:wikidata": "Q1189695",
        "cuisine": "american",
        "name": "Denny's"
      },
      "geometry": {
        "type": "Point",
        "coordinates": [
          -79.3092223,
          42.4540783
        ]
      },
      "id": "node/6508642300"
    },
    {
      "type": "Feature",
      "properties": {
        "@id": "node/6538663588",
        "addr:city": "Orangevale",
        "addr:housenumber": "8841",
        "addr:postcode": "95662",
        "addr:street": "Greenback Lane",
        "amenity": "restaurant",
        "brand": "Denny's",
        "brand:wikidata": "Q1189695",
        "cuisine": "american",
        "name": "Denny's",
        "opening_hours": "Mo-Su 06:00-24:00"
      },
      "geometry": {
        "type": "Point",
        "coordinates": [
          -121.228324,
          38.6788473
        ]
      },
      "id": "node/6538663588"
    },
    {
      "type": "Feature",
      "properties": {
        "@id": "node/6546804596",
        "addr:street": "Indian Hill Boulevard",
        "amenity": "restaurant",
        "brand": "Denny's",
        "brand:wikidata": "Q1189695",
        "cuisine": "american",
        "name": "Denny's"
      },
      "geometry": {
        "type": "Point",
        "coordinates": [
          -117.7185914,
          34.0809368
        ]
      },
      "id": "node/6546804596"
    },
    {
      "type": "Feature",
      "properties": {
        "@id": "node/6582656807",
        "addr:city": "Davenport",
        "addr:housenumber": "8200",
        "addr:postcode": "52806",
        "addr:state": "IA",
        "addr:street": "Northwest Boulevard",
        "amenity": "restaurant",
        "brand": "Denny's",
        "brand:wikidata": "Q1189695",
        "check_date": "2024-08-20",
        "cuisine": "american",
        "name": "Denny's",
        "opening_hours": "24/7",
        "phone": "+1 563-388-6411",
        "takeaway": "yes",
        "website": "https://locations.dennys.com/IA/DAVENPORT/248691"
      },
      "geometry": {
        "type": "Point",
        "coordinates": [
          -90.6247604,
          41.6029636
        ]
      },
      "id": "node/6582656807"
    },
    {
      "type": "Feature",
      "properties": {
        "@id": "node/6582760175",
        "amenity": "restaurant",
        "brand": "Denny's",
        "brand:wikidata": "Q1189695",
        "cuisine": "american",
        "name": "Denny's"
      },
      "geometry": {
        "type": "Point",
        "coordinates": [
          -112.6528296,
          38.2941248
        ]
      },
      "id": "node/6582760175"
    },
    {
      "type": "Feature",
      "properties": {
        "@id": "node/6601381408",
        "addr:city": "Midway",
        "addr:housenumber": "32670",
        "addr:postcode": "32343",
        "addr:state": "FL",
        "addr:street": "Blue Star Highway",
        "amenity": "restaurant",
        "brand": "Denny's",
        "brand:wikidata": "Q1189695",
        "check_date": "2024-08-20",
        "cuisine": "american",
        "name": "Denny's",
        "opening_hours": "Mo 07:00-24:00; Tu-Su 00:00-24:00",
        "phone": "+1 850-575-3493",
        "takeaway": "yes",
        "website": "https://locations.dennys.com/FL/MIDWAY/248566"
      },
      "geometry": {
        "type": "Point",
        "coordinates": [
          -84.4290531,
          30.4924437
        ]
      },
      "id": "node/6601381408"
    },
    {
      "type": "Feature",
      "properties": {
        "@id": "node/6682379649",
        "addr:city": "Selma",
        "addr:housenumber": "55",
        "addr:postcode": "27576",
        "addr:state": "NC",
        "addr:street": "JR Road",
        "amenity": "restaurant",
        "brand": "Denny's",
        "brand:wikidata": "Q1189695",
        "check_date": "2024-08-19",
        "cuisine": "american",
        "name": "Denny's",
        "opening_hours": "24/7",
        "phone": "+1 866-987-0674",
        "takeaway": "yes",
        "website": "https://locations.dennys.com/NC/SELMA/246481"
      },
      "geometry": {
        "type": "Point",
        "coordinates": [
          -78.2872431,
          35.5175137
        ]
      },
      "id": "node/6682379649"
    },
    {
      "type": "Feature",
      "properties": {
        "@id": "node/6683049686",
        "addr:city": "Milpitas",
        "addr:housenumber": "333",
        "addr:postcode": "95035",
        "addr:state": "CA",
        "addr:street": "South Abbott Avenue",
        "amenity": "restaurant",
        "brand": "Denny's",
        "brand:wikidata": "Q1189695",
        "breakfast": "yes",
        "cuisine": "american",
        "diet:vegetarian": "yes",
        "dinner": "yes",
        "lunch": "yes",
        "name": "Denny's",
        "opening_hours": "24/7",
        "phone": "+1 408-262-9090",
        "website": "https://locations.dennys.com/CA/MILPITAS/248794"
      },
      "geometry": {
        "type": "Point",
        "coordinates": [
          -121.914118,
          37.4255593
        ]
      },
      "id": "node/6683049686"
    },
    {
      "type": "Feature",
      "properties": {
        "@id": "node/6727624042",
        "addr:city": "Elyria",
        "addr:housenumber": "640",
        "addr:postcode": "44035",
        "addr:state": "OH",
        "addr:street": "Tillotson Street",
        "amenity": "restaurant",
        "brand": "Denny's",
        "brand:wikidata": "Q1189695",
        "check_date": "2024-08-19",
        "cuisine": "american",
        "name": "Denny's",
        "opening_hours": "Mo-Sa 08:00-01:00, Su 08:00-23:00",
        "phone": "+1 440-324-5334",
        "takeaway": "yes",
        "website": "https://locations.dennys.com/OH/ELYRIA/247158"
      },
      "geometry": {
        "type": "Point",
        "coordinates": [
          -82.1136292,
          41.4000509
        ]
      },
      "id": "node/6727624042"
    },
    {
      "type": "Feature",
      "properties": {
        "@id": "node/6740134054",
        "amenity": "restaurant",
        "brand": "Denny's",
        "brand:wikidata": "Q1189695",
        "cuisine": "american",
        "name": "Denny's"
      },
      "geometry": {
        "type": "Point",
        "coordinates": [
          -82.1448196,
          27.0129541
        ]
      },
      "id": "node/6740134054"
    },
    {
      "type": "Feature",
      "properties": {
        "@id": "node/6742526236",
        "addr:city": "Shelby",
        "addr:housenumber": "2025",
        "addr:postcode": "28152",
        "addr:state": "NC",
        "addr:street": "East Dixon Boulevard",
        "amenity": "restaurant",
        "brand": "Denny's",
        "brand:wikidata": "Q1189695",
        "cuisine": "american",
        "name": "Denny's",
        "phone": "+1-704-487-1310"
      },
      "geometry": {
        "type": "Point",
        "coordinates": [
          -81.4810335,
          35.2670258
        ]
      },
      "id": "node/6742526236"
    },
    {
      "type": "Feature",
      "properties": {
        "@id": "node/6768413033",
        "addr:city": "Duarte",
        "addr:housenumber": "1060",
        "addr:postcode": "91010",
        "addr:state": "CA",
        "addr:street": "Huntington Drive",
        "amenity": "restaurant",
        "brand": "Denny's",
        "brand:wikidata": "Q1189695",
        "cuisine": "american",
        "name": "Denny's",
        "opening_hours": "24/7",
        "website": "https://locations.dennys.com/CA/DUARTE/246986"
      },
      "geometry": {
        "type": "Point",
        "coordinates": [
          -117.9828201,
          34.1392609
        ]
      },
      "id": "node/6768413033"
    },
    {
      "type": "Feature",
      "properties": {
        "@id": "node/6804895986",
        "addr:city": "Royal Palm Beach",
        "addr:housenumber": "300",
        "addr:postcode": "33411",
        "addr:state": "FL",
        "addr:street": "Civic Center Way",
        "amenity": "restaurant",
        "brand": "Denny's",
        "brand:wikidata": "Q1189695",
        "check_date": "2024-08-19",
        "cuisine": "american",
        "name": "Denny's",
        "opening_hours": "24/7",
        "phone": "+1 561-793-7050",
        "takeaway": "yes",
        "website": "https://locations.dennys.com/FL/ROYAL-PALM-BEACH/246679"
      },
      "geometry": {
        "type": "Point",
        "coordinates": [
          -80.2309317,
          26.7057126
        ]
      },
      "id": "node/6804895986"
    },
    {
      "type": "Feature",
      "properties": {
        "@id": "node/6864207686",
        "addr:city": "Lumberton",
        "addr:housenumber": "101",
        "addr:postcode": "28358",
        "addr:state": "NC",
        "addr:street": "Wintergreen Drive",
        "amenity": "restaurant",
        "brand": "Denny's",
        "brand:wikidata": "Q1189695",
        "check_date": "2024-11-27",
        "cuisine": "american",
        "name": "Denny's",
        "opening_hours": "24/7",
        "phone": "+1 866-987-0667",
        "takeaway": "yes",
        "website": "https://locations.dennys.com/NC/LUMBERTON/247330"
      },
      "geometry": {
        "type": "Point",
        "coordinates": [
          -79.0034484,
          34.6687345
        ]
      },
      "id": "node/6864207686"
    },
    {
      "type": "Feature",
      "properties": {
        "@id": "node/6879514290",
        "addr:city": "Yuma",
        "addr:housenumber": "11255",
        "addr:postcode": "85367",
        "addr:state": "AZ",
        "addr:street": "South Frontage Road",
        "amenity": "restaurant",
        "brand": "Denny's",
        "brand:wikidata": "Q1189695",
        "check_date": "2024-10-09",
        "cuisine": "american",
        "name": "Denny's",
        "opening_hours": "Mo-Fr,Su 06:00-24:00; Sa 00:00-24:00",
        "phone": "+1 928-276-9018",
        "source": "official website",
        "takeaway": "yes",
        "website": "https://locations.dennys.com/AZ/YUMA/249505"
      },
      "geometry": {
        "type": "Point",
        "coordinates": [
          -114.4408874,
          32.6694789
        ]
      },
      "id": "node/6879514290"
    },
    {
      "type": "Feature",
      "properties": {
        "@id": "node/6959345708",
        "amenity": "restaurant",
        "brand": "Denny's",
        "brand:wikidata": "Q1189695",
        "cuisine": "american",
        "name": "Denny's"
      },
      "geometry": {
        "type": "Point",
        "coordinates": [
          -121.0746387,
          37.7014037
        ]
      },
      "id": "node/6959345708"
    },
    {
      "type": "Feature",
      "properties": {
        "@id": "node/7099216071",
        "amenity": "restaurant",
        "brand": "Denny's",
        "brand:wikidata": "Q1189695",
        "cuisine": "american",
        "name": "Denny's"
      },
      "geometry": {
        "type": "Point",
        "coordinates": [
          -77.8174527,
          34.2744964
        ]
      },
      "id": "node/7099216071"
    },
    {
      "type": "Feature",
      "properties": {
        "@id": "node/7138298568",
        "addr:city": "Paris",
        "addr:housenumber": "3040",
        "addr:postcode": "75460",
        "addr:state": "TX",
        "addr:street": "Northeast Loop 286",
        "amenity": "restaurant",
        "brand": "Denny's",
        "brand:wikidata": "Q1189695",
        "check_date": "2024-10-09",
        "cuisine": "american",
        "name": "Denny's",
        "opening_hours": "24/7",
        "phone": "+1 903-609-8814",
        "source": "official website",
        "takeaway": "yes",
        "website": "https://locations.dennys.com/TX/PARIS/248059"
      },
      "geometry": {
        "type": "Point",
        "coordinates": [
          -95.520121,
          33.6727554
        ]
      },
      "id": "node/7138298568"
    },
    {
      "type": "Feature",
      "properties": {
        "@id": "node/7160378747",
        "addr:city": "Ruther Glen",
        "addr:housenumber": "24279",
        "addr:postcode": "22546",
        "addr:state": "VA",
        "addr:street": "Rogers Clark Boulevard",
        "amenity": "restaurant",
        "brand": "Denny's",
        "brand:wikidata": "Q1189695",
        "check_date": "2024-08-18",
        "cuisine": "american",
        "name": "Denny's",
        "opening_hours": "24/7",
        "phone": "+1 866-573-2015",
        "source": "official website",
        "website": "https://locations.dennys.com/VA/RUTHER-GLEN/249579"
      },
      "geometry": {
        "type": "Point",
        "coordinates": [
          -77.4733756,
          37.9336598
        ]
      },
      "id": "node/7160378747"
    },
    {
      "type": "Feature",
      "properties": {
        "@id": "node/7205080253",
        "addr:city": "Saint Paul",
        "addr:housenumber": "1664",
        "addr:postcode": "55104",
        "addr:state": "MN",
        "addr:street": "University Avenue",
        "amenity": "restaurant",
        "brand": "Denny's",
        "brand:wikidata": "Q1189695",
        "cuisine": "american",
        "name": "Denny's",
        "opening_hours": "Mo-Su 06:00-22:00",
        "phone": "+1-651-340-2972",
        "website": "https://locations.dennys.com/MN/SAINT-PAUL/249297"
      },
      "geometry": {
        "type": "Point",
        "coordinates": [
          -93.1705456,
          44.9553981
        ]
      },
      "id": "node/7205080253"
    },
    {
      "type": "Feature",
      "properties": {
        "@id": "node/7221529017",
        "addr:city": "Attleboro",
        "addr:housenumber": "252",
        "addr:postcode": "02703",
        "addr:state": "MA",
        "addr:street": "Washington Street",
        "addr:unit": "200",
        "amenity": "restaurant",
        "brand": "Denny's",
        "brand:wikidata": "Q1189695",
        "check_date": "2024-08-18",
        "cuisine": "american",
        "name": "Denny's",
        "opening_hours": "24/7",
        "phone": "+1 508-639-2967",
        "source": "official website",
        "website": "https://locations.dennys.com/MA/ATTLEBORO/249347"
      },
      "geometry": {
        "type": "Point",
        "coordinates": [
          -71.3567768,
          41.9212447
        ]
      },
      "id": "node/7221529017"
    },
    {
      "type": "Feature",
      "properties": {
        "@id": "node/7406320367",
        "addr:city": "Raleigh",
        "addr:housenumber": "3215",
        "addr:postcode": "27609",
        "addr:state": "NC",
        "addr:street": "Wake Forest Road",
        "amenity": "restaurant",
        "brand": "Denny's",
        "brand:wikidata": "Q1189695",
        "check_date": "2024-08-18",
        "cuisine": "american",
        "name": "Denny's",
        "opening_hours": "24/7",
        "phone": "+1 919-876-9556",
        "source": "official website",
        "website": "https://locations.dennys.com/NC/RALEIGH/246625"
      },
      "geometry": {
        "type": "Point",
        "coordinates": [
          -78.6208851,
          35.827246
        ]
      },
      "id": "node/7406320367"
    },
    {
      "type": "Feature",
      "properties": {
        "@id": "node/7447321935",
        "addr:city": "Fort Chiswell",
        "addr:housenumber": "139",
        "addr:postcode": "24360",
        "addr:state": "VA",
        "addr:street": "Factory Outlet Road",
        "amenity": "restaurant",
        "brand": "Denny's",
        "brand:wikidata": "Q1189695",
        "contact:facebook": "https://www.facebook.com/DennysFtChiswellFactoryOutletDr/",
        "cuisine": "american",
        "name": "Denny's",
        "opening_hours": "24/7",
        "phone": "+1 276-637-3057",
        "takeaway": "yes",
        "website": "https://locations.dennys.com/VA/FORT-CHISWELL/202324"
      },
      "geometry": {
        "type": "Point",
        "coordinates": [
          -80.9460022,
          36.9450225
        ]
      },
      "id": "node/7447321935"
    },
    {
      "type": "Feature",
      "properties": {
        "@id": "node/7523516362",
        "amenity": "restaurant",
        "brand": "Denny's",
        "brand:wikidata": "Q1189695",
        "cuisine": "american",
        "name": "Denny's"
      },
      "geometry": {
        "type": "Point",
        "coordinates": [
          -121.2984168,
          38.2533707
        ]
      },
      "id": "node/7523516362"
    },
    {
      "type": "Feature",
      "properties": {
        "@id": "node/7560414537",
        "addr:city": "Mauston",
        "addr:housenumber": "611",
        "addr:postcode": "53948",
        "addr:state": "WI",
        "addr:street": "Gateway Avenue",
        "amenity": "restaurant",
        "brand": "Denny's",
        "brand:wikidata": "Q1189695",
        "check_date": "2024-08-22",
        "cuisine": "american",
        "name": "Denny's",
        "opening_hours": "24/7",
        "phone": "+1 608-847-1688",
        "takeaway": "yes",
        "website": "https://locations.dennys.com/WI/MAUSTON/209343"
      },
      "geometry": {
        "type": "Point",
        "coordinates": [
          -90.0609371,
          43.79736
        ]
      },
      "id": "node/7560414537"
    },
    {
      "type": "Feature",
      "properties": {
        "@id": "node/7737699999",
        "amenity": "restaurant",
        "brand": "Denny's",
        "brand:wikidata": "Q1189695",
        "cuisine": "american",
        "name": "Denny's"
      },
      "geometry": {
        "type": "Point",
        "coordinates": [
          -66.0639335,
          18.3566651
        ]
      },
      "id": "node/7737699999"
    },
    {
      "type": "Feature",
      "properties": {
        "@id": "node/7778227285",
        "amenity": "restaurant",
        "brand": "Denny's",
        "brand:wikidata": "Q1189695",
        "cuisine": "american",
        "name": "Denny's"
      },
      "geometry": {
        "type": "Point",
        "coordinates": [
          -81.3108988,
          28.5374743
        ]
      },
      "id": "node/7778227285"
    },
    {
      "type": "Feature",
      "properties": {
        "@id": "node/7787910502",
        "addr:city": "Maguayo",
        "addr:postcode": "00646",
        "addr:state": "PR",
        "amenity": "restaurant",
        "brand": "Denny's",
        "brand:wikidata": "Q1189695",
        "cuisine": "american",
        "name": "Denny's",
        "phone": "+1 787-957-6388",
        "website": "https://dennyspr.com/portfolio/dorado/"
      },
      "geometry": {
        "type": "Point",
        "coordinates": [
          -66.266511,
          18.4233842
        ]
      },
      "id": "node/7787910502"
    },
    {
      "type": "Feature",
      "properties": {
        "@id": "node/7816011655",
        "amenity": "restaurant",
        "brand": "Denny's",
        "brand:wikidata": "Q1189695",
        "cuisine": "american",
        "name": "Denny's"
      },
      "geometry": {
        "type": "Point",
        "coordinates": [
          -99.4652816,
          27.6853387
        ]
      },
      "id": "node/7816011655"
    },
    {
      "type": "Feature",
      "properties": {
        "@id": "node/7818099647",
        "addr:city": "Glendale",
        "addr:country": "US",
        "addr:housenumber": "4303",
        "addr:postcode": "85302",
        "addr:state": "AZ",
        "addr:street": "West Peoria Avenue",
        "amenity": "restaurant",
        "brand": "Denny's",
        "brand:wikidata": "Q1189695",
        "cuisine": "american",
        "name": "Denny's",
        "phone": "+1-602-439-2337",
        "source": "esri/USA_NAD_Addresses",
        "website": "dennys.com"
      },
      "geometry": {
        "type": "Point",
        "coordinates": [
          -112.1519958,
          33.5816199
        ]
      },
      "id": "node/7818099647"
    },
    {
      "type": "Feature",
      "properties": {
        "@id": "node/7903474136",
        "addr:city": "Kissimmee",
        "addr:housenumber": "7631",
        "addr:postcode": "34747",
        "addr:state": "FL",
        "addr:street": "West Irlo Bronson Memorial Highway",
        "amenity": "restaurant",
        "brand": "Denny's",
        "brand:wikidata": "Q1189695",
        "cuisine": "american",
        "name": "Denny's",
        "opening_hours": "24/7",
        "phone": "+1 407-396-0757",
        "takeaway": "yes",
        "website": "https://locations.dennys.com/FL/KISSIMMEE/201592"
      },
      "geometry": {
        "type": "Point",
        "coordinates": [
          -81.5921974,
          28.3369824
        ]
      },
      "id": "node/7903474136"
    },
    {
      "type": "Feature",
      "properties": {
        "@id": "node/7925146572",
        "addr:city": "Houston",
        "addr:housenumber": "9766",
        "addr:state": "TX",
        "addr:street": "Katy Freeway",
        "addr:unit": "B",
        "amenity": "restaurant",
        "brand": "Denny's",
        "brand:wikidata": "Q1189695",
        "check_date": "2025-01-16",
        "cuisine": "american",
        "name": "Denny's",
        "opening_hours": "24/7",
        "phone": "+1-713-722-9264",
        "website": "https://locations.dennys.com/TX/HOUSTON/247917?utm_source=yext&utm_medium=local-listing&utm_campaign=yext-listing"
      },
      "geometry": {
        "type": "Point",
        "coordinates": [
          -95.5351854,
          29.7856141
        ]
      },
      "id": "node/7925146572"
    },
    {
      "type": "Feature",
      "properties": {
        "@id": "node/7935993410",
        "amenity": "restaurant",
        "brand": "Denny's",
        "brand:wikidata": "Q1189695",
        "cuisine": "american",
        "name": "Denny's"
      },
      "geometry": {
        "type": "Point",
        "coordinates": [
          -78.9608486,
          35.9174529
        ]
      },
      "id": "node/7935993410"
    },
    {
      "type": "Feature",
      "properties": {
        "@id": "node/8104120403",
        "addr:city": "Springville",
        "addr:housenumber": "1460",
        "addr:postcode": "84663",
        "addr:state": "UT",
        "addr:street": "North 1750 West",
        "amenity": "restaurant",
        "brand": "Denny's",
        "brand:wikidata": "Q1189695",
        "cuisine": "american",
        "name": "Denny's"
      },
      "geometry": {
        "type": "Point",
        "coordinates": [
          -111.641709,
          40.1875843
        ]
      },
      "id": "node/8104120403"
    },
    {
      "type": "Feature",
      "properties": {
        "@id": "node/8301099769",
        "amenity": "restaurant",
        "brand": "Denny's",
        "brand:wikidata": "Q1189695",
        "cuisine": "american",
        "name": "Denny's"
      },
      "geometry": {
        "type": "Point",
        "coordinates": [
          -118.3933452,
          34.0035482
        ]
      },
      "id": "node/8301099769"
    },
    {
      "type": "Feature",
      "properties": {
        "@id": "node/8325885293",
        "addr:city": "Evansville",
        "addr:postcode": "47111",
        "amenity": "restaurant",
        "brand": "Denny's",
        "brand:wikidata": "Q1189695",
        "cuisine": "american",
        "name": "Denny's"
      },
      "geometry": {
        "type": "Point",
        "coordinates": [
          -87.5385751,
          38.0130624
        ]
      },
      "id": "node/8325885293"
    },
    {
      "type": "Feature",
      "properties": {
        "@id": "node/8406991267",
        "amenity": "restaurant",
        "brand": "Denny's",
        "brand:wikidata": "Q1189695",
        "check_date": "2024-07-25",
        "cuisine": "american",
        "name": "Denny's"
      },
      "geometry": {
        "type": "Point",
        "coordinates": [
          -95.0332242,
          29.7956074
        ]
      },
      "id": "node/8406991267"
    },
    {
      "type": "Feature",
      "properties": {
        "@id": "node/8507954268",
        "amenity": "restaurant",
        "brand": "Denny's",
        "brand:wikidata": "Q1189695",
        "cuisine": "american",
        "name": "Denny's"
      },
      "geometry": {
        "type": "Point",
        "coordinates": [
          -99.0071523,
          32.3736522
        ]
      },
      "id": "node/8507954268"
    },
    {
      "type": "Feature",
      "properties": {
        "@id": "node/8522613325",
        "addr:city": "Lake City",
        "addr:housenumber": "176",
        "addr:postcode": "32055",
        "addr:state": "FL",
        "addr:street": "Northwest Centurion Court",
        "amenity": "restaurant",
        "brand": "Denny's",
        "brand:wikidata": "Q1189695",
        "check_date": "2024-08-20",
        "cuisine": "american",
        "name": "Denny's",
        "opening_hours": "24/7",
        "phone": "+1 386-319-7981",
        "source": "official website",
        "takeaway": "yes",
        "website": "https://locations.dennys.com/FL/LAKE-CITY/249226"
      },
      "geometry": {
        "type": "Point",
        "coordinates": [
          -82.6915608,
          30.1806644
        ]
      },
      "id": "node/8522613325"
    },
    {
      "type": "Feature",
      "properties": {
        "@id": "node/8583837911",
        "addr:city": "Alexandria",
        "addr:housenumber": "7214",
        "addr:postcode": "22306",
        "addr:state": "VA",
        "addr:street": "Richmond Highway",
        "amenity": "restaurant",
        "brand": "Denny's",
        "brand:wikidata": "Q1189695",
        "cuisine": "american",
        "name": "Denny's",
        "opening_hours": "Mo-Th 07:00-22:00; Fr-Sa 07:00-23:59; Su 07:00-22:00",
        "phone": "+1 703-765-0171",
        "website": "https://locations.dennys.com/VA/ALEXANDRIA/247408"
      },
      "geometry": {
        "type": "Point",
        "coordinates": [
          -77.0844582,
          38.7602539
        ]
      },
      "id": "node/8583837911"
    },
    {
      "type": "Feature",
      "properties": {
        "@id": "node/8591536900",
        "addr:city": "Daytona Beach Shores",
        "addr:postcode": "32118",
        "addr:state": "FL",
        "addr:street": "South Atlantic Avenue",
        "amenity": "restaurant",
        "brand": "Denny's",
        "brand:wikidata": "Q1189695",
        "cuisine": "american",
        "name": "Denny's"
      },
      "geometry": {
        "type": "Point",
        "coordinates": [
          -80.9752366,
          29.1609721
        ]
      },
      "id": "node/8591536900"
    },
    {
      "type": "Feature",
      "properties": {
        "@id": "node/8755874289",
        "addr:city": "Columbus",
        "addr:housenumber": "3019",
        "addr:postcode": "43202",
        "addr:state": "OH",
        "addr:street": "Olentangy River Road",
        "amenity": "restaurant",
        "brand": "Denny's",
        "brand:wikidata": "Q1189695",
        "check_date": "2024-08-20",
        "cuisine": "american",
        "name": "Denny's",
        "opening_hours": "24/7",
        "phone": "+1 614-647-7352",
        "source": "official website",
        "takeaway": "yes",
        "website": "https://locations.dennys.com/OH/COLUMBUS/248829"
      },
      "geometry": {
        "type": "Point",
        "coordinates": [
          -83.0258193,
          40.0219913
        ]
      },
      "id": "node/8755874289"
    },
    {
      "type": "Feature",
      "properties": {
        "@id": "node/8759014085",
        "addr:city": "El Cerrito",
        "addr:housenumber": "11344",
        "addr:postcode": "94530",
        "addr:state": "CA",
        "addr:street": "San Pablo Avenue",
        "amenity": "restaurant",
        "brand": "Denny's",
        "brand:wikidata": "Q1189695",
        "cuisine": "american",
        "name": "Denny's",
        "opening_hours": "24/7",
        "phone": "+1 510-235-5900",
        "source": "official website",
        "takeaway": "yes",
        "website": "https://locations.dennys.com/CA/EL-CERRITO/247188"
      },
      "geometry": {
        "type": "Point",
        "coordinates": [
          -122.3151,
          37.9212467
        ]
      },
      "id": "node/8759014085"
    },
    {
      "type": "Feature",
      "properties": {
        "@id": "node/8781184735",
        "addr:city": "Parma",
        "addr:housenumber": "8111",
        "addr:postcode": "44129",
        "addr:state": "OH",
        "addr:street": "Day Drive",
        "amenity": "restaurant",
        "brand": "Denny's",
        "brand:wikidata": "Q1189695",
        "check_date": "2024-08-22",
        "cuisine": "american",
        "name": "Denny's",
        "opening_hours": "Mo-We,Su 06:00-24:00, Th-Sa 06:00-03:00",
        "phone": "+1 440-845-5094",
        "takeaway": "yes",
        "website": "https://locations.dennys.com/OH/PARMA/247530"
      },
      "geometry": {
        "type": "Point",
        "coordinates": [
          -81.7406237,
          41.3799362
        ]
      },
      "id": "node/8781184735"
    },
    {
      "type": "Feature",
      "properties": {
        "@id": "node/8787516282",
        "addr:city": "Liverpool",
        "addr:housenumber": "103",
        "addr:postcode": "13088",
        "addr:state": "NY",
        "addr:street": "Elwood Davis Road",
        "amenity": "restaurant",
        "brand": "Denny's",
        "brand:wikidata": "Q1189695",
        "cuisine": "american",
        "name": "Denny's",
        "nysgissam:nysaddresspointid": "ONON062415",
        "nysgissam:review": "existing element's addr:postcode has different addr:postcode",
        "opening_hours": "24/7",
        "website": "https://locations.dennys.com/NY/SYRACUSE/248119"
      },
      "geometry": {
        "type": "Point",
        "coordinates": [
          -76.1722878,
          43.0935661
        ]
      },
      "id": "node/8787516282"
    },
    {
      "type": "Feature",
      "properties": {
        "@id": "node/8933444688",
        "addr:city": "Fall River",
        "addr:housenumber": "243",
        "addr:postcode": "02721",
        "addr:state": "MA",
        "addr:street": "William S Canning Boulevard",
        "amenity": "restaurant",
        "brand": "Denny's",
        "brand:wikidata": "Q1189695",
        "check_date": "2024-08-18",
        "cuisine": "american",
        "name": "Denny's",
        "opening_hours": "24/7",
        "phone": "+1 508-617-4543",
        "source": "official website",
        "website": "https://locations.dennys.com/MA/FALL-RIVER/249262"
      },
      "geometry": {
        "type": "Point",
        "coordinates": [
          -71.1619948,
          41.6737707
        ]
      },
      "id": "node/8933444688"
    },
    {
      "type": "Feature",
      "properties": {
        "@id": "node/9048569998",
        "addr:city": "Lebec",
        "addr:housenumber": "5701",
        "addr:postcode": "93243",
        "addr:state": "CA",
        "addr:street": "Dennis Mccarthy Drive",
        "air_conditioning": "yes",
        "amenity": "restaurant",
        "bar": "no",
        "brand": "Denny's",
        "brand:wikidata": "Q1189695",
        "check_date": "2024-10-09",
        "cuisine": "american",
        "name": "Denny's",
        "opening_hours": "24/7",
        "phone": "+1 661-858-2026",
        "reservation": "no",
        "smoking": "no",
        "source": "official website",
        "takeaway": "yes",
        "toilets": "yes",
        "website": "https://locations.dennys.com/CA/LEBEC/249348",
        "wheelchair": "yes"
      },
      "geometry": {
        "type": "Point",
        "coordinates": [
          -118.946659,
          34.9875764
        ]
      },
      "id": "node/9048569998"
    },
    {
      "type": "Feature",
      "properties": {
        "@id": "node/9105693851",
        "addr:city": "Akron",
        "addr:housenumber": "1681",
        "addr:postcode": "44310",
        "addr:state": "OH",
        "addr:street": "Home Avenue",
        "amenity": "restaurant",
        "brand": "Denny's",
        "brand:wikidata": "Q1189695",
        "check_date": "2024-08-22",
        "cuisine": "american",
        "name": "Denny's",
        "opening_hours": "24/7",
        "phone": "+1 833-585-1665",
        "takeaway": "yes",
        "website": "https://locations.dennys.com/OH/AKRON/9214"
      },
      "geometry": {
        "type": "Point",
        "coordinates": [
          -81.4846462,
          41.1165564
        ]
      },
      "id": "node/9105693851"
    },
    {
      "type": "Feature",
      "properties": {
        "@id": "node/9109917396",
        "addr:city": "Benson",
        "addr:housenumber": "825",
        "addr:postcode": "85602",
        "addr:state": "AZ",
        "addr:street": "North Ocotillo Road",
        "amenity": "restaurant",
        "brand": "Denny's",
        "brand:wikidata": "Q1189695",
        "cuisine": "american",
        "name": "Denny's",
        "opening_hours": "Su-Th 05:00-22:00; Fr-Sa 05:00-00:00",
        "operator": "diner",
        "phone": "+1 520-586-8816",
        "source": "Bing;https://locations.dennys.com/AZ/BENSON/246932?utm_source=G&utm_medium=organic&utm_campaign=DAC",
        "website": "https://locations.dennys.com/AZ/BENSON/246932?utm_source=G&utm_medium=organic&utm_campaign=DAC"
      },
      "geometry": {
        "type": "Point",
        "coordinates": [
          -110.3074865,
          31.9806393
        ]
      },
      "id": "node/9109917396"
    },
    {
      "type": "Feature",
      "properties": {
        "@id": "node/9136327763",
        "addr:city": "Perrysburg",
        "addr:housenumber": "26415",
        "addr:postcode": "43551",
        "addr:state": "OH",
        "addr:street": "Warns Drive",
        "amenity": "restaurant",
        "brand": "Denny's",
        "brand:wikidata": "Q1189695",
        "cuisine": "american",
        "name": "Denny's",
        "opening_hours": "24/7",
        "phone": "+1-419-837-2033",
        "website": "https://www.dennys.com"
      },
      "geometry": {
        "type": "Point",
        "coordinates": [
          -83.4610677,
          41.5347591
        ]
      },
      "id": "node/9136327763"
    },
    {
      "type": "Feature",
      "properties": {
        "@id": "node/9176972693",
        "amenity": "restaurant",
        "brand": "Denny's",
        "brand:wikidata": "Q1189695",
        "cuisine": "american",
        "name": "Denny's"
      },
      "geometry": {
        "type": "Point",
        "coordinates": [
          -118.1661961,
          34.6753823
        ]
      },
      "id": "node/9176972693"
    },
    {
      "type": "Feature",
      "properties": {
        "@id": "node/9230696249",
        "addr:city": "Houston",
        "addr:housenumber": "17225",
        "addr:postcode": "77049",
        "addr:state": "TX",
        "addr:street": "Crosby Freeway",
        "addr:unit": "A",
        "amenity": "restaurant",
        "brand": "Denny's",
        "brand:wikidata": "Q1189695",
        "cuisine": "american",
        "name": "Denny's",
        "opening_hours": "24/7",
        "phone": "+1 281-962-2133",
        "source": "official website",
        "takeaway": "yes",
        "website": "https://locations.dennys.com/TX/HOUSTON/249309"
      },
      "geometry": {
        "type": "Point",
        "coordinates": [
          -95.1289978,
          29.8550508
        ]
      },
      "id": "node/9230696249"
    },
    {
      "type": "Feature",
      "properties": {
        "@id": "node/9325779033",
        "addr:city": "Lake Park",
        "addr:housenumber": "7001",
        "addr:postcode": "31636",
        "addr:state": "GA",
        "addr:street": "Bellville Road",
        "amenity": "restaurant",
        "brand": "Denny's",
        "brand:wikidata": "Q1189695",
        "cuisine": "american",
        "name": "Denny's",
        "opening_hours": "24/7",
        "operator": "Flying J",
        "phone": "+1-866-987-0706",
        "website": "https://locations.dennys.com/GA/LAKE-PARK/248710"
      },
      "geometry": {
        "type": "Point",
        "coordinates": [
          -83.1895915,
          30.6416514
        ]
      },
      "id": "node/9325779033"
    },
    {
      "type": "Feature",
      "properties": {
        "@id": "node/9401051467",
        "addr:city": "Searchlight",
        "addr:housenumber": "347",
        "addr:postcode": "89046",
        "addr:state": "NV",
        "addr:street": "Broadway Street",
        "amenity": "restaurant",
        "brand": "Denny's",
        "brand:wikidata": "Q1189695",
        "cuisine": "american",
        "name": "Denny's",
        "opening_hours": "Mo,Tu 05:00-23:00; We-Su 05:00-24:00",
        "phone": "+1 702-825-3956",
        "source": "official website",
        "takeaway": "yes",
        "website": "https://locations.dennys.com/NV/SEARCHLIGHT/249374"
      },
      "geometry": {
        "type": "Point",
        "coordinates": [
          -114.9197497,
          35.465842
        ]
      },
      "id": "node/9401051467"
    },
    {
      "type": "Feature",
      "properties": {
        "@id": "node/9441152718",
        "addr:city": "Pontoon Beach",
        "addr:housenumber": "1310",
        "addr:postcode": "62040",
        "addr:state": "IL",
        "addr:street": "East Chain of Rocks Road",
        "amenity": "restaurant",
        "brand": "Denny's",
        "brand:wikidata": "Q1189695",
        "check_date": "2024-08-22",
        "cuisine": "american",
        "name": "Denny's",
        "opening_hours": "24/7",
        "phone": "+1 618-797-1684",
        "takeaway": "yes",
        "website": "https://locations.dennys.com/IL/PONTOON-BEACH/248808"
      },
      "geometry": {
        "type": "Point",
        "coordinates": [
          -90.0655338,
          38.7598591
        ]
      },
      "id": "node/9441152718"
    },
    {
      "type": "Feature",
      "properties": {
        "@id": "node/9446683213",
        "addr:city": "Wadsworth",
        "addr:housenumber": "16452",
        "addr:postcode": "60083",
        "addr:state": "IL",
        "addr:street": "West Russell Road",
        "amenity": "restaurant",
        "brand": "Denny's",
        "brand:wikidata": "Q1189695",
        "cuisine": "american",
        "name": "Denny's"
      },
      "geometry": {
        "type": "Point",
        "coordinates": [
          -87.9510442,
          42.4879682
        ]
      },
      "id": "node/9446683213"
    },
    {
      "type": "Feature",
      "properties": {
        "@id": "node/9525959131",
        "addr:city": "Arlington",
        "addr:housenumber": "4820",
        "addr:postcode": "76017",
        "addr:state": "TX",
        "addr:street": "West Sublett Road",
        "amenity": "restaurant",
        "brand": "Denny's",
        "brand:wikidata": "Q1189695",
        "cuisine": "american",
        "name": "Denny's",
        "opening_hours": "06:00-23:00",
        "phone": "+1 817-483-2700",
        "source": "official website",
        "takeaway": "yes",
        "website": "https://locations.dennys.com/TX/ARLINGTON/248712"
      },
      "geometry": {
        "type": "Point",
        "coordinates": [
          -97.1834607,
          32.645576
        ]
      },
      "id": "node/9525959131"
    },
    {
      "type": "Feature",
      "properties": {
        "@id": "node/9567023716",
        "amenity": "restaurant",
        "brand": "Denny's",
        "brand:wikidata": "Q1189695",
        "cuisine": "american",
        "name": "Denny's",
        "wheelchair": "yes"
      },
      "geometry": {
        "type": "Point",
        "coordinates": [
          -121.8455325,
          37.6970054
        ]
      },
      "id": "node/9567023716"
    },
    {
      "type": "Feature",
      "properties": {
        "@id": "node/9596021382",
        "addr:city": "Jacksonville",
        "addr:housenumber": "2207",
        "addr:postcode": "28546",
        "addr:state": "NC",
        "addr:street": "North Marine Boulevard",
        "amenity": "restaurant",
        "brand": "Denny's",
        "brand:wikidata": "Q1189695",
        "check_date": "2024-08-18",
        "cuisine": "american",
        "name": "Denny's",
        "opening_hours": "24/7",
        "phone": "+1 910-577-0270",
        "source": "official website",
        "website": "https://locations.dennys.com/NC/JACKSONVILLE/248755"
      },
      "geometry": {
        "type": "Point",
        "coordinates": [
          -77.3872847,
          34.7820003
        ]
      },
      "id": "node/9596021382"
    },
    {
      "type": "Feature",
      "properties": {
        "@id": "node/9654867754",
        "addr:city": "Guaynabo",
        "addr:state": "PR",
        "addr:street": "Calle José R. Carazo",
        "amenity": "restaurant",
        "brand": "Denny's",
        "brand:wikidata": "Q1189695",
        "cuisine": "american",
        "name": "Denny's"
      },
      "geometry": {
        "type": "Point",
        "coordinates": [
          -66.1116879,
          18.3654203
        ]
      },
      "id": "node/9654867754"
    },
    {
      "type": "Feature",
      "properties": {
        "@id": "node/9691350127",
        "addr:city": "Brookshire",
        "addr:housenumber": "204",
        "addr:postcode": "77423",
        "addr:state": "TX",
        "addr:street": "Waller Avenue",
        "amenity": "restaurant",
        "brand": "Denny's",
        "brand:wikidata": "Q1189695",
        "cuisine": "american",
        "name": "Denny's",
        "opening_hours": "24/7",
        "phone": "+1 281-375-7041",
        "source": "official website",
        "takeaway": "yes",
        "website": "https://locations.dennys.com/TX/BROOKSHIRE/248615"
      },
      "geometry": {
        "type": "Point",
        "coordinates": [
          -95.9523251,
          29.7799312
        ]
      },
      "id": "node/9691350127"
    },
    {
      "type": "Feature",
      "properties": {
        "@id": "node/9694111181",
        "amenity": "restaurant",
        "brand": "Denny's",
        "brand:wikidata": "Q1189695",
        "cuisine": "american",
        "name": "Denny's"
      },
      "geometry": {
        "type": "Point",
        "coordinates": [
          -96.3181087,
          32.7230665
        ]
      },
      "id": "node/9694111181"
    },
    {
      "type": "Feature",
      "properties": {
        "@id": "node/9694279336",
        "addr:city": "Gulfport",
        "addr:housenumber": "9351",
        "addr:postcode": "39503",
        "addr:state": "MS",
        "addr:street": "Canal Road",
        "amenity": "restaurant",
        "brand": "Denny's",
        "brand:wikidata": "Q1189695",
        "check_date": "2024-09-24",
        "cuisine": "american",
        "name": "Denny's",
        "opening_hours": "24/7",
        "phone": "+1 228-214-2376",
        "source": "official website",
        "website": "https://locations.dennys.com/MS/GULFPORT/248586"
      },
      "geometry": {
        "type": "Point",
        "coordinates": [
          -89.1378856,
          30.4214817
        ]
      },
      "id": "node/9694279336"
    },
    {
      "type": "Feature",
      "properties": {
        "@id": "node/9701972385",
        "addr:city": "Fairview",
        "addr:housenumber": "1420",
        "addr:postcode": "37062",
        "addr:state": "TN",
        "addr:street": "Highway 96",
        "air_conditioning": "yes",
        "amenity": "restaurant",
        "brand": "Denny's",
        "brand:wikidata": "Q1189695",
        "check_date": "2024-08-20",
        "check_date:diet:gluten_free": "2025-12-25",
        "check_date:diet:halal": "2025-12-25",
        "check_date:diet:kosher": "2025-12-25",
        "cuisine": "american",
        "diet:gluten_free": "yes",
        "diet:halal": "no",
        "diet:kosher": "no",
        "name": "Denny's",
        "opening_hours": "24/7",
        "phone": "+1 615-799-8155",
        "source": "official website",
        "takeaway": "yes",
        "website": "https://locations.dennys.com/TN/FAIRVIEW/249304"
      },
      "geometry": {
        "type": "Point",
        "coordinates": [
          -87.1721279,
          36.0268287
        ]
      },
      "id": "node/9701972385"
    },
    {
      "type": "Feature",
      "properties": {
        "@id": "node/9948477600",
        "amenity": "restaurant",
        "brand": "Denny's",
        "brand:wikidata": "Q1189695",
        "cuisine": "american",
        "name": "Denny's"
      },
      "geometry": {
        "type": "Point",
        "coordinates": [
          -112.2042778,
          33.4610184
        ]
      },
      "id": "node/9948477600"
    },
    {
      "type": "Feature",
      "properties": {
        "@id": "node/9949964793",
        "addr:city": "Brooklyn",
        "addr:housenumber": "4175",
        "addr:postcode": "52211",
        "addr:state": "IA",
        "addr:street": "Highway 21",
        "amenity": "restaurant",
        "brand": "Denny's",
        "brand:wikidata": "Q1189695",
        "check_date": "2024-08-22",
        "cuisine": "american",
        "name": "Denny's",
        "opening_hours": "24/7",
        "phone": "+1 319-685-6270",
        "takeaway": "yes",
        "website": "https://locations.dennys.com/IA/BROOKLYN/209340"
      },
      "geometry": {
        "type": "Point",
        "coordinates": [
          -92.357029,
          41.6920506
        ]
      },
      "id": "node/9949964793"
    },
    {
      "type": "Feature",
      "properties": {
        "@id": "node/9951343715",
        "addr:city": "Kingdom City",
        "addr:housenumber": "3294",
        "addr:postcode": "65262",
        "addr:state": "MO",
        "addr:street": "Gold Road",
        "amenity": "restaurant",
        "brand": "Denny's",
        "brand:wikidata": "Q1189695",
        "check_date": "2024-08-22",
        "cuisine": "american",
        "name": "Denny's",
        "opening_hours": "24/7",
        "phone": "+1 573-592-8125",
        "ref": "https://locations.dennys.com/mo/kingdom-city/247596",
        "takeaway": "yes",
        "website": "https://locations.dennys.com/mo/kingdom-city/247596",
        "website:menu": "https://www.dennys.com/location/dennys-7596/menu",
        "website:orders": "https://order.dennys.com/locations/7596"
      },
      "geometry": {
        "type": "Point",
        "coordinates": [
          -91.9395092,
          38.9421383
        ]
      },
      "id": "node/9951343715"
    },
    {
      "type": "Feature",
      "properties": {
        "@id": "node/9966715789",
        "amenity": "restaurant",
        "brand": "Denny's",
        "brand:wikidata": "Q1189695",
        "cuisine": "american",
        "name": "Denny's"
      },
      "geometry": {
        "type": "Point",
        "coordinates": [
          -81.3278998,
          31.9308289
        ]
      },
      "id": "node/9966715789"
    },
    {
      "type": "Feature",
      "properties": {
        "@id": "node/9982892363",
        "amenity": "restaurant",
        "brand": "Denny's",
        "brand:wikidata": "Q1189695",
        "cuisine": "american",
        "name": "Denny's"
      },
      "geometry": {
        "type": "Point",
        "coordinates": [
          -87.2394934,
          41.5883324
        ]
      },
      "id": "node/9982892363"
    },
    {
      "type": "Feature",
      "properties": {
        "@id": "node/9991792218",
        "addr:city": "South Jordan",
        "addr:country": "US",
        "addr:housenumber": "11511",
        "addr:postcode": "84095",
        "addr:state": "UT",
        "addr:street": "South 4000 West",
        "addr:unit": "Ste. 102",
        "amenity": "restaurant",
        "brand": "Denny's",
        "brand:wikidata": "Q1189695",
        "check_date": "2024-01-08",
        "cuisine": "american",
        "name": "Denny's",
        "payment:cash": "yes",
        "payment:credit_cards": "yes",
        "payment:debit_cards": "yes",
        "phone": "+1-385-557-4149",
        "website": "https://locations.dennys.com/UT/SOUTH-JORDAN/249283"
      },
      "geometry": {
        "type": "Point",
        "coordinates": [
          -111.98493,
          40.5426065
        ]
      },
      "id": "node/9991792218"
    },
    {
      "type": "Feature",
      "properties": {
        "@id": "node/10057431777",
        "addr:city": "Saint George",
        "addr:housenumber": "113",
        "addr:postcode": "29477",
        "addr:state": "SC",
        "addr:street": "Motel Drive",
        "amenity": "restaurant",
        "brand": "Denny's",
        "brand:wikidata": "Q1189695",
        "check_date": "2024-08-18",
        "cuisine": "american",
        "name": "Denny's",
        "opening_hours": "24/7",
        "phone": "+1 866-987-0724",
        "source": "official website",
        "website": "https://locations.dennys.com/SC/SAINT-GEORGE/248752"
      },
      "geometry": {
        "type": "Point",
        "coordinates": [
          -80.6020767,
          33.1940187
        ]
      },
      "id": "node/10057431777"
    },
    {
      "type": "Feature",
      "properties": {
        "@id": "node/10162535820",
        "amenity": "restaurant",
        "brand": "Denny's",
        "brand:wikidata": "Q1189695",
        "cuisine": "american",
        "name": "Denny's"
      },
      "geometry": {
        "type": "Point",
        "coordinates": [
          -121.3625405,
          38.6600966
        ]
      },
      "id": "node/10162535820"
    },
    {
      "type": "Feature",
      "properties": {
        "@id": "node/10168206338",
        "amenity": "restaurant",
        "brand": "Denny's",
        "brand:wikidata": "Q1189695",
        "cuisine": "american",
        "name": "Denny's",
        "wheelchair": "yes"
      },
      "geometry": {
        "type": "Point",
        "coordinates": [
          -121.2593233,
          38.1165598
        ]
      },
      "id": "node/10168206338"
    },
    {
      "type": "Feature",
      "properties": {
        "@id": "node/10224807712",
        "addr:city": "Dixon",
        "addr:housenumber": "1250",
        "addr:postcode": "95620",
        "addr:state": "CA",
        "addr:street": "Stratford Avenue",
        "amenity": "restaurant",
        "brand": "Denny's",
        "brand:wikidata": "Q1189695",
        "cuisine": "american",
        "name": "Denny's",
        "opening_hours": "24/7",
        "phone": "+1-707-678-1002",
        "website": "https://locations.dennys.com/CA/DIXON/246979"
      },
      "geometry": {
        "type": "Point",
        "coordinates": [
          -121.8392641,
          38.4583263
        ]
      },
      "id": "node/10224807712"
    },
    {
      "type": "Feature",
      "properties": {
        "@id": "node/10265872079",
        "addr:city": "Brookville",
        "addr:housenumber": "246",
        "addr:postcode": "15825",
        "addr:state": "PA",
        "addr:street": "Allegheny Boulevard",
        "amenity": "restaurant",
        "brand": "Denny's",
        "brand:wikidata": "Q1189695",
        "cuisine": "american",
        "name": "Denny's",
        "opening_hours": "Mo-Fr 06:00-25:00, Sa,Su 00:00-24:00",
        "phone": "+1 866-951-4740",
        "takeaway": "yes",
        "website": "https://locations.dennys.com/PA/BROOKVILLE/248693"
      },
      "geometry": {
        "type": "Point",
        "coordinates": [
          -79.0965422,
          41.1726011
        ]
      },
      "id": "node/10265872079"
    },
    {
      "type": "Feature",
      "properties": {
        "@id": "node/10283975599",
        "amenity": "restaurant",
        "brand": "Denny's",
        "brand:wikidata": "Q1189695",
        "cuisine": "american",
        "name": "Denny's"
      },
      "geometry": {
        "type": "Point",
        "coordinates": [
          -117.1378822,
          32.755015
        ]
      },
      "id": "node/10283975599"
    },
    {
      "type": "Feature",
      "properties": {
        "@id": "node/10538673097",
        "addr:city": "Hawthorne",
        "addr:housenumber": "13201",
        "addr:postcode": "90250",
        "addr:state": "CA",
        "addr:street": "Hawthorne Boulevard",
        "amenity": "restaurant",
        "brand": "Denny's",
        "brand:wikidata": "Q1189695",
        "cuisine": "american",
        "name": "Denny's",
        "opening_hours": "24/7",
        "phone": "+1 310-644-1001",
        "source": "official website",
        "takeaway": "yes",
        "website": "https://locations.dennys.com/CA/HAWTHORNE/246370"
      },
      "geometry": {
        "type": "Point",
        "coordinates": [
          -118.3529375,
          33.9125263
        ]
      },
      "id": "node/10538673097"
    },
    {
      "type": "Feature",
      "properties": {
        "@id": "node/10660440114",
        "amenity": "restaurant",
        "brand": "Denny's",
        "brand:wikidata": "Q1189695",
        "cuisine": "american",
        "name": "Denny's"
      },
      "geometry": {
        "type": "Point",
        "coordinates": [
          -94.3798609,
          39.074627
        ]
      },
      "id": "node/10660440114"
    },
    {
      "type": "Feature",
      "properties": {
        "@id": "node/10764704413",
        "addr:city": "North East",
        "addr:housenumber": "1",
        "addr:postcode": "21901",
        "addr:state": "MD",
        "addr:street": "Center Drive",
        "amenity": "restaurant",
        "brand": "Denny's",
        "brand:wikidata": "Q1189695",
        "cuisine": "american",
        "diet:vegetarian": "only",
        "indoor_seating": "yes",
        "name": "Denny's",
        "opening_hours": "24/7",
        "outdoor_seating": "no",
        "phone": "+1-410-287-5545",
        "takeaway": "yes",
        "website": "https://locations.dennys.com/MD/NORTH-EAST/248614",
        "wheelchair": "yes"
      },
      "geometry": {
        "type": "Point",
        "coordinates": [
          -75.950329,
          39.6254525
        ]
      },
      "id": "node/10764704413"
    },
    {
      "type": "Feature",
      "properties": {
        "@id": "node/10807058850",
        "addr:city": "Austin",
        "addr:housenumber": "13200",
        "addr:postcode": "78753",
        "addr:state": "TX",
        "addr:street": "North Interstate Highway 35 Service Road",
        "air_conditioning": "yes",
        "amenity": "restaurant",
        "bar": "no",
        "brand": "Denny's",
        "brand:wikidata": "Q1189695",
        "check_date": "2023-04-13",
        "cuisine": "american",
        "delivery": "yes",
        "name": "Denny's",
        "opening_hours": "Mo-Th,Su 07:00-21:30; Fr-Sa 07:00-23:30",
        "payment:credit_cards": "yes",
        "phone": "+1-737-222-5040",
        "takeaway": "yes",
        "website": "https://www.dennys.com",
        "wheelchair": "yes"
      },
      "geometry": {
        "type": "Point",
        "coordinates": [
          -97.67391,
          30.4169212
        ]
      },
      "id": "node/10807058850"
    },
    {
      "type": "Feature",
      "properties": {
        "@id": "node/10857480381",
        "addr:city": "Greenwood",
        "addr:housenumber": "1253",
        "addr:postcode": "46143",
        "addr:state": "IN",
        "addr:street": "South Park Boulevard",
        "amenity": "restaurant",
        "brand": "Denny's",
        "brand:wikidata": "Q1189695",
        "check_date": "2024-08-22",
        "cuisine": "american",
        "name": "Denny's",
        "opening_hours": "24/7",
        "phone": "+1 317-888-4779",
        "takeaway": "yes",
        "website": "https://locations.dennys.com/IN/GREENWOOD/247261"
      },
      "geometry": {
        "type": "Point",
        "coordinates": [
          -86.0772772,
          39.6150929
        ]
      },
      "id": "node/10857480381"
    },
    {
      "type": "Feature",
      "properties": {
        "@id": "node/10904358126",
        "addr:city": "Surprise",
        "addr:housenumber": "16487",
        "addr:postcode": "85374",
        "addr:state": "AZ",
        "addr:street": "West Bell Road",
        "addr:unit": "#109",
        "amenity": "restaurant",
        "brand": "Denny's",
        "brand:wikidata": "Q1189695",
        "cuisine": "american",
        "name": "Denny's",
        "source": "esri/USA_NAD_Addresses",
        "website": "https://locations.dennys.com/AZ"
      },
      "geometry": {
        "type": "Point",
        "coordinates": [
          -112.4135073,
          33.6383034
        ]
      },
      "id": "node/10904358126"
    },
    {
      "type": "Feature",
      "properties": {
        "@id": "node/10935427093",
        "addr:city": "Wasco",
        "addr:housenumber": "1804",
        "addr:postcode": "93280",
        "addr:state": "CA",
        "addr:street": "Paso Robles Highway",
        "air_conditioning": "yes",
        "amenity": "restaurant",
        "brand": "Denny's",
        "brand:wikidata": "Q1189695",
        "check_date": "2024-10-09",
        "cuisine": "american",
        "name": "Denny's",
        "opening_hours": "24/7",
        "phone": "+1 661-758-6670",
        "source": "official website",
        "takeaway": "yes",
        "toilets": "yes",
        "website": "https://locations.dennys.com/CA/WASCO/247932",
        "wheelchair": "yes"
      },
      "geometry": {
        "type": "Point",
        "coordinates": [
          -119.34608,
          35.6020049
        ]
      },
      "id": "node/10935427093"
    },
    {
      "type": "Feature",
      "properties": {
        "@id": "node/10967734613",
        "addr:city": "Morganton",
        "addr:housenumber": "1209",
        "addr:postcode": "28655",
        "addr:state": "NC",
        "addr:street": "Burkemont Avenue",
        "air_conditioning": "yes",
        "amenity": "restaurant",
        "brand": "Denny's",
        "brand:wikidata": "Q1189695",
        "check_date": "2025-01-12",
        "check_date:smoking": "2025-01-12",
        "check_date:toilets:wheelchair": "2025-01-12",
        "cuisine": "american",
        "indoor_seating": "yes",
        "name": "Denny's",
        "opening_hours": "06:00-24:00",
        "outdoor_seating": "no",
        "phone": "+1 866-987-0696",
        "smoking": "no",
        "takeaway": "yes",
        "toilets": "yes",
        "toilets:wheelchair": "limited",
        "website": "https://locations.dennys.com/NC/MORGANTON/248051",
        "wheelchair": "limited"
      },
      "geometry": {
        "type": "Point",
        "coordinates": [
          -81.6943392,
          35.7174064
        ]
      },
      "id": "node/10967734613"
    },
    {
      "type": "Feature",
      "properties": {
        "@id": "node/11038263428",
        "addr:city": "Bastrop",
        "addr:housenumber": "300",
        "addr:postcode": "78602",
        "addr:state": "TX",
        "addr:street": "State Highway 71 West",
        "air_conditioning": "yes",
        "amenity": "restaurant",
        "brand": "Denny's",
        "brand:wikidata": "Q1189695",
        "check_date": "2023-07-10",
        "cuisine": "american",
        "name": "Denny's",
        "opening_hours": "05:00-24:00",
        "phone": "+1-512-321-3741",
        "takeaway": "yes",
        "website": "https://www.dennys.com/",
        "wheelchair": "yes"
      },
      "geometry": {
        "type": "Point",
        "coordinates": [
          -97.3298497,
          30.1046535
        ]
      },
      "id": "node/11038263428"
    },
    {
      "type": "Feature",
      "properties": {
        "@id": "node/11162107412",
        "addr:city": "Lewisville",
        "addr:housenumber": "2267",
        "addr:postcode": "75067",
        "addr:state": "TX",
        "addr:street": "South Stemmons Freeway",
        "amenity": "restaurant",
        "brand": "Denny's",
        "brand:wikidata": "Q1189695",
        "check_date": "2024-09-24",
        "cuisine": "american",
        "highchair": "yes",
        "name": "Denny's",
        "opening_hours": "24/7",
        "phone": "+1 972-459-3156",
        "smoking": "no",
        "source": "official website",
        "takeaway": "yes",
        "toilets:wheelchair": "yes",
        "website": "https://locations.dennys.com/TX/LEWISVILLE/247846",
        "wheelchair": "yes"
      },
      "geometry": {
        "type": "Point",
        "coordinates": [
          -96.9764638,
          33.0084406
        ]
      },
      "id": "node/11162107412"
    },
    {
      "type": "Feature",
      "properties": {
        "@id": "node/11209004740",
        "addr:city": "Great Falls",
        "addr:housenumber": "3715",
        "addr:postcode": "59404",
        "addr:state": "MT",
        "addr:street": "31st Street Southwest",
        "amenity": "restaurant",
        "brand": "Denny's",
        "brand:wikidata": "Q1189695",
        "cuisine": "american",
        "name": "Denny's",
        "opening_hours": "24/7",
        "phone": "+1-406-727-1558",
        "website": "https://locations.dennys.com/MT/GREAT-FALLS/248604"
      },
      "geometry": {
        "type": "Point",
        "coordinates": [
          -111.358699,
          47.4703165
        ]
      },
      "id": "node/11209004740"
    },
    {
      "type": "Feature",
      "properties": {
        "@id": "node/11408677466",
        "addr:city": "Clear Brook",
        "addr:housenumber": "1530",
        "addr:postcode": "22624",
        "addr:state": "VA",
        "addr:street": "Rest Church Road",
        "amenity": "restaurant",
        "brand": "Denny's",
        "brand:wikidata": "Q1189695",
        "check_date": "2024-08-18",
        "cuisine": "american",
        "name": "Denny's",
        "opening_hours": "24/7",
        "phone": "+1 866-950-2661",
        "source": "official website",
        "website": "https://locations.dennys.com/VA/CLEAR-BROOK/249578"
      },
      "geometry": {
        "type": "Point",
        "coordinates": [
          -78.0869642,
          39.2902758
        ]
      },
      "id": "node/11408677466"
    },
    {
      "type": "Feature",
      "properties": {
        "@id": "node/11410006247",
        "amenity": "restaurant",
        "brand": "Denny's",
        "brand:wikidata": "Q1189695",
        "cuisine": "american",
        "name": "Denny's"
      },
      "geometry": {
        "type": "Point",
        "coordinates": [
          -117.924718,
          33.8577096
        ]
      },
      "id": "node/11410006247"
    },
    {
      "type": "Feature",
      "properties": {
        "@id": "node/11418295205",
        "addr:city": "Fallbrook",
        "addr:housenumber": "713",
        "addr:postcode": "92028",
        "addr:state": "CA",
        "addr:street": "South Main Avenue",
        "amenity": "restaurant",
        "brand": "Denny's",
        "brand:wikidata": "Q1189695",
        "check_date": "2024-10-09",
        "cuisine": "american",
        "name": "Denny's",
        "opening_hours": "06:00-22:00",
        "phone": "+1 760-728-4517",
        "source": "official website",
        "takeaway": "yes",
        "website": "https://locations.dennys.com/CA/FALLBROOK/246876"
      },
      "geometry": {
        "type": "Point",
        "coordinates": [
          -117.251668,
          33.376166
        ]
      },
      "id": "node/11418295205"
    },
    {
      "type": "Feature",
      "properties": {
        "@id": "node/11483632558",
        "addr:city": "Wilson",
        "addr:country": "US",
        "addr:housenumber": "2806",
        "addr:postcode": "27893",
        "addr:state": "NC",
        "addr:street": "Raleigh Road Parkway West",
        "amenity": "restaurant",
        "brand": "Denny's",
        "brand:wikidata": "Q1189695",
        "contact:phone": "+1-866-987-0491",
        "contact:website": "https://locations.dennys.com/NC/WILSON/246957",
        "cuisine": "american",
        "name": "Denny's",
        "opening_hours": "Mo-Su 06:00-25:00"
      },
      "geometry": {
        "type": "Point",
        "coordinates": [
          -77.9534697,
          35.7381188
        ]
      },
      "id": "node/11483632558"
    },
    {
      "type": "Feature",
      "properties": {
        "@id": "node/11538732666",
        "addr:city": "Bremerton",
        "addr:housenumber": "5004",
        "addr:postcode": "98312",
        "addr:state": "WA",
        "addr:street": "Kitsap Way",
        "amenity": "restaurant",
        "brand": "Denny's",
        "brand:wikidata": "Q1189695",
        "cuisine": "american",
        "indoor_seating": "yes",
        "name": "Denny's",
        "opening_hours": "24/7",
        "outdoor_seating": "no",
        "phone": "+1-360-479-8941",
        "website": "https://locations.dennys.com/WA/BREMERTON/247547"
      },
      "geometry": {
        "type": "Point",
        "coordinates": [
          -122.6828631,
          47.5701184
        ]
      },
      "id": "node/11538732666"
    },
    {
      "type": "Feature",
      "properties": {
        "@id": "node/11630690382",
        "amenity": "restaurant",
        "brand": "Denny's",
        "brand:wikidata": "Q1189695",
        "cuisine": "american",
        "name": "Denny's"
      },
      "geometry": {
        "type": "Point",
        "coordinates": [
          -93.2296751,
          30.1976554
        ]
      },
      "id": "node/11630690382"
    },
    {
      "type": "Feature",
      "properties": {
        "@id": "node/11655902269",
        "amenity": "restaurant",
        "brand": "Denny's",
        "brand:wikidata": "Q1189695",
        "cuisine": "american",
        "name": "Denny's"
      },
      "geometry": {
        "type": "Point",
        "coordinates": [
          -115.1651849,
          36.1004245
        ]
      },
      "id": "node/11655902269"
    },
    {
      "type": "Feature",
      "properties": {
        "@id": "node/11989134479",
        "addr:city": "Fort Bliss",
        "addr:housenumber": "1613",
        "addr:postcode": "79906",
        "addr:state": "TX",
        "addr:street": "Pleasonton Road",
        "addr:unit": "Suite B-107",
        "air_conditioning": "yes",
        "amenity": "restaurant",
        "brand": "Denny's",
        "brand:wikidata": "Q1189695",
        "cuisine": "american",
        "delivery": "yes",
        "diet:gluten_free": "yes",
        "diet:vegetarian": "yes",
        "name": "Denny's",
        "opening_hours": "Su-Th 06:00-22:00; Fr-Sa 06:00-00:00",
        "phone": "+1-915-564-5712",
        "takeaway": "yes",
        "website": "https://www.dennys.com/"
      },
      "geometry": {
        "type": "Point",
        "coordinates": [
          -106.4290749,
          31.8170103
        ]
      },
      "id": "node/11989134479"
    },
    {
      "type": "Feature",
      "properties": {
        "@id": "node/12018306356",
        "addr:city": "Ely",
        "addr:housenumber": "501",
        "addr:postcode": "89301",
        "addr:state": "NV",
        "addr:street": "Aultman Street",
        "amenity": "restaurant",
        "brand": "Denny's",
        "brand:wikidata": "Q1189695",
        "cuisine": "american",
        "name": "Denny's",
        "opening_hours": "Mo-Su 05:00-12:00",
        "website": "https://locations.dennys.com/NV/ELY/249285"
      },
      "geometry": {
        "type": "Point",
        "coordinates": [
          -114.8924479,
          39.247976
        ]
      },
      "id": "node/12018306356"
    },
    {
      "type": "Feature",
      "properties": {
        "@id": "node/12057839335",
        "addr:housenumber": "115",
        "addr:street": "Northeast Morgan Lane",
        "amenity": "restaurant",
        "brand": "Denny's",
        "brand:wikidata": "Q1189695",
        "check_date": "2024-07-16",
        "cuisine": "american",
        "name": "Denny's",
        "opening_hours": "24/7",
        "payment:cash": "yes",
        "payment:credit_cards": "yes",
        "payment:debit_cards": "yes",
        "website": "https://locations.dennys.com/OR/GRANTS-PASS/247742"
      },
      "geometry": {
        "type": "Point",
        "coordinates": [
          -123.3216305,
          42.4620713
        ]
      },
      "id": "node/12057839335"
    },
    {
      "type": "Feature",
      "properties": {
        "@id": "node/12058164848",
        "amenity": "restaurant",
        "brand": "Denny's",
        "brand:wikidata": "Q1189695",
        "cuisine": "american",
        "name": "Denny's"
      },
      "geometry": {
        "type": "Point",
        "coordinates": [
          -87.5514972,
          38.1560578
        ]
      },
      "id": "node/12058164848"
    },
    {
      "type": "Feature",
      "properties": {
        "@id": "node/12089732372",
        "amenity": "restaurant",
        "brand": "Denny's",
        "brand:wikidata": "Q1189695",
        "cuisine": "american",
        "name": "Denny's",
        "opening_hours": "Mo-Su 00:00-00:00"
      },
      "geometry": {
        "type": "Point",
        "coordinates": [
          -111.22738,
          36.1197243
        ]
      },
      "id": "node/12089732372"
    },
    {
      "type": "Feature",
      "properties": {
        "@id": "node/12125082274",
        "addr:city": "Goodyear",
        "addr:housenumber": "16970",
        "addr:postcode": "85338",
        "addr:state": "AZ",
        "addr:street": "West Yuma Road",
        "amenity": "restaurant",
        "brand": "Denny's",
        "brand:wikidata": "Q1189695",
        "cuisine": "american",
        "name": "Denny's",
        "source": "esri/USA_NAD_Addresses"
      },
      "geometry": {
        "type": "Point",
        "coordinates": [
          -112.4242668,
          33.4367997
        ]
      },
      "id": "node/12125082274"
    },
    {
      "type": "Feature",
      "properties": {
        "@id": "node/12176032394",
        "addr:city": "Houston",
        "addr:housenumber": "8401",
        "addr:state": "TX",
        "addr:street": "Westheimer Road",
        "addr:unit": "190",
        "amenity": "restaurant",
        "brand": "Denny's",
        "brand:wikidata": "Q1189695",
        "check_date": "2025-07-11",
        "cuisine": "american",
        "internet_access": "wlan",
        "internet_access:fee": "customers",
        "name": "Denny's",
        "opening_hours": "24/7",
        "payment:cash": "yes",
        "payment:credit_cards": "yes",
        "payment:debit_cards": "yes",
        "wheelchair": "yes"
      },
      "geometry": {
        "type": "Point",
        "coordinates": [
          -95.5154859,
          29.736547
        ]
      },
      "id": "node/12176032394"
    },
    {
      "type": "Feature",
      "properties": {
        "@id": "node/12245738426",
        "addr:city": "Rexburg",
        "addr:housenumber": "585",
        "addr:postcode": "83440",
        "addr:state": "ID",
        "addr:street": "North 2nd East",
        "amenity": "restaurant",
        "brand": "Denny's",
        "brand:wikidata": "Q1189695",
        "cuisine": "american",
        "name": "Denny's",
        "opening_hours": "24/7",
        "phone": "+1 208-701-1490"
      },
      "geometry": {
        "type": "Point",
        "coordinates": [
          -111.7787647,
          43.8381539
        ]
      },
      "id": "node/12245738426"
    },
    {
      "type": "Feature",
      "properties": {
        "@id": "node/12264431967",
        "amenity": "restaurant",
        "brand": "Denny's",
        "brand:wikidata": "Q1189695",
        "cuisine": "american",
        "name": "Denny's"
      },
      "geometry": {
        "type": "Point",
        "coordinates": [
          -121.594078,
          39.1453979
        ]
      },
      "id": "node/12264431967"
    },
    {
      "type": "Feature",
      "properties": {
        "@id": "node/12294916998",
        "addr:city": "Norfolk",
        "addr:housenumber": "6360",
        "addr:postcode": "23502",
        "addr:state": "VA",
        "addr:street": "North Newtown Road",
        "amenity": "restaurant",
        "brand": "Denny's",
        "brand:wikidata": "Q1189695",
        "cuisine": "american",
        "name": "Denny's",
        "source": "esri/USA_NAD_Addresses",
        "website": "https://locations.dennys.com/VA/NORFOLK/249568"
      },
      "geometry": {
        "type": "Point",
        "coordinates": [
          -76.1863568,
          36.8432777
        ]
      },
      "id": "node/12294916998"
    },
    {
      "type": "Feature",
      "properties": {
        "@id": "node/12338952555",
        "amenity": "restaurant",
        "brand": "Denny's",
        "brand:wikidata": "Q1189695",
        "cuisine": "american",
        "name": "Denny's",
        "opening_hours": "24/7"
      },
      "geometry": {
        "type": "Point",
        "coordinates": [
          -117.9923192,
          33.7744677
        ]
      },
      "id": "node/12338952555"
    },
    {
      "type": "Feature",
      "properties": {
        "@id": "node/12397642459",
        "addr:city": "San Diego",
        "addr:housenumber": "2222",
        "addr:postcode": "92154",
        "addr:state": "CA",
        "addr:street": "Coronado Avenue",
        "amenity": "restaurant",
        "brand": "Denny's",
        "brand:wikidata": "Q1189695",
        "contact:phone": "+1 619-429-5840",
        "contact:website": "https://locations.dennys.com/CA/SAN-DIEGO/200891",
        "cuisine": "american",
        "level": "0",
        "name": "Denny's",
        "opening_hours": "24/7",
        "smoking": "no",
        "takeaway": "yes",
        "toilets": "yes"
      },
      "geometry": {
        "type": "Point",
        "coordinates": [
          -117.0849654,
          32.5769063
        ]
      },
      "id": "node/12397642459"
    },
    {
      "type": "Feature",
      "properties": {
        "@id": "node/12405624144",
        "addr:city": "Annapolis",
        "addr:floor": "G",
        "addr:housenumber": "2095",
        "addr:postcode": "21401",
        "addr:state": "MD",
        "addr:street": "West Street",
        "amenity": "restaurant",
        "brand": "Denny's",
        "brand:wikidata": "Q1189695",
        "check_date": "2024-12-10",
        "cuisine": "american",
        "indoor_seating": "yes",
        "level": "0",
        "name": "Denny's",
        "outdoor_seating": "no"
      },
      "geometry": {
        "type": "Point",
        "coordinates": [
          -76.5429308,
          38.9839265
        ]
      },
      "id": "node/12405624144"
    },
    {
      "type": "Feature",
      "properties": {
        "@id": "node/12520926622",
        "amenity": "restaurant",
        "brand": "Denny's",
        "brand:wikidata": "Q1189695",
        "cuisine": "american",
        "name": "Denny's"
      },
      "geometry": {
        "type": "Point",
        "coordinates": [
          -112.0077151,
          41.2306386
        ]
      },
      "id": "node/12520926622"
    },
    {
      "type": "Feature",
      "properties": {
        "@id": "node/12607151386",
        "amenity": "restaurant",
        "brand": "Denny's",
        "brand:wikidata": "Q1189695",
        "cuisine": "american",
        "name": "Denny's"
      },
      "geometry": {
        "type": "Point",
        "coordinates": [
          -85.5315614,
          42.2629995
        ]
      },
      "id": "node/12607151386"
    },
    {
      "type": "Feature",
      "properties": {
        "@id": "node/12650798113",
        "addr:city": "Laughlin",
        "addr:housenumber": "2020",
        "addr:postcode": "89029",
        "addr:state": "NV",
        "addr:street": "South Casino Drive",
        "amenity": "restaurant",
        "brand": "Denny's",
        "brand:wikidata": "Q1189695",
        "cuisine": "american",
        "name": "Denny's"
      },
      "geometry": {
        "type": "Point",
        "coordinates": [
          -114.571392,
          35.1607185
        ]
      },
      "id": "node/12650798113"
    },
    {
      "type": "Feature",
      "properties": {
        "@id": "node/12762541161",
        "amenity": "restaurant",
        "brand": "Denny's",
        "brand:wikidata": "Q1189695",
        "cuisine": "american",
        "name": "Denny's"
      },
      "geometry": {
        "type": "Point",
        "coordinates": [
          -81.5095953,
          35.1421632
        ]
      },
      "id": "node/12762541161"
    },
    {
      "type": "Feature",
      "properties": {
        "@id": "node/12858248067",
        "addr:housenumber": "116",
        "addr:street": "South Shary Road",
        "amenity": "restaurant",
        "brand": "Denny's",
        "brand:wikidata": "Q1189695",
        "cuisine": "american",
        "name": "Denny's"
      },
      "geometry": {
        "type": "Point",
        "coordinates": [
          -98.2881102,
          26.2006081
        ]
      },
      "id": "node/12858248067"
    },
    {
      "type": "Feature",
      "properties": {
        "@id": "node/12872141830",
        "addr:city": "Mesa",
        "addr:housenumber": "4248",
        "addr:state": "AZ",
        "addr:street": "South Signal Butte Road",
        "amenity": "restaurant",
        "brand": "Denny's",
        "brand:wikidata": "Q1189695",
        "cuisine": "american",
        "name": "Denny's",
        "source": "esri/USA_NAD_Addresses"
      },
      "geometry": {
        "type": "Point",
        "coordinates": [
          -111.6016932,
          33.3377091
        ]
      },
      "id": "node/12872141830"
    },
    {
      "type": "Feature",
      "properties": {
        "@id": "node/13071401334",
        "addr:city": "Marietta",
        "addr:housenumber": "700",
        "addr:postcode": "45750",
        "addr:state": "OH",
        "addr:street": "Pike Street",
        "amenity": "restaurant",
        "brand": "Denny's",
        "brand:wikidata": "Q1189695",
        "cuisine": "american",
        "name": "Denny's",
        "opening_hours": "24/7",
        "phone": "+1740-374-6221",
        "website": "https://locations.dennys.com/OH/MARIETTA/249690"
      },
      "geometry": {
        "type": "Point",
        "coordinates": [
          -81.4220667,
          39.4075947
        ]
      },
      "id": "node/13071401334"
    },
    {
      "type": "Feature",
      "properties": {
        "@id": "node/13120164119",
        "addr:floor": "1",
        "amenity": "restaurant",
        "brand": "Denny's",
        "brand:wikidata": "Q1189695",
        "check_date": "2025-09-04",
        "cuisine": "american",
        "level": "0",
        "name": "Denny's",
        "payment:cash": "yes",
        "payment:credit_cards": "yes",
        "payment:debit_cards": "yes",
        "wheelchair": "yes"
      },
      "geometry": {
        "type": "Point",
        "coordinates": [
          -118.3787123,
          34.1723483
        ]
      },
      "id": "node/13120164119"
    },
    {
      "type": "Feature",
      "properties": {
        "@id": "node/13226420676",
        "amenity": "restaurant",
        "brand": "Denny's",
        "brand:wikidata": "Q1189695",
        "cuisine": "american",
        "name": "Denny's"
      },
      "geometry": {
        "type": "Point",
        "coordinates": [
          -118.3345862,
          34.0184824
        ]
      },
      "id": "node/13226420676"
    },
    {
      "type": "Feature",
      "properties": {
        "@id": "node/13232085271",
        "addr:city": "Westminster",
        "addr:housenumber": "7201",
        "addr:postcode": "80003",
        "addr:state": "CO",
        "addr:street": "Sheridan Boulevard",
        "addr:unit": "100",
        "amenity": "restaurant",
        "brand": "Denny's",
        "brand:wikidata": "Q1189695",
        "cuisine": "american",
        "name": "Denny's",
        "opening_hours": "24/7",
        "phone": "+1-303-428-7301",
        "website": "https://locations.dennys.com/CO/WESTMINSTER/249352"
      },
      "geometry": {
        "type": "Point",
        "coordinates": [
          -105.0544614,
          39.8278168
        ]
      },
      "id": "node/13232085271"
    },
    {
      "type": "Feature",
      "properties": {
        "@id": "node/13685397963",
        "addr:city": "Alhambra",
        "addr:housenumber": "369",
        "addr:postcode": "91801",
        "addr:state": "CA",
        "addr:street": "West Main Street",
        "amenity": "restaurant",
        "brand": "Denny's",
        "brand:wikidata": "Q1189695",
        "check_date": "2026-07-10",
        "contact:yelp": "https://www.yelp.com/biz/dennys-restaurant-alhambra-2",
        "cuisine": "american",
        "level": "0",
        "name": "Denny's",
        "opening_hours": "24/7",
        "payment:cash": "yes",
        "payment:credit_cards": "yes",
        "payment:debit_cards": "yes",
        "phone": "+1-626-281-6701",
        "website": "https://locations.dennys.com/CA/ALHAMBRA/247253"
      },
      "geometry": {
        "type": "Point",
        "coordinates": [
          -118.1311289,
          34.0933452
        ]
      },
      "id": "node/13685397963"
    },
    {
      "type": "Feature",
      "properties": {
        "@id": "node/13714670317",
        "addr:city": "Bakersfield",
        "addr:housenumber": "2581",
        "addr:postcode": "93304",
        "addr:state": "CA",
        "addr:street": "White Lane",
        "amenity": "restaurant",
        "brand": "Denny's",
        "brand:wikidata": "Q1189695",
        "cuisine": "american",
        "name": "Denny's",
        "opening_hours": "24/7",
        "phone": "+1-661-831-6961"
      },
      "geometry": {
        "type": "Point",
        "coordinates": [
          -119.0341427,
          35.3172008
        ]
      },
      "id": "node/13714670317"
    },
    {
      "type": "Feature",
      "properties": {
        "@id": "node/13721198427",
        "addr:city": "Carlisle",
        "addr:housenumber": "1501",
        "addr:postcode": "17015",
        "addr:state": "PA",
        "addr:street": "Harrisburg Pike",
        "amenity": "restaurant",
        "brand": "Denny's",
        "brand:wikidata": "Q1189695",
        "cuisine": "american",
        "name": "Denny's",
        "opening_hours": "Mo-Fr 07:00-24:00; Sa-Su 06:00-24:00",
        "phone": "+1-717-462-7106",
        "website": "https://locations.dennys.com/pa/carlisle/249577"
      },
      "geometry": {
        "type": "Point",
        "coordinates": [
          -77.1232303,
          40.2349869
        ]
      },
      "id": "node/13721198427"
    },
    {
      "type": "Feature",
      "properties": {
        "@id": "node/13738076074",
        "amenity": "restaurant",
        "brand": "Denny's",
        "brand:wikidata": "Q1189695",
        "cuisine": "american",
        "name": "Denny's"
      },
      "geometry": {
        "type": "Point",
        "coordinates": [
          -86.5536699,
          36.6628347
        ]
      },
      "id": "node/13738076074"
    },
    {
      "type": "Feature",
      "properties": {
        "@id": "node/13780444225",
        "amenity": "restaurant",
        "brand": "Denny's",
        "brand:wikidata": "Q1189695",
        "cuisine": "american",
        "name": "Denny's"
      },
      "geometry": {
        "type": "Point",
        "coordinates": [
          -119.629125,
          36.5736022
        ]
      },
      "id": "node/13780444225"
    },
    {
      "type": "Feature",
      "properties": {
        "@id": "node/13809604934",
        "amenity": "restaurant",
        "brand": "Denny's",
        "brand:wikidata": "Q1189695",
        "cuisine": "american",
        "name": "Denny's"
      },
      "geometry": {
        "type": "Point",
        "coordinates": [
          -66.6222007,
          17.9953157
        ]
      },
      "id": "node/13809604934"
    },
    {
      "type": "Feature",
      "properties": {
        "@id": "node/13887725125",
        "amenity": "restaurant",
        "brand": "Denny's",
        "brand:wikidata": "Q1189695",
        "cuisine": "american",
        "name": "Denny's"
      },
      "geometry": {
        "type": "Point",
        "coordinates": [
          -119.4396261,
          36.603688
        ]
      },
      "id": "node/13887725125"
    },
    {
      "type": "Feature",
      "properties": {
        "@id": "node/13910300663",
        "amenity": "restaurant",
        "brand": "Denny's",
        "brand:wikidata": "Q1189695",
        "cuisine": "american",
        "name": "Denny's"
      },
      "geometry": {
        "type": "Point",
        "coordinates": [
          -85.4000888,
          31.1911612
        ]
      },
      "id": "node/13910300663"
    },
    {
      "type": "Feature",
      "properties": {
        "@id": "node/13912465084",
        "amenity": "restaurant",
        "brand": "Denny's",
        "brand:wikidata": "Q1189695",
        "cuisine": "american",
        "name": "Denny's"
      },
      "geometry": {
        "type": "Point",
        "coordinates": [
          -86.0367238,
          39.5497025
        ]
      },
      "id": "node/13912465084"
    },
    {
      "type": "Feature",
      "properties": {
        "@id": "node/13972433127",
        "addr:city": "Fresno",
        "addr:housenumber": "3120",
        "addr:postcode": "93703",
        "addr:state": "CA",
        "addr:street": "North Blackstone Avenue",
        "amenity": "restaurant",
        "brand": "Denny's",
        "brand:wikidata": "Q1189695",
        "cuisine": "american",
        "name": "Denny's",
        "phone": "+15592277151"
      },
      "geometry": {
        "type": "Point",
        "coordinates": [
          -119.7901445,
          36.7792278
        ]
      },
      "id": "node/13972433127"
    },
    {
      "type": "Feature",
      "properties": {
        "@id": "node/14078837540",
        "amenity": "restaurant",
        "brand": "Denny's",
        "brand:wikidata": "Q1189695",
        "cuisine": "american",
        "name": "Denny's"
      },
      "geometry": {
        "type": "Point",
        "coordinates": [
          -81.7578059,
          26.1188845
        ]
      },
      "id": "node/14078837540"
    },
    {
      "type": "Feature",
      "properties": {
        "@id": "node/14093036402",
        "addr:city": "Russellville",
        "addr:housenumber": "43",
        "addr:postcode": "72802",
        "addr:state": "AR",
        "addr:street": "Bradley Cove Road",
        "amenity": "restaurant",
        "brand": "Denny's",
        "brand:wikidata": "Q1189695",
        "check_date": "2026-08-13",
        "cuisine": "american",
        "name": "Denny's"
      },
      "geometry": {
        "type": "Point",
        "coordinates": [
          -93.0902298,
          35.2833416
        ]
      },
      "id": "node/14093036402"
    },
    {
      "type": "Feature",
      "properties": {
        "@id": "node/14125826196",
        "amenity": "restaurant",
        "brand": "Denny's",
        "brand:wikidata": "Q1189695",
        "cuisine": "american",
        "name": "Denny's"
      },
      "geometry": {
        "type": "Point",
        "coordinates": [
          -95.3099136,
          30.0050716
        ]
      },
      "id": "node/14125826196"
    },
    {
      "type": "Feature",
      "properties": {
        "@id": "node/14158019602",
        "amenity": "restaurant",
        "brand": "Denny's",
        "brand:wikidata": "Q1189695",
        "cuisine": "american",
        "name": "Denny's"
      },
      "geometry": {
        "type": "Point",
        "coordinates": [
          -117.0273286,
          46.7340292
        ]
      },
      "id": "node/14158019602"
    },
    {
      "type": "Feature",
      "properties": {
        "@id": "node/14178177679",
        "amenity": "restaurant",
        "brand": "Denny's",
        "brand:wikidata": "Q1189695",
        "cuisine": "american",
        "name": "Denny's"
      },
      "geometry": {
        "type": "Point",
        "coordinates": [
          -94.9550404,
          30.7113602
        ]
      },
      "id": "node/14178177679"
    }
  ]
}