{
  "type": "FeatureCollection",
  "generator": "overpass-turbo",
  "copyright": "The data included in this document is from www.openstreetmap.org. The data is made available under ODbL.",
  "timestamp": "2026-09-24T16:46:54Z",
  "features": [
    {
      "type": "Feature",
      "properties": {
        "@id": "way/28032438",
        "addr:city": "Kildeer",
        "addr:housenumber": "20505",
        "addr:postcode": "60047",
        "addr:state": "IL",
        "addr:street": "N Rand Rd",
        "addr:unit": "Suite 300",
        "amenity": "restaurant",
        "brand": "First Watch",
        "brand:wikidata": "Q5454064",
        "building": "retail",
        "cuisine": "american;breakfast",
        "name": "First Watch",
        "official_name": "First Watch The Daytime Cafe",
        "@geometry": "center"
      },
      "geometry": {
        "type": "Point",
        "coordinates": [
          -88.0521085,
          42.1623223
        ]
      },
      "id": "way/28032438"
    },
    {
      "type": "Feature",
      "properties": {
        "@id": "way/32895757",
        "addr:city": "Cincinnati",
        "addr:housenumber": "11301",
        "addr:postcode": "45249",
        "addr:state": "OH",
        "addr:street": "Montgomery Road",
        "amenity": "restaurant",
        "brand": "First Watch",
        "brand:wikidata": "Q5454064",
        "building": "retail",
        "cuisine": "american;breakfast",
        "name": "First Watch",
        "official_name": "First Watch The Daytime Cafe",
        "opening_hours": "07:00-14:30",
        "website": "https://firstwatch.com/locations/harpers",
        "@geometry": "center"
      },
      "geometry": {
        "type": "Point",
        "coordinates": [
          -84.3293343,
          39.2708285
        ]
      },
      "id": "way/32895757"
    },
    {
      "type": "Feature",
      "properties": {
        "@id": "way/43532425",
        "addr:city": "Myrtle Beach",
        "addr:country": "US",
        "addr:housenumber": "4632",
        "addr:postcode": "29579",
        "addr:state": "SC",
        "addr:street": "Factory Stores Boulevard",
        "amenity": "restaurant",
        "brand": "First Watch",
        "brand:wikidata": "Q5454064",
        "building": "yes",
        "cuisine": "american;breakfast",
        "name": "First Watch",
        "official_name": "First Watch The Daytime Cafe",
        "opening_hours": "Mo-Su 07:00-14:30",
        "phone": "+1-843-484-2143",
        "website": "https://firstwatch.com/locations/carolina-forest",
        "@geometry": "center"
      },
      "geometry": {
        "type": "Point",
        "coordinates": [
          -78.9585467,
          33.7494096
        ]
      },
      "id": "way/43532425"
    },
    {
      "type": "Feature",
      "properties": {
        "@id": "way/48257854",
        "addr:city": "Wayne",
        "addr:housenumber": "299",
        "addr:postcode": "19087",
        "addr:state": "PA",
        "addr:street": "East Swedesford Road",
        "addr:unit": "2",
        "amenity": "restaurant",
        "brand": "First Watch",
        "brand:wikidata": "Q5454064",
        "building": "yes",
        "check_date": "2024-03-30",
        "cuisine": "american;breakfast",
        "name": "First Watch",
        "official_name": "First Watch The Daytime Cafe",
        "opening_hours": "07:00-14:30",
        "phone": "+1 610-686-3800",
        "website": "https://www.firstwatch.com/locations/wayne/",
        "@geometry": "center"
      },
      "geometry": {
        "type": "Point",
        "coordinates": [
          -75.4300394,
          40.0735243
        ]
      },
      "id": "way/48257854"
    },
    {
      "type": "Feature",
      "properties": {
        "@id": "way/52734159",
        "addr:city": "Nashua",
        "addr:housenumber": "256",
        "addr:postcode": "03060",
        "addr:state": "NH",
        "addr:street": "Daniel Webster Highway",
        "addr:unit": "19",
        "amenity": "restaurant",
        "brand": "First Watch",
        "brand:wikidata": "Q5454064",
        "building": "yes",
        "cuisine": "american;breakfast",
        "name": "First Watch",
        "official_name": "First Watch The Daytime Cafe",
        "@geometry": "center"
      },
      "geometry": {
        "type": "Point",
        "coordinates": [
          -71.4407037,
          42.7078845
        ]
      },
      "id": "way/52734159"
    },
    {
      "type": "Feature",
      "properties": {
        "@id": "way/70430697",
        "addr:city": "Reston",
        "addr:housenumber": "12192",
        "addr:postcode": "20190",
        "addr:state": "VA",
        "addr:street": "Sunset Hills Road",
        "amenity": "restaurant",
        "brand": "First Watch",
        "brand:wikidata": "Q5454064",
        "building": "yes",
        "building:levels": "1",
        "cuisine": "american;breakfast",
        "delivery": "no",
        "name": "First Watch",
        "note": "(703) 464-7909",
        "official_name": "First Watch The Daytime Cafe",
        "takeaway": "yes",
        "website": "https://www.carrabbas.com",
        "@geometry": "center"
      },
      "geometry": {
        "type": "Point",
        "coordinates": [
          -77.367475,
          38.9553102
        ]
      },
      "id": "way/70430697"
    },
    {
      "type": "Feature",
      "properties": {
        "@id": "way/81607868",
        "addr:city": "Provo",
        "addr:housenumber": "2235",
        "addr:postcode": "84604",
        "addr:state": "UT",
        "addr:street": "North University Parkway",
        "amenity": "restaurant",
        "brand": "First Watch",
        "brand:wikidata": "Q5454064",
        "building": "commercial",
        "cuisine": "american;breakfast",
        "diet:gluten_free": "yes",
        "diet:vegan": "yes",
        "diet:vegetarian": "yes",
        "disused:amenity": "restaurant",
        "name": "First Watch",
        "official_name": "First Watch The Daytime Cafe",
        "smoking": "no",
        "website": "https://firstwatch.com",
        "website:menu": "https://firstwatch.com/menu",
        "@geometry": "center"
      },
      "geometry": {
        "type": "Point",
        "coordinates": [
          -111.6681257,
          40.2627902
        ]
      },
      "id": "way/81607868"
    },
    {
      "type": "Feature",
      "properties": {
        "@id": "way/87674075",
        "amenity": "restaurant",
        "brand": "First Watch",
        "brand:wikidata": "Q5454064",
        "building": "yes",
        "cuisine": "american;breakfast",
        "disused:amenity": "restaurant",
        "name": "First Watch",
        "official_name": "First Watch The Daytime Cafe",
        "old_name": "Mimi's Cafe",
        "@geometry": "center"
      },
      "geometry": {
        "type": "Point",
        "coordinates": [
          -84.3148202,
          39.3091001
        ]
      },
      "id": "way/87674075"
    },
    {
      "type": "Feature",
      "properties": {
        "@id": "way/94046120",
        "addr:city": "Woodbridge",
        "addr:housenumber": "2680",
        "addr:postcode": "22192",
        "addr:street": "Prince William Parkway",
        "amenity": "restaurant",
        "brand": "First Watch",
        "brand:wikidata": "Q5454064",
        "building": "yes",
        "cuisine": "american;breakfast",
        "name": "First Watch",
        "official_name": "First Watch The Daytime Cafe",
        "website": "https://www.firstwatch.com/locations/smoketown-station/",
        "@geometry": "center"
      },
      "geometry": {
        "type": "Point",
        "coordinates": [
          -77.2936699,
          38.6516481
        ]
      },
      "id": "way/94046120"
    },
    {
      "type": "Feature",
      "properties": {
        "@id": "way/95152576",
        "addr:city": "Exton",
        "addr:housenumber": "303",
        "addr:postcode": "19341",
        "addr:state": "PA",
        "addr:street": "Pottstown Pike",
        "amenity": "restaurant",
        "brand": "First Watch",
        "brand:wikidata": "Q5454064",
        "building": "yes",
        "check_date": "2023-09-09",
        "cuisine": "american;breakfast",
        "name": "First Watch",
        "official_name": "First Watch The Daytime Cafe",
        "opening_hours": "07:00-14:30",
        "phone": "+1 610-686-3447",
        "website": "https://www.firstwatch.com/locations/exton",
        "@geometry": "center"
      },
      "geometry": {
        "type": "Point",
        "coordinates": [
          -75.6314466,
          40.034434
        ]
      },
      "id": "way/95152576"
    },
    {
      "type": "Feature",
      "properties": {
        "@id": "way/103863574",
        "addr:city": "Phoenix",
        "addr:country": "US",
        "addr:housenumber": "34948",
        "addr:postcode": "85086",
        "addr:state": "AZ",
        "addr:street": "North North Valley Parkway",
        "amenity": "restaurant",
        "brand": "First Watch",
        "brand:wikidata": "Q5454064",
        "building": "retail",
        "cuisine": "american;breakfast",
        "internet_access": "wlan",
        "internet_access:fee": "no",
        "level": "0",
        "name": "First Watch",
        "official_name": "First Watch The Daytime Cafe",
        "opening_hours": "Mo-Su 07:00-14:30",
        "outdoor_seating": "yes",
        "phone": "+1-623-582-4442",
        "source": "esri/USA_NAD_Addresses",
        "website": "https://firstwatch.com/",
        "@geometry": "center"
      },
      "geometry": {
        "type": "Point",
        "coordinates": [
          -112.1306617,
          33.8013487
        ]
      },
      "id": "way/103863574"
    },
    {
      "type": "Feature",
      "properties": {
        "@id": "way/150740367",
        "addr:city": "Phoenix",
        "addr:country": "US",
        "addr:housenumber": "61",
        "addr:postcode": "85013",
        "addr:state": "AZ",
        "addr:street": "West Thomas Road",
        "amenity": "restaurant",
        "brand": "First Watch",
        "brand:wikidata": "Q5454064",
        "building": "yes",
        "cuisine": "american;breakfast",
        "name": "First Watch",
        "official_name": "First Watch The Daytime Cafe",
        "source": "esri_USDOT_Arizona",
        "@geometry": "center"
      },
      "geometry": {
        "type": "Point",
        "coordinates": [
          -112.0771307,
          33.4799529
        ]
      },
      "id": "way/150740367"
    },
    {
      "type": "Feature",
      "properties": {
        "@id": "way/172417598",
        "addr:housenumber": "11305",
        "addr:street": "Causeway Boulevard",
        "amenity": "restaurant",
        "brand": "First Watch",
        "brand:wikidata": "Q5454064",
        "building": "yes",
        "cuisine": "american;breakfast",
        "name": "First Watch",
        "official_name": "First Watch The Daytime Cafe",
        "opening_hours": "Mo-Su 07:00-14:30",
        "@geometry": "center"
      },
      "geometry": {
        "type": "Point",
        "coordinates": [
          -82.3223765,
          27.9226297
        ]
      },
      "id": "way/172417598"
    },
    {
      "type": "Feature",
      "properties": {
        "@id": "way/191523741",
        "amenity": "restaurant",
        "brand": "First Watch",
        "brand:wikidata": "Q5454064",
        "building": "yes",
        "cuisine": "american;breakfast",
        "description": "COMING SOON!",
        "name": "First Watch",
        "official_name": "First Watch The Daytime Cafe",
        "takeaway": "yes",
        "@geometry": "center"
      },
      "geometry": {
        "type": "Point",
        "coordinates": [
          -84.1364791,
          39.8739074
        ]
      },
      "id": "way/191523741"
    },
    {
      "type": "Feature",
      "properties": {
        "@id": "way/206189598",
        "amenity": "restaurant",
        "brand": "First Watch",
        "brand:wikidata": "Q5454064",
        "building": "yes",
        "cuisine": "american;breakfast",
        "name": "First Watch",
        "official_name": "First Watch The Daytime Cafe",
        "@geometry": "center"
      },
      "geometry": {
        "type": "Point",
        "coordinates": [
          -80.6853129,
          28.3565378
        ]
      },
      "id": "way/206189598"
    },
    {
      "type": "Feature",
      "properties": {
        "@id": "way/211226230",
        "addr:city": "Colorado Springs",
        "addr:housenumber": "7816",
        "addr:postcode": "80920",
        "addr:state": "CO",
        "addr:street": "North Academy Boulevard",
        "air_conditioning": "yes",
        "amenity": "restaurant",
        "brand": "First Watch",
        "brand:wikidata": "Q5454064",
        "building": "yes",
        "check_date": "2026-03-23",
        "contact:facebook": "https://www.facebook.com/FirstWatch/",
        "contact:instagram": "https://www.instagram.com/firstwatch/",
        "cuisine": "american;breakfast",
        "name": "First Watch",
        "official_name": "First Watch The Daytime Cafe",
        "opening_hours": "Mo-Su 07:00-14:30",
        "phone": "+1-719-268-0700",
        "website": "https://firstwatch.com/locations/academy",
        "website:menu": "https://firstwatch.com/menu",
        "@geometry": "center"
      },
      "geometry": {
        "type": "Point",
        "coordinates": [
          -104.8017835,
          38.9457387
        ]
      },
      "id": "way/211226230"
    },
    {
      "type": "Feature",
      "properties": {
        "@id": "way/230776966",
        "addr:city": "Tucson",
        "addr:housenumber": "4775",
        "addr:postcode": "85712",
        "addr:state": "AZ",
        "addr:street": "East Grant Road",
        "amenity": "restaurant",
        "brand": "First Watch",
        "brand:wikidata": "Q5454064",
        "building": "yes",
        "cuisine": "american;breakfast",
        "name": "First Watch",
        "official_name": "First Watch The Daytime Cafe",
        "source": "esri/USA_NAD_Addresses",
        "@geometry": "center"
      },
      "geometry": {
        "type": "Point",
        "coordinates": [
          -110.890822,
          32.2509551
        ]
      },
      "id": "way/230776966"
    },
    {
      "type": "Feature",
      "properties": {
        "@id": "way/231177689",
        "addr:city": "Athens",
        "addr:housenumber": "140",
        "addr:postcode": "30606",
        "addr:street": "Alps Road",
        "amenity": "restaurant",
        "brand": "First Watch",
        "brand:wikidata": "Q5454064",
        "building": "yes",
        "cuisine": "american;breakfast",
        "name": "First Watch",
        "official_name": "First Watch The Daytime Cafe",
        "ref:athensclarkeaddress": "29039",
        "@geometry": "center"
      },
      "geometry": {
        "type": "Point",
        "coordinates": [
          -83.4098635,
          33.9478259
        ]
      },
      "id": "way/231177689"
    },
    {
      "type": "Feature",
      "properties": {
        "@id": "way/237318343",
        "addr:housenumber": "12249",
        "addr:postcode": "22033",
        "addr:state": "VA",
        "addr:street": "Fair Lakes Promenade Drive",
        "amenity": "restaurant",
        "brand": "First Watch",
        "brand:wikidata": "Q5454064",
        "building": "yes",
        "cuisine": "american;breakfast",
        "name": "First Watch",
        "official_name": "First Watch The Daytime Cafe",
        "opening_hours": "Mo-Su 07:00-14:30",
        "phone": "+1-571-587-3641",
        "website": "https://firstwatch.com/locations/fair-lakes/",
        "@geometry": "center"
      },
      "geometry": {
        "type": "Point",
        "coordinates": [
          -77.36928,
          38.8592046
        ]
      },
      "id": "way/237318343"
    },
    {
      "type": "Feature",
      "properties": {
        "@id": "way/243714094",
        "addr:city": "Kennesaw",
        "addr:housenumber": "840",
        "addr:postcode": "30144",
        "addr:state": "GA",
        "addr:street": "Cobb Place Boulevard Northwest",
        "amenity": "restaurant",
        "brand": "First Watch",
        "brand:wikidata": "Q5454064",
        "building": "retail",
        "building:levels": "1",
        "check_date": "2024-09-26",
        "cuisine": "american;breakfast",
        "name": "First Watch",
        "official_name": "First Watch The Daytime Cafe",
        "opening_hours": "07:00-14:30",
        "payment:cash": "yes",
        "payment:mastercard": "yes",
        "payment:visa": "yes",
        "phone": "+1 678-395-2028",
        "website": "https://firstwatch.com/locations/barrett-parkway/",
        "wheelchair": "yes",
        "@geometry": "center"
      },
      "geometry": {
        "type": "Point",
        "coordinates": [
          -84.5701282,
          34.0092308
        ]
      },
      "id": "way/243714094"
    },
    {
      "type": "Feature",
      "properties": {
        "@id": "way/258411530",
        "addr:housenumber": "9102",
        "amenity": "restaurant",
        "brand": "First Watch",
        "brand:wikidata": "Q5454064",
        "building": "yes;commercial",
        "cuisine": "american;breakfast",
        "internet_access": "wlan",
        "internet_access:fee": "no",
        "name": "First Watch",
        "official_name": "First Watch The Daytime Cafe",
        "opening_hours": "07:00-14:30",
        "@geometry": "center"
      },
      "geometry": {
        "type": "Point",
        "coordinates": [
          -94.6682188,
          38.9631705
        ]
      },
      "id": "way/258411530"
    },
    {
      "type": "Feature",
      "properties": {
        "@id": "way/263821324",
        "addr:city": "Lexington",
        "addr:housenumber": "1080",
        "addr:postcode": "40504",
        "addr:state": "KY",
        "addr:street": "South Broadway",
        "addr:unit": "301",
        "amenity": "restaurant",
        "brand": "First Watch",
        "brand:wikidata": "Q5454064",
        "building": "yes",
        "cuisine": "american;breakfast",
        "name": "First Watch",
        "official_name": "First Watch The Daytime Cafe",
        "phone": "+1 859 252 2226",
        "@geometry": "center"
      },
      "geometry": {
        "type": "Point",
        "coordinates": [
          -84.5176367,
          38.0367816
        ]
      },
      "id": "way/263821324"
    },
    {
      "type": "Feature",
      "properties": {
        "@id": "way/272221888",
        "addr:city": "Fort Collins",
        "addr:housenumber": "2809",
        "addr:postcode": "80525",
        "addr:state": "CO",
        "addr:street": "South College Avenue",
        "amenity": "restaurant",
        "brand": "First Watch",
        "brand:wikidata": "Q5454064",
        "building": "yes",
        "contact:phone": "+1-970-223-5271",
        "contact:website": "https://www.firstwatch.com/",
        "cuisine": "american;breakfast",
        "name": "First Watch",
        "official_name": "First Watch The Daytime Cafe",
        "opening_hours": "Mo-Su 07:00-14:30",
        "source": "https://www.firstwatch.com/locations/first-watch-south-college-now-open",
        "@geometry": "center"
      },
      "geometry": {
        "type": "Point",
        "coordinates": [
          -105.0776384,
          40.5482406
        ]
      },
      "id": "way/272221888"
    },
    {
      "type": "Feature",
      "properties": {
        "@id": "way/286998366",
        "addr:city": "Scottsdale",
        "addr:country": "US",
        "addr:housenumber": "9325",
        "addr:postcode": "85258",
        "addr:state": "AZ",
        "addr:street": "East Shea Boulevard",
        "amenity": "restaurant",
        "brand": "First Watch",
        "brand:wikidata": "Q5454064",
        "building": "yes",
        "cuisine": "american;breakfast",
        "name": "First Watch",
        "official_name": "First Watch The Daytime Cafe",
        "source": "esri/USA_NAD_Addresses",
        "@geometry": "center"
      },
      "geometry": {
        "type": "Point",
        "coordinates": [
          -111.8797682,
          33.5820913
        ]
      },
      "id": "way/286998366"
    },
    {
      "type": "Feature",
      "properties": {
        "@id": "way/306477787",
        "addr:housenumber": "5310",
        "addr:postcode": "23230",
        "addr:street": "West Broad Street",
        "amenity": "restaurant",
        "brand": "First Watch",
        "brand:wikidata": "Q5454064",
        "check_date": "2023-04-22",
        "cuisine": "american;breakfast",
        "name": "First Watch",
        "official_name": "First Watch The Daytime Cafe",
        "@geometry": "center"
      },
      "geometry": {
        "type": "Point",
        "coordinates": [
          -77.4990204,
          37.5868245
        ]
      },
      "id": "way/306477787"
    },
    {
      "type": "Feature",
      "properties": {
        "@id": "way/308291904",
        "amenity": "restaurant",
        "brand": "First Watch",
        "brand:wikidata": "Q5454064",
        "building": "yes",
        "cuisine": "american;breakfast",
        "name": "First Watch",
        "official_name": "First Watch The Daytime Cafe",
        "wheelchair": "yes",
        "@geometry": "center"
      },
      "geometry": {
        "type": "Point",
        "coordinates": [
          -81.3647548,
          28.5643246
        ]
      },
      "id": "way/308291904"
    },
    {
      "type": "Feature",
      "properties": {
        "@id": "way/329388294",
        "addr:city": "Louisville",
        "addr:housenumber": "2225",
        "addr:postcode": "40205",
        "addr:state": "KY",
        "addr:street": "Taylorsville Road",
        "amenity": "restaurant",
        "brand": "First Watch",
        "brand:wikidata": "Q5454064",
        "building": "yes",
        "cuisine": "american;breakfast",
        "lojic:bgnum": "194770",
        "name": "First Watch",
        "opening_hours": "07:00-14:30",
        "phone": "+15024447744",
        "smoking": "no",
        "website": "https://www.firstwatch.com",
        "@geometry": "center"
      },
      "geometry": {
        "type": "Point",
        "coordinates": [
          -85.6838568,
          38.223557
        ]
      },
      "id": "way/329388294"
    },
    {
      "type": "Feature",
      "properties": {
        "@id": "way/329550774",
        "addr:city": "Middletown",
        "addr:housenumber": "12913",
        "addr:postcode": "40243",
        "addr:state": "KY",
        "addr:street": "Shelbyville Road",
        "amenity": "restaurant",
        "brand": "First Watch",
        "brand:wikidata": "Q5454064",
        "building": "commercial",
        "cuisine": "american;breakfast",
        "lojic:bgnum": "18950",
        "name": "First Watch",
        "@geometry": "center"
      },
      "geometry": {
        "type": "Point",
        "coordinates": [
          -85.5149279,
          38.2435219
        ]
      },
      "id": "way/329550774"
    },
    {
      "type": "Feature",
      "properties": {
        "@id": "way/337062634",
        "addr:city": "Northfield",
        "addr:housenumber": "4948",
        "addr:postcode": "40222",
        "addr:state": "KY",
        "addr:street": "U S Highway 42",
        "amenity": "restaurant",
        "brand": "First Watch",
        "brand:wikidata": "Q5454064",
        "building": "commercial",
        "check_date": "2023-10-06",
        "cuisine": "american;breakfast",
        "lojic:bgnum": "233776",
        "name": "First Watch",
        "official_name": "First Watch The Daytime Cafe",
        "takeaway": "yes",
        "@geometry": "center"
      },
      "geometry": {
        "type": "Point",
        "coordinates": [
          -85.6312372,
          38.2851034
        ]
      },
      "id": "way/337062634"
    },
    {
      "type": "Feature",
      "properties": {
        "@id": "way/384528180",
        "addr:city": "Phoenix",
        "addr:country": "US",
        "addr:housenumber": "9645",
        "addr:postcode": "85021",
        "addr:state": "AZ",
        "addr:street": "North Black Canyon Highway",
        "amenity": "restaurant",
        "brand": "First Watch",
        "brand:wikidata": "Q5454064",
        "building": "commercial",
        "cuisine": "american;breakfast",
        "name": "First Watch",
        "official_name": "First Watch The Daytime Cafe",
        "opening_hours": "Mo-Su 07:00-14:30",
        "phone": "+1-602-943-3232",
        "source": "esri_USDOT_Arizona",
        "website": "https://www.firstwatch.com/locations/n-black-canyon-hwy/",
        "@geometry": "center"
      },
      "geometry": {
        "type": "Point",
        "coordinates": [
          -112.1163113,
          33.5745253
        ]
      },
      "id": "way/384528180"
    },
    {
      "type": "Feature",
      "properties": {
        "@id": "way/411885787",
        "addr:city": "Bel Air",
        "addr:housenumber": "605",
        "addr:postcode": "21014",
        "addr:state": "MD",
        "addr:street": "Baltimore Pike",
        "amenity": "restaurant",
        "brand": "First Watch",
        "brand:wikidata": "Q5454064",
        "building": "yes",
        "cuisine": "american;breakfast",
        "name": "First Watch",
        "official_name": "First Watch The Daytime Cafe",
        "phone": "+1-941-907-9800",
        "start_date": "2024-10-07",
        "website": "https://firstwatch.com/locations/bel-air/",
        "@geometry": "center"
      },
      "geometry": {
        "type": "Point",
        "coordinates": [
          -76.3554974,
          39.5247081
        ]
      },
      "id": "way/411885787"
    },
    {
      "type": "Feature",
      "properties": {
        "@id": "way/435586584",
        "addr:city": "Miami",
        "addr:housenumber": "12075",
        "addr:postcode": "33177",
        "addr:street": "Southwest 152nd Street",
        "amenity": "restaurant",
        "brand": "First Watch",
        "brand:wikidata": "Q5454064",
        "building": "yes",
        "check_date": "2025-12-07",
        "cuisine": "american;breakfast",
        "height": "10.0",
        "name": "First Watch",
        "official_name": "First Watch The Daytime Cafe",
        "opening_hours": "Mo-Th,Su 11:30-23:00; Fr-Sa 11:00-24:00",
        "phone": "+1-305-506-6945",
        "ref:miabldg": "40732",
        "roof:shape": "flat",
        "website": "https://firstwatch.com/locations/152nd-street-miami",
        "@geometry": "center"
      },
      "geometry": {
        "type": "Point",
        "coordinates": [
          -80.3874485,
          25.6275781
        ]
      },
      "id": "way/435586584"
    },
    {
      "type": "Feature",
      "properties": {
        "@id": "way/448884113",
        "addr:housenumber": "5353",
        "addr:street": "Belt Line Road",
        "amenity": "restaurant",
        "brand": "First Watch",
        "brand:wikidata": "Q5454064",
        "building": "retail",
        "cuisine": "american;breakfast",
        "internet_access": "wlan",
        "name": "First Watch",
        "official_name": "First Watch The Daytime Cafe",
        "website": "https://www.firstwatch.com/locations/addison",
        "@geometry": "center"
      },
      "geometry": {
        "type": "Point",
        "coordinates": [
          -96.8143116,
          32.954533
        ]
      },
      "id": "way/448884113"
    },
    {
      "type": "Feature",
      "properties": {
        "@id": "way/483134343",
        "addr:city": "Fayetteville",
        "addr:country": "US",
        "addr:full": "3251 North College Avenue",
        "addr:housenumber": "3251",
        "addr:postcode": "72703",
        "addr:state": "AR",
        "addr:street": "North College Avenue",
        "amenity": "restaurant",
        "brand": "First Watch",
        "brand:wikidata": "Q5454064",
        "building": "retail",
        "building:levels": "1",
        "check_date": "2026-02-13",
        "cuisine": "american;breakfast",
        "internet_access": "wlan",
        "name": "First Watch",
        "official_name": "First Watch The Daytime Cafe",
        "opening_hours": "07:00-14:30",
        "outdoor_seating": "no",
        "phone": "+1 479 668 0683",
        "roof:levels": "0",
        "self_service": "no",
        "website": "https://www.firstwatch.com/locations/north-fayetteville",
        "@geometry": "center"
      },
      "geometry": {
        "type": "Point",
        "coordinates": [
          -94.1456029,
          36.1104276
        ]
      },
      "id": "way/483134343"
    },
    {
      "type": "Feature",
      "properties": {
        "@id": "way/488163329",
        "addr:city": "Tucson",
        "addr:country": "US",
        "addr:housenumber": "7189",
        "addr:postcode": "85710",
        "addr:state": "AZ",
        "addr:street": "East Speedway Boulevard",
        "amenity": "restaurant",
        "brand": "First Watch",
        "brand:wikidata": "Q5454064",
        "building": "yes",
        "cuisine": "american;breakfast",
        "name": "First Watch",
        "official_name": "First Watch The Daytime Cafe",
        "phone": "+1-520-885-4838",
        "website": "https://www.firstwatch.com/",
        "@geometry": "center"
      },
      "geometry": {
        "type": "Point",
        "coordinates": [
          -110.8387812,
          32.2359483
        ]
      },
      "id": "way/488163329"
    },
    {
      "type": "Feature",
      "properties": {
        "@id": "way/512650613",
        "addr:city": "Kennesaw",
        "addr:housenumber": "3815",
        "addr:postcode": "30144",
        "addr:state": "GA",
        "addr:street": "Cherokee Street Northwest",
        "amenity": "restaurant",
        "brand": "First Watch",
        "brand:wikidata": "Q5454064",
        "building": "retail",
        "check_date": "2024-05-10",
        "cuisine": "american;breakfast",
        "diet:gluten_free": "yes",
        "diet:organic": "yes",
        "diet:vegan": "yes",
        "diet:vegetarian": "yes",
        "name": "First Watch",
        "official_name": "First Watch The Daytime Cafe",
        "opening_hours": "07:00-14:30",
        "payment:cash": "yes",
        "payment:credit_cards": "yes",
        "payment:debit_cards": "yes",
        "phone": "+1 678 401 7431",
        "website": "https://firstwatch.com/locations/kennesaw/",
        "wheelchair": "yes",
        "@geometry": "center"
      },
      "geometry": {
        "type": "Point",
        "coordinates": [
          -84.6005649,
          34.0471425
        ]
      },
      "id": "way/512650613"
    },
    {
      "type": "Feature",
      "properties": {
        "@id": "way/520402773",
        "addr:city": "College Station",
        "addr:housenumber": "4501",
        "addr:postcode": "77802",
        "addr:state": "TX",
        "addr:street": "Texas Avenue South",
        "amenity": "restaurant",
        "brand": "First Watch",
        "brand:wikidata": "Q5454064",
        "building": "yes",
        "check_date": "2025-04-04",
        "cuisine": "american;breakfast",
        "name": "First Watch",
        "official_name": "First Watch The Daytime Cafe",
        "opening_hours": "Mo-Su 07:00-14:30",
        "phone": "+1-979-704-6652",
        "website": "https://www.firstwatch.com/locations/college-station/",
        "@geometry": "center"
      },
      "geometry": {
        "type": "Point",
        "coordinates": [
          -96.3377918,
          30.6306726
        ]
      },
      "id": "way/520402773"
    },
    {
      "type": "Feature",
      "properties": {
        "@id": "node/535562164",
        "addr:housenumber": "1112",
        "addr:unit": "101",
        "amenity": "restaurant",
        "brand": "First Watch",
        "brand:wikidata": "Q5454064",
        "cuisine": "american;breakfast",
        "internet_access": "wlan",
        "internet_access:fee": "no",
        "name": "First Watch",
        "official_name": "First Watch The Daytime Cafe"
      },
      "geometry": {
        "type": "Point",
        "coordinates": [
          -105.057627,
          40.5217807
        ]
      },
      "id": "node/535562164"
    },
    {
      "type": "Feature",
      "properties": {
        "@id": "way/543815101",
        "amenity": "restaurant",
        "brand": "First Watch",
        "brand:wikidata": "Q5454064",
        "building": "yes",
        "cuisine": "american;breakfast",
        "name": "First Watch",
        "official_name": "First Watch The Daytime Cafe",
        "@geometry": "center"
      },
      "geometry": {
        "type": "Point",
        "coordinates": [
          -92.3217657,
          38.9126785
        ]
      },
      "id": "way/543815101"
    },
    {
      "type": "Feature",
      "properties": {
        "@id": "way/562351520",
        "amenity": "restaurant",
        "brand": "First Watch",
        "brand:wikidata": "Q5454064",
        "building": "yes",
        "cuisine": "american;breakfast",
        "name": "First Watch",
        "official_name": "First Watch The Daytime Cafe",
        "@geometry": "center"
      },
      "geometry": {
        "type": "Point",
        "coordinates": [
          -81.5478836,
          30.1410884
        ]
      },
      "id": "way/562351520"
    },
    {
      "type": "Feature",
      "properties": {
        "@id": "node/571721759",
        "addr:city": "Greenville",
        "addr:housenumber": "2801",
        "addr:postcode": "29687",
        "addr:state": "SC",
        "addr:street": "Wade Hampton Boulevard",
        "addr:unit": "1",
        "amenity": "restaurant",
        "brand": "First Watch",
        "brand:wikidata": "Q5454064",
        "cuisine": "american;breakfast",
        "name": "First Watch",
        "official_name": "First Watch The Daytime Cafe",
        "website": "https://firstwatch.com/"
      },
      "geometry": {
        "type": "Point",
        "coordinates": [
          -82.3378603,
          34.9000832
        ]
      },
      "id": "node/571721759"
    },
    {
      "type": "Feature",
      "properties": {
        "@id": "way/581652587",
        "addr:city": "Canton",
        "addr:country": "US",
        "addr:housenumber": "4075",
        "addr:state": "OH",
        "addr:street": "Dressler Road Northwest",
        "amenity": "restaurant",
        "brand": "First Watch",
        "brand:wikidata": "Q5454064",
        "building": "yes",
        "cuisine": "american;breakfast",
        "name": "First Watch",
        "official_name": "First Watch The Daytime Cafe",
        "@geometry": "center"
      },
      "geometry": {
        "type": "Point",
        "coordinates": [
          -81.4325147,
          40.8548653
        ]
      },
      "id": "way/581652587"
    },
    {
      "type": "Feature",
      "properties": {
        "@id": "way/585117634",
        "amenity": "restaurant",
        "brand": "First Watch",
        "brand:wikidata": "Q5454064",
        "building": "yes",
        "cuisine": "american;breakfast",
        "name": "First Watch",
        "official_name": "First Watch The Daytime Cafe",
        "@geometry": "center"
      },
      "geometry": {
        "type": "Point",
        "coordinates": [
          -80.6515127,
          28.0793882
        ]
      },
      "id": "way/585117634"
    },
    {
      "type": "Feature",
      "properties": {
        "@id": "way/588427785",
        "addr:city": "Columbus",
        "addr:housenumber": "496",
        "addr:postcode": "43215",
        "addr:state": "OH",
        "addr:street": "South High Street",
        "amenity": "restaurant",
        "brand": "First Watch",
        "brand:wikidata": "Q5454064",
        "cuisine": "american;breakfast",
        "level": "0",
        "name": "First Watch",
        "official_name": "First Watch The Daytime Cafe",
        "@geometry": "center"
      },
      "geometry": {
        "type": "Point",
        "coordinates": [
          -82.9984209,
          39.9519791
        ]
      },
      "id": "way/588427785"
    },
    {
      "type": "Feature",
      "properties": {
        "@id": "way/595972699",
        "amenity": "restaurant",
        "brand": "First Watch",
        "brand:wikidata": "Q5454064",
        "building": "yes",
        "cuisine": "american;breakfast",
        "name": "First Watch",
        "@geometry": "center"
      },
      "geometry": {
        "type": "Point",
        "coordinates": [
          -82.8651647,
          40.0559272
        ]
      },
      "id": "way/595972699"
    },
    {
      "type": "Feature",
      "properties": {
        "@id": "node/610300308",
        "addr:city": "Miami",
        "addr:housenumber": "5799",
        "addr:postcode": "33126",
        "addr:state": "FL",
        "addr:street": "Northwest 7th Street",
        "amenity": "restaurant",
        "brand": "First Watch",
        "brand:wikidata": "Q5454064",
        "cuisine": "american;breakfast",
        "name": "First Watch",
        "official_name": "First Watch The Daytime Cafe"
      },
      "geometry": {
        "type": "Point",
        "coordinates": [
          -80.2903704,
          25.7783236
        ]
      },
      "id": "node/610300308"
    },
    {
      "type": "Feature",
      "properties": {
        "@id": "node/612726070",
        "amenity": "restaurant",
        "brand": "First Watch",
        "brand:wikidata": "Q5454064",
        "cuisine": "american;breakfast",
        "name": "First Watch"
      },
      "geometry": {
        "type": "Point",
        "coordinates": [
          -83.1568645,
          40.1039978
        ]
      },
      "id": "node/612726070"
    },
    {
      "type": "Feature",
      "properties": {
        "@id": "way/615633804",
        "amenity": "restaurant",
        "brand": "First Watch",
        "brand:wikidata": "Q5454064",
        "building": "yes",
        "cuisine": "american;breakfast",
        "name": "First Watch",
        "official_name": "First Watch The Daytime Cafe",
        "@geometry": "center"
      },
      "geometry": {
        "type": "Point",
        "coordinates": [
          -94.7163931,
          39.0151562
        ]
      },
      "id": "way/615633804"
    },
    {
      "type": "Feature",
      "properties": {
        "@id": "way/621556493",
        "addr:city": "Saint Peters",
        "addr:country": "US",
        "addr:housenumber": "312",
        "addr:postcode": "63376",
        "addr:state": "MO",
        "addr:street": "Mid Rivers Center",
        "amenity": "restaurant",
        "brand": "First Watch",
        "brand:wikidata": "Q5454064",
        "building": "retail",
        "cuisine": "american;breakfast",
        "name": "First Watch",
        "opening_hours": "Su-Sa 07:00-14:30; PH 07:00-14:30; Nov Th[4] off; Dec 25 off",
        "phone": "+1 636-970-0050",
        "website": "https://www.firstwatch.com/locations/st-peters",
        "@geometry": "center"
      },
      "geometry": {
        "type": "Point",
        "coordinates": [
          -90.6218099,
          38.7941951
        ]
      },
      "id": "way/621556493"
    },
    {
      "type": "Feature",
      "properties": {
        "@id": "way/634360030",
        "addr:city": "Tempe",
        "addr:country": "US",
        "addr:housenumber": "111",
        "addr:postcode": "85281",
        "addr:state": "AZ",
        "addr:street": "West University Drive",
        "air_conditioning": "yes",
        "amenity": "restaurant",
        "brand": "First Watch",
        "brand:wikidata": "Q5454064",
        "building": "retail",
        "building:levels": "1",
        "check_date": "2024-09-17",
        "cuisine": "american;breakfast",
        "delivery": "no",
        "drive_through": "no",
        "name": "First Watch",
        "official_name": "First Watch The Daytime Cafe",
        "opening_hours": "07:00-14:30",
        "outdoor_seating": "yes",
        "phone": "+1-480-498-4100",
        "roof:levels": "0",
        "takeaway": "yes",
        "website": "https://www.firstwatch.com/locations/asu",
        "@geometry": "center"
      },
      "geometry": {
        "type": "Point",
        "coordinates": [
          -111.9416636,
          33.4215826
        ]
      },
      "id": "way/634360030"
    },
    {
      "type": "Feature",
      "properties": {
        "@id": "way/650713376",
        "addr:city": "Kansas City",
        "addr:housenumber": "8758",
        "addr:postcode": "64158",
        "addr:state": "MO",
        "addr:street": "Northeast 82nd Terrace",
        "amenity": "restaurant",
        "brand": "First Watch",
        "brand:wikidata": "Q5454064",
        "building": "yes",
        "cuisine": "american;breakfast",
        "name": "First Watch",
        "official_name": "First Watch The Daytime Cafe",
        "opening_hours": "07:00-14:30",
        "outdoor_seating": "yes",
        "@geometry": "center"
      },
      "geometry": {
        "type": "Point",
        "coordinates": [
          -94.4739421,
          39.2444472
        ]
      },
      "id": "way/650713376"
    },
    {
      "type": "Feature",
      "properties": {
        "@id": "way/657754163",
        "amenity": "restaurant",
        "brand": "First Watch",
        "brand:wikidata": "Q5454064",
        "building": "retail",
        "cuisine": "american;breakfast",
        "name": "First Watch",
        "official_name": "First Watch The Daytime Cafe",
        "@geometry": "center"
      },
      "geometry": {
        "type": "Point",
        "coordinates": [
          -81.6721149,
          30.3230811
        ]
      },
      "id": "way/657754163"
    },
    {
      "type": "Feature",
      "properties": {
        "@id": "way/660524166",
        "addr:city": "Loveland",
        "addr:housenumber": "2525",
        "addr:postcode": "80538",
        "addr:state": "CO",
        "addr:street": "North Lincoln Avenue",
        "amenity": "restaurant",
        "brand": "First Watch",
        "brand:wikidata": "Q5454064",
        "building": "yes",
        "contact:phone": "+1-970-635-0050",
        "contact:website": "https://www.firstwatch.com/",
        "cuisine": "american;breakfast",
        "name": "First Watch",
        "official_name": "First Watch The Daytime Cafe",
        "opening_hours": "Mo-Su 07:00-14:30",
        "source": "https://www.firstwatch.com/locations/loveland",
        "@geometry": "center"
      },
      "geometry": {
        "type": "Point",
        "coordinates": [
          -105.0737192,
          40.4183787
        ]
      },
      "id": "way/660524166"
    },
    {
      "type": "Feature",
      "properties": {
        "@id": "way/664026042",
        "addr:city": "Greendale",
        "addr:housenumber": "5320",
        "addr:postcode": "53129",
        "addr:state": "WI",
        "addr:street": "South 76th Street",
        "air_conditioning": "yes",
        "amenity": "restaurant",
        "brand": "First Watch",
        "brand:wikidata": "Q5454064",
        "building": "retail",
        "cuisine": "american;breakfast",
        "name": "First Watch",
        "official_name": "First Watch The Daytime Cafe",
        "opening_hours": "Mo-Su 07:00-14:30",
        "@geometry": "center"
      },
      "geometry": {
        "type": "Point",
        "coordinates": [
          -88.0078485,
          42.94787
        ]
      },
      "id": "way/664026042"
    },
    {
      "type": "Feature",
      "properties": {
        "@id": "way/670633877",
        "addr:city": "Aberdeen",
        "addr:housenumber": "11088",
        "addr:postcode": "28315",
        "addr:state": "NC",
        "addr:street": "US 15-501",
        "addr:unit": "800",
        "amenity": "restaurant",
        "brand": "First Watch",
        "brand:wikidata": "Q5454064",
        "building": "retail",
        "cuisine": "american;breakfast",
        "name": "First Watch",
        "official_name": "First Watch The Daytime Cafe",
        "opening_hours": "07:00-14:30",
        "takeaway": "yes",
        "website": "https://firstwatch.com/locations/pinehurst/",
        "@geometry": "center"
      },
      "geometry": {
        "type": "Point",
        "coordinates": [
          -79.4181779,
          35.1550955
        ]
      },
      "id": "way/670633877"
    },
    {
      "type": "Feature",
      "properties": {
        "@id": "way/673411983",
        "addr:city": "Spring Hill",
        "addr:housenumber": "4937",
        "addr:postcode": "37174",
        "addr:state": "TN",
        "addr:street": "Main Street",
        "amenity": "restaurant",
        "brand": "First Watch",
        "brand:wikidata": "Q5454064",
        "building": "yes",
        "cuisine": "american;breakfast",
        "name": "First Watch",
        "official_name": "First Watch The Daytime Cafe",
        "opening_hours": "07:00-14:30",
        "phone": "+1 615 392 6019",
        "takeaway": "yes",
        "takeaway:covid19": "yes",
        "website": "https://firstwatch.com",
        "@geometry": "center"
      },
      "geometry": {
        "type": "Point",
        "coordinates": [
          -86.9168251,
          35.774312
        ]
      },
      "id": "way/673411983"
    },
    {
      "type": "Feature",
      "properties": {
        "@id": "way/684238993",
        "amenity": "restaurant",
        "brand": "First Watch",
        "brand:wikidata": "Q5454064",
        "building": "yes",
        "cuisine": "american;breakfast",
        "name": "First Watch",
        "official_name": "First Watch The Daytime Cafe",
        "@geometry": "center"
      },
      "geometry": {
        "type": "Point",
        "coordinates": [
          -97.6797998,
          30.480701
        ]
      },
      "id": "way/684238993"
    },
    {
      "type": "Feature",
      "properties": {
        "@id": "way/689050308",
        "addr:city": "Chattanooga",
        "addr:housenumber": "1825",
        "addr:postcode": "37421",
        "addr:state": "TN",
        "addr:street": "Gunbarrel Road",
        "amenity": "restaurant",
        "branch": "Gunbarrel",
        "brand": "First Watch",
        "brand:wikidata": "Q5454064",
        "building": "retail",
        "check_date": "2026-05-20",
        "cuisine": "american;breakfast",
        "name": "First Watch",
        "opening_hours": "Mo-Su 07:00-14:30",
        "phone": "+1-423-362-5951",
        "website": "https://firstwatch.com/locations/gunbarrel-rd",
        "@geometry": "center"
      },
      "geometry": {
        "type": "Point",
        "coordinates": [
          -85.1585047,
          35.0258958
        ]
      },
      "id": "way/689050308"
    },
    {
      "type": "Feature",
      "properties": {
        "@id": "way/691855035",
        "addr:city": "Tucson",
        "addr:housenumber": "5055",
        "addr:postcode": "85704",
        "addr:state": "AZ",
        "addr:street": "North Oracle Road",
        "amenity": "restaurant",
        "branch": "Fiesta",
        "brand": "First Watch",
        "brand:wikidata": "Q5454064",
        "building": "yes",
        "cuisine": "american;breakfast",
        "name": "First Watch",
        "official_name": "First Watch The Daytime Cafe",
        "opening_hours": "Su-Sa 07:00-14:30",
        "phone": "+1-520-293-6139",
        "website": "https://www.firstwatch.com/",
        "@geometry": "center"
      },
      "geometry": {
        "type": "Point",
        "coordinates": [
          -110.9796746,
          32.2978736
        ]
      },
      "id": "way/691855035"
    },
    {
      "type": "Feature",
      "properties": {
        "@id": "way/692635639",
        "addr:city": "Dania Beach",
        "addr:housenumber": "180",
        "addr:postcode": "33004",
        "addr:state": "FL",
        "addr:street": "South Compass Way",
        "amenity": "restaurant",
        "branch": "Dania Pointe",
        "brand": "First Watch",
        "brand:wikidata": "Q5454064",
        "building": "yes",
        "capacity": "93",
        "cuisine": "american;breakfast",
        "internet_access": "wlan",
        "name": "First Watch",
        "official_name": "First Watch The Daytime Cafe",
        "opening_hours": "Mo-Su 07:00-14:30",
        "outdoor_seating": "yes",
        "phone": "+1-954-645-8090",
        "takeaway": "yes",
        "toilets": "yes",
        "toilets:changing_table": "yes",
        "toilets:hands_drying": "paper_towel",
        "toilets:handwashing": "yes",
        "toilets:paper_supplied": "yes",
        "wheelchair": "yes",
        "@geometry": "center"
      },
      "geometry": {
        "type": "Point",
        "coordinates": [
          -80.1575649,
          26.0491742
        ]
      },
      "id": "way/692635639"
    },
    {
      "type": "Feature",
      "properties": {
        "@id": "way/732485900",
        "addr:city": "Waxahachie",
        "addr:housenumber": "1760",
        "addr:street": "North US Highway 77",
        "amenity": "restaurant",
        "brand": "First Watch",
        "brand:wikidata": "Q5454064",
        "building": "yes",
        "cuisine": "american;breakfast",
        "name": "First Watch",
        "official_name": "First Watch The Daytime Cafe",
        "@geometry": "center"
      },
      "geometry": {
        "type": "Point",
        "coordinates": [
          -96.8375621,
          32.4318916
        ]
      },
      "id": "way/732485900"
    },
    {
      "type": "Feature",
      "properties": {
        "@id": "way/756075868",
        "addr:city": "Leesburg",
        "addr:housenumber": "603",
        "addr:postcode": "20176",
        "addr:state": "VA",
        "addr:street": "Potomac Station Drive Northeast",
        "amenity": "restaurant",
        "brand": "First Watch",
        "brand:wikidata": "Q5454064",
        "building": "retail",
        "cuisine": "american;breakfast",
        "name": "First Watch",
        "official_name": "First Watch The Daytime Cafe",
        "opening_hours": "Mo-Su 07:00-14:30",
        "phone": "+1-571-410-0887",
        "website": "https://firstwatch.com/locations/leesburg",
        "@geometry": "center"
      },
      "geometry": {
        "type": "Point",
        "coordinates": [
          -77.5273315,
          39.0995401
        ]
      },
      "id": "way/756075868"
    },
    {
      "type": "Feature",
      "properties": {
        "@id": "way/796940723",
        "amenity": "restaurant",
        "brand": "First Watch",
        "brand:wikidata": "Q5454064",
        "building": "yes",
        "cuisine": "american;breakfast",
        "name": "First Watch",
        "official_name": "First Watch The Daytime Cafe",
        "@geometry": "center"
      },
      "geometry": {
        "type": "Point",
        "coordinates": [
          -81.6436294,
          28.2233944
        ]
      },
      "id": "way/796940723"
    },
    {
      "type": "Feature",
      "properties": {
        "@id": "way/800748969",
        "addr:city": "Cherry Hill",
        "addr:housenumber": "801",
        "addr:postcode": "08002",
        "addr:state": "NJ",
        "addr:street": "Haddonfield Road",
        "amenity": "restaurant",
        "brand": "First Watch",
        "brand:wikidata": "Q5454064",
        "building": "yes",
        "cuisine": "american;breakfast",
        "name": "First Watch",
        "official_name": "First Watch The Daytime Cafe",
        "website": "https://www.firstwatch.com/",
        "@geometry": "center"
      },
      "geometry": {
        "type": "Point",
        "coordinates": [
          -75.0330301,
          39.9227218
        ]
      },
      "id": "way/800748969"
    },
    {
      "type": "Feature",
      "properties": {
        "@id": "way/814229769",
        "amenity": "restaurant",
        "brand": "First Watch",
        "brand:wikidata": "Q5454064",
        "building": "yes",
        "cuisine": "american;breakfast",
        "name": "First Watch",
        "official_name": "First Watch The Daytime Cafe",
        "@geometry": "center"
      },
      "geometry": {
        "type": "Point",
        "coordinates": [
          -77.4055458,
          34.7897313
        ]
      },
      "id": "way/814229769"
    },
    {
      "type": "Feature",
      "properties": {
        "@id": "way/838389872",
        "amenity": "restaurant",
        "brand": "First Watch",
        "brand:wikidata": "Q5454064",
        "building": "yes",
        "cuisine": "american;breakfast",
        "name": "First Watch",
        "official_name": "First Watch The Daytime Cafe",
        "opening_hours": "Mo-Su 07:00-14:30",
        "@geometry": "center"
      },
      "geometry": {
        "type": "Point",
        "coordinates": [
          -110.8785525,
          32.2208985
        ]
      },
      "id": "way/838389872"
    },
    {
      "type": "Feature",
      "properties": {
        "@id": "way/850669899",
        "addr:city": "Bloomingdale",
        "addr:housenumber": "302",
        "addr:postcode": "60108",
        "addr:state": "IL",
        "addr:street": "West Army Trail Road",
        "amenity": "restaurant",
        "branch": "Bloomingdale Court",
        "brand": "First Watch",
        "brand:wikidata": "Q5454064",
        "building": "retail",
        "cuisine": "american;breakfast",
        "name": "First Watch",
        "official_name": "First Watch The Daytime Cafe",
        "opening_hours": "07:00-14:30",
        "phone": "+1 224-955-2558",
        "website": "https://firstwatch.com/locations/bloomingdale-court/",
        "website:menu": "https://firstwatch.com/menu",
        "@geometry": "center"
      },
      "geometry": {
        "type": "Point",
        "coordinates": [
          -88.1018776,
          41.9384072
        ]
      },
      "id": "way/850669899"
    },
    {
      "type": "Feature",
      "properties": {
        "@id": "way/867114375",
        "addr:city": "Concord",
        "addr:housenumber": "8825",
        "addr:postcode": "28027",
        "addr:state": "NC",
        "addr:street": "Christenbury Parkway",
        "addr:unit": "Suite 20",
        "amenity": "restaurant",
        "brand": "First Watch",
        "brand:wikidata": "Q5454064",
        "building": "yes",
        "cuisine": "american;breakfast",
        "name": "First Watch",
        "official_name": "First Watch The Daytime Cafe",
        "@geometry": "center"
      },
      "geometry": {
        "type": "Point",
        "coordinates": [
          -80.7321317,
          35.3749873
        ]
      },
      "id": "way/867114375"
    },
    {
      "type": "Feature",
      "properties": {
        "@id": "way/868542545",
        "addr:city": "Glen Burnie",
        "addr:housenumber": "6620",
        "addr:postcode": "21061",
        "addr:state": "MD",
        "addr:street": "Ritchie Highway",
        "amenity": "restaurant",
        "brand": "First Watch",
        "brand:wikidata": "Q5454064",
        "building": "yes",
        "cuisine": "american;breakfast",
        "name": "First Watch",
        "official_name": "First Watch The Daytime Cafe",
        "opening_hours": "Mo-Su 07:00-14:30",
        "phone": "+1-410-275-0363",
        "website": "https://www.firstwatch.com/locations/glen-burnie",
        "@geometry": "center"
      },
      "geometry": {
        "type": "Point",
        "coordinates": [
          -76.6140305,
          39.1956438
        ]
      },
      "id": "way/868542545"
    },
    {
      "type": "Feature",
      "properties": {
        "@id": "way/870856107",
        "addr:city": "Broken Arrow",
        "addr:housenumber": "600",
        "addr:postcode": "74012",
        "addr:street": "East Kenosha Street North",
        "amenity": "restaurant",
        "brand": "First Watch",
        "brand:wikidata": "Q5454064",
        "building": "yes",
        "check_date": "2024-10-20",
        "cuisine": "american;breakfast",
        "name": "First Watch",
        "official_name": "First Watch The Daytime Cafe",
        "@geometry": "center"
      },
      "geometry": {
        "type": "Point",
        "coordinates": [
          -95.7833064,
          36.0614852
        ]
      },
      "id": "way/870856107"
    },
    {
      "type": "Feature",
      "properties": {
        "@id": "node/896307419",
        "addr:city": "Tampa",
        "addr:country": "US",
        "addr:housenumber": "2726",
        "addr:postcode": "33612",
        "addr:state": "FL",
        "addr:street": "East Fowler Avenue",
        "amenity": "restaurant",
        "brand": "First Watch",
        "brand:wikidata": "Q5454064",
        "cuisine": "american;breakfast",
        "name": "First Watch",
        "official_name": "First Watch The Daytime Cafe",
        "opening_hours": "07:00-14:30",
        "phone": "+1-813-975-1718",
        "website": "https://firstwatch.com/locations/fowler"
      },
      "geometry": {
        "type": "Point",
        "coordinates": [
          -82.4292038,
          28.0556441
        ]
      },
      "id": "node/896307419"
    },
    {
      "type": "Feature",
      "properties": {
        "@id": "way/914500191",
        "addr:city": "Schaumburg",
        "addr:housenumber": "1418",
        "addr:postcode": "60173",
        "addr:state": "IL",
        "addr:street": "East Golf Road",
        "amenity": "restaurant",
        "brand": "First Watch",
        "brand:wikidata": "Q5454064",
        "building": "retail",
        "cuisine": "american;breakfast",
        "diet:vegan": "yes",
        "diet:vegetarian": "yes",
        "drive_through": "no",
        "name": "First Watch",
        "official_name": "First Watch The Daytime Cafe",
        "opening_hours": "Mo-Su 07:00-14:30",
        "outdoor_seating": "yes",
        "payment:cash": "yes",
        "payment:contactless": "yes",
        "payment:credit_cards": "yes",
        "payment:debit_cards": "yes",
        "phone": "+1 847 908 4367",
        "reservation": "no",
        "smoking": "no",
        "takeaway": "yes",
        "toilets": "yes",
        "website": "https://www.firstwatch.com/locations/schaumburg/",
        "wheelchair": "yes",
        "@geometry": "center"
      },
      "geometry": {
        "type": "Point",
        "coordinates": [
          -88.0432531,
          42.0509145
        ]
      },
      "id": "way/914500191"
    },
    {
      "type": "Feature",
      "properties": {
        "@id": "way/915308556",
        "amenity": "restaurant",
        "brand": "First Watch",
        "brand:wikidata": "Q5454064",
        "building": "yes",
        "cuisine": "american;breakfast",
        "name": "First Watch",
        "official_name": "First Watch The Daytime Cafe",
        "@geometry": "center"
      },
      "geometry": {
        "type": "Point",
        "coordinates": [
          -86.5526628,
          35.9853388
        ]
      },
      "id": "way/915308556"
    },
    {
      "type": "Feature",
      "properties": {
        "@id": "way/920553859",
        "amenity": "restaurant",
        "brand": "First Watch",
        "brand:wikidata": "Q5454064",
        "building": "yes",
        "cuisine": "american;breakfast",
        "name": "First Watch",
        "official_name": "First Watch The Daytime Cafe",
        "@geometry": "center"
      },
      "geometry": {
        "type": "Point",
        "coordinates": [
          -82.6685416,
          28.2054621
        ]
      },
      "id": "way/920553859"
    },
    {
      "type": "Feature",
      "properties": {
        "@id": "way/921501421",
        "addr:city": "Virginia Beach",
        "addr:housenumber": "2168",
        "addr:postcode": "23454",
        "addr:state": "VA",
        "addr:street": "General Booth Boulevard",
        "amenity": "restaurant",
        "brand": "First Watch",
        "brand:wikidata": "Q5454064",
        "building": "yes",
        "cuisine": "american;breakfast",
        "name": "First Watch",
        "official_name": "First Watch The Daytime Cafe",
        "source": "esri_USDOT_Virgina",
        "@geometry": "center"
      },
      "geometry": {
        "type": "Point",
        "coordinates": [
          -76.0142946,
          36.7651106
        ]
      },
      "id": "way/921501421"
    },
    {
      "type": "Feature",
      "properties": {
        "@id": "way/941123727",
        "amenity": "restaurant",
        "brand": "First Watch",
        "brand:wikidata": "Q5454064",
        "building": "yes",
        "cuisine": "american;breakfast",
        "name": "First Watch",
        "official_name": "First Watch The Daytime Cafe",
        "@geometry": "center"
      },
      "geometry": {
        "type": "Point",
        "coordinates": [
          -84.2880042,
          33.7930483
        ]
      },
      "id": "way/941123727"
    },
    {
      "type": "Feature",
      "properties": {
        "@id": "way/953808984",
        "addr:city": "Mesa",
        "addr:country": "US",
        "addr:housenumber": "1665",
        "addr:postcode": "85202",
        "addr:state": "AZ",
        "addr:street": "South Dobson Road",
        "amenity": "restaurant",
        "branch": "the Daytime Cafe",
        "brand": "First Watch",
        "brand:wikidata": "Q5454064",
        "building": "yes",
        "cuisine": "american;breakfast",
        "name": "First Watch",
        "official_name": "First Watch The Daytime Cafe",
        "opening_hours": "Mo-Su 07:00-14:30",
        "source": "esri_USDOT_Arizona",
        "@geometry": "center"
      },
      "geometry": {
        "type": "Point",
        "coordinates": [
          -111.8745636,
          33.3830129
        ]
      },
      "id": "way/953808984"
    },
    {
      "type": "Feature",
      "properties": {
        "@id": "way/958709507",
        "addr:city": "Peachtree Corners",
        "addr:housenumber": "5230",
        "addr:postcode": "30092",
        "addr:state": "GA",
        "addr:street": "Town Center Boulevard",
        "addr:unit": "Suite 110",
        "amenity": "restaurant",
        "brand": "First Watch",
        "brand:wikidata": "Q5454064",
        "building": "yes",
        "cuisine": "american;breakfast",
        "name": "First Watch",
        "official_name": "First Watch The Daytime Cafe",
        "@geometry": "center"
      },
      "geometry": {
        "type": "Point",
        "coordinates": [
          -84.2150242,
          33.979853
        ]
      },
      "id": "way/958709507"
    },
    {
      "type": "Feature",
      "properties": {
        "@id": "way/969857713",
        "amenity": "restaurant",
        "brand": "First Watch",
        "brand:wikidata": "Q5454064",
        "building": "commercial",
        "cuisine": "american;breakfast",
        "name": "First Watch",
        "official_name": "First Watch The Daytime Cafe",
        "takeaway": "yes",
        "@geometry": "center"
      },
      "geometry": {
        "type": "Point",
        "coordinates": [
          -82.4115051,
          29.659281
        ]
      },
      "id": "way/969857713"
    },
    {
      "type": "Feature",
      "properties": {
        "@id": "node/993739495",
        "addr:city": "Mesa",
        "addr:housenumber": "1939",
        "addr:postcode": "85204",
        "addr:state": "AZ",
        "addr:street": "South Val Vista Drive",
        "amenity": "restaurant",
        "brand": "First Watch",
        "brand:wikidata": "Q5454064",
        "cuisine": "american;breakfast",
        "name": "First Watch",
        "official_name": "First Watch The Daytime Cafe",
        "source": "esri/USA_NAD_Addresses"
      },
      "geometry": {
        "type": "Point",
        "coordinates": [
          -111.7533312,
          33.3801782
        ]
      },
      "id": "node/993739495"
    },
    {
      "type": "Feature",
      "properties": {
        "@id": "way/1007179578",
        "addr:city": "Olathe",
        "addr:housenumber": "1177",
        "addr:postcode": "66061",
        "addr:state": "KS",
        "addr:street": "West Santa Fe Street",
        "amenity": "restaurant",
        "brand": "First Watch",
        "brand:wikidata": "Q5454064",
        "building": "yes",
        "building:levels": "1",
        "cuisine": "american;breakfast",
        "height": "6.30936",
        "name": "First Watch",
        "official_name": "First Watch The Daytime Cafe",
        "opening_hours": "Mo-Su 07:00-14:30",
        "phone": "+1-913-538-0486",
        "website": "https://www.firstwatch.com/locations/west-olathe",
        "@geometry": "center"
      },
      "geometry": {
        "type": "Point",
        "coordinates": [
          -94.8366462,
          38.883179
        ]
      },
      "id": "way/1007179578"
    },
    {
      "type": "Feature",
      "properties": {
        "@id": "way/1063414178",
        "amenity": "restaurant",
        "brand": "First Watch",
        "brand:wikidata": "Q5454064",
        "building": "yes",
        "cuisine": "american;breakfast",
        "name": "First Watch",
        "official_name": "First Watch The Daytime Cafe",
        "@geometry": "center"
      },
      "geometry": {
        "type": "Point",
        "coordinates": [
          -94.4778527,
          37.0541224
        ]
      },
      "id": "way/1063414178"
    },
    {
      "type": "Feature",
      "properties": {
        "@id": "way/1072416980",
        "addr:city": "Oro Valley",
        "addr:country": "US",
        "addr:housenumber": "10565",
        "addr:postcode": "85737",
        "addr:state": "AZ",
        "addr:street": "North Oracle Road",
        "addr:unit": "103",
        "amenity": "restaurant",
        "brand": "First Watch",
        "brand:wikidata": "Q5454064",
        "cuisine": "american;breakfast",
        "name": "First Watch",
        "official_name": "First Watch The Daytime Cafe",
        "opening_hours": "07:00-14:30",
        "outdoor_seating": "yes",
        "takeaway": "yes",
        "website": "https://www.firstwatch.com/locations/rooney-ranch/",
        "@geometry": "center"
      },
      "geometry": {
        "type": "Point",
        "coordinates": [
          -110.9583913,
          32.3978724
        ]
      },
      "id": "way/1072416980"
    },
    {
      "type": "Feature",
      "properties": {
        "@id": "way/1120477741",
        "access": "yes",
        "addr:city": "Fairlawn",
        "addr:housenumber": "3265",
        "addr:postcode": "44333",
        "addr:state": "OH",
        "addr:street": "West Market Street",
        "amenity": "restaurant",
        "brand": "First Watch",
        "brand:wikidata": "Q5454064",
        "cuisine": "american;breakfast",
        "indoor": "room",
        "level": "0",
        "name": "First Watch",
        "official_name": "First Watch The Daytime Cafe",
        "room": "restaurant",
        "@geometry": "center"
      },
      "geometry": {
        "type": "Point",
        "coordinates": [
          -81.6172786,
          41.1331361
        ]
      },
      "id": "way/1120477741"
    },
    {
      "type": "Feature",
      "properties": {
        "@id": "node/1135858548",
        "addr:housenumber": "25036",
        "addr:street": "Riding Plaza",
        "amenity": "restaurant",
        "brand": "First Watch",
        "brand:wikidata": "Q5454064",
        "check_date": "2023-08-09",
        "cuisine": "american;breakfast",
        "name": "First Watch",
        "official_name": "First Watch The Daytime Cafe"
      },
      "geometry": {
        "type": "Point",
        "coordinates": [
          -77.5191458,
          38.9253173
        ]
      },
      "id": "node/1135858548"
    },
    {
      "type": "Feature",
      "properties": {
        "@id": "way/1197842871",
        "addr:city": "Kansas City",
        "addr:housenumber": "8851",
        "addr:postcode": "64154",
        "addr:state": "MO",
        "addr:street": "North Ambassador Drive",
        "air_conditioning": "yes",
        "amenity": "restaurant",
        "brand": "First Watch",
        "brand:wikidata": "Q5454064",
        "building": "retail",
        "cuisine": "american;breakfast",
        "drive_through": "yes",
        "highchair": "yes",
        "name": "First Watch",
        "official_name": "First Watch The Daytime Cafe",
        "operator": "Noemi Rodriguez",
        "phone": "+1-816-298-0043",
        "takeaway": "yes",
        "@geometry": "center"
      },
      "geometry": {
        "type": "Point",
        "coordinates": [
          -94.6489296,
          39.2585325
        ]
      },
      "id": "way/1197842871"
    },
    {
      "type": "Feature",
      "properties": {
        "@id": "way/1198861634",
        "amenity": "restaurant",
        "brand": "First Watch",
        "brand:wikidata": "Q5454064",
        "building": "yes",
        "cuisine": "american;breakfast",
        "name": "First Watch",
        "official_name": "First Watch The Daytime Cafe",
        "@geometry": "center"
      },
      "geometry": {
        "type": "Point",
        "coordinates": [
          -76.2415783,
          36.7676949
        ]
      },
      "id": "way/1198861634"
    },
    {
      "type": "Feature",
      "properties": {
        "@id": "way/1210668074",
        "addr:city": "Jefferson City",
        "addr:housenumber": "1709",
        "addr:postcode": "65109",
        "addr:state": "MO",
        "addr:street": "Missouri Boulevard",
        "amenity": "restaurant",
        "brand": "First Watch",
        "brand:wikidata": "Q5454064",
        "building": "yes",
        "cuisine": "american;breakfast",
        "name": "First Watch",
        "official_name": "First Watch The Daytime Cafe",
        "opening_hours": "07:00-14:30",
        "takeaway": "yes",
        "website": "https://firstwatch.com/locations/jefferson-city",
        "@geometry": "center"
      },
      "geometry": {
        "type": "Point",
        "coordinates": [
          -92.1985692,
          38.5803434
        ]
      },
      "id": "way/1210668074"
    },
    {
      "type": "Feature",
      "properties": {
        "@id": "way/1223369069",
        "addr:housenumber": "11032",
        "addr:street": "North Port Washington Road",
        "amenity": "restaurant",
        "brand": "First Watch",
        "brand:wikidata": "Q5454064",
        "building": "retail",
        "cuisine": "american;breakfast",
        "name": "First Watch",
        "official_name": "First Watch The Daytime Cafe",
        "opening_hours": "07:00-14:30",
        "website": "https://www.firstwatch.com/locations/mequon",
        "@geometry": "center"
      },
      "geometry": {
        "type": "Point",
        "coordinates": [
          -87.9231253,
          43.2194175
        ]
      },
      "id": "way/1223369069"
    },
    {
      "type": "Feature",
      "properties": {
        "@id": "node/1226811365",
        "addr:city": "University Heights",
        "addr:housenumber": "13950",
        "addr:postcode": "44118",
        "addr:state": "OH",
        "addr:street": "Cedar Road",
        "amenity": "restaurant",
        "brand": "First Watch",
        "brand:wikidata": "Q5454064",
        "cuisine": "american;breakfast",
        "name": "First Watch",
        "official_name": "First Watch The Daytime Cafe"
      },
      "geometry": {
        "type": "Point",
        "coordinates": [
          -81.5382011,
          41.5007029
        ]
      },
      "id": "node/1226811365"
    },
    {
      "type": "Feature",
      "properties": {
        "@id": "way/1238691739",
        "amenity": "restaurant",
        "brand": "First Watch",
        "brand:wikidata": "Q5454064",
        "building": "yes",
        "cuisine": "american;breakfast",
        "name": "First Watch",
        "official_name": "First Watch The Daytime Cafe",
        "@geometry": "center"
      },
      "geometry": {
        "type": "Point",
        "coordinates": [
          -80.2513141,
          26.0413636
        ]
      },
      "id": "way/1238691739"
    },
    {
      "type": "Feature",
      "properties": {
        "@id": "way/1246744817",
        "addr:city": "Tucson",
        "addr:housenumber": "3460",
        "addr:postcode": "85713",
        "addr:state": "AZ",
        "addr:street": "South Kino Parkway",
        "amenity": "restaurant",
        "brand": "First Watch",
        "brand:wikidata": "Q5454064",
        "building": "yes",
        "cuisine": "american;breakfast",
        "name": "First Watch",
        "official_name": "First Watch The Daytime Cafe",
        "opening_hours": "Mo-Su 07:00-14:30",
        "outdoor_seating": "yes",
        "phone": "+1-520-467-2346",
        "website": "https://firstwatch.com",
        "@geometry": "center"
      },
      "geometry": {
        "type": "Point",
        "coordinates": [
          -110.9448866,
          32.1846811
        ]
      },
      "id": "way/1246744817"
    },
    {
      "type": "Feature",
      "properties": {
        "@id": "way/1255351174",
        "addr:city": "Boca Raton",
        "addr:housenumber": "5022",
        "addr:postcode": "33496",
        "addr:state": "FL",
        "addr:street": "Champion Boulevard",
        "amenity": "restaurant",
        "brand": "First Watch",
        "brand:wikidata": "Q5454064",
        "building": "yes",
        "cuisine": "american;breakfast",
        "name": "First Watch",
        "official_name": "First Watch The Daytime Cafe",
        "phone": "+1-561-354-7361",
        "source": "microsoft/BuildingFootprints",
        "website": "https://www.firstwatch.com/locations/polo-club-shoppes/?utm_source=gbp-listing&utm_medium=organic&utm_campaign=gbp-listing&utm_content=polo-club-shoppes",
        "@geometry": "center"
      },
      "geometry": {
        "type": "Point",
        "coordinates": [
          -80.1225807,
          26.4112547
        ]
      },
      "id": "way/1255351174"
    },
    {
      "type": "Feature",
      "properties": {
        "@id": "way/1267691275",
        "addr:city": "Christiansburg",
        "addr:floor": "G",
        "addr:housenumber": "2730",
        "addr:postcode": "24073",
        "addr:state": "VA",
        "addr:street": "Market Street Northeast",
        "air_conditioning": "yes",
        "amenity": "restaurant",
        "brand": "First Watch",
        "brand:wikidata": "Q5454064",
        "building": "yes",
        "check_date": "2025-03-08",
        "cuisine": "american;breakfast",
        "description": "Upscale daily breakfast and brunch chain offering a seasonal menu and signature single-source Columbian coffee.",
        "diet:omnivore": "yes",
        "diet:seasonal": "yes",
        "diet:vegetarian": "yes",
        "internet_access": "wlan",
        "internet_access:fee": "no",
        "internet_access:ssid": "First Watch Wifi",
        "level": "0",
        "name": "First Watch",
        "official_name": "First Watch The Daytime Cafe",
        "opening_hours": "07:00-14:30",
        "payment:mastercard": "yes",
        "payment:visa": "yes",
        "phone": "+1-540-299-0880",
        "source": "survey",
        "website": "https://www.firstwatch.com/",
        "wheelchair": "yes",
        "@geometry": "center"
      },
      "geometry": {
        "type": "Point",
        "coordinates": [
          -80.4214355,
          37.1673222
        ]
      },
      "id": "way/1267691275"
    },
    {
      "type": "Feature",
      "properties": {
        "@id": "way/1270258600",
        "addr:city": "Lexington",
        "addr:housenumber": "119",
        "addr:postcode": "40503",
        "addr:state": "KY",
        "addr:street": "West Reynolds Road",
        "air_conditioning": "yes",
        "amenity": "restaurant",
        "brand": "First Watch",
        "brand:wikidata": "Q5454064",
        "building": "yes",
        "cuisine": "american;breakfast;sandwich;salad",
        "name": "First Watch",
        "official_name": "First Watch The Daytime Cafe",
        "opening_hours": "Mo-Su 07:00-14:30",
        "phone": "+1-859-785-4689",
        "website": "https://firstwatch.com/locations/nicholasville-road/",
        "wheelchair": "yes",
        "@geometry": "center"
      },
      "geometry": {
        "type": "Point",
        "coordinates": [
          -84.5249171,
          37.9918902
        ]
      },
      "id": "way/1270258600"
    },
    {
      "type": "Feature",
      "properties": {
        "@id": "way/1281832872",
        "amenity": "restaurant",
        "brand": "First Watch",
        "brand:wikidata": "Q5454064",
        "building": "yes",
        "building:year_built": "2023",
        "cuisine": "american;breakfast",
        "name": "First Watch",
        "official_name": "First Watch The Daytime Cafe",
        "@geometry": "center"
      },
      "geometry": {
        "type": "Point",
        "coordinates": [
          -83.2309594,
          42.1406023
        ]
      },
      "id": "way/1281832872"
    },
    {
      "type": "Feature",
      "properties": {
        "@id": "way/1316297147",
        "addr:city": "Fairfax",
        "addr:housenumber": "13027",
        "addr:state": "VA",
        "addr:street": "Lee Jackson Memorial Hwy",
        "amenity": "restaurant",
        "brand": "First Watch",
        "brand:wikidata": "Q5454064",
        "building": "yes",
        "cuisine": "american;breakfast",
        "name": "First Watch",
        "official_name": "First Watch The Daytime Cafe",
        "opening_hours": "Mo-Su 07:00-14:30",
        "phone": "+17032632344",
        "website": "https://www.firstwatch.com/locations/greenbriar-town-center/?utm_source=gbp-listing&utm_medium=organic&utm_campaign=gbp-listing&utm_content=greenbriar-town-center",
        "@geometry": "center"
      },
      "geometry": {
        "type": "Point",
        "coordinates": [
          -77.3976837,
          38.8787002
        ]
      },
      "id": "way/1316297147"
    },
    {
      "type": "Feature",
      "properties": {
        "@id": "way/1330542404",
        "addr:city": "Richmond",
        "addr:housenumber": "10505",
        "addr:postcode": "77407",
        "addr:state": "TX",
        "addr:street": "West Grand Parkway South",
        "amenity": "restaurant",
        "brand": "First Watch",
        "brand:wikidata": "Q5454064",
        "cuisine": "american;breakfast",
        "name": "First Watch",
        "official_name": "First Watch The Daytime Cafe",
        "@geometry": "center"
      },
      "geometry": {
        "type": "Point",
        "coordinates": [
          -95.7098586,
          29.6525404
        ]
      },
      "id": "way/1330542404"
    },
    {
      "type": "Feature",
      "properties": {
        "@id": "way/1332524323",
        "addr:city": "Rockville",
        "addr:housenumber": "100",
        "addr:postcode": "20850",
        "addr:state": "MD",
        "addr:street": "Gibbs Street",
        "addr:unit": "Unit D",
        "amenity": "restaurant",
        "brand": "First Watch",
        "brand:wikidata": "Q5454064",
        "building:part": "commercial",
        "cuisine": "american;breakfast",
        "level": "0",
        "name": "First Watch",
        "official_name": "First Watch The Daytime Cafe",
        "opening_hours": "Mo-Su 07:00-14:30",
        "phone": "+13017620621",
        "website": "https://www.firstwatch.com/locations/rockville",
        "@geometry": "center"
      },
      "geometry": {
        "type": "Point",
        "coordinates": [
          -77.1522023,
          39.0854725
        ]
      },
      "id": "way/1332524323"
    },
    {
      "type": "Feature",
      "properties": {
        "@id": "way/1373744458",
        "addr:housenumber": "46300",
        "addr:street": "Potomac Run Plaza",
        "amenity": "restaurant",
        "brand": "First Watch",
        "brand:wikidata": "Q5454064",
        "building": "yes",
        "cuisine": "american;breakfast",
        "name": "First Watch",
        "official_name": "First Watch The Daytime Cafe",
        "opening_hours": "Mo-Su 07:00-14:30",
        "@geometry": "center"
      },
      "geometry": {
        "type": "Point",
        "coordinates": [
          -77.3968243,
          39.0268494
        ]
      },
      "id": "way/1373744458"
    },
    {
      "type": "Feature",
      "properties": {
        "@id": "way/1377512432",
        "amenity": "restaurant",
        "brand": "First Watch",
        "brand:wikidata": "Q5454064",
        "building": "yes",
        "cuisine": "american;breakfast",
        "name": "First Watch",
        "official_name": "First Watch The Daytime Cafe",
        "@geometry": "center"
      },
      "geometry": {
        "type": "Point",
        "coordinates": [
          -84.8740904,
          32.5450661
        ]
      },
      "id": "way/1377512432"
    },
    {
      "type": "Feature",
      "properties": {
        "@id": "way/1391743018",
        "amenity": "restaurant",
        "brand": "First Watch",
        "brand:wikidata": "Q5454064",
        "building": "yes",
        "cuisine": "american;breakfast",
        "name": "First Watch",
        "official_name": "First Watch The Daytime Cafe",
        "@geometry": "center"
      },
      "geometry": {
        "type": "Point",
        "coordinates": [
          -94.4137925,
          38.9306543
        ]
      },
      "id": "way/1391743018"
    },
    {
      "type": "Feature",
      "properties": {
        "@id": "way/1418553839",
        "amenity": "restaurant",
        "brand": "First Watch",
        "brand:wikidata": "Q5454064",
        "building": "yes",
        "cuisine": "american;breakfast",
        "name": "First Watch",
        "official_name": "First Watch The Daytime Cafe",
        "@geometry": "center"
      },
      "geometry": {
        "type": "Point",
        "coordinates": [
          -81.3310822,
          28.2641161
        ]
      },
      "id": "way/1418553839"
    },
    {
      "type": "Feature",
      "properties": {
        "@id": "way/1424924453",
        "amenity": "restaurant",
        "brand": "First Watch",
        "brand:wikidata": "Q5454064",
        "building": "yes",
        "cuisine": "american;breakfast",
        "name": "First Watch",
        "official_name": "First Watch The Daytime Cafe",
        "@geometry": "center"
      },
      "geometry": {
        "type": "Point",
        "coordinates": [
          -74.0534106,
          40.2958529
        ]
      },
      "id": "way/1424924453"
    },
    {
      "type": "Feature",
      "properties": {
        "@id": "way/1448670926",
        "addr:city": "Cincinnati",
        "addr:country": "US",
        "addr:housenumber": "4710",
        "addr:postcode": "45227",
        "addr:state": "OH",
        "addr:street": "Madison Road",
        "amenity": "restaurant",
        "brand": "First Watch",
        "brand:wikidata": "Q5454064",
        "building": "retail",
        "cuisine": "american;breakfast",
        "name": "First Watch",
        "official_name": "First Watch The Daytime Cafe",
        "@geometry": "center"
      },
      "geometry": {
        "type": "Point",
        "coordinates": [
          -84.4158327,
          39.1610694
        ]
      },
      "id": "way/1448670926"
    },
    {
      "type": "Feature",
      "properties": {
        "@id": "way/1494668690",
        "addr:city": "Sterling Heights",
        "addr:housenumber": "14463",
        "addr:postcode": "48313",
        "addr:state": "MI",
        "addr:street": "Lakeside Circle",
        "amenity": "restaurant",
        "branch": "Sterling Heights, MI",
        "brand": "First Watch",
        "brand:wikidata": "Q5454064",
        "building": "retail",
        "cuisine": "american;breakfast",
        "facebook": "https://www.facebook.com/FirstWatch/",
        "instagram": "https://www.instagram.com/firstwatch/",
        "name": "First Watch",
        "official_name": "First Watch The Daytime Cafe",
        "phone": "+1-586-519-6900",
        "website": "https://firstwatch.com/locations/sterling-heights",
        "website:menu": "https://firstwatch.com/menu",
        "@geometry": "center"
      },
      "geometry": {
        "type": "Point",
        "coordinates": [
          -82.9836528,
          42.6263922
        ]
      },
      "id": "way/1494668690"
    },
    {
      "type": "Feature",
      "properties": {
        "@id": "way/1496211400",
        "addr:city": "Marlton",
        "addr:housenumber": "341",
        "addr:postcode": "08053",
        "addr:state": "NJ",
        "addr:street": "Route 70 West",
        "amenity": "restaurant",
        "brand": "First Watch",
        "brand:wikidata": "Q5454064",
        "building": "yes",
        "cuisine": "american;breakfast",
        "name": "First Watch",
        "official_name": "First Watch The Daytime Cafe",
        "website": "https://firstwatch.com/locations/marlton",
        "@geometry": "center"
      },
      "geometry": {
        "type": "Point",
        "coordinates": [
          -74.9300794,
          39.8946086
        ]
      },
      "id": "way/1496211400"
    },
    {
      "type": "Feature",
      "properties": {
        "@id": "way/1503740238",
        "amenity": "restaurant",
        "brand": "First Watch",
        "brand:wikidata": "Q5454064",
        "building": "yes",
        "cuisine": "american;breakfast",
        "name": "First Watch",
        "official_name": "First Watch The Daytime Cafe",
        "@geometry": "center"
      },
      "geometry": {
        "type": "Point",
        "coordinates": [
          -86.7556528,
          34.7517086
        ]
      },
      "id": "way/1503740238"
    },
    {
      "type": "Feature",
      "properties": {
        "@id": "way/1521304145",
        "addr:city": "Texarkana",
        "addr:housenumber": "4000",
        "addr:postcode": "75503",
        "addr:state": "TX",
        "addr:street": "Saint Michael Drive",
        "amenity": "restaurant",
        "brand": "First Watch",
        "brand:wikidata": "Q5454064",
        "building": "yes",
        "cuisine": "american;breakfast",
        "name": "First Watch",
        "official_name": "First Watch The Daytime Cafe",
        "@geometry": "center"
      },
      "geometry": {
        "type": "Point",
        "coordinates": [
          -94.0912284,
          33.4554122
        ]
      },
      "id": "way/1521304145"
    },
    {
      "type": "Feature",
      "properties": {
        "@id": "way/1524706480",
        "addr:housenumber": "171",
        "addr:postcode": "28117",
        "addr:street": "Williamson Road",
        "amenity": "restaurant",
        "brand": "First Watch",
        "brand:wikidata": "Q5454064",
        "building": "yes",
        "cuisine": "american;breakfast",
        "name": "First Watch",
        "official_name": "First Watch The Daytime Cafe",
        "opening_hours": "Mo-Su 07:00-14:30",
        "phone": "+1-704-817-4224",
        "website": "https://www.firstwatch.com/locations/mooresville/",
        "@geometry": "center"
      },
      "geometry": {
        "type": "Point",
        "coordinates": [
          -80.8713873,
          35.5914233
        ]
      },
      "id": "way/1524706480"
    },
    {
      "type": "Feature",
      "properties": {
        "@id": "way/1536369857",
        "addr:city": "Gainesville",
        "addr:country": "US",
        "addr:housenumber": "3729",
        "addr:postcode": "32608",
        "addr:state": "FL",
        "addr:street": "Southwest 40th Boulevard",
        "amenity": "restaurant",
        "brand": "First Watch",
        "brand:wikidata": "Q5454064",
        "building": "commercial",
        "cuisine": "american;breakfast",
        "name": "First Watch",
        "official_name": "First Watch The Daytime Cafe",
        "opening_hours": "07:00-14:30",
        "phone": "+1-352-565-9602",
        "website": "https://firstwatch.com/locations/archer-road",
        "@geometry": "center"
      },
      "geometry": {
        "type": "Point",
        "coordinates": [
          -82.3838969,
          29.6200399
        ]
      },
      "id": "way/1536369857"
    },
    {
      "type": "Feature",
      "properties": {
        "@id": "node/1553237335",
        "addr:city": "Lakewood",
        "addr:housenumber": "7830",
        "addr:postcode": "80226",
        "addr:state": "CO",
        "addr:street": "West Alameda Avenue",
        "amenity": "restaurant",
        "brand": "First Watch",
        "brand:wikidata": "Q5454064",
        "cuisine": "american;breakfast",
        "name": "First Watch",
        "official_name": "First Watch The Daytime Cafe",
        "opening_hours": "Mo-Su 07:00-14:30",
        "source": "local_knowledge",
        "website": "https://firstwatch.com"
      },
      "geometry": {
        "type": "Point",
        "coordinates": [
          -105.083653,
          39.7100153
        ]
      },
      "id": "node/1553237335"
    },
    {
      "type": "Feature",
      "properties": {
        "@id": "node/1595751144",
        "amenity": "restaurant",
        "brand": "First Watch",
        "brand:wikidata": "Q5454064",
        "cuisine": "american;breakfast",
        "name": "First Watch",
        "official_name": "First Watch The Daytime Cafe"
      },
      "geometry": {
        "type": "Point",
        "coordinates": [
          -78.9923368,
          35.9547256
        ]
      },
      "id": "node/1595751144"
    },
    {
      "type": "Feature",
      "properties": {
        "@id": "node/1722256872",
        "amenity": "restaurant",
        "brand": "First Watch",
        "brand:wikidata": "Q5454064",
        "cuisine": "american;breakfast",
        "name": "First Watch",
        "official_name": "First Watch The Daytime Cafe",
        "website": "https://www.firstwatch.com/"
      },
      "geometry": {
        "type": "Point",
        "coordinates": [
          -83.0188472,
          40.1085548
        ]
      },
      "id": "node/1722256872"
    },
    {
      "type": "Feature",
      "properties": {
        "@id": "node/1796609592",
        "addr:city": "Broomfield",
        "addr:housenumber": "799",
        "addr:postcode": "80020",
        "addr:state": "CO",
        "addr:street": "US Highway 287",
        "addr:unit": "A",
        "amenity": "restaurant",
        "brand": "First Watch",
        "brand:wikidata": "Q5454064",
        "cuisine": "american;breakfast",
        "name": "First Watch",
        "official_name": "First Watch The Daytime Cafe",
        "phone": "+1-303-439-2202",
        "website": "https://firstwatch.com/"
      },
      "geometry": {
        "type": "Point",
        "coordinates": [
          -105.091317,
          39.9268492
        ]
      },
      "id": "node/1796609592"
    },
    {
      "type": "Feature",
      "properties": {
        "@id": "node/2078313881",
        "addr:housenumber": "21143",
        "addr:postcode": "77070",
        "addr:state": "TX",
        "addr:street": "Tomball Parkway",
        "amenity": "restaurant",
        "brand": "First Watch",
        "brand:wikidata": "Q5454064",
        "cuisine": "american;breakfast",
        "name": "First Watch",
        "official_name": "First Watch The Daytime Cafe",
        "opening_hours": "Mo-Su 07:00-14:30",
        "website": "https://www.firstwatch.com/locations/lakewood-forest"
      },
      "geometry": {
        "type": "Point",
        "coordinates": [
          -95.5818835,
          29.9970974
        ]
      },
      "id": "node/2078313881"
    },
    {
      "type": "Feature",
      "properties": {
        "@id": "node/2265500639",
        "amenity": "restaurant",
        "brand": "First Watch",
        "brand:wikidata": "Q5454064",
        "cuisine": "american;breakfast",
        "name": "First Watch",
        "official_name": "First Watch The Daytime Cafe"
      },
      "geometry": {
        "type": "Point",
        "coordinates": [
          -81.5848838,
          28.5248052
        ]
      },
      "id": "node/2265500639"
    },
    {
      "type": "Feature",
      "properties": {
        "@id": "node/2291901702",
        "addr:city": "Chandler",
        "addr:country": "US",
        "addr:housenumber": "4955",
        "addr:postcode": "85248",
        "addr:state": "AZ",
        "addr:street": "South Alma School Road",
        "amenity": "restaurant",
        "branch": "Daytime Cafe",
        "brand": "First Watch",
        "brand:wikidata": "Q5454064",
        "cuisine": "american;breakfast",
        "name": "First Watch",
        "official_name": "First Watch The Daytime Cafe",
        "source": "esri/USA_NAD_Addresses"
      },
      "geometry": {
        "type": "Point",
        "coordinates": [
          -111.8579765,
          33.2359377
        ]
      },
      "id": "node/2291901702"
    },
    {
      "type": "Feature",
      "properties": {
        "@id": "node/2441016434",
        "amenity": "restaurant",
        "brand": "First Watch",
        "brand:wikidata": "Q5454064",
        "cuisine": "american;breakfast",
        "name": "First Watch",
        "official_name": "First Watch The Daytime Cafe",
        "website": "https://firstwatch.com/locations/cranberry/"
      },
      "geometry": {
        "type": "Point",
        "coordinates": [
          -80.1028429,
          40.6948068
        ]
      },
      "id": "node/2441016434"
    },
    {
      "type": "Feature",
      "properties": {
        "@id": "node/2573742627",
        "addr:city": "Saint Petersburg",
        "addr:street": "Tyrone Boulevard North",
        "amenity": "restaurant",
        "brand": "First Watch",
        "brand:wikidata": "Q5454064",
        "cuisine": "american;breakfast",
        "name": "First Watch",
        "official_name": "First Watch The Daytime Cafe"
      },
      "geometry": {
        "type": "Point",
        "coordinates": [
          -82.751056,
          27.807792
        ]
      },
      "id": "node/2573742627"
    },
    {
      "type": "Feature",
      "properties": {
        "@id": "node/2624993186",
        "addr:city": "Gaithersburg",
        "addr:housenumber": "802",
        "addr:postcode": "20878",
        "addr:state": "MD",
        "addr:street": "Muddy Branch Road",
        "amenity": "restaurant",
        "brand": "First Watch",
        "brand:wikidata": "Q5454064",
        "cuisine": "american;breakfast",
        "name": "First Watch",
        "official_name": "First Watch The Daytime Cafe",
        "opening_hours": "Su-Fr 07:00-14:30",
        "phone": "+13019779764",
        "website": "https://www.firstwatch.com/locations/muddy-branch"
      },
      "geometry": {
        "type": "Point",
        "coordinates": [
          -77.2166383,
          39.113795
        ]
      },
      "id": "node/2624993186"
    },
    {
      "type": "Feature",
      "properties": {
        "@id": "node/2699101436",
        "addr:city": "Richmond",
        "addr:housenumber": "11721",
        "addr:postcode": "23233",
        "addr:state": "VA",
        "addr:street": "West Broad Street",
        "amenity": "restaurant",
        "brand": "First Watch",
        "brand:wikidata": "Q5454064",
        "cuisine": "american;breakfast",
        "name": "First Watch",
        "official_name": "First Watch The Daytime Cafe",
        "opening_hours": "Mo-Su 07:00-14:30",
        "phone": "+1-804-533-4335",
        "website": "https://www.firstwatch.com/locations/short-pump/"
      },
      "geometry": {
        "type": "Point",
        "coordinates": [
          -77.6205098,
          37.6523032
        ]
      },
      "id": "node/2699101436"
    },
    {
      "type": "Feature",
      "properties": {
        "@id": "node/2700697438",
        "addr:city": "Cincinnati",
        "addr:housenumber": "2692",
        "addr:postcode": "45208",
        "addr:street": "Madison Road",
        "amenity": "restaurant",
        "brand": "First Watch",
        "brand:wikidata": "Q5454064",
        "cuisine": "american;breakfast",
        "name": "First Watch",
        "official_name": "First Watch The Daytime Cafe",
        "opening_hours": "Mo-Su 07:00-14:30",
        "phone": "+1-513-531-7430",
        "website": "https://www.firstwatch.com/locations/19578-first-watch-rookwood-pavillion-cincinnati-cincinnati"
      },
      "geometry": {
        "type": "Point",
        "coordinates": [
          -84.4440638,
          39.1458084
        ]
      },
      "id": "node/2700697438"
    },
    {
      "type": "Feature",
      "properties": {
        "@id": "node/2703734897",
        "addr:city": "Springfield",
        "addr:housenumber": "2946",
        "addr:postcode": "65804",
        "addr:state": "MO",
        "addr:street": "South National Avenue",
        "amenity": "restaurant",
        "brand": "First Watch",
        "brand:wikidata": "Q5454064",
        "cuisine": "american;breakfast",
        "name": "First Watch",
        "official_name": "First Watch The Daytime Cafe",
        "opening_hours": "Mo-Fr 07:00-14:30",
        "source": "Bing"
      },
      "geometry": {
        "type": "Point",
        "coordinates": [
          -93.2767957,
          37.1604533
        ]
      },
      "id": "node/2703734897"
    },
    {
      "type": "Feature",
      "properties": {
        "@id": "node/2742434085",
        "addr:city": "Lutherville",
        "addr:country": "US",
        "addr:housenumber": "2159",
        "addr:postcode": "21093",
        "addr:state": "MD",
        "addr:street": "York Road",
        "addr:unit": "D",
        "amenity": "restaurant",
        "brand": "First Watch",
        "brand:wikidata": "Q5454064",
        "check_date": "2023-11-04",
        "cuisine": "american;breakfast",
        "name": "First Watch",
        "official_name": "First Watch The Daytime Cafe",
        "payment:cash": "yes",
        "payment:mastercard": "yes",
        "payment:visa": "yes",
        "wheelchair": "yes"
      },
      "geometry": {
        "type": "Point",
        "coordinates": [
          -76.6269292,
          39.4442783
        ]
      },
      "id": "node/2742434085"
    },
    {
      "type": "Feature",
      "properties": {
        "@id": "node/2910016281",
        "amenity": "restaurant",
        "brand": "First Watch",
        "brand:wikidata": "Q5454064",
        "cuisine": "american;breakfast",
        "name": "First Watch",
        "official_name": "First Watch The Daytime Cafe"
      },
      "geometry": {
        "type": "Point",
        "coordinates": [
          -94.5993244,
          39.0502194
        ]
      },
      "id": "node/2910016281"
    },
    {
      "type": "Feature",
      "properties": {
        "@id": "node/2940575409",
        "addr:city": "Miami",
        "addr:housenumber": "1692",
        "addr:postcode": "33179",
        "addr:state": "FL",
        "addr:street": "Northeast Miami Gardens Drive",
        "amenity": "restaurant",
        "brand": "First Watch",
        "brand:wikidata": "Q5454064",
        "cuisine": "american;breakfast",
        "name": "First Watch",
        "official_name": "First Watch The Daytime Cafe",
        "opening_hours": "08:00-14:00",
        "outdoor_seating": "yes",
        "takeaway": "yes"
      },
      "geometry": {
        "type": "Point",
        "coordinates": [
          -80.1671349,
          25.945483
        ]
      },
      "id": "node/2940575409"
    },
    {
      "type": "Feature",
      "properties": {
        "@id": "node/3086612646",
        "amenity": "restaurant",
        "brand": "First Watch",
        "brand:wikidata": "Q5454064",
        "cuisine": "american;breakfast",
        "name": "First Watch",
        "official_name": "First Watch The Daytime Cafe"
      },
      "geometry": {
        "type": "Point",
        "coordinates": [
          -77.6491367,
          37.4107084
        ]
      },
      "id": "node/3086612646"
    },
    {
      "type": "Feature",
      "properties": {
        "@id": "node/3125098667",
        "amenity": "restaurant",
        "brand": "First Watch",
        "brand:wikidata": "Q5454064",
        "cuisine": "american;breakfast",
        "long_name": "FirstWatch: The Daytime Cafe",
        "name": "First Watch",
        "official_name": "First Watch The Daytime Cafe"
      },
      "geometry": {
        "type": "Point",
        "coordinates": [
          -84.3352341,
          33.9498599
        ]
      },
      "id": "node/3125098667"
    },
    {
      "type": "Feature",
      "properties": {
        "@id": "node/3139419649",
        "addr:city": "Greenville",
        "addr:housenumber": "1125",
        "addr:postcode": "29607",
        "addr:street": "Woodruff Road",
        "addr:unit": "1702",
        "amenity": "restaurant",
        "brand": "First Watch",
        "brand:wikidata": "Q5454064",
        "contact:facebook": "https://www.facebook.com/FWWoodruffRoad",
        "cuisine": "american;breakfast",
        "name": "First Watch",
        "official_name": "First Watch The Daytime Cafe",
        "phone": "+1-864-259-2572",
        "website": "https://www.firstwatch.com/locations/woodruff-road/"
      },
      "geometry": {
        "type": "Point",
        "coordinates": [
          -82.2986832,
          34.8271021
        ]
      },
      "id": "node/3139419649"
    },
    {
      "type": "Feature",
      "properties": {
        "@id": "node/3254668070",
        "amenity": "restaurant",
        "brand": "First Watch",
        "brand:wikidata": "Q5454064",
        "cuisine": "american;breakfast",
        "name": "First Watch",
        "official_name": "First Watch The Daytime Cafe"
      },
      "geometry": {
        "type": "Point",
        "coordinates": [
          -94.6738229,
          38.909955
        ]
      },
      "id": "node/3254668070"
    },
    {
      "type": "Feature",
      "properties": {
        "@id": "node/3394522098",
        "amenity": "restaurant",
        "brand": "First Watch",
        "brand:wikidata": "Q5454064",
        "cuisine": "american;breakfast",
        "name": "First Watch",
        "official_name": "First Watch The Daytime Cafe",
        "phone": "+1-407-363-5622",
        "wheelchair": "yes"
      },
      "geometry": {
        "type": "Point",
        "coordinates": [
          -81.4847437,
          28.4488821
        ]
      },
      "id": "node/3394522098"
    },
    {
      "type": "Feature",
      "properties": {
        "@id": "node/3398429994",
        "addr:city": "Mayfield Heights",
        "addr:housenumber": "1431",
        "addr:postcode": "44124",
        "addr:state": "OH",
        "addr:street": "Som Center Road",
        "amenity": "restaurant",
        "brand": "First Watch",
        "brand:wikidata": "Q5454064",
        "cuisine": "american;breakfast",
        "name": "First Watch",
        "official_name": "First Watch The Daytime Cafe",
        "opening_hours": "Su-Sa 07:00-14:30",
        "phone": "+1 440 684 1825",
        "website": "https://www.firstwatch.com/locations/mayfield-heights"
      },
      "geometry": {
        "type": "Point",
        "coordinates": [
          -81.4370295,
          41.5216729
        ]
      },
      "id": "node/3398429994"
    },
    {
      "type": "Feature",
      "properties": {
        "@id": "node/3424925305",
        "addr:city": "Simpsonville",
        "addr:housenumber": "375",
        "addr:postcode": "29680",
        "addr:state": "SC",
        "addr:street": "Harrison Bridge Road",
        "addr:unit": "C",
        "amenity": "restaurant",
        "brand": "First Watch",
        "brand:wikidata": "Q5454064",
        "cuisine": "american;breakfast",
        "name": "First Watch",
        "official_name": "First Watch The Daytime Cafe",
        "website": "https://firstwatch.com/?version=core"
      },
      "geometry": {
        "type": "Point",
        "coordinates": [
          -82.2573293,
          34.7045728
        ]
      },
      "id": "node/3424925305"
    },
    {
      "type": "Feature",
      "properties": {
        "@id": "node/3447596800",
        "addr:city": "Louisville",
        "addr:housenumber": "201",
        "addr:postcode": "40222",
        "addr:state": "KY",
        "addr:street": "South Hurstbourne Parkway",
        "amenity": "restaurant",
        "brand": "First Watch",
        "brand:wikidata": "Q5454064",
        "cuisine": "american;breakfast",
        "name": "First Watch"
      },
      "geometry": {
        "type": "Point",
        "coordinates": [
          -85.5762763,
          38.2436446
        ]
      },
      "id": "node/3447596800"
    },
    {
      "type": "Feature",
      "properties": {
        "@id": "node/3655735510",
        "addr:city": "Daytona Beach",
        "addr:housenumber": "1808",
        "addr:postcode": "32114",
        "addr:state": "FL",
        "addr:street": "International Speedway Boulevard",
        "amenity": "restaurant",
        "brand": "First Watch",
        "brand:wikidata": "Q5454064",
        "cuisine": "american;breakfast",
        "name": "First Watch",
        "official_name": "First Watch The Daytime Cafe",
        "opening_hours": "Mo-Su 07:00-14:30",
        "phone": "+1 386 868 5778",
        "website": "https://www.firstwatch.com/locations/daytona"
      },
      "geometry": {
        "type": "Point",
        "coordinates": [
          -81.0687195,
          29.1929717
        ]
      },
      "id": "node/3655735510"
    },
    {
      "type": "Feature",
      "properties": {
        "@id": "node/3761739258",
        "addr:city": "Columbia",
        "addr:postcode": "21045",
        "addr:unit": "300",
        "amenity": "restaurant",
        "brand": "First Watch",
        "brand:wikidata": "Q5454064",
        "capacity": "199",
        "cuisine": "american;breakfast",
        "name": "First Watch",
        "official_name": "First Watch The Daytime Cafe",
        "opening_hours": "Mo-Su 07:00-14:30",
        "phone": "+1 443 583-8890",
        "website": "https://www.firstwatch.com"
      },
      "geometry": {
        "type": "Point",
        "coordinates": [
          -76.81914,
          39.198432
        ]
      },
      "id": "node/3761739258"
    },
    {
      "type": "Feature",
      "properties": {
        "@id": "node/3803886673",
        "addr:city": "Chesterfield",
        "addr:housenumber": "120",
        "addr:postcode": "63017",
        "addr:street": "Hilltown Village Center",
        "amenity": "restaurant",
        "brand": "First Watch",
        "brand:wikidata": "Q5454064",
        "cuisine": "american;breakfast",
        "name": "First Watch",
        "official_name": "First Watch The Daytime Cafe",
        "opening_hours": "07:00-14:30"
      },
      "geometry": {
        "type": "Point",
        "coordinates": [
          -90.5511598,
          38.6593487
        ]
      },
      "id": "node/3803886673"
    },
    {
      "type": "Feature",
      "properties": {
        "@id": "node/3809235492",
        "addr:city": "Newport News",
        "addr:housenumber": "12070",
        "addr:postcode": "23606",
        "addr:state": "VA",
        "addr:street": "Jefferson Avenue",
        "addr:unit": "1820",
        "amenity": "restaurant",
        "brand": "First Watch",
        "brand:wikidata": "Q5454064",
        "cuisine": "american;breakfast",
        "name": "First Watch",
        "official_name": "First Watch The Daytime Cafe",
        "source": "esri/USA_NAD_Addresses",
        "website": "https://firstwatch.com/locations/newport-news/"
      },
      "geometry": {
        "type": "Point",
        "coordinates": [
          -76.4907682,
          37.1010645
        ]
      },
      "id": "node/3809235492"
    },
    {
      "type": "Feature",
      "properties": {
        "@id": "node/3845397923",
        "amenity": "restaurant",
        "brand": "First Watch",
        "brand:wikidata": "Q5454064",
        "cuisine": "american;breakfast",
        "name": "First Watch",
        "official_name": "First Watch The Daytime Cafe"
      },
      "geometry": {
        "type": "Point",
        "coordinates": [
          -105.12772,
          40.1431958
        ]
      },
      "id": "node/3845397923"
    },
    {
      "type": "Feature",
      "properties": {
        "@id": "node/3952969801",
        "addr:city": "Richardson",
        "addr:housenumber": "202",
        "addr:postcode": "75080",
        "addr:state": "TX",
        "addr:street": "West Campbell Road",
        "addr:unit": "202",
        "air_conditioning": "yes",
        "amenity": "restaurant",
        "brand": "First Watch",
        "brand:wikidata": "Q5454064",
        "cuisine": "american;breakfast",
        "diet:vegan": "yes",
        "diet:vegetarian": "yes",
        "indoor_seating": "yes",
        "internet_access": "yes",
        "internet_access:fee": "no",
        "name": "First Watch",
        "official_name": "First Watch The Daytime Cafe",
        "opening_hours": "Mo-Su 07:00-14:30",
        "outdoor_seating": "no",
        "phone": "+1-469-613-2727",
        "smoking": "no",
        "website": "https://www.firstwatch.com/locations/canyon-creek/",
        "wheelchair": "yes"
      },
      "geometry": {
        "type": "Point",
        "coordinates": [
          -96.7202952,
          32.9762159
        ]
      },
      "id": "node/3952969801"
    },
    {
      "type": "Feature",
      "properties": {
        "@id": "node/4049761750",
        "amenity": "restaurant",
        "brand": "First Watch",
        "brand:wikidata": "Q5454064",
        "cuisine": "american;breakfast",
        "name": "First Watch",
        "official_name": "First Watch The Daytime Cafe"
      },
      "geometry": {
        "type": "Point",
        "coordinates": [
          -81.2541107,
          32.1378719
        ]
      },
      "id": "node/4049761750"
    },
    {
      "type": "Feature",
      "properties": {
        "@id": "node/4279218911",
        "addr:city": "Pittsburgh",
        "addr:housenumber": "9176",
        "addr:postcode": "15237",
        "addr:state": "PA",
        "addr:street": "Covenant Avenue",
        "amenity": "restaurant",
        "branch": "McCandless",
        "brand": "First Watch",
        "brand:wikidata": "Q5454064",
        "check_date": "2025-09-22",
        "cuisine": "american;breakfast",
        "name": "First Watch",
        "official_name": "First Watch The Daytime Cafe",
        "opening_hours": "07:00-14:30",
        "phone": "+1 412-367-3447",
        "website": "https://firstwatch.com/locations/mccandless",
        "website:menu": "https://firstwatch.com/menu?corp_id=131&verison=core"
      },
      "geometry": {
        "type": "Point",
        "coordinates": [
          -80.0229002,
          40.5716656
        ]
      },
      "id": "node/4279218911"
    },
    {
      "type": "Feature",
      "properties": {
        "@id": "node/4298775334",
        "addr:city": "Grand Junction",
        "addr:housenumber": "120",
        "addr:postcode": "81501",
        "addr:state": "CO",
        "addr:street": "West Park Drive",
        "addr:unit": "107",
        "amenity": "restaurant",
        "branch": "Grand Junction",
        "brand": "First Watch",
        "brand:wikidata": "Q5454064",
        "check_date": "2026-01-24",
        "check_date:opening_hours": "2026-01-24",
        "cuisine": "american;breakfast",
        "internet_access": "wlan",
        "level": "0",
        "name": "First Watch",
        "official_name": "First Watch The Daytime Cafe",
        "opening_hours": "Mo-Su 07:00-14:30",
        "outdoor_seating": "yes",
        "phone": "+1-970-245-2527",
        "website": "https://firstwatch.com/locations/grand-junction/",
        "wheelchair": "yes"
      },
      "geometry": {
        "type": "Point",
        "coordinates": [
          -108.5715797,
          39.0915147
        ]
      },
      "id": "node/4298775334"
    },
    {
      "type": "Feature",
      "properties": {
        "@id": "node/4455644845",
        "amenity": "restaurant",
        "brand": "First Watch",
        "brand:wikidata": "Q5454064",
        "cuisine": "american;breakfast",
        "name": "First Watch",
        "official_name": "First Watch The Daytime Cafe"
      },
      "geometry": {
        "type": "Point",
        "coordinates": [
          -104.987588,
          39.9131653
        ]
      },
      "id": "node/4455644845"
    },
    {
      "type": "Feature",
      "properties": {
        "@id": "node/4541418702",
        "amenity": "restaurant",
        "brand": "First Watch",
        "brand:wikidata": "Q5454064",
        "cuisine": "american;breakfast",
        "name": "First Watch",
        "official_name": "First Watch The Daytime Cafe"
      },
      "geometry": {
        "type": "Point",
        "coordinates": [
          -81.9510554,
          41.4576421
        ]
      },
      "id": "node/4541418702"
    },
    {
      "type": "Feature",
      "properties": {
        "@id": "node/4576266691",
        "addr:city": "Wynnewood",
        "addr:country": "US",
        "addr:housenumber": "31",
        "addr:postcode": "19096",
        "addr:state": "PA",
        "addr:street": "East Wynnewood Road",
        "amenity": "restaurant",
        "brand": "First Watch",
        "brand:wikidata": "Q5454064",
        "check_date": "2025-07-12",
        "cuisine": "american;breakfast",
        "internet_access": "wlan",
        "name": "First Watch",
        "official_name": "First Watch The Daytime Cafe",
        "opening_hours": "07:00-14:30",
        "phone": "+1 610-649-1059",
        "website": "https://firstwatch.com/locations/wynnewood"
      },
      "geometry": {
        "type": "Point",
        "coordinates": [
          -75.2744918,
          40.0023295
        ]
      },
      "id": "node/4576266691"
    },
    {
      "type": "Feature",
      "properties": {
        "@id": "node/4646600162",
        "amenity": "restaurant",
        "brand": "First Watch",
        "brand:wikidata": "Q5454064",
        "cuisine": "american;breakfast",
        "name": "First Watch",
        "official_name": "First Watch The Daytime Cafe"
      },
      "geometry": {
        "type": "Point",
        "coordinates": [
          -113.60192,
          37.1260003
        ]
      },
      "id": "node/4646600162"
    },
    {
      "type": "Feature",
      "properties": {
        "@id": "node/4734585025",
        "addr:city": "Creve Coeur",
        "addr:housenumber": "742",
        "addr:postcode": "63141",
        "addr:state": "MO",
        "addr:street": "North New Ballas Road",
        "amenity": "restaurant",
        "brand": "First Watch",
        "brand:wikidata": "Q5454064",
        "cuisine": "american;breakfast",
        "delivery": "no",
        "level": "0",
        "name": "First Watch",
        "official_name": "First Watch The Daytime Cafe",
        "opening_hours": "07:00-14:30",
        "takeaway": "yes"
      },
      "geometry": {
        "type": "Point",
        "coordinates": [
          -90.4423468,
          38.6692287
        ]
      },
      "id": "node/4734585025"
    },
    {
      "type": "Feature",
      "properties": {
        "@id": "node/4826185524",
        "amenity": "restaurant",
        "brand": "First Watch",
        "brand:wikidata": "Q5454064",
        "cuisine": "american;breakfast",
        "name": "First Watch",
        "official_name": "First Watch The Daytime Cafe"
      },
      "geometry": {
        "type": "Point",
        "coordinates": [
          -82.451952,
          27.300071
        ]
      },
      "id": "node/4826185524"
    },
    {
      "type": "Feature",
      "properties": {
        "@id": "node/4955640080",
        "addr:city": "San Antonio",
        "addr:country": "US",
        "addr:housenumber": "8603",
        "addr:postcode": "78245",
        "addr:state": "TX",
        "addr:street": "State Highway 151",
        "addr:unit": "201",
        "amenity": "restaurant",
        "brand": "First Watch",
        "brand:wikidata": "Q5454064",
        "cuisine": "american;breakfast",
        "name": "First Watch"
      },
      "geometry": {
        "type": "Point",
        "coordinates": [
          -98.6561577,
          29.4389137
        ]
      },
      "id": "node/4955640080"
    },
    {
      "type": "Feature",
      "properties": {
        "@id": "node/4991655135",
        "addr:city": "North Kansas City",
        "addr:housenumber": "409",
        "addr:street": "Armour Road",
        "amenity": "restaurant",
        "brand": "First Watch",
        "brand:wikidata": "Q5454064",
        "cuisine": "american;breakfast",
        "name": "First Watch",
        "official_name": "First Watch The Daytime Cafe",
        "opening_hours": "Mo-Su 07:00-14:30"
      },
      "geometry": {
        "type": "Point",
        "coordinates": [
          -94.5754527,
          39.1421137
        ]
      },
      "id": "node/4991655135"
    },
    {
      "type": "Feature",
      "properties": {
        "@id": "node/5122045700",
        "addr:city": "Cary",
        "addr:housenumber": "1325",
        "addr:postcode": "27513",
        "addr:state": "NC",
        "addr:street": "Bradford View Dr",
        "addr:unit": "110",
        "amenity": "restaurant",
        "brand": "First Watch",
        "brand:wikidata": "Q5454064",
        "cuisine": "american;breakfast",
        "name": "First Watch",
        "official_name": "First Watch The Daytime Cafe",
        "opening_hours": "Mo-Su 07:00-14:30"
      },
      "geometry": {
        "type": "Point",
        "coordinates": [
          -78.8453287,
          35.7924564
        ]
      },
      "id": "node/5122045700"
    },
    {
      "type": "Feature",
      "properties": {
        "@id": "node/5124473374",
        "amenity": "restaurant",
        "brand": "First Watch",
        "brand:wikidata": "Q5454064",
        "cuisine": "american;breakfast",
        "name": "First Watch",
        "opening_hours": "Mo-Su 07:00-14:30"
      },
      "geometry": {
        "type": "Point",
        "coordinates": [
          -95.9414152,
          41.1576487
        ]
      },
      "id": "node/5124473374"
    },
    {
      "type": "Feature",
      "properties": {
        "@id": "node/5154483986",
        "addr:city": "Laurel",
        "addr:housenumber": "14700",
        "addr:postcode": "20707",
        "addr:state": "MD",
        "addr:street": "Baltimore Avenue",
        "addr:unit": "102",
        "amenity": "restaurant",
        "brand": "First Watch",
        "brand:wikidata": "Q5454064",
        "cuisine": "american;breakfast",
        "name": "First Watch",
        "official_name": "First Watch The Daytime Cafe",
        "phone": "+1-301-498-3447",
        "website": "https://www.firstwatch.com/locations/laurel/"
      },
      "geometry": {
        "type": "Point",
        "coordinates": [
          -76.8571558,
          39.0922785
        ]
      },
      "id": "node/5154483986"
    },
    {
      "type": "Feature",
      "properties": {
        "@id": "node/5161190122",
        "addr:city": "Naples",
        "addr:housenumber": "225",
        "addr:postcode": "34102",
        "addr:state": "FL",
        "addr:street": "Banyan Boulevard",
        "addr:unit": "100",
        "amenity": "restaurant",
        "brand": "First Watch",
        "brand:wikidata": "Q5454064",
        "cuisine": "american;breakfast",
        "level": "0",
        "name": "First Watch",
        "official_name": "First Watch The Daytime Cafe"
      },
      "geometry": {
        "type": "Point",
        "coordinates": [
          -81.8079385,
          26.1626934
        ]
      },
      "id": "node/5161190122"
    },
    {
      "type": "Feature",
      "properties": {
        "@id": "node/5225574187",
        "addr:city": "Rocky River",
        "addr:housenumber": "19340",
        "addr:postcode": "44116",
        "addr:state": "OH",
        "addr:street": "Detroit Road",
        "amenity": "restaurant",
        "brand": "First Watch",
        "brand:wikidata": "Q5454064",
        "cuisine": "american;breakfast",
        "name": "First Watch",
        "official_name": "First Watch The Daytime Cafe"
      },
      "geometry": {
        "type": "Point",
        "coordinates": [
          -81.837748,
          41.482369
        ]
      },
      "id": "node/5225574187"
    },
    {
      "type": "Feature",
      "properties": {
        "@id": "node/5294337274",
        "addr:city": "Rogers",
        "addr:housenumber": "5206",
        "addr:postcode": "72758",
        "addr:state": "AR",
        "addr:street": "West Village Parkway",
        "addr:unit": "1",
        "amenity": "restaurant",
        "brand": "First Watch",
        "brand:wikidata": "Q5454064",
        "check_date": "2026-02-13",
        "cuisine": "american;breakfast",
        "name": "First Watch",
        "official_name": "First Watch The Daytime Cafe",
        "opening_hours": "07:00-14:30",
        "phone": "+14796576630",
        "website": "https://www.firstwatch.com/locations/rogers"
      },
      "geometry": {
        "type": "Point",
        "coordinates": [
          -94.1872494,
          36.3170803
        ]
      },
      "id": "node/5294337274"
    },
    {
      "type": "Feature",
      "properties": {
        "@id": "node/5483617188",
        "amenity": "restaurant",
        "brand": "First Watch",
        "brand:wikidata": "Q5454064",
        "cuisine": "american;breakfast",
        "name": "First Watch",
        "official_name": "First Watch The Daytime Cafe"
      },
      "geometry": {
        "type": "Point",
        "coordinates": [
          -111.7547956,
          33.3055301
        ]
      },
      "id": "node/5483617188"
    },
    {
      "type": "Feature",
      "properties": {
        "@id": "node/5487625474",
        "amenity": "restaurant",
        "brand": "First Watch",
        "brand:wikidata": "Q5454064",
        "cuisine": "american;breakfast",
        "name": "First Watch",
        "official_name": "First Watch The Daytime Cafe"
      },
      "geometry": {
        "type": "Point",
        "coordinates": [
          -86.2112016,
          39.9125338
        ]
      },
      "id": "node/5487625474"
    },
    {
      "type": "Feature",
      "properties": {
        "@id": "node/5541507792",
        "amenity": "restaurant",
        "brand": "First Watch",
        "brand:wikidata": "Q5454064",
        "cuisine": "american;breakfast",
        "name": "First Watch",
        "wheelchair": "yes"
      },
      "geometry": {
        "type": "Point",
        "coordinates": [
          -80.317596,
          26.1441172
        ]
      },
      "id": "node/5541507792"
    },
    {
      "type": "Feature",
      "properties": {
        "@id": "node/5571057654",
        "amenity": "restaurant",
        "brand": "First Watch",
        "brand:wikidata": "Q5454064",
        "cuisine": "american;breakfast",
        "name": "First Watch",
        "official_name": "First Watch The Daytime Cafe",
        "opening_hours": "Mo-Su 07:00-14:30"
      },
      "geometry": {
        "type": "Point",
        "coordinates": [
          -83.0071455,
          39.994235
        ]
      },
      "id": "node/5571057654"
    },
    {
      "type": "Feature",
      "properties": {
        "@id": "node/5582429966",
        "addr:city": "Jupiter",
        "addr:housenumber": "6240",
        "addr:postcode": "33458",
        "addr:state": "FL",
        "addr:street": "West Indiantown Road",
        "amenity": "restaurant",
        "brand": "First Watch",
        "brand:wikidata": "Q5454064",
        "cuisine": "american;breakfast",
        "name": "First Watch",
        "official_name": "First Watch The Daytime Cafe"
      },
      "geometry": {
        "type": "Point",
        "coordinates": [
          -80.1302702,
          26.9332666
        ]
      },
      "id": "node/5582429966"
    },
    {
      "type": "Feature",
      "properties": {
        "@id": "node/5691465795",
        "addr:housenumber": "930",
        "addr:postcode": "75081",
        "addr:street": "East Campbell Road",
        "addr:unit": "101",
        "amenity": "restaurant",
        "brand": "First Watch",
        "brand:wikidata": "Q5454064",
        "cuisine": "american;breakfast",
        "email": "richardson@firstwatch.com",
        "internet_access": "wlan",
        "internet_access:fee": "no",
        "name": "First Watch",
        "official_name": "First Watch The Daytime Cafe",
        "opening_hours": "07:00-14:30",
        "phone": "+1 972-234-3447",
        "website": "https://www.firstwatch.com/locations/tx-richardson-e-campbell-rd/"
      },
      "geometry": {
        "type": "Point",
        "coordinates": [
          -96.7085836,
          32.9748747
        ]
      },
      "id": "node/5691465795"
    },
    {
      "type": "Feature",
      "properties": {
        "@id": "node/5705646781",
        "addr:city": "Villanova",
        "addr:housenumber": "775",
        "addr:postcode": "19085",
        "addr:state": "PA",
        "addr:street": "East Lancaster Avenue",
        "addr:unit": "140",
        "amenity": "restaurant",
        "brand": "First Watch",
        "brand:wikidata": "Q5454064",
        "check_date": "2026-03-24",
        "cuisine": "american;breakfast",
        "delivery": "no",
        "name": "First Watch",
        "official_name": "First Watch The Daytime Cafe",
        "opening_hours": "07:00-14:30",
        "phone": "+1 610-527-3447",
        "smoking": "outside",
        "website": "https://www.firstwatch.com/locations/villanova/"
      },
      "geometry": {
        "type": "Point",
        "coordinates": [
          -75.3517089,
          40.0370026
        ]
      },
      "id": "node/5705646781"
    },
    {
      "type": "Feature",
      "properties": {
        "@id": "node/5793269393",
        "addr:city": "Saint Louis",
        "addr:housenumber": "39",
        "addr:postcode": "63108",
        "addr:state": "MO",
        "addr:street": "North Euclid Avenue",
        "amenity": "restaurant",
        "brand": "First Watch",
        "brand:wikidata": "Q5454064",
        "cuisine": "american;breakfast",
        "diet:non-vegetarian": "yes",
        "name": "First Watch",
        "official_name": "First Watch The Daytime Cafe",
        "opening_hours": "Mo-Su 07:00-14:30",
        "phone": "+1 314 582 4445",
        "website": "https://www.firstwatch.com/locations/central-west-end/"
      },
      "geometry": {
        "type": "Point",
        "coordinates": [
          -90.2621464,
          38.6416681
        ]
      },
      "id": "node/5793269393"
    },
    {
      "type": "Feature",
      "properties": {
        "@id": "node/5819489809",
        "addr:city": "O'Fallon",
        "addr:housenumber": "455",
        "addr:postcode": "62269",
        "addr:state": "IL",
        "addr:street": "Regency Park",
        "amenity": "restaurant",
        "brand": "First Watch",
        "brand:wikidata": "Q5454064",
        "cuisine": "american;breakfast",
        "name": "First Watch",
        "official_name": "First Watch The Daytime Cafe",
        "opening_hours": "Mo-Su 07:00-14:30",
        "phone": "+1-618-624-3440",
        "website": "https://firstwatch.com/locations/ofallon"
      },
      "geometry": {
        "type": "Point",
        "coordinates": [
          -89.930562,
          38.5791901
        ]
      },
      "id": "node/5819489809"
    },
    {
      "type": "Feature",
      "properties": {
        "@id": "node/6003012388",
        "addr:street": "Summers Street",
        "amenity": "restaurant",
        "brand": "First Watch",
        "brand:wikidata": "Q5454064",
        "check_date:opening_hours": "2025-04-27",
        "cuisine": "american;breakfast",
        "name": "First Watch",
        "official_name": "First Watch The Daytime Cafe",
        "opening_hours": "Mo-Su 07:00-14:30"
      },
      "geometry": {
        "type": "Point",
        "coordinates": [
          -81.6352431,
          38.3507524
        ]
      },
      "id": "node/6003012388"
    },
    {
      "type": "Feature",
      "properties": {
        "@id": "node/6004006657",
        "amenity": "restaurant",
        "brand": "First Watch",
        "brand:wikidata": "Q5454064",
        "cuisine": "american;breakfast",
        "name": "First Watch"
      },
      "geometry": {
        "type": "Point",
        "coordinates": [
          -98.5666914,
          29.5367255
        ]
      },
      "id": "node/6004006657"
    },
    {
      "type": "Feature",
      "properties": {
        "@id": "node/6316877285",
        "amenity": "restaurant",
        "brand": "First Watch",
        "brand:wikidata": "Q5454064",
        "cuisine": "american;breakfast",
        "name": "First Watch",
        "official_name": "First Watch The Daytime Cafe",
        "wheelchair": "yes"
      },
      "geometry": {
        "type": "Point",
        "coordinates": [
          -81.4682782,
          28.3906167
        ]
      },
      "id": "node/6316877285"
    },
    {
      "type": "Feature",
      "properties": {
        "@id": "node/6434145013",
        "addr:city": "Troy",
        "addr:housenumber": "812",
        "addr:postcode": "48083",
        "addr:state": "MI",
        "addr:street": "East Big Beaver Road",
        "amenity": "restaurant",
        "brand": "First Watch",
        "brand:wikidata": "Q5454064",
        "cuisine": "american;breakfast",
        "name": "First Watch",
        "opening_hours": "Mo-Su 07:00-14:30"
      },
      "geometry": {
        "type": "Point",
        "coordinates": [
          -83.1316953,
          42.5624825
        ]
      },
      "id": "node/6434145013"
    },
    {
      "type": "Feature",
      "properties": {
        "@id": "node/6437635175",
        "addr:city": "Newtown Square",
        "addr:housenumber": "3735",
        "addr:postcode": "19073",
        "addr:state": "PA",
        "addr:street": "West Chester Pike",
        "addr:unit": "202",
        "amenity": "restaurant",
        "brand": "First Watch",
        "brand:wikidata": "Q5454064",
        "check_date": "2026-01-09",
        "cuisine": "american;breakfast",
        "name": "First Watch",
        "official_name": "First Watch The Daytime Cafe",
        "opening_hours": "07:00-14:30",
        "phone": "+1 610-241-8280",
        "website": "https://www.firstwatch.com/locations/newtown-square/",
        "website:menu": "https://firstwatch.com/menu?corp_id=179&verison=core"
      },
      "geometry": {
        "type": "Point",
        "coordinates": [
          -75.4032825,
          39.9869187
        ]
      },
      "id": "node/6437635175"
    },
    {
      "type": "Feature",
      "properties": {
        "@id": "node/6440386683",
        "addr:city": "Wilmington",
        "addr:housenumber": "3660",
        "addr:postcode": "19803",
        "addr:state": "DE",
        "addr:street": "Concord Pike",
        "amenity": "restaurant",
        "branch": "Concord Pike",
        "brand": "First Watch",
        "brand:wikidata": "Q5454064",
        "check_date": "2024-03-20",
        "cuisine": "american;breakfast",
        "name": "First Watch",
        "official_name": "First Watch The Daytime Cafe",
        "opening_hours": "07:00-14:30",
        "phone": "+1 302-551-4863",
        "website": "https://www.firstwatch.com/locations/concord-pike/"
      },
      "geometry": {
        "type": "Point",
        "coordinates": [
          -75.5498013,
          39.8048794
        ]
      },
      "id": "node/6440386683"
    },
    {
      "type": "Feature",
      "properties": {
        "@id": "node/6515388491",
        "amenity": "restaurant",
        "brand": "First Watch",
        "brand:wikidata": "Q5454064",
        "cuisine": "american;breakfast",
        "name": "First Watch",
        "official_name": "First Watch The Daytime Cafe"
      },
      "geometry": {
        "type": "Point",
        "coordinates": [
          -77.6136553,
          37.5128972
        ]
      },
      "id": "node/6515388491"
    },
    {
      "type": "Feature",
      "properties": {
        "@id": "node/6562040854",
        "addr:city": "Raleigh",
        "addr:housenumber": "6320",
        "addr:postcode": "27616",
        "addr:state": "NC",
        "addr:street": "Capital Boulevard",
        "addr:unit": "130",
        "amenity": "restaurant",
        "brand": "First Watch",
        "brand:wikidata": "Q5454064",
        "cuisine": "american;breakfast",
        "name": "First Watch",
        "official_name": "First Watch The Daytime Cafe"
      },
      "geometry": {
        "type": "Point",
        "coordinates": [
          -78.5788648,
          35.8711926
        ]
      },
      "id": "node/6562040854"
    },
    {
      "type": "Feature",
      "properties": {
        "@id": "node/6592703630",
        "amenity": "restaurant",
        "brand": "First Watch",
        "brand:wikidata": "Q5454064",
        "cuisine": "american;breakfast",
        "name": "First Watch",
        "official_name": "First Watch The Daytime Cafe"
      },
      "geometry": {
        "type": "Point",
        "coordinates": [
          -82.7311931,
          27.9168079
        ]
      },
      "id": "node/6592703630"
    },
    {
      "type": "Feature",
      "properties": {
        "@id": "node/6635627207",
        "addr:city": "Vero Beach",
        "addr:country": "US",
        "addr:housenumber": "500",
        "addr:postcode": "32960",
        "addr:state": "FL",
        "addr:street": "21st Street",
        "amenity": "restaurant",
        "brand": "First Watch",
        "brand:wikidata": "Q5454064",
        "cuisine": "american;breakfast",
        "name": "First Watch",
        "official_name": "First Watch The Daytime Cafe",
        "opening_hours": "07:00-14:30",
        "phone": "+1-772-807-3447",
        "website": "https://www.firstwatch.com/locations/vero-beach"
      },
      "geometry": {
        "type": "Point",
        "coordinates": [
          -80.3836048,
          27.6402024
        ]
      },
      "id": "node/6635627207"
    },
    {
      "type": "Feature",
      "properties": {
        "@id": "node/6676056221",
        "amenity": "restaurant",
        "brand": "First Watch",
        "brand:wikidata": "Q5454064",
        "cuisine": "american;breakfast",
        "name": "First Watch",
        "official_name": "First Watch The Daytime Cafe"
      },
      "geometry": {
        "type": "Point",
        "coordinates": [
          -81.0269009,
          29.1098637
        ]
      },
      "id": "node/6676056221"
    },
    {
      "type": "Feature",
      "properties": {
        "@id": "node/6759389458",
        "addr:city": "Toledo",
        "addr:housenumber": "3410",
        "addr:postcode": "43606",
        "addr:state": "OH",
        "addr:street": "Secor Road",
        "air_conditioning": "yes",
        "amenity": "restaurant",
        "brand": "First Watch",
        "brand:wikidata": "Q5454064",
        "cuisine": "american;breakfast",
        "name": "First Watch",
        "official_name": "First Watch The Daytime Cafe",
        "outdoor_seating": "yes",
        "phone": "+1-419-930-8036",
        "smoking": "no",
        "website": "https://www.firstwatch.com/locations/secor-road",
        "wheelchair": "yes"
      },
      "geometry": {
        "type": "Point",
        "coordinates": [
          -83.6223065,
          41.6826802
        ]
      },
      "id": "node/6759389458"
    },
    {
      "type": "Feature",
      "properties": {
        "@id": "node/6784116694",
        "amenity": "restaurant",
        "brand": "First Watch",
        "brand:wikidata": "Q5454064",
        "cuisine": "american;breakfast",
        "name": "First Watch"
      },
      "geometry": {
        "type": "Point",
        "coordinates": [
          -84.5765689,
          39.026166
        ]
      },
      "id": "node/6784116694"
    },
    {
      "type": "Feature",
      "properties": {
        "@id": "node/6918495737",
        "amenity": "restaurant",
        "brand": "First Watch",
        "brand:wikidata": "Q5454064",
        "cuisine": "american;breakfast",
        "name": "First Watch",
        "official_name": "First Watch The Daytime Cafe"
      },
      "geometry": {
        "type": "Point",
        "coordinates": [
          -84.596749,
          39.2470662
        ]
      },
      "id": "node/6918495737"
    },
    {
      "type": "Feature",
      "properties": {
        "@id": "node/6923767063",
        "amenity": "restaurant",
        "brand": "First Watch",
        "brand:wikidata": "Q5454064",
        "cuisine": "american;breakfast",
        "name": "First Watch"
      },
      "geometry": {
        "type": "Point",
        "coordinates": [
          -84.4695885,
          39.2882812
        ]
      },
      "id": "node/6923767063"
    },
    {
      "type": "Feature",
      "properties": {
        "@id": "node/6925801764",
        "amenity": "restaurant",
        "brand": "First Watch",
        "brand:wikidata": "Q5454064",
        "cuisine": "american;breakfast",
        "name": "First Watch"
      },
      "geometry": {
        "type": "Point",
        "coordinates": [
          -84.4318198,
          39.3232417
        ]
      },
      "id": "node/6925801764"
    },
    {
      "type": "Feature",
      "properties": {
        "@id": "node/6943353165",
        "amenity": "restaurant",
        "brand": "First Watch",
        "brand:wikidata": "Q5454064",
        "cuisine": "american;breakfast",
        "name": "First Watch",
        "official_name": "First Watch The Daytime Cafe",
        "opening_hours": "Mo-Su 07:00-14:30"
      },
      "geometry": {
        "type": "Point",
        "coordinates": [
          -84.2223513,
          39.6362638
        ]
      },
      "id": "node/6943353165"
    },
    {
      "type": "Feature",
      "properties": {
        "@id": "node/6944058017",
        "amenity": "restaurant",
        "brand": "First Watch",
        "brand:wikidata": "Q5454064",
        "cuisine": "american;breakfast",
        "name": "First Watch",
        "official_name": "First Watch The Daytime Cafe"
      },
      "geometry": {
        "type": "Point",
        "coordinates": [
          -84.1079883,
          39.663762
        ]
      },
      "id": "node/6944058017"
    },
    {
      "type": "Feature",
      "properties": {
        "@id": "node/6946096088",
        "addr:city": "Fairborn",
        "addr:housenumber": "2614",
        "addr:postcode": "45324",
        "addr:state": "OH",
        "addr:street": "Colonel Glenn Highway",
        "addr:unit": "A",
        "air_conditioning": "yes",
        "amenity": "restaurant",
        "brand": "First Watch",
        "brand:wikidata": "Q5454064",
        "cuisine": "american;breakfast",
        "indoor_seating": "yes",
        "name": "First Watch",
        "official_name": "First Watch The Daytime Cafe",
        "opening_hours": "Mo-Su 07:00-14:30",
        "outdoor_seating": "no",
        "website": "https://firstwatch.com/l"
      },
      "geometry": {
        "type": "Point",
        "coordinates": [
          -84.0538796,
          39.7781609
        ]
      },
      "id": "node/6946096088"
    },
    {
      "type": "Feature",
      "properties": {
        "@id": "node/6965199488",
        "amenity": "restaurant",
        "brand": "First Watch",
        "brand:wikidata": "Q5454064",
        "cuisine": "american;breakfast",
        "name": "First Watch",
        "official_name": "First Watch The Daytime Cafe"
      },
      "geometry": {
        "type": "Point",
        "coordinates": [
          -83.1140824,
          40.0313893
        ]
      },
      "id": "node/6965199488"
    },
    {
      "type": "Feature",
      "properties": {
        "@id": "node/6978663242",
        "amenity": "restaurant",
        "brand": "First Watch",
        "brand:wikidata": "Q5454064",
        "cuisine": "american;breakfast",
        "name": "First Watch",
        "official_name": "First Watch The Daytime Cafe"
      },
      "geometry": {
        "type": "Point",
        "coordinates": [
          -82.9244021,
          40.1058611
        ]
      },
      "id": "node/6978663242"
    },
    {
      "type": "Feature",
      "properties": {
        "@id": "node/6983115031",
        "amenity": "restaurant",
        "brand": "First Watch",
        "brand:wikidata": "Q5454064",
        "cuisine": "american;breakfast",
        "name": "First Watch",
        "official_name": "First Watch The Daytime Cafe"
      },
      "geometry": {
        "type": "Point",
        "coordinates": [
          -86.429006,
          35.8586466
        ]
      },
      "id": "node/6983115031"
    },
    {
      "type": "Feature",
      "properties": {
        "@id": "node/7090999585",
        "amenity": "restaurant",
        "brand": "First Watch",
        "brand:wikidata": "Q5454064",
        "cuisine": "american;burger",
        "name": "Matty Gs Steakburgers and Spirits",
        "official_name": "First Watch The Daytime Cafe"
      },
      "geometry": {
        "type": "Point",
        "coordinates": [
          -111.926701,
          33.6145309
        ]
      },
      "id": "node/7090999585"
    },
    {
      "type": "Feature",
      "properties": {
        "@id": "node/7137617086",
        "addr:city": "Denver",
        "addr:housenumber": "2406",
        "addr:postcode": "80231",
        "addr:state": "CO",
        "addr:street": "South Parker Road",
        "addr:unit": "Unit A",
        "alt_name": "First Watch The Daytime Cafe",
        "amenity": "restaurant",
        "brand": "First Watch",
        "brand:wikidata": "Q5454064",
        "cuisine": "american;breakfast",
        "name": "First Watch",
        "official_name": "First Watch The Daytime Cafe",
        "opening_hours": "Mo-Su 07:00-14:30",
        "phone": "+1-720-795-9996",
        "website": "https://www.firstwatch.com/locations/village-on-the-park"
      },
      "geometry": {
        "type": "Point",
        "coordinates": [
          -104.8682801,
          39.6731728
        ]
      },
      "id": "node/7137617086"
    },
    {
      "type": "Feature",
      "properties": {
        "@id": "node/7143054796",
        "addr:housenumber": "5646",
        "addr:postcode": "63129",
        "addr:street": "Telegraph Road",
        "amenity": "restaurant",
        "brand": "First Watch",
        "brand:wikidata": "Q5454064",
        "cuisine": "american;breakfast",
        "name": "First Watch",
        "note:address_buildingnumber": "POST OFFICE",
        "note:post_town": "Saint Louis",
        "official_name": "First Watch The Daytime Cafe"
      },
      "geometry": {
        "type": "Point",
        "coordinates": [
          -90.3031905,
          38.4665626
        ]
      },
      "id": "node/7143054796"
    },
    {
      "type": "Feature",
      "properties": {
        "@id": "node/7175461702",
        "addr:city": "Jacksonville Beach",
        "addr:housenumber": "544",
        "addr:postcode": "32250",
        "addr:state": "FL",
        "addr:street": "Marsh Landing Parkway",
        "amenity": "restaurant",
        "brand": "First Watch",
        "brand:wikidata": "Q5454064",
        "cuisine": "american;breakfast",
        "name": "First Watch",
        "official_name": "First Watch The Daytime Cafe",
        "phone": "+1-904-834-3789",
        "website": "https://www.firstwatch.com/"
      },
      "geometry": {
        "type": "Point",
        "coordinates": [
          -81.3910458,
          30.2550025
        ]
      },
      "id": "node/7175461702"
    },
    {
      "type": "Feature",
      "properties": {
        "@id": "node/7192547609",
        "addr:city": "Brandon",
        "addr:housenumber": "979",
        "addr:postcode": "33511",
        "addr:state": "FL",
        "addr:street": "East Bloomingdale Avenue",
        "amenity": "restaurant",
        "brand": "First Watch",
        "brand:wikidata": "Q5454064",
        "contact:website": "http://www.firstwatch.com",
        "cuisine": "american;breakfast",
        "name": "First Watch",
        "official_name": "First Watch The Daytime Cafe",
        "opening_hours": "Mo-Su 07:00-14:30",
        "phone": "+1-813-200-9123",
        "website": "http://www.firstwatch.com"
      },
      "geometry": {
        "type": "Point",
        "coordinates": [
          -82.271342,
          27.8932207
        ]
      },
      "id": "node/7192547609"
    },
    {
      "type": "Feature",
      "properties": {
        "@id": "node/7231241229",
        "addr:city": "Raleigh",
        "addr:housenumber": "4233",
        "addr:postcode": "27617",
        "addr:state": "NC",
        "addr:street": "Corners Parkway",
        "addr:unit": "230",
        "amenity": "restaurant",
        "brand": "First Watch",
        "brand:wikidata": "Q5454064",
        "cuisine": "american;breakfast",
        "name": "First Watch",
        "official_name": "First Watch The Daytime Cafe",
        "phone": "+1-919-399-9040",
        "website": "https://www.firstwatch.com/"
      },
      "geometry": {
        "type": "Point",
        "coordinates": [
          -78.7888223,
          35.9195127
        ]
      },
      "id": "node/7231241229"
    },
    {
      "type": "Feature",
      "properties": {
        "@id": "node/7276674586",
        "amenity": "restaurant",
        "brand": "First Watch",
        "brand:wikidata": "Q5454064",
        "cuisine": "american;breakfast",
        "internet_access": "wlan",
        "name": "First Watch",
        "official_name": "First Watch The Daytime Cafe",
        "opening_hours": "Mo-Su 07:00-14:30"
      },
      "geometry": {
        "type": "Point",
        "coordinates": [
          -81.5079394,
          41.1487113
        ]
      },
      "id": "node/7276674586"
    },
    {
      "type": "Feature",
      "properties": {
        "@id": "node/7284415720",
        "addr:city": "McKinney",
        "addr:housenumber": "3530",
        "addr:postcode": "75071",
        "addr:state": "TX",
        "addr:street": "West University Drive",
        "addr:unit": "100",
        "amenity": "restaurant",
        "brand": "First Watch",
        "brand:wikidata": "Q5454064",
        "check_date": "2026-03-10",
        "cuisine": "american;breakfast",
        "name": "First Watch",
        "official_name": "First Watch The Daytime Cafe",
        "website": "https://www.firstwatch.com/"
      },
      "geometry": {
        "type": "Point",
        "coordinates": [
          -96.6571115,
          33.21787
        ]
      },
      "id": "node/7284415720"
    },
    {
      "type": "Feature",
      "properties": {
        "@id": "node/7619100857",
        "addr:city": "Blue Springs",
        "addr:housenumber": "1077",
        "addr:postcode": "64014",
        "addr:state": "MO",
        "addr:street": "Southwest 7 Highway",
        "amenity": "restaurant",
        "brand": "First Watch",
        "brand:wikidata": "Q5454064",
        "cuisine": "american;breakfast",
        "name": "First Watch",
        "official_name": "First Watch The Daytime Cafe",
        "phone": "+1-816-427-7005",
        "website": "https://www.firstwatch.com/locations/blue-springs"
      },
      "geometry": {
        "type": "Point",
        "coordinates": [
          -94.273171,
          39.0068664
        ]
      },
      "id": "node/7619100857"
    },
    {
      "type": "Feature",
      "properties": {
        "@id": "node/7659676861",
        "addr:housenumber": "4520",
        "addr:street": "West Wendover Avenue",
        "addr:unit": "101",
        "amenity": "restaurant",
        "brand": "First Watch",
        "brand:wikidata": "Q5454064",
        "check_date": "2026-09-12",
        "cuisine": "american;breakfast",
        "name": "First Watch",
        "official_name": "First Watch The Daytime Cafe",
        "opening_hours": "07:00-14:30",
        "outdoor_seating": "yes",
        "phone": "+1-336-331-9955",
        "website": "https://firstwatch.com/locations/wendover"
      },
      "geometry": {
        "type": "Point",
        "coordinates": [
          -79.9077995,
          36.0544916
        ]
      },
      "id": "node/7659676861"
    },
    {
      "type": "Feature",
      "properties": {
        "@id": "node/7715228381",
        "amenity": "restaurant",
        "brand": "First Watch",
        "brand:wikidata": "Q5454064",
        "cuisine": "american;breakfast",
        "name": "First Watch",
        "official_name": "First Watch The Daytime Cafe"
      },
      "geometry": {
        "type": "Point",
        "coordinates": [
          -82.3572138,
          28.1402108
        ]
      },
      "id": "node/7715228381"
    },
    {
      "type": "Feature",
      "properties": {
        "@id": "node/7761681433",
        "amenity": "restaurant",
        "brand": "First Watch",
        "brand:wikidata": "Q5454064",
        "cuisine": "american;breakfast",
        "name": "First Watch",
        "official_name": "First Watch The Daytime Cafe"
      },
      "geometry": {
        "type": "Point",
        "coordinates": [
          -104.718673,
          38.8948678
        ]
      },
      "id": "node/7761681433"
    },
    {
      "type": "Feature",
      "properties": {
        "@id": "node/7770864834",
        "addr:city": "Naples",
        "addr:housenumber": "13030",
        "addr:postcode": "34105",
        "addr:state": "FL",
        "addr:street": "Livingston Road",
        "amenity": "restaurant",
        "brand": "First Watch",
        "brand:wikidata": "Q5454064",
        "cuisine": "american;breakfast",
        "name": "First Watch",
        "official_name": "First Watch The Daytime Cafe",
        "phone": "+1-239-213-1709"
      },
      "geometry": {
        "type": "Point",
        "coordinates": [
          -81.7508059,
          26.2098911
        ]
      },
      "id": "node/7770864834"
    },
    {
      "type": "Feature",
      "properties": {
        "@id": "node/7784550831",
        "amenity": "restaurant",
        "brand": "First Watch",
        "brand:wikidata": "Q5454064",
        "cuisine": "american;breakfast",
        "name": "First Watch",
        "opening_hours": "Mo-Su 07:00-14:30"
      },
      "geometry": {
        "type": "Point",
        "coordinates": [
          -84.1664034,
          39.68748
        ]
      },
      "id": "node/7784550831"
    },
    {
      "type": "Feature",
      "properties": {
        "@id": "node/7906820330",
        "addr:city": "Dallas",
        "addr:housenumber": "9285",
        "addr:postcode": "75231",
        "addr:state": "TX",
        "addr:street": "Lookout Point",
        "addr:unit": "110",
        "amenity": "restaurant",
        "brand": "First Watch",
        "brand:wikidata": "Q5454064",
        "cuisine": "american;breakfast",
        "name": "First Watch",
        "official_name": "First Watch The Daytime Cafe",
        "opening_hours": "Mo-Su 07:00-14:30",
        "phone": "+1 469-202-4287",
        "website": "https://www.firstwatch.com/locations/lake-highlands/"
      },
      "geometry": {
        "type": "Point",
        "coordinates": [
          -96.7336672,
          32.8779724
        ]
      },
      "id": "node/7906820330"
    },
    {
      "type": "Feature",
      "properties": {
        "@id": "node/7961415027",
        "addr:city": "Alexandria",
        "addr:housenumber": "6650",
        "addr:postcode": "22306",
        "addr:state": "VA",
        "addr:street": "Richmond Highway",
        "amenity": "restaurant",
        "brand": "First Watch",
        "brand:wikidata": "Q5454064",
        "cuisine": "american;breakfast",
        "name": "First Watch",
        "official_name": "First Watch The Daytime Cafe",
        "takeaway": "yes",
        "website": "https://firstwatch.com/locations/alexandria"
      },
      "geometry": {
        "type": "Point",
        "coordinates": [
          -77.0820946,
          38.7721251
        ]
      },
      "id": "node/7961415027"
    },
    {
      "type": "Feature",
      "properties": {
        "@id": "node/8005379491",
        "addr:city": "Scottsdale",
        "addr:housenumber": "16455",
        "addr:postcode": "85254",
        "addr:state": "AZ",
        "addr:street": "North Scottsdale Road",
        "amenity": "restaurant",
        "brand": "First Watch",
        "brand:wikidata": "Q5454064",
        "cuisine": "american;breakfast",
        "name": "First Watch",
        "official_name": "First Watch The Daytime Cafe",
        "source": "esri/USA_NAD_Addresses"
      },
      "geometry": {
        "type": "Point",
        "coordinates": [
          -111.922363,
          33.6354547
        ]
      },
      "id": "node/8005379491"
    },
    {
      "type": "Feature",
      "properties": {
        "@id": "node/8069626225",
        "addr:city": "Fairfax",
        "addr:housenumber": "9600",
        "addr:postcode": "22031",
        "addr:state": "VA",
        "addr:street": "Main Street",
        "addr:unit": "S",
        "amenity": "restaurant",
        "bar": "yes",
        "brand": "First Watch",
        "brand:wikidata": "Q5454064",
        "cuisine": "american;breakfast",
        "diet:vegetarian": "yes",
        "name": "First Watch",
        "official_name": "First Watch The Daytime Cafe",
        "opening_hours": "Su-Sa 07:00-14:30",
        "phone": "+1-703-978-3421",
        "website": "https://www.firstwatch.com/"
      },
      "geometry": {
        "type": "Point",
        "coordinates": [
          -77.2743103,
          38.8430956
        ]
      },
      "id": "node/8069626225"
    },
    {
      "type": "Feature",
      "properties": {
        "@id": "node/8094007532",
        "addr:city": "Bridgeville",
        "addr:housenumber": "160",
        "addr:postcode": "15017",
        "addr:state": "PA",
        "addr:street": "Millers Run Road",
        "addr:unit": "400",
        "amenity": "restaurant",
        "brand": "First Watch",
        "brand:wikidata": "Q5454064",
        "cuisine": "american;breakfast",
        "name": "First Watch",
        "official_name": "First Watch The Daytime Cafe",
        "opening_hours": "07:00-14:30",
        "phone": "+1-412-257-3447",
        "website": "https://www.firstwatch.com/locations/bridgeville/"
      },
      "geometry": {
        "type": "Point",
        "coordinates": [
          -80.1206927,
          40.3580355
        ]
      },
      "id": "node/8094007532"
    },
    {
      "type": "Feature",
      "properties": {
        "@id": "node/8201033758",
        "addr:city": "Lawrence",
        "addr:housenumber": "2540",
        "addr:postcode": "66046",
        "addr:state": "KS",
        "addr:street": "Iowa Street",
        "addr:unit": "D",
        "amenity": "restaurant",
        "brand": "First Watch",
        "brand:wikidata": "Q5454064",
        "cuisine": "american;breakfast",
        "name": "First Watch",
        "official_name": "First Watch The Daytime Cafe",
        "opening_hours": "07:00-14:30",
        "phone": "+1-785-856-3447",
        "website": "https://www.firstwatch.com/locations/lawrence/"
      },
      "geometry": {
        "type": "Point",
        "coordinates": [
          -95.260052,
          38.9371182
        ]
      },
      "id": "node/8201033758"
    },
    {
      "type": "Feature",
      "properties": {
        "@id": "node/8281279885",
        "addr:city": "Cedar Park",
        "addr:housenumber": "1320",
        "addr:postcode": "78613",
        "addr:state": "TX",
        "addr:street": "East Whitestone Boulevard",
        "addr:unit": "600",
        "amenity": "restaurant",
        "brand": "First Watch",
        "brand:wikidata": "Q5454064",
        "cuisine": "american;breakfast",
        "name": "First Watch",
        "official_name": "First Watch The Daytime Cafe"
      },
      "geometry": {
        "type": "Point",
        "coordinates": [
          -97.8138276,
          30.5251812
        ]
      },
      "id": "node/8281279885"
    },
    {
      "type": "Feature",
      "properties": {
        "@id": "node/8319693841",
        "amenity": "restaurant",
        "brand": "First Watch",
        "brand:wikidata": "Q5454064",
        "cuisine": "american;breakfast",
        "name": "First Watch",
        "official_name": "First Watch The Daytime Cafe"
      },
      "geometry": {
        "type": "Point",
        "coordinates": [
          -81.305333,
          28.4671233
        ]
      },
      "id": "node/8319693841"
    },
    {
      "type": "Feature",
      "properties": {
        "@id": "node/8410428318",
        "amenity": "restaurant",
        "brand": "First Watch",
        "brand:wikidata": "Q5454064",
        "cuisine": "american;breakfast",
        "entrance": "main",
        "name": "First Watch",
        "official_name": "First Watch The Daytime Cafe"
      },
      "geometry": {
        "type": "Point",
        "coordinates": [
          -80.3865023,
          36.0385233
        ]
      },
      "id": "node/8410428318"
    },
    {
      "type": "Feature",
      "properties": {
        "@id": "node/8481122203",
        "addr:city": "Georgetown",
        "addr:housenumber": "1225",
        "addr:postcode": "78626",
        "addr:state": "TX",
        "addr:street": "South Interstate 35",
        "addr:unit": "135",
        "amenity": "restaurant",
        "brand": "First Watch",
        "brand:wikidata": "Q5454064",
        "cuisine": "american;breakfast",
        "name": "First Watch",
        "official_name": "First Watch The Daytime Cafe",
        "opening_hours": "Mo-Su 07:30-14:30",
        "phone": "+1-512-641-3331",
        "website": "https://www.firstwatch.com/locations/georgetown"
      },
      "geometry": {
        "type": "Point",
        "coordinates": [
          -97.690379,
          30.6319063
        ]
      },
      "id": "node/8481122203"
    },
    {
      "type": "Feature",
      "properties": {
        "@id": "node/8492633737",
        "addr:city": "Dallas",
        "addr:housenumber": "6411",
        "addr:postcode": "75231",
        "addr:state": "TX",
        "addr:street": "East Northwest Highway",
        "addr:unit": "170",
        "amenity": "restaurant",
        "brand": "First Watch",
        "brand:wikidata": "Q5454064",
        "cuisine": "american;breakfast",
        "name": "First Watch",
        "official_name": "First Watch The Daytime Cafe",
        "opening_hours": "Mo-Su 07:00-14:00",
        "phone": "+1-214-271-5100",
        "website": "https://www.firstwatch.com/"
      },
      "geometry": {
        "type": "Point",
        "coordinates": [
          -96.7492727,
          32.8577515
        ]
      },
      "id": "node/8492633737"
    },
    {
      "type": "Feature",
      "properties": {
        "@id": "node/8534492028",
        "addr:city": "Austin",
        "addr:housenumber": "14005",
        "addr:postcode": "78717",
        "addr:state": "TX",
        "addr:street": "183A Toll Road",
        "addr:unit": "500",
        "amenity": "restaurant",
        "brand": "First Watch",
        "brand:wikidata": "Q5454064",
        "cuisine": "american;breakfast",
        "delivery": "yes",
        "description": "Closes for Thanksgiving and Christmas.",
        "name": "First Watch",
        "official_name": "First Watch The Daytime Cafe",
        "opening_hours:covid19": "Mo-Su 07:00-14:30",
        "outdoor_seating": "yes",
        "phone": "+1-512-250-3447",
        "reservation": "yes",
        "safety:mask:covid19": "yes",
        "takeaway": "yes",
        "website": "https://www.firstwatch.com/locations/walden",
        "wheelchair": "yes"
      },
      "geometry": {
        "type": "Point",
        "coordinates": [
          -97.7979403,
          30.4757107
        ]
      },
      "id": "node/8534492028"
    },
    {
      "type": "Feature",
      "properties": {
        "@id": "node/8560981744",
        "addr:city": "Lauderdale-by-the-Sea",
        "addr:housenumber": "4705",
        "addr:postcode": "33308",
        "addr:state": "FL",
        "addr:street": "North Ocean Drive",
        "amenity": "restaurant",
        "brand": "First Watch",
        "brand:wikidata": "Q5454064",
        "cuisine": "american;breakfast",
        "name": "First Watch",
        "official_name": "First Watch The Daytime Cafe"
      },
      "geometry": {
        "type": "Point",
        "coordinates": [
          -80.0965321,
          26.1978729
        ]
      },
      "id": "node/8560981744"
    },
    {
      "type": "Feature",
      "properties": {
        "@id": "node/8668481550",
        "addr:city": "Winter Park",
        "addr:housenumber": "140",
        "addr:postcode": "32789",
        "addr:state": "FL",
        "addr:street": "North Orlando Avenue",
        "amenity": "restaurant",
        "brand": "First Watch",
        "brand:wikidata": "Q5454064",
        "cuisine": "american;breakfast",
        "name": "First Watch",
        "official_name": "First Watch The Daytime Cafe"
      },
      "geometry": {
        "type": "Point",
        "coordinates": [
          -81.3649231,
          28.5982637
        ]
      },
      "id": "node/8668481550"
    },
    {
      "type": "Feature",
      "properties": {
        "@id": "node/8671962741",
        "addr:city": "Viera",
        "addr:housenumber": "2328",
        "addr:postcode": "32940",
        "addr:state": "FL",
        "addr:street": "Citadel Way",
        "addr:unit": "104",
        "amenity": "restaurant",
        "brand": "First Watch",
        "brand:wikidata": "Q5454064",
        "cuisine": "american;breakfast",
        "name": "First Watch",
        "official_name": "First Watch The Daytime Cafe",
        "opening_hours": "Mo-Su 07:00-14:30",
        "phone": "+1-321-473-7210",
        "website": "https://www.firstwatch.com/locations/viera/"
      },
      "geometry": {
        "type": "Point",
        "coordinates": [
          -80.7293248,
          28.2458224
        ]
      },
      "id": "node/8671962741"
    },
    {
      "type": "Feature",
      "properties": {
        "@id": "node/8674496216",
        "amenity": "restaurant",
        "brand": "First Watch",
        "brand:wikidata": "Q5454064",
        "cuisine": "american;breakfast",
        "name": "First Watch",
        "official_name": "First Watch The Daytime Cafe"
      },
      "geometry": {
        "type": "Point",
        "coordinates": [
          -81.2080692,
          28.5637537
        ]
      },
      "id": "node/8674496216"
    },
    {
      "type": "Feature",
      "properties": {
        "@id": "node/8691464035",
        "addr:city": "Jacksonville",
        "addr:housenumber": "9271",
        "addr:postcode": "32256",
        "addr:state": "FL",
        "addr:street": "Baymeadows Road",
        "amenity": "restaurant",
        "brand": "First Watch",
        "brand:wikidata": "Q5454064",
        "cuisine": "american;breakfast",
        "name": "First Watch",
        "official_name": "First Watch The Daytime Cafe"
      },
      "geometry": {
        "type": "Point",
        "coordinates": [
          -81.565964,
          30.221405
        ]
      },
      "id": "node/8691464035"
    },
    {
      "type": "Feature",
      "properties": {
        "@id": "node/8754502111",
        "addr:city": "Orlando",
        "addr:housenumber": "12988",
        "addr:postcode": "32832",
        "addr:state": "FL",
        "addr:street": "Narcoossee Road",
        "amenity": "restaurant",
        "brand": "First Watch",
        "brand:wikidata": "Q5454064",
        "cuisine": "american;breakfast",
        "name": "First Watch",
        "official_name": "First Watch The Daytime Cafe",
        "opening_hours": "Mo-Su 07:00-14:30",
        "phone": "+1-407-307-0758",
        "website": "https://firstwatch.com/locations/nona-place"
      },
      "geometry": {
        "type": "Point",
        "coordinates": [
          -81.2448994,
          28.3778339
        ]
      },
      "id": "node/8754502111"
    },
    {
      "type": "Feature",
      "properties": {
        "@id": "node/8784453762",
        "amenity": "restaurant",
        "brand": "First Watch",
        "brand:wikidata": "Q5454064",
        "cuisine": "american;breakfast",
        "name": "First Watch",
        "official_name": "First Watch The Daytime Cafe"
      },
      "geometry": {
        "type": "Point",
        "coordinates": [
          -112.074996,
          33.4836592
        ]
      },
      "id": "node/8784453762"
    },
    {
      "type": "Feature",
      "properties": {
        "@id": "node/8790577739",
        "amenity": "restaurant",
        "brand": "First Watch",
        "brand:wikidata": "Q5454064",
        "cuisine": "american;breakfast",
        "name": "First Watch",
        "official_name": "First Watch The Daytime Cafe",
        "opening_hours": "Mo-Su 07:00-14:30",
        "outdoor_seating": "yes",
        "phone": "+1-919-808-4603",
        "website": "https://www.firstwatch.com/locations/holly-springs"
      },
      "geometry": {
        "type": "Point",
        "coordinates": [
          -78.8438792,
          35.6666184
        ]
      },
      "id": "node/8790577739"
    },
    {
      "type": "Feature",
      "properties": {
        "@id": "node/8893289667",
        "addr:city": "Scottsdale",
        "addr:housenumber": "34422",
        "addr:postcode": "85266",
        "addr:state": "AZ",
        "addr:street": "North Scottsdale Road",
        "amenity": "restaurant",
        "brand": "First Watch",
        "brand:wikidata": "Q5454064",
        "cuisine": "american;breakfast",
        "name": "First Watch",
        "official_name": "First Watch The Daytime Cafe"
      },
      "geometry": {
        "type": "Point",
        "coordinates": [
          -111.9292356,
          33.7978309
        ]
      },
      "id": "node/8893289667"
    },
    {
      "type": "Feature",
      "properties": {
        "@id": "node/8904541563",
        "amenity": "restaurant",
        "brand": "First Watch",
        "brand:wikidata": "Q5454064",
        "cuisine": "american;breakfast",
        "name": "First Watch",
        "official_name": "First Watch The Daytime Cafe",
        "wheelchair": "yes"
      },
      "geometry": {
        "type": "Point",
        "coordinates": [
          -82.5068522,
          28.1947652
        ]
      },
      "id": "node/8904541563"
    },
    {
      "type": "Feature",
      "properties": {
        "@id": "node/8911798933",
        "amenity": "restaurant",
        "brand": "First Watch",
        "brand:wikidata": "Q5454064",
        "cuisine": "american;breakfast",
        "name": "First Watch",
        "official_name": "First Watch The Daytime Cafe"
      },
      "geometry": {
        "type": "Point",
        "coordinates": [
          -105.080651,
          39.7895662
        ]
      },
      "id": "node/8911798933"
    },
    {
      "type": "Feature",
      "properties": {
        "@id": "node/8979039812",
        "addr:city": "Glendale",
        "addr:housenumber": "9425",
        "addr:postcode": "85305",
        "addr:state": "AZ",
        "addr:street": "West Glendale Avenue",
        "addr:unit": "110",
        "amenity": "restaurant",
        "brand": "First Watch",
        "brand:wikidata": "Q5454064",
        "cuisine": "american;breakfast",
        "name": "First Watch",
        "official_name": "First Watch The Daytime Cafe",
        "source": "esri/USA_NAD_Addresses"
      },
      "geometry": {
        "type": "Point",
        "coordinates": [
          -112.2617162,
          33.5368406
        ]
      },
      "id": "node/8979039812"
    },
    {
      "type": "Feature",
      "properties": {
        "@id": "node/9017432690",
        "addr:city": "Fort Myers",
        "addr:housenumber": "8601",
        "addr:state": "FL",
        "addr:street": "Dani Drive",
        "addr:unit": "100",
        "amenity": "restaurant",
        "brand": "First Watch",
        "brand:wikidata": "Q5454064",
        "cuisine": "american;breakfast",
        "internet_access": "wlan",
        "internet_access:fee": "no",
        "internet_access:ssid": "First Watch WiFi",
        "name": "First Watch",
        "official_name": "First Watch The Daytime Cafe",
        "outdoor_seating": "yes",
        "toilets": "yes",
        "toilets:access": "customers"
      },
      "geometry": {
        "type": "Point",
        "coordinates": [
          -81.8105571,
          26.6085878
        ]
      },
      "id": "node/9017432690"
    },
    {
      "type": "Feature",
      "properties": {
        "@id": "node/9067194835",
        "addr:city": "Richmond",
        "addr:housenumber": "1403",
        "addr:postcode": "23113",
        "addr:state": "VA",
        "addr:street": "West Huguenot Road",
        "amenity": "restaurant",
        "brand": "First Watch",
        "brand:wikidata": "Q5454064",
        "contact:facebook": "FirstWatch",
        "contact:instagram": "firstwatch",
        "cuisine": "american;breakfast",
        "description": "Upscale Cafe with breakfast and lunch items.",
        "name": "First Watch",
        "official_name": "First Watch The Daytime Cafe",
        "opening_hours": "Mo-Su 07:00-14:30",
        "phone": "+1 804-302-8516",
        "website": "https://firstwatch.com/locations/midlothian",
        "website:menu": "https://firstwatch.com/menu"
      },
      "geometry": {
        "type": "Point",
        "coordinates": [
          -77.6136634,
          37.5122392
        ]
      },
      "id": "node/9067194835"
    },
    {
      "type": "Feature",
      "properties": {
        "@id": "node/9174473604",
        "addr:housenumber": "415",
        "addr:street": "Egg Harbor Road",
        "amenity": "restaurant",
        "brand": "First Watch",
        "brand:wikidata": "Q5454064",
        "cuisine": "american;breakfast",
        "name": "First Watch",
        "opening_hours": "07:00-14:30",
        "phone": "+1-856-956-4812",
        "website": "https://www.firstwatch.com/locations/sewell"
      },
      "geometry": {
        "type": "Point",
        "coordinates": [
          -75.0752585,
          39.7489178
        ]
      },
      "id": "node/9174473604"
    },
    {
      "type": "Feature",
      "properties": {
        "@id": "node/9205045706",
        "amenity": "restaurant",
        "brand": "First Watch",
        "brand:wikidata": "Q5454064",
        "cuisine": "american;breakfast",
        "name": "First Watch",
        "official_name": "First Watch The Daytime Cafe"
      },
      "geometry": {
        "type": "Point",
        "coordinates": [
          -81.6255863,
          30.1741847
        ]
      },
      "id": "node/9205045706"
    },
    {
      "type": "Feature",
      "properties": {
        "@id": "node/9217128837",
        "amenity": "restaurant",
        "brand": "First Watch",
        "brand:wikidata": "Q5454064",
        "cuisine": "american;breakfast",
        "name": "First Watch",
        "official_name": "First Watch The Daytime Cafe"
      },
      "geometry": {
        "type": "Point",
        "coordinates": [
          -97.3123326,
          32.9151911
        ]
      },
      "id": "node/9217128837"
    },
    {
      "type": "Feature",
      "properties": {
        "@id": "node/9231616940",
        "addr:city": "Logan",
        "addr:country": "US",
        "addr:housenumber": "1007",
        "addr:postcode": "84341",
        "addr:state": "UT",
        "addr:street": "North Main Street",
        "addr:unit": "Suite 130 & 140",
        "amenity": "restaurant",
        "brand": "First Watch",
        "brand:wikidata": "Q5454064",
        "cuisine": "american;breakfast",
        "name": "First Watch",
        "official_name": "First Watch The Daytime Cafe",
        "opening_hours": "Mo-Su 07:00-14:30",
        "phone": "+1 435-274-7380",
        "website": "https://firstwatch.com/locations/logan"
      },
      "geometry": {
        "type": "Point",
        "coordinates": [
          -111.83485,
          41.7506059
        ]
      },
      "id": "node/9231616940"
    },
    {
      "type": "Feature",
      "properties": {
        "@id": "node/9251425266",
        "addr:city": "Newark",
        "addr:housenumber": "74",
        "addr:postcode": "19713",
        "addr:state": "DE",
        "addr:street": "Geoffrey Drive",
        "amenity": "restaurant",
        "brand": "First Watch",
        "brand:wikidata": "Q5454064",
        "check_date": "2023-12-27",
        "cuisine": "american;breakfast",
        "name": "First Watch",
        "official_name": "First Watch The Daytime Cafe",
        "opening_hours": "07:00-14:30",
        "phone": "+1 302-894-4030",
        "website": "https://www.firstwatch.com/locations/christiana"
      },
      "geometry": {
        "type": "Point",
        "coordinates": [
          -75.6521763,
          39.6876926
        ]
      },
      "id": "node/9251425266"
    },
    {
      "type": "Feature",
      "properties": {
        "@id": "node/9258372896",
        "addr:city": "Columbus",
        "addr:housenumber": "2528",
        "addr:postcode": "31909",
        "addr:state": "GA",
        "addr:street": "Weems Road",
        "addr:unit": "1-A",
        "amenity": "restaurant",
        "brand": "First Watch",
        "brand:wikidata": "Q5454064",
        "cuisine": "american;breakfast",
        "name": "First Watch",
        "official_name": "First Watch The Daytime Cafe"
      },
      "geometry": {
        "type": "Point",
        "coordinates": [
          -84.9515654,
          32.5393037
        ]
      },
      "id": "node/9258372896"
    },
    {
      "type": "Feature",
      "properties": {
        "@id": "node/9384710654",
        "amenity": "restaurant",
        "brand": "First Watch",
        "brand:wikidata": "Q5454064",
        "cuisine": "american;breakfast",
        "name": "First Watch",
        "official_name": "First Watch The Daytime Cafe"
      },
      "geometry": {
        "type": "Point",
        "coordinates": [
          -78.9660009,
          35.0586219
        ]
      },
      "id": "node/9384710654"
    },
    {
      "type": "Feature",
      "properties": {
        "@id": "node/9403720053",
        "addr:housenumber": "2808",
        "addr:postcode": "27587",
        "addr:street": "Rogers Road",
        "amenity": "restaurant",
        "brand": "First Watch",
        "brand:wikidata": "Q5454064",
        "contact:facebook": "FirstWatch",
        "contact:instagram": "firstwatch",
        "cuisine": "american;breakfast",
        "name": "First Watch",
        "official_name": "First Watch The Daytime Cafe",
        "opening_hours": "Mo-Su 07:00-14:30",
        "phone": "+1 919-569-5763",
        "website": "https://firstwatch.com/locations/heritage-junction",
        "website:menu": "https://firstwatch.com/menu"
      },
      "geometry": {
        "type": "Point",
        "coordinates": [
          -78.5265559,
          35.953003
        ]
      },
      "id": "node/9403720053"
    },
    {
      "type": "Feature",
      "properties": {
        "@id": "node/9426555363",
        "addr:city": "Suffolk",
        "addr:housenumber": "5840",
        "addr:postcode": "23435",
        "addr:state": "VA",
        "addr:street": "Harbour View Boulevard",
        "addr:unit": "450",
        "amenity": "restaurant",
        "brand": "First Watch",
        "brand:wikidata": "Q5454064",
        "cuisine": "american;breakfast",
        "name": "First Watch",
        "official_name": "First Watch The Daytime Cafe"
      },
      "geometry": {
        "type": "Point",
        "coordinates": [
          -76.4410786,
          36.871429
        ]
      },
      "id": "node/9426555363"
    },
    {
      "type": "Feature",
      "properties": {
        "@id": "node/9448430889",
        "amenity": "restaurant",
        "brand": "First Watch",
        "brand:wikidata": "Q5454064",
        "cuisine": "american;breakfast",
        "name": "First Watch",
        "official_name": "First Watch The Daytime Cafe"
      },
      "geometry": {
        "type": "Point",
        "coordinates": [
          -76.3900186,
          37.0437627
        ]
      },
      "id": "node/9448430889"
    },
    {
      "type": "Feature",
      "properties": {
        "@id": "node/9498676254",
        "addr:city": "Pikesville",
        "addr:housenumber": "1431",
        "addr:postcode": "21208",
        "addr:state": "MD",
        "addr:street": "Reisterstown Road",
        "air_conditioning": "yes",
        "amenity": "restaurant",
        "bar": "no",
        "brand": "First Watch",
        "brand:wikidata": "Q5454064",
        "brewery": "no",
        "check_date": "2023-10-10",
        "cuisine": "american;breakfast",
        "delivery": "yes",
        "internet_access": "wlan",
        "internet_access:fee": "no",
        "microbrewery": "no",
        "name": "First Watch",
        "official_name": "First Watch The Daytime Cafe",
        "opening_hours": "Mo-Su 07:00-14:30",
        "outdoor_seating": "no",
        "payment:cash": "yes",
        "payment:mastercard": "yes",
        "payment:visa": "yes",
        "phone": "+1 410 602 1595",
        "reservation": "yes",
        "smoking": "no",
        "takeaway": "yes",
        "website": "https://www.firstwatch.com/locations/pikesville/",
        "wheelchair": "yes"
      },
      "geometry": {
        "type": "Point",
        "coordinates": [
          -76.7244039,
          39.3770759
        ]
      },
      "id": "node/9498676254"
    },
    {
      "type": "Feature",
      "properties": {
        "@id": "node/9553074160",
        "amenity": "restaurant",
        "brand": "First Watch",
        "brand:wikidata": "Q5454064",
        "cuisine": "american;breakfast",
        "name": "First Watch",
        "official_name": "First Watch The Daytime Cafe",
        "opening_hours": "Mo-Su 07:00-14:30"
      },
      "geometry": {
        "type": "Point",
        "coordinates": [
          -84.0122294,
          33.877266
        ]
      },
      "id": "node/9553074160"
    },
    {
      "type": "Feature",
      "properties": {
        "@id": "node/9601691893",
        "amenity": "restaurant",
        "brand": "First Watch",
        "brand:wikidata": "Q5454064",
        "cuisine": "american;breakfast",
        "name": "First Watch",
        "official_name": "First Watch The Daytime Cafe"
      },
      "geometry": {
        "type": "Point",
        "coordinates": [
          -82.2130319,
          27.0364642
        ]
      },
      "id": "node/9601691893"
    },
    {
      "type": "Feature",
      "properties": {
        "@id": "node/9641048508",
        "addr:city": "Mesa",
        "addr:housenumber": "2111",
        "addr:postcode": "85207",
        "addr:state": "AZ",
        "addr:street": "North Power Road",
        "amenity": "restaurant",
        "brand": "First Watch",
        "brand:wikidata": "Q5454064",
        "cuisine": "american;breakfast",
        "name": "First Watch",
        "official_name": "First Watch The Daytime Cafe",
        "source": "esri/USA_NAD_Addresses"
      },
      "geometry": {
        "type": "Point",
        "coordinates": [
          -111.683762,
          33.4532979
        ]
      },
      "id": "node/9641048508"
    },
    {
      "type": "Feature",
      "properties": {
        "@id": "node/9742285552",
        "amenity": "restaurant",
        "brand": "First Watch",
        "brand:wikidata": "Q5454064",
        "cuisine": "american;breakfast",
        "name": "First Watch",
        "official_name": "First Watch The Daytime Cafe"
      },
      "geometry": {
        "type": "Point",
        "coordinates": [
          -82.3381456,
          28.2387216
        ]
      },
      "id": "node/9742285552"
    },
    {
      "type": "Feature",
      "properties": {
        "@id": "node/9767476392",
        "amenity": "restaurant",
        "brand": "First Watch",
        "brand:wikidata": "Q5454064",
        "cuisine": "american;breakfast",
        "name": "First Watch",
        "official_name": "First Watch The Daytime Cafe"
      },
      "geometry": {
        "type": "Point",
        "coordinates": [
          -77.5101661,
          37.3764605
        ]
      },
      "id": "node/9767476392"
    },
    {
      "type": "Feature",
      "properties": {
        "@id": "node/9867065718",
        "addr:city": "Richmond",
        "addr:housenumber": "8621",
        "addr:postcode": "23229",
        "addr:state": "VA",
        "addr:street": "Quioccasin Road",
        "amenity": "restaurant",
        "branch": "Regency Square",
        "brand": "First Watch",
        "brand:wikidata": "Q5454064",
        "check_date": "2025-05-17",
        "contact:phone": "+1 804-250-8855",
        "contact:website": "https://firstwatch.com/locations/regency-square",
        "cuisine": "american;breakfast",
        "internet_access": "wlan",
        "name": "First Watch",
        "official_name": "First Watch The Daytime Cafe",
        "opening_hours": "Su-Sa 07:00-14:30",
        "opening_hours:signed": "yes",
        "outdoor_seating": "yes",
        "source:opening_hours": "entrance; website"
      },
      "geometry": {
        "type": "Point",
        "coordinates": [
          -77.5657633,
          37.6018553
        ]
      },
      "id": "node/9867065718"
    },
    {
      "type": "Feature",
      "properties": {
        "@id": "node/9892121915",
        "addr:city": "Highlands Ranch",
        "addr:housenumber": "9344",
        "addr:postcode": "80129",
        "addr:state": "CO",
        "addr:street": "Dorchester Street",
        "amenity": "restaurant",
        "brand": "First Watch",
        "brand:wikidata": "Q5454064",
        "cuisine": "american;breakfast",
        "name": "First Watch",
        "official_name": "First Watch The Daytime Cafe",
        "phone": "+1-303-346-8687",
        "website": "https://highlandscuisine.com/"
      },
      "geometry": {
        "type": "Point",
        "coordinates": [
          -104.99927,
          39.5475084
        ]
      },
      "id": "node/9892121915"
    },
    {
      "type": "Feature",
      "properties": {
        "@id": "node/10002969458",
        "amenity": "restaurant",
        "brand": "First Watch",
        "brand:wikidata": "Q5454064",
        "cuisine": "american;breakfast",
        "name": "First Watch",
        "official_name": "First Watch The Daytime Cafe"
      },
      "geometry": {
        "type": "Point",
        "coordinates": [
          -80.8416652,
          35.1520447
        ]
      },
      "id": "node/10002969458"
    },
    {
      "type": "Feature",
      "properties": {
        "@id": "node/10122766800",
        "amenity": "restaurant",
        "brand": "First Watch",
        "brand:wikidata": "Q5454064",
        "cuisine": "american;breakfast",
        "name": "First Watch",
        "official_name": "First Watch The Daytime Cafe"
      },
      "geometry": {
        "type": "Point",
        "coordinates": [
          -110.9873902,
          32.16366
        ]
      },
      "id": "node/10122766800"
    },
    {
      "type": "Feature",
      "properties": {
        "@id": "node/10129134256",
        "amenity": "restaurant",
        "brand": "First Watch",
        "brand:wikidata": "Q5454064",
        "cuisine": "american;breakfast",
        "name": "First Watch",
        "official_name": "First Watch The Daytime Cafe"
      },
      "geometry": {
        "type": "Point",
        "coordinates": [
          -84.17334,
          34.1541342
        ]
      },
      "id": "node/10129134256"
    },
    {
      "type": "Feature",
      "properties": {
        "@id": "node/10163919745",
        "air_conditioning": "yes",
        "amenity": "restaurant",
        "bar": "no",
        "brand": "First Watch",
        "brand:wikidata": "Q5454064",
        "cuisine": "american;breakfast",
        "delivery": "yes",
        "name": "First Watch",
        "official_name": "First Watch The Daytime Cafe",
        "outdoor_seating": "no",
        "takeaway": "yes"
      },
      "geometry": {
        "type": "Point",
        "coordinates": [
          -84.5113807,
          39.1041751
        ]
      },
      "id": "node/10163919745"
    },
    {
      "type": "Feature",
      "properties": {
        "@id": "node/10201035606",
        "addr:city": "Raleigh",
        "addr:housenumber": "631",
        "addr:postcode": "27609",
        "addr:state": "NC",
        "addr:street": "East Six Forks Road",
        "addr:unit": "100",
        "air_conditioning": "yes",
        "amenity": "restaurant",
        "brand": "First Watch",
        "brand:wikidata": "Q5454064",
        "cuisine": "american;breakfast",
        "name": "First Watch",
        "official_name": "First Watch The Daytime Cafe"
      },
      "geometry": {
        "type": "Point",
        "coordinates": [
          -78.6221912,
          35.8195119
        ]
      },
      "id": "node/10201035606"
    },
    {
      "type": "Feature",
      "properties": {
        "@id": "node/10239178904",
        "addr:city": "Oak Creek",
        "addr:floor": "1",
        "addr:housenumber": "120",
        "addr:postcode": "53154",
        "addr:state": "WI",
        "addr:street": "West Town Square Way",
        "addr:unit": "200",
        "amenity": "restaurant",
        "brand": "First Watch",
        "brand:wikidata": "Q5454064",
        "breakfast": "yes",
        "check_date": "2024-12-07",
        "contact:facebook": "https://www.facebook.com/FirstWatch/",
        "cuisine": "american;breakfast",
        "level": "0",
        "name": "First Watch",
        "official_name": "First Watch The Daytime Cafe",
        "opening_hours": "07:00-14:30",
        "payment:cash": "yes",
        "payment:credit_cards": "yes",
        "payment:debit_cards": "yes",
        "phone": "+1-414-409-1414",
        "toilets": "yes",
        "website": "https://firstwatch.com/locations/oak-creek/",
        "website:menu": "https://firstwatch.com/menu/",
        "wheelchair": "yes"
      },
      "geometry": {
        "type": "Point",
        "coordinates": [
          -87.9121974,
          42.8994485
        ]
      },
      "id": "node/10239178904"
    },
    {
      "type": "Feature",
      "properties": {
        "@id": "node/10288321652",
        "amenity": "restaurant",
        "brand": "First Watch",
        "brand:wikidata": "Q5454064",
        "check_date": "2024-01-13",
        "cuisine": "american;breakfast",
        "name": "First Watch",
        "official_name": "First Watch The Daytime Cafe",
        "opening_hours": "07:00-14:30"
      },
      "geometry": {
        "type": "Point",
        "coordinates": [
          -76.5446717,
          38.980564
        ]
      },
      "id": "node/10288321652"
    },
    {
      "type": "Feature",
      "properties": {
        "@id": "node/10301502812",
        "amenity": "restaurant",
        "brand": "First Watch",
        "brand:wikidata": "Q5454064",
        "cuisine": "american;breakfast",
        "name": "First Watch",
        "official_name": "First Watch The Daytime Cafe"
      },
      "geometry": {
        "type": "Point",
        "coordinates": [
          -79.9550786,
          37.2512901
        ]
      },
      "id": "node/10301502812"
    },
    {
      "type": "Feature",
      "properties": {
        "@id": "node/10710738880",
        "addr:city": "West Palm Beach",
        "addr:postcode": "33401",
        "addr:state": "FL",
        "amenity": "restaurant",
        "brand": "First Watch",
        "brand:wikidata": "Q5454064",
        "cuisine": "american;breakfast",
        "name": "First Watch",
        "official_name": "First Watch The Daytime Cafe",
        "opening_hours": "Mo-Th 10:00-20:00, Fr-Sa 10:00-21:00, Su 10:00-19:00",
        "phone": "+1-561-640-0884",
        "website": "https://www.tangeroutlet.com/palmbeach/maps#/profile?location=14998"
      },
      "geometry": {
        "type": "Point",
        "coordinates": [
          -80.0845987,
          26.7243827
        ]
      },
      "id": "node/10710738880"
    },
    {
      "type": "Feature",
      "properties": {
        "@id": "node/10722814137",
        "amenity": "restaurant",
        "brand": "First Watch",
        "brand:wikidata": "Q5454064",
        "cuisine": "american;breakfast",
        "name": "First Watch",
        "official_name": "First Watch The Daytime Cafe"
      },
      "geometry": {
        "type": "Point",
        "coordinates": [
          -84.3778841,
          39.3775289
        ]
      },
      "id": "node/10722814137"
    },
    {
      "type": "Feature",
      "properties": {
        "@id": "node/10746741949",
        "addr:city": "Tallahassee",
        "addr:country": "US",
        "addr:housenumber": "1415",
        "addr:postcode": "32312",
        "addr:state": "FL",
        "addr:street": "Timberlane Road",
        "addr:unit": "401",
        "air_conditioning": "yes",
        "amenity": "restaurant",
        "baby_feeding": "no",
        "bar": "no",
        "brand": "First Watch",
        "brand:wikidata": "Q5454064",
        "changing_table": "no",
        "cuisine": "american;breakfast",
        "highchair": "yes",
        "internet_access": "wlan",
        "internet_access:fee": "no",
        "name": "First Watch",
        "official_name": "First Watch The Daytime Cafe",
        "opening_hours": "07:00-14:30",
        "outdoor_seating": "yes",
        "phone": "+1 850-338-6749",
        "smoking": "no",
        "toilets": "yes",
        "toilets:access": "customers",
        "toilets:wheelchair": "designated",
        "website": "https://www.firstwatch.com/locations/timberlane/",
        "wheelchair": "yes"
      },
      "geometry": {
        "type": "Point",
        "coordinates": [
          -84.2540081,
          30.5043607
        ]
      },
      "id": "node/10746741949"
    },
    {
      "type": "Feature",
      "properties": {
        "@id": "node/10798127691",
        "addr:city": "Ann Arbor",
        "addr:housenumber": "3059",
        "addr:postcode": "48103",
        "addr:state": "MI",
        "addr:street": "Oak Valley Drive",
        "amenity": "restaurant",
        "brand": "First Watch",
        "brand:wikidata": "Q5454064",
        "cuisine": "american;breakfast",
        "name": "First Watch",
        "official_name": "First Watch The Daytime Cafe",
        "opening_hours": "Mo-Su 07:00-14:30",
        "phone": "+17348221959",
        "website": "https://www.firstwatch.com/locations/ann-arbor/"
      },
      "geometry": {
        "type": "Point",
        "coordinates": [
          -83.7689559,
          42.2423508
        ]
      },
      "id": "node/10798127691"
    },
    {
      "type": "Feature",
      "properties": {
        "@id": "node/10834008903",
        "addr:housenumber": "15311",
        "amenity": "restaurant",
        "brand": "First Watch",
        "brand:wikidata": "Q5454064",
        "cuisine": "american;breakfast",
        "description": "Breakfast. Brunch. Lunch",
        "name": "First Watch",
        "official_name": "First Watch The Daytime Cafe",
        "opening_hours": "Mo-Su 07:00-14:30"
      },
      "geometry": {
        "type": "Point",
        "coordinates": [
          -83.5109948,
          42.3945775
        ]
      },
      "id": "node/10834008903"
    },
    {
      "type": "Feature",
      "properties": {
        "@id": "node/10880142339",
        "amenity": "restaurant",
        "brand": "First Watch",
        "brand:wikidata": "Q5454064",
        "cuisine": "american;breakfast",
        "name": "First Watch",
        "official_name": "First Watch The Daytime Cafe"
      },
      "geometry": {
        "type": "Point",
        "coordinates": [
          -90.3476552,
          38.6282758
        ]
      },
      "id": "node/10880142339"
    },
    {
      "type": "Feature",
      "properties": {
        "@id": "node/10945262388",
        "amenity": "restaurant",
        "brand": "First Watch",
        "brand:wikidata": "Q5454064",
        "cuisine": "american;breakfast",
        "name": "First Watch",
        "official_name": "First Watch The Daytime Cafe"
      },
      "geometry": {
        "type": "Point",
        "coordinates": [
          -82.7411329,
          28.0919902
        ]
      },
      "id": "node/10945262388"
    },
    {
      "type": "Feature",
      "properties": {
        "@id": "node/10961921259",
        "amenity": "restaurant",
        "brand": "First Watch",
        "brand:wikidata": "Q5454064",
        "cuisine": "american;breakfast",
        "name": "First Watch",
        "official_name": "First Watch The Daytime Cafe"
      },
      "geometry": {
        "type": "Point",
        "coordinates": [
          -84.337885,
          33.9319985
        ]
      },
      "id": "node/10961921259"
    },
    {
      "type": "Feature",
      "properties": {
        "@id": "node/10969604144",
        "addr:city": "Towson",
        "addr:housenumber": "1238",
        "addr:postcode": "21286-5827",
        "addr:state": "MD",
        "addr:street": "Putty Hill Avenue",
        "amenity": "restaurant",
        "brand": "First Watch",
        "brand:wikidata": "Q5454064",
        "check_date": "2023-06-11",
        "cuisine": "american;breakfast",
        "name": "First Watch",
        "official_name": "First Watch The Daytime Cafe",
        "phone": "+1 443-901-4894",
        "website": "https://www.firstwatch.com/locations/towson/"
      },
      "geometry": {
        "type": "Point",
        "coordinates": [
          -76.583363,
          39.3938094
        ]
      },
      "id": "node/10969604144"
    },
    {
      "type": "Feature",
      "properties": {
        "@id": "node/10979342191",
        "addr:housenumber": "151",
        "addr:postcode": "17033",
        "addr:street": "West Chocolate Avenue",
        "addr:unit": "143",
        "amenity": "restaurant",
        "brand": "First Watch",
        "brand:wikidata": "Q5454064",
        "check_date": "2023-07-11",
        "cuisine": "american;breakfast",
        "name": "First Watch",
        "official_name": "First Watch The Daytime Cafe",
        "opening_hours": "07:00-14:30",
        "phone": "+1 717-500-2230",
        "website": "https://www.firstwatch.com/locations/hershey"
      },
      "geometry": {
        "type": "Point",
        "coordinates": [
          -76.6542208,
          40.2843087
        ]
      },
      "id": "node/10979342191"
    },
    {
      "type": "Feature",
      "properties": {
        "@id": "node/10985806810",
        "addr:city": "Avondale",
        "addr:housenumber": "10485",
        "addr:postcode": "85392",
        "addr:state": "AZ",
        "addr:street": "West McDowell Road",
        "amenity": "restaurant",
        "brand": "First Watch",
        "brand:wikidata": "Q5454064",
        "cuisine": "american;breakfast",
        "name": "First Watch",
        "official_name": "First Watch The Daytime Cafe"
      },
      "geometry": {
        "type": "Point",
        "coordinates": [
          -112.2863871,
          33.4640454
        ]
      },
      "id": "node/10985806810"
    },
    {
      "type": "Feature",
      "properties": {
        "@id": "node/11014298706",
        "addr:housenumber": "15289",
        "addr:postcode": "66062",
        "addr:street": "West 119th Street",
        "amenity": "restaurant",
        "brand": "First Watch",
        "brand:wikidata": "Q5454064",
        "cuisine": "american;breakfast",
        "name": "First Watch",
        "official_name": "First Watch The Daytime Cafe",
        "opening_hours": "Mo-Su 07:00-14:30",
        "phone": "+1 913-390-6072",
        "toilets": "yes",
        "website": "https://firstwatch.com",
        "website:menu": "https://firstwatch.com/menu/"
      },
      "geometry": {
        "type": "Point",
        "coordinates": [
          -94.7617781,
          38.9099636
        ]
      },
      "id": "node/11014298706"
    },
    {
      "type": "Feature",
      "properties": {
        "@id": "node/11015096536",
        "addr:city": "Saint Charles",
        "addr:housenumber": "1405",
        "addr:postcode": "63303",
        "addr:state": "MO",
        "addr:street": "Beale Street",
        "amenity": "restaurant",
        "brand": "First Watch",
        "brand:wikidata": "Q5454064",
        "cuisine": "american;breakfast",
        "name": "First Watch",
        "official_name": "First Watch The Daytime Cafe",
        "website": "https://www.firstwatch.com/"
      },
      "geometry": {
        "type": "Point",
        "coordinates": [
          -90.4934546,
          38.7674282
        ]
      },
      "id": "node/11015096536"
    },
    {
      "type": "Feature",
      "properties": {
        "@id": "node/11057377203",
        "amenity": "restaurant",
        "brand": "First Watch",
        "brand:wikidata": "Q5454064",
        "check_date": "2023-07-20",
        "cuisine": "american;breakfast",
        "name": "First Watch",
        "official_name": "First Watch The Daytime Cafe"
      },
      "geometry": {
        "type": "Point",
        "coordinates": [
          -86.4301545,
          30.3909194
        ]
      },
      "id": "node/11057377203"
    },
    {
      "type": "Feature",
      "properties": {
        "@id": "node/11072261946",
        "addr:city": "San Antonio",
        "addr:housenumber": "9110",
        "addr:postcode": "78249",
        "addr:state": "TX",
        "addr:street": "North Loop 1604 West",
        "addr:unit": "101",
        "amenity": "restaurant",
        "brand": "First Watch",
        "brand:wikidata": "Q5454064",
        "cuisine": "american;breakfast",
        "name": "First Watch",
        "official_name": "First Watch The Daytime Cafe",
        "opening_hours": "Mo-Su 07:00-14:30"
      },
      "geometry": {
        "type": "Point",
        "coordinates": [
          -98.6613944,
          29.5564691
        ]
      },
      "id": "node/11072261946"
    },
    {
      "type": "Feature",
      "properties": {
        "@id": "node/11115551990",
        "amenity": "restaurant",
        "brand": "First Watch",
        "brand:wikidata": "Q5454064",
        "cuisine": "american;breakfast",
        "name": "First Watch",
        "official_name": "First Watch The Daytime Cafe"
      },
      "geometry": {
        "type": "Point",
        "coordinates": [
          -112.1508324,
          33.610406
        ]
      },
      "id": "node/11115551990"
    },
    {
      "type": "Feature",
      "properties": {
        "@id": "node/11146617601",
        "addr:city": "Cary",
        "addr:housenumber": "137",
        "addr:postcode": "27513",
        "addr:state": "NC",
        "addr:street": "Weston Parkway",
        "amenity": "restaurant",
        "brand": "First Watch",
        "brand:wikidata": "Q5454064",
        "cuisine": "american;breakfast",
        "name": "First Watch",
        "official_name": "First Watch The Daytime Cafe",
        "opening_hours": "Mo-Su 07:00-14:30",
        "phone": "+1 919-874-5601",
        "website": "https://www.firstwatch.com"
      },
      "geometry": {
        "type": "Point",
        "coordinates": [
          -78.771126,
          35.8273052
        ]
      },
      "id": "node/11146617601"
    },
    {
      "type": "Feature",
      "properties": {
        "@id": "node/11180337474",
        "addr:housenumber": "2800",
        "addr:street": "Shawnee Mission Parkway",
        "amenity": "restaurant",
        "brand": "First Watch",
        "brand:wikidata": "Q5454064",
        "cuisine": "american;breakfast",
        "name": "First Watch",
        "official_name": "First Watch The Daytime Cafe"
      },
      "geometry": {
        "type": "Point",
        "coordinates": [
          -94.6180306,
          39.0335475
        ]
      },
      "id": "node/11180337474"
    },
    {
      "type": "Feature",
      "properties": {
        "@id": "node/11180401784",
        "addr:city": "Glendale",
        "addr:housenumber": "18255",
        "addr:postcode": "85308",
        "addr:state": "AZ",
        "addr:street": "North 83rd Avenue",
        "addr:unit": "A106",
        "amenity": "restaurant",
        "brand": "First Watch",
        "brand:wikidata": "Q5454064",
        "cuisine": "american;breakfast",
        "name": "First Watch",
        "official_name": "First Watch The Daytime Cafe",
        "source": "esri/USA_NAD_Addresses"
      },
      "geometry": {
        "type": "Point",
        "coordinates": [
          -112.2364706,
          33.6473853
        ]
      },
      "id": "node/11180401784"
    },
    {
      "type": "Feature",
      "properties": {
        "@id": "node/11244728142",
        "amenity": "restaurant",
        "brand": "First Watch",
        "brand:wikidata": "Q5454064",
        "cuisine": "american;breakfast",
        "name": "First Watch",
        "official_name": "First Watch The Daytime Cafe"
      },
      "geometry": {
        "type": "Point",
        "coordinates": [
          -95.5123476,
          29.9795807
        ]
      },
      "id": "node/11244728142"
    },
    {
      "type": "Feature",
      "properties": {
        "@id": "node/11265069694",
        "addr:city": "Atlanta",
        "addr:housenumber": "200",
        "addr:postcode": "30316",
        "addr:state": "GA",
        "addr:street": "Bill Kennedy Way",
        "addr:unit": "702",
        "amenity": "restaurant",
        "brand": "First Watch",
        "brand:wikidata": "Q5454064",
        "cuisine": "american;breakfast",
        "name": "First Watch",
        "official_name": "First Watch The Daytime Cafe",
        "opening_hours": "Mo-Su 06:00-14:30"
      },
      "geometry": {
        "type": "Point",
        "coordinates": [
          -84.3577879,
          33.7450542
        ]
      },
      "id": "node/11265069694"
    },
    {
      "type": "Feature",
      "properties": {
        "@id": "node/11270634921",
        "amenity": "restaurant",
        "brand": "First Watch",
        "brand:wikidata": "Q5454064",
        "cuisine": "american;breakfast",
        "name": "First Watch",
        "official_name": "First Watch The Daytime Cafe",
        "opening_hours": "Mo-Su 07:00-14:30"
      },
      "geometry": {
        "type": "Point",
        "coordinates": [
          -80.1637845,
          33.0322363
        ]
      },
      "id": "node/11270634921"
    },
    {
      "type": "Feature",
      "properties": {
        "@id": "node/11289746274",
        "addr:city": "Willoughby",
        "addr:housenumber": "36001",
        "addr:postcode": "44094",
        "addr:state": "OH",
        "addr:street": "Euclid Avenue",
        "addr:unit": "1",
        "amenity": "restaurant",
        "brand": "First Watch",
        "brand:wikidata": "Q5454064",
        "cuisine": "american;breakfast",
        "name": "First Watch",
        "official_name": "First Watch The Daytime Cafe",
        "opening_hours": "Su-Sa 07:00-14:30",
        "website": "https://www.firstwatch.com/locations/willoughby"
      },
      "geometry": {
        "type": "Point",
        "coordinates": [
          -81.4324468,
          41.6270357
        ]
      },
      "id": "node/11289746274"
    },
    {
      "type": "Feature",
      "properties": {
        "@id": "node/11302261956",
        "addr:housenumber": "14051",
        "addr:street": "FM 2920",
        "air_conditioning": "yes",
        "amenity": "restaurant",
        "brand": "First Watch",
        "brand:wikidata": "Q5454064",
        "check_date": "2024-06-08",
        "cuisine": "american;breakfast",
        "internet_access": "wlan",
        "internet_access:fee": "no",
        "name": "First Watch",
        "official_name": "First Watch The Daytime Cafe",
        "payment:american_express": "yes",
        "payment:cash": "yes",
        "payment:discover_card": "yes",
        "payment:mastercard": "yes",
        "payment:visa": "yes",
        "wheelchair": "yes"
      },
      "geometry": {
        "type": "Point",
        "coordinates": [
          -95.6333447,
          30.0886068
        ]
      },
      "id": "node/11302261956"
    },
    {
      "type": "Feature",
      "properties": {
        "@id": "node/11396342058",
        "amenity": "restaurant",
        "brand": "First Watch",
        "brand:wikidata": "Q5454064",
        "cuisine": "american;breakfast",
        "name": "First Watch",
        "official_name": "First Watch The Daytime Cafe"
      },
      "geometry": {
        "type": "Point",
        "coordinates": [
          -84.6367936,
          39.1675155
        ]
      },
      "id": "node/11396342058"
    },
    {
      "type": "Feature",
      "properties": {
        "@id": "node/11396623527",
        "amenity": "restaurant",
        "brand": "First Watch",
        "brand:wikidata": "Q5454064",
        "cuisine": "american;breakfast",
        "name": "First Watch",
        "official_name": "First Watch The Daytime Cafe"
      },
      "geometry": {
        "type": "Point",
        "coordinates": [
          -82.0797577,
          33.496125
        ]
      },
      "id": "node/11396623527"
    },
    {
      "type": "Feature",
      "properties": {
        "@id": "node/11396905761",
        "addr:city": "Orange Village",
        "addr:housenumber": "400",
        "addr:postcode": "44122",
        "addr:state": "OH",
        "addr:street": "Park Avenue",
        "addr:unit": "190",
        "amenity": "restaurant",
        "brand": "First Watch",
        "brand:wikidata": "Q5454064",
        "cuisine": "american;breakfast",
        "name": "First Watch",
        "official_name": "First Watch The Daytime Cafe"
      },
      "geometry": {
        "type": "Point",
        "coordinates": [
          -81.4860418,
          41.4511556
        ]
      },
      "id": "node/11396905761"
    },
    {
      "type": "Feature",
      "properties": {
        "@id": "node/11491128523",
        "addr:city": "Papillion",
        "addr:housenumber": "304",
        "addr:postcode": "68046",
        "addr:state": "NE",
        "addr:street": "Olson Drive",
        "addr:unit": "117",
        "amenity": "restaurant",
        "brand": "First Watch",
        "brand:wikidata": "Q5454064",
        "cuisine": "american;breakfast",
        "name": "First Watch",
        "official_name": "First Watch The Daytime Cafe"
      },
      "geometry": {
        "type": "Point",
        "coordinates": [
          -96.0405038,
          41.1393368
        ]
      },
      "id": "node/11491128523"
    },
    {
      "type": "Feature",
      "properties": {
        "@id": "node/11517772012",
        "amenity": "restaurant",
        "brand": "First Watch",
        "brand:wikidata": "Q5454064",
        "cuisine": "american;breakfast",
        "name": "First Watch",
        "official_name": "First Watch The Daytime Cafe"
      },
      "geometry": {
        "type": "Point",
        "coordinates": [
          -111.5986614,
          33.3888032
        ]
      },
      "id": "node/11517772012"
    },
    {
      "type": "Feature",
      "properties": {
        "@id": "node/11592560642",
        "amenity": "restaurant",
        "brand": "First Watch",
        "brand:wikidata": "Q5454064",
        "cuisine": "american;breakfast",
        "name": "First Watch",
        "official_name": "First Watch The Daytime Cafe"
      },
      "geometry": {
        "type": "Point",
        "coordinates": [
          -79.2290427,
          37.3500481
        ]
      },
      "id": "node/11592560642"
    },
    {
      "type": "Feature",
      "properties": {
        "@id": "node/11608612603",
        "addr:housenumber": "11495",
        "addr:street": "Shawan Road",
        "addr:unit": "A",
        "amenity": "restaurant",
        "brand": "First Watch",
        "brand:wikidata": "Q5454064",
        "check_date": "2024-07-02",
        "cuisine": "american;breakfast",
        "name": "First Watch",
        "official_name": "First Watch The Daytime Cafe",
        "wheelchair": "yes"
      },
      "geometry": {
        "type": "Point",
        "coordinates": [
          -76.6588956,
          39.4973865
        ]
      },
      "id": "node/11608612603"
    },
    {
      "type": "Feature",
      "properties": {
        "@id": "node/11663561969",
        "amenity": "restaurant",
        "brand": "First Watch",
        "brand:wikidata": "Q5454064",
        "cuisine": "american;breakfast",
        "name": "First Watch",
        "official_name": "First Watch The Daytime Cafe"
      },
      "geometry": {
        "type": "Point",
        "coordinates": [
          -81.7202274,
          26.2720444
        ]
      },
      "id": "node/11663561969"
    },
    {
      "type": "Feature",
      "properties": {
        "@id": "node/11999821754",
        "addr:city": "Charlottesville",
        "addr:housenumber": "1114",
        "addr:postcode": "22903-4841",
        "addr:state": "VA",
        "addr:street": "Emmet Street North",
        "addr:unit": "B",
        "amenity": "restaurant",
        "brand": "First Watch",
        "brand:wikidata": "Q5454064",
        "cuisine": "american;breakfast",
        "name": "First Watch",
        "official_name": "First Watch The Daytime Cafe",
        "opening_hours": "Mo-Su 07:00-14:30",
        "phone": "+1-434-202-5383",
        "source": "esri_Virginia",
        "website": "https://firstwatch.com/locations/barracks/"
      },
      "geometry": {
        "type": "Point",
        "coordinates": [
          -78.501314,
          38.051382
        ]
      },
      "id": "node/11999821754"
    },
    {
      "type": "Feature",
      "properties": {
        "@id": "node/12035001232",
        "amenity": "restaurant",
        "brand": "First Watch",
        "brand:wikidata": "Q5454064",
        "cuisine": "american;breakfast",
        "name": "First Watch",
        "official_name": "First Watch The Daytime Cafe"
      },
      "geometry": {
        "type": "Point",
        "coordinates": [
          -75.7352919,
          39.679112
        ]
      },
      "id": "node/12035001232"
    },
    {
      "type": "Feature",
      "properties": {
        "@id": "node/12056330614",
        "addr:city": "Chandler",
        "addr:housenumber": "4910",
        "addr:postcode": "85226",
        "addr:state": "AZ",
        "addr:street": "West Ray Road",
        "addr:unit": "5",
        "amenity": "restaurant",
        "brand": "First Watch",
        "brand:wikidata": "Q5454064",
        "cuisine": "american;breakfast",
        "name": "First Watch",
        "official_name": "First Watch The Daytime Cafe"
      },
      "geometry": {
        "type": "Point",
        "coordinates": [
          -111.9266246,
          33.3204717
        ]
      },
      "id": "node/12056330614"
    },
    {
      "type": "Feature",
      "properties": {
        "@id": "node/12080615869",
        "amenity": "restaurant",
        "brand": "First Watch",
        "brand:wikidata": "Q5454064",
        "cuisine": "american;breakfast",
        "name": "First Watch",
        "official_name": "First Watch The Daytime Cafe"
      },
      "geometry": {
        "type": "Point",
        "coordinates": [
          -96.0230662,
          41.2468272
        ]
      },
      "id": "node/12080615869"
    },
    {
      "type": "Feature",
      "properties": {
        "@id": "node/12089811769",
        "addr:city": "Kirkwood",
        "addr:housenumber": "491",
        "addr:postcode": "63122",
        "addr:state": "MO",
        "addr:street": "South Kirkwood Road",
        "amenity": "restaurant",
        "brand": "First Watch",
        "brand:wikidata": "Q5454064",
        "cuisine": "american;breakfast",
        "name": "First Watch",
        "official_name": "First Watch The Daytime Cafe",
        "opening_hours": "Mo-Su 07:00-14:30",
        "phone": "+1 314-909-7271",
        "website": "https://firstwatch.com/",
        "website:menu": "https://firstwatch.com/menu/?corp_id=72"
      },
      "geometry": {
        "type": "Point",
        "coordinates": [
          -90.4070039,
          38.5745221
        ]
      },
      "id": "node/12089811769"
    },
    {
      "type": "Feature",
      "properties": {
        "@id": "node/12135255337",
        "addr:city": "Des Plaines",
        "addr:housenumber": "2841",
        "addr:postcode": "60018",
        "addr:state": "IL",
        "addr:street": "Mannheim Road",
        "amenity": "restaurant",
        "branch": "Des Plaines",
        "brand": "First Watch",
        "brand:wikidata": "Q5454064",
        "cuisine": "american;breakfast",
        "name": "First Watch",
        "official_name": "First Watch The Daytime Cafe"
      },
      "geometry": {
        "type": "Point",
        "coordinates": [
          -87.8836436,
          42.0017315
        ]
      },
      "id": "node/12135255337"
    },
    {
      "type": "Feature",
      "properties": {
        "@id": "node/12148118325",
        "amenity": "restaurant",
        "brand": "First Watch",
        "brand:wikidata": "Q5454064",
        "cuisine": "american;breakfast",
        "indoor_seating": "yes",
        "name": "First Watch",
        "official_name": "First Watch The Daytime Cafe",
        "outdoor_seating": "yes"
      },
      "geometry": {
        "type": "Point",
        "coordinates": [
          -86.1091144,
          39.9108774
        ]
      },
      "id": "node/12148118325"
    },
    {
      "type": "Feature",
      "properties": {
        "@id": "node/12174028606",
        "addr:city": "Bradenton",
        "addr:housenumber": "14475",
        "addr:postcode": "34202",
        "addr:state": "FL",
        "addr:street": "SR 70",
        "amenity": "restaurant",
        "brand": "First Watch",
        "brand:wikidata": "Q5454064",
        "cuisine": "american;breakfast",
        "name": "First Watch",
        "official_name": "First Watch The Daytime Cafe",
        "website": "https://firstwatch.com/locations/sr-70-lorraine-rd/"
      },
      "geometry": {
        "type": "Point",
        "coordinates": [
          -82.3958236,
          27.4325686
        ]
      },
      "id": "node/12174028606"
    },
    {
      "type": "Feature",
      "properties": {
        "@id": "node/12193582212",
        "addr:floor": "G;1",
        "addr:housenumber": "3460",
        "addr:street": "Sandy Plains Road",
        "addr:unit": "130",
        "amenity": "restaurant",
        "brand": "First Watch",
        "brand:wikidata": "Q5454064",
        "check_date": "2025-07-14",
        "cuisine": "american;breakfast",
        "diet:gluten_free": "yes",
        "diet:vegan": "limited",
        "diet:vegetarian": "limited",
        "level": "0;1",
        "name": "First Watch",
        "official_name": "First Watch The Daytime Cafe",
        "opening_hours": "07:00-14:30",
        "payment:cash": "yes",
        "payment:credit_cards": "yes",
        "payment:debit_cards": "yes",
        "phone": "+1 770-637-5661",
        "website": "https://firstwatch.com/locations/sandy-plains",
        "wheelchair": "yes"
      },
      "geometry": {
        "type": "Point",
        "coordinates": [
          -84.4636459,
          34.0345052
        ]
      },
      "id": "node/12193582212"
    },
    {
      "type": "Feature",
      "properties": {
        "@id": "node/12228168701",
        "addr:postcode": "23188",
        "amenity": "restaurant",
        "brand": "First Watch",
        "brand:wikidata": "Q5454064",
        "cuisine": "american;breakfast",
        "name": "First Watch",
        "official_name": "First Watch The Daytime Cafe",
        "opening_hours": "Mo-Su 07:30-14:30"
      },
      "geometry": {
        "type": "Point",
        "coordinates": [
          -76.7412536,
          37.2765817
        ]
      },
      "id": "node/12228168701"
    },
    {
      "type": "Feature",
      "properties": {
        "@id": "node/12230268690",
        "addr:city": "Geneva",
        "addr:housenumber": "1702",
        "addr:postcode": "60134",
        "addr:state": "IL",
        "addr:street": "Commons Drive",
        "amenity": "restaurant",
        "brand": "First Watch",
        "brand:wikidata": "Q5454064",
        "cuisine": "american;breakfast",
        "name": "First Watch",
        "official_name": "First Watch The Daytime Cafe",
        "opening_hours": "Mo-Su 07:00-14:30",
        "source": "esri/USA_NAD_Addresses",
        "website": "https://firstwatch.com/locations/geneva/"
      },
      "geometry": {
        "type": "Point",
        "coordinates": [
          -88.3412917,
          41.8917827
        ]
      },
      "id": "node/12230268690"
    },
    {
      "type": "Feature",
      "properties": {
        "@id": "node/12270023201",
        "addr:city": "Westminster",
        "addr:housenumber": "255",
        "addr:postcode": "21157",
        "addr:state": "MD",
        "addr:street": "Baltimore Boulevard",
        "amenity": "restaurant",
        "branch": "Westminster Station",
        "brand": "First Watch",
        "brand:wikidata": "Q5454064",
        "check_date": "2025-09-14",
        "cuisine": "american;breakfast",
        "name": "First Watch",
        "official_name": "First Watch The Daytime Cafe",
        "opening_hours": "07:00-14:30",
        "phone": "+1 667-314-0248",
        "website": "https://firstwatch.com/locations/westminster-station",
        "website:menu": "https://fw-menus.s3.us-east-1.amazonaws.com/August+Core+2025+Menus/FWR0525_Aug25Menu_ADA_8.5R.pdf"
      },
      "geometry": {
        "type": "Point",
        "coordinates": [
          -76.9863598,
          39.5766022
        ]
      },
      "id": "node/12270023201"
    },
    {
      "type": "Feature",
      "properties": {
        "@id": "node/12305670642",
        "addr:city": "Charlotte",
        "addr:housenumber": "13743",
        "addr:postcode": "28277",
        "addr:state": "NC",
        "addr:street": "Conlan Circle",
        "amenity": "restaurant",
        "brand": "First Watch",
        "brand:wikidata": "Q5454064",
        "cuisine": "american;breakfast",
        "name": "First Watch",
        "official_name": "First Watch The Daytime Cafe",
        "opening_hours": "Mo-Su 07:00-14:30",
        "phone": "+1-704-684-1883",
        "source": "esri/USA_NAD_Addresses",
        "website": "https://firstwatch.com/locations/ballantyne/"
      },
      "geometry": {
        "type": "Point",
        "coordinates": [
          -80.8505581,
          35.0568968
        ]
      },
      "id": "node/12305670642"
    },
    {
      "type": "Feature",
      "properties": {
        "@id": "node/12313718851",
        "amenity": "restaurant",
        "brand": "First Watch",
        "brand:wikidata": "Q5454064",
        "cuisine": "american;breakfast",
        "name": "First Watch",
        "official_name": "First Watch The Daytime Cafe"
      },
      "geometry": {
        "type": "Point",
        "coordinates": [
          -92.3726188,
          38.9609702
        ]
      },
      "id": "node/12313718851"
    },
    {
      "type": "Feature",
      "properties": {
        "@id": "node/12335403042",
        "amenity": "restaurant",
        "brand": "First Watch",
        "brand:wikidata": "Q5454064",
        "cuisine": "american;breakfast",
        "name": "First Watch",
        "official_name": "First Watch The Daytime Cafe",
        "opening_hours": "Mo-Su 07:00-14:30"
      },
      "geometry": {
        "type": "Point",
        "coordinates": [
          -90.3592488,
          38.6734723
        ]
      },
      "id": "node/12335403042"
    },
    {
      "type": "Feature",
      "properties": {
        "@id": "node/12341436812",
        "addr:city": "Virginia Beach",
        "addr:housenumber": "2850",
        "addr:postcode": "23452",
        "addr:state": "VA",
        "addr:street": "Virginia Beach Boulevard",
        "addr:unit": "104",
        "amenity": "restaurant",
        "brand": "First Watch",
        "brand:wikidata": "Q5454064",
        "cuisine": "american;breakfast",
        "name": "First Watch",
        "official_name": "First Watch The Daytime Cafe",
        "opening_hours": "Mo-Su 07:00-14:30",
        "phone": "+1-757-500-8070",
        "source": "esri/USA_NAD_Addresses",
        "website": "https://firstwatch.com/locations/lynnhaven/"
      },
      "geometry": {
        "type": "Point",
        "coordinates": [
          -76.0705099,
          36.844443
        ]
      },
      "id": "node/12341436812"
    },
    {
      "type": "Feature",
      "properties": {
        "@id": "node/12351054797",
        "addr:city": "Lenexa",
        "addr:housenumber": "12242",
        "addr:postcode": "66215",
        "addr:state": "KS",
        "addr:street": "West 95th Street",
        "amenity": "restaurant",
        "brand": "First Watch",
        "brand:wikidata": "Q5454064",
        "cuisine": "american;breakfast",
        "name": "First Watch",
        "official_name": "First Watch The Daytime Cafe",
        "phone": "+1-913-348-7482",
        "website": "https://firstwatch.com/locations/quivira"
      },
      "geometry": {
        "type": "Point",
        "coordinates": [
          -94.7277978,
          38.9569261
        ]
      },
      "id": "node/12351054797"
    },
    {
      "type": "Feature",
      "properties": {
        "@id": "node/12390933562",
        "amenity": "restaurant",
        "brand": "First Watch",
        "brand:wikidata": "Q5454064",
        "cuisine": "american;breakfast",
        "name": "First Watch",
        "official_name": "First Watch The Daytime Cafe"
      },
      "geometry": {
        "type": "Point",
        "coordinates": [
          -81.8006427,
          26.20264
        ]
      },
      "id": "node/12390933562"
    },
    {
      "type": "Feature",
      "properties": {
        "@id": "node/12486978475",
        "addr:city": "Boynton Beach",
        "addr:housenumber": "1880",
        "addr:postcode": "33426",
        "addr:state": "FL",
        "addr:street": "North Congress Avenue",
        "addr:unit": "170",
        "amenity": "restaurant",
        "brand": "First Watch",
        "brand:wikidata": "Q5454064",
        "cuisine": "american;breakfast",
        "name": "First Watch",
        "official_name": "First Watch The Daytime Cafe",
        "opening_hours": "07:00-14:30",
        "phone": "+1 561-830-3155",
        "website": "https://firstwatch.com/locations/boynton-beach"
      },
      "geometry": {
        "type": "Point",
        "coordinates": [
          -80.0894226,
          26.5460058
        ]
      },
      "id": "node/12486978475"
    },
    {
      "type": "Feature",
      "properties": {
        "@id": "node/12488259052",
        "addr:city": "Plano",
        "addr:housenumber": "3131",
        "addr:postcode": "75075",
        "addr:state": "TX",
        "addr:street": "Custer Road",
        "addr:unit": "170",
        "amenity": "restaurant",
        "brand": "First Watch",
        "brand:wikidata": "Q5454064",
        "cuisine": "american;breakfast",
        "name": "First Watch",
        "official_name": "First Watch The Daytime Cafe",
        "opening_hours": "Mo-Su 07:00-14:30",
        "phone": "+1 972-312-8828",
        "website": "https://firstwatch.com/locations/plano"
      },
      "geometry": {
        "type": "Point",
        "coordinates": [
          -96.7338675,
          33.039968
        ]
      },
      "id": "node/12488259052"
    },
    {
      "type": "Feature",
      "properties": {
        "@id": "node/12544315526",
        "addr:city": "Murrysville",
        "addr:housenumber": "204",
        "addr:postcode": "15668",
        "addr:state": "PA",
        "addr:street": "Blue Spruce Way",
        "amenity": "restaurant",
        "brand": "First Watch",
        "brand:wikidata": "Q5454064",
        "cuisine": "american;breakfast",
        "name": "First Watch",
        "official_name": "First Watch The Daytime Cafe"
      },
      "geometry": {
        "type": "Point",
        "coordinates": [
          -79.6999922,
          40.4276232
        ]
      },
      "id": "node/12544315526"
    },
    {
      "type": "Feature",
      "properties": {
        "@id": "node/12602237884",
        "addr:city": "Mansfield",
        "addr:housenumber": "1695",
        "addr:postcode": "76063",
        "addr:state": "TX",
        "addr:street": "East Broad Street",
        "addr:unit": "111",
        "amenity": "restaurant",
        "brand": "First Watch",
        "brand:wikidata": "Q5454064",
        "cuisine": "american;breakfast",
        "name": "First Watch",
        "official_name": "First Watch The Daytime Cafe",
        "opening_hours": "Mo-Su 07:00-14:30"
      },
      "geometry": {
        "type": "Point",
        "coordinates": [
          -97.1133505,
          32.5700497
        ]
      },
      "id": "node/12602237884"
    },
    {
      "type": "Feature",
      "properties": {
        "@id": "node/12616036892",
        "amenity": "restaurant",
        "brand": "First Watch",
        "brand:wikidata": "Q5454064",
        "cuisine": "american;breakfast",
        "name": "First Watch",
        "official_name": "First Watch The Daytime Cafe"
      },
      "geometry": {
        "type": "Point",
        "coordinates": [
          -80.6327029,
          41.0237613
        ]
      },
      "id": "node/12616036892"
    },
    {
      "type": "Feature",
      "properties": {
        "@id": "node/12646479846",
        "addr:city": "Silver Spring",
        "addr:housenumber": "12301",
        "addr:postcode": "20904-1613",
        "addr:state": "MD",
        "addr:street": "Prosperity Drive",
        "amenity": "restaurant",
        "brand": "First Watch",
        "brand:wikidata": "Q5454064",
        "cuisine": "american;breakfast",
        "name": "First Watch",
        "official_name": "First Watch The Daytime Cafe",
        "phone": "+1 240-670-1589",
        "website": "https://www.firstwatch.com/locations/white-oak/"
      },
      "geometry": {
        "type": "Point",
        "coordinates": [
          -76.9702555,
          39.0556193
        ]
      },
      "id": "node/12646479846"
    },
    {
      "type": "Feature",
      "properties": {
        "@id": "node/12650199301",
        "addr:housenumber": "1775",
        "addr:postcode": "02339",
        "addr:street": "Washington Street",
        "amenity": "restaurant",
        "brand": "First Watch",
        "brand:wikidata": "Q5454064",
        "cuisine": "american;breakfast",
        "name": "First Watch",
        "official_name": "First Watch The Daytime Cafe",
        "website": "https://firstwatch.com/"
      },
      "geometry": {
        "type": "Point",
        "coordinates": [
          -70.8423792,
          42.1452206
        ]
      },
      "id": "node/12650199301"
    },
    {
      "type": "Feature",
      "properties": {
        "@id": "node/12657190667",
        "amenity": "restaurant",
        "brand": "First Watch",
        "brand:wikidata": "Q5454064",
        "cuisine": "american;breakfast",
        "name": "First Watch",
        "official_name": "First Watch The Daytime Cafe"
      },
      "geometry": {
        "type": "Point",
        "coordinates": [
          -76.7873572,
          39.4049147
        ]
      },
      "id": "node/12657190667"
    },
    {
      "type": "Feature",
      "properties": {
        "@id": "node/12719348465",
        "amenity": "restaurant",
        "brand": "First Watch",
        "brand:wikidata": "Q5454064",
        "cuisine": "american;breakfast",
        "name": "First Watch",
        "official_name": "First Watch The Daytime Cafe"
      },
      "geometry": {
        "type": "Point",
        "coordinates": [
          -96.1396462,
          41.2601833
        ]
      },
      "id": "node/12719348465"
    },
    {
      "type": "Feature",
      "properties": {
        "@id": "node/12856682400",
        "addr:city": "Clermont",
        "addr:housenumber": "1600",
        "addr:postcode": "34711",
        "addr:state": "FL",
        "addr:street": "Hancock Road",
        "addr:unit": "105",
        "amenity": "restaurant",
        "brand": "First Watch",
        "brand:wikidata": "Q5454064",
        "cuisine": "american;breakfast",
        "name": "First Watch",
        "official_name": "First Watch The Daytime Cafe",
        "opening_hours": "Mo-Su 07:00-14:30",
        "phone": "+1-352-432-8851",
        "website": "https://firstwatch.com/locations/clermont"
      },
      "geometry": {
        "type": "Point",
        "coordinates": [
          -81.707602,
          28.5461219
        ]
      },
      "id": "node/12856682400"
    },
    {
      "type": "Feature",
      "properties": {
        "@id": "node/12897797412",
        "addr:city": "Knoxville",
        "addr:housenumber": "111",
        "addr:postcode": "37934",
        "addr:state": "TN",
        "addr:street": "Lovell Road",
        "amenity": "restaurant",
        "brand": "First Watch",
        "brand:wikidata": "Q5454064",
        "cuisine": "american;breakfast",
        "name": "First Watch",
        "official_name": "First Watch The Daytime Cafe",
        "opening_hours": "Mo-Su 07:00-14:30"
      },
      "geometry": {
        "type": "Point",
        "coordinates": [
          -84.1393246,
          35.8964106
        ]
      },
      "id": "node/12897797412"
    },
    {
      "type": "Feature",
      "properties": {
        "@id": "node/12898157261",
        "addr:city": "Knoxville",
        "addr:housenumber": "11682",
        "addr:postcode": "37934",
        "addr:state": "TN",
        "addr:street": "Parkside Drive",
        "amenity": "restaurant",
        "brand": "First Watch",
        "brand:wikidata": "Q5454064",
        "check_date": "2026-05-27",
        "check_date:opening_hours": "2026-05-27",
        "cuisine": "american;breakfast",
        "name": "First Watch",
        "official_name": "First Watch The Daytime Cafe",
        "opening_hours": "Mo-Su 07:00-14:30",
        "phone": "+1-865-675-3447",
        "website": "https://firstwatch.com/locations/turkey-creek"
      },
      "geometry": {
        "type": "Point",
        "coordinates": [
          -84.1711312,
          35.8928351
        ]
      },
      "id": "node/12898157261"
    },
    {
      "type": "Feature",
      "properties": {
        "@id": "node/13039661433",
        "amenity": "restaurant",
        "brand": "First Watch",
        "brand:wikidata": "Q5454064",
        "cuisine": "american;breakfast",
        "name": "First Watch",
        "official_name": "First Watch The Daytime Cafe"
      },
      "geometry": {
        "type": "Point",
        "coordinates": [
          -95.8489741,
          29.7184813
        ]
      },
      "id": "node/13039661433"
    },
    {
      "type": "Feature",
      "properties": {
        "@id": "node/13040315107",
        "amenity": "restaurant",
        "brand": "First Watch",
        "brand:wikidata": "Q5454064",
        "cuisine": "american;breakfast",
        "level": "1",
        "name": "First Watch",
        "official_name": "First Watch The Daytime Cafe"
      },
      "geometry": {
        "type": "Point",
        "coordinates": [
          -95.3882359,
          29.7748647
        ]
      },
      "id": "node/13040315107"
    },
    {
      "type": "Feature",
      "properties": {
        "@id": "node/13096236503",
        "addr:city": "Falls Church",
        "addr:housenumber": "5880",
        "addr:postcode": "22041",
        "addr:state": "VA",
        "addr:street": "Crossroads Center Way",
        "amenity": "restaurant",
        "brand": "First Watch",
        "brand:wikidata": "Q5454064",
        "cuisine": "american;breakfast",
        "name": "First Watch",
        "official_name": "First Watch The Daytime Cafe",
        "opening_hours": "Mo-Su 07:00-14:30"
      },
      "geometry": {
        "type": "Point",
        "coordinates": [
          -77.1320565,
          38.8524475
        ]
      },
      "id": "node/13096236503"
    },
    {
      "type": "Feature",
      "properties": {
        "@id": "node/13099084751",
        "addr:city": "Austin",
        "addr:housenumber": "3500",
        "addr:postcode": "78754",
        "addr:state": "TX",
        "addr:street": "East Parmer Lane",
        "addr:unit": "10140",
        "amenity": "restaurant",
        "brand": "First Watch",
        "brand:wikidata": "Q5454064",
        "cuisine": "american;breakfast",
        "name": "First Watch",
        "official_name": "First Watch The Daytime Cafe",
        "website": "https://firstwatch.com/locations/east-village"
      },
      "geometry": {
        "type": "Point",
        "coordinates": [
          -97.6309039,
          30.3763351
        ]
      },
      "id": "node/13099084751"
    },
    {
      "type": "Feature",
      "properties": {
        "@id": "node/13114771912",
        "addr:housenumber": "700",
        "addr:street": "Pembroke Road",
        "amenity": "restaurant",
        "brand": "First Watch",
        "brand:wikidata": "Q5454064",
        "check_date": "2025-09-13",
        "cuisine": "american;breakfast",
        "name": "First Watch",
        "official_name": "First Watch The Daytime Cafe",
        "opening_hours": "07:00-14:30",
        "phone": "+1-336-271-7149",
        "website": "https://firstwatch.com/locations/friendly-center"
      },
      "geometry": {
        "type": "Point",
        "coordinates": [
          -79.8324836,
          36.0866017
        ]
      },
      "id": "node/13114771912"
    },
    {
      "type": "Feature",
      "properties": {
        "@id": "node/13140202713",
        "addr:city": "King of Prussia",
        "addr:housenumber": "127",
        "addr:postcode": "19406",
        "addr:state": "PA",
        "addr:street": "South Gulph Road",
        "addr:unit": "100",
        "amenity": "restaurant",
        "brand": "First Watch",
        "brand:wikidata": "Q5454064",
        "check_date": "2025-09-12",
        "cuisine": "american;breakfast",
        "name": "First Watch",
        "official_name": "First Watch The Daytime Cafe",
        "opening_hours": "07:00-14:30",
        "phone": "+1 267-289-7147",
        "website": "https://firstwatch.com/locations/king-prussia",
        "website:menu": "https://firstwatch.com/menu?corp_id=1024&verison=reduced"
      },
      "geometry": {
        "type": "Point",
        "coordinates": [
          -75.388354,
          40.0844537
        ]
      },
      "id": "node/13140202713"
    },
    {
      "type": "Feature",
      "properties": {
        "@id": "node/13179116360",
        "addr:floor": "G",
        "addr:housenumber": "461;459",
        "addr:street": "North Solomons Island Road",
        "amenity": "restaurant",
        "brand": "First Watch",
        "brand:wikidata": "Q5454064",
        "check_date": "2025-12-10",
        "cuisine": "american;breakfast",
        "entrance": "yes",
        "level": "0",
        "name": "First Watch",
        "official_name": "First Watch The Daytime Cafe",
        "opening_hours": "07:00-14:30"
      },
      "geometry": {
        "type": "Point",
        "coordinates": [
          -76.5907564,
          38.5492173
        ]
      },
      "id": "node/13179116360"
    },
    {
      "type": "Feature",
      "properties": {
        "@id": "node/13231726101",
        "addr:city": "North Las Vegas",
        "addr:housenumber": "1020",
        "addr:postcode": "89081",
        "addr:state": "NV",
        "addr:street": "East Craig Road",
        "air_conditioning": "yes",
        "amenity": "restaurant",
        "brand": "First Watch",
        "brand:wikidata": "Q5454064",
        "changing_table": "yes",
        "cuisine": "american;breakfast",
        "diet:vegetarian": "yes",
        "internet_access": "wlan",
        "level": "0",
        "name": "First Watch",
        "official_name": "First Watch The Daytime Cafe",
        "opening_hours": "Mo-Su 07:00-14:30",
        "payment:cash": "yes",
        "payment:credit_cards": "yes",
        "payment:debit_cards": "yes",
        "phone": "+1 702-758-7530",
        "self_service": "no",
        "smoking": "no",
        "toilets": "yes",
        "toilets:wheelchair": "yes",
        "website": "https://firstwatch.com",
        "wheelchair": "limited"
      },
      "geometry": {
        "type": "Point",
        "coordinates": [
          -115.1285761,
          36.2401507
        ]
      },
      "id": "node/13231726101"
    },
    {
      "type": "Feature",
      "properties": {
        "@id": "node/13237220579",
        "amenity": "restaurant",
        "brand": "First Watch",
        "brand:wikidata": "Q5454064",
        "cuisine": "american;breakfast",
        "name": "First Watch",
        "official_name": "First Watch The Daytime Cafe"
      },
      "geometry": {
        "type": "Point",
        "coordinates": [
          -81.6860237,
          26.1111927
        ]
      },
      "id": "node/13237220579"
    },
    {
      "type": "Feature",
      "properties": {
        "@id": "node/13265949839",
        "addr:city": "Dallas",
        "addr:housenumber": "11661",
        "addr:postcode": "75230",
        "addr:state": "TX",
        "addr:street": "Preston Road",
        "addr:unit": "127",
        "amenity": "restaurant",
        "brand": "First Watch",
        "brand:wikidata": "Q5454064",
        "check_date": "2025-10-28",
        "cuisine": "american;breakfast",
        "internet_access": "wlan",
        "internet_access:fee": "customers",
        "name": "First Watch",
        "official_name": "First Watch The Daytime Cafe",
        "opening_hours": "07:00-14:30",
        "phone": "+1-214-628-4041",
        "website": "https://firstwatch.com/locations/preston-forest"
      },
      "geometry": {
        "type": "Point",
        "coordinates": [
          -96.8050747,
          32.9073451
        ]
      },
      "id": "node/13265949839"
    },
    {
      "type": "Feature",
      "properties": {
        "@id": "node/13276932007",
        "amenity": "restaurant",
        "brand": "First Watch",
        "brand:wikidata": "Q5454064",
        "cuisine": "american;breakfast",
        "name": "First Watch",
        "official_name": "First Watch The Daytime Cafe"
      },
      "geometry": {
        "type": "Point",
        "coordinates": [
          -88.3348854,
          42.1488155
        ]
      },
      "id": "node/13276932007"
    },
    {
      "type": "Feature",
      "properties": {
        "@id": "node/13298528648",
        "addr:city": "Longwood",
        "addr:housenumber": "2425",
        "addr:postcode": "32779",
        "addr:state": "FL",
        "addr:street": "West State Road 434",
        "amenity": "restaurant",
        "brand": "First Watch",
        "brand:wikidata": "Q5454064",
        "cuisine": "american;breakfast",
        "name": "First Watch",
        "official_name": "First Watch The Daytime Cafe",
        "opening_hours": "Mo-Su 07:00-14:30",
        "phone": "+1-407-774-1830",
        "website": "https://firstwatch.com/locations/longwood"
      },
      "geometry": {
        "type": "Point",
        "coordinates": [
          -81.4053881,
          28.688286
        ]
      },
      "id": "node/13298528648"
    },
    {
      "type": "Feature",
      "properties": {
        "@id": "node/13307478618",
        "addr:housenumber": "4890",
        "addr:street": "West University Drive",
        "addr:unit": "50",
        "amenity": "restaurant",
        "brand": "First Watch",
        "brand:wikidata": "Q5454064",
        "check_date": "2025-11-15",
        "cuisine": "american;breakfast",
        "name": "First Watch",
        "official_name": "First Watch The Daytime Cafe"
      },
      "geometry": {
        "type": "Point",
        "coordinates": [
          -96.880806,
          33.220988
        ]
      },
      "id": "node/13307478618"
    },
    {
      "type": "Feature",
      "properties": {
        "@id": "node/13356952009",
        "addr:city": "Surprise",
        "addr:housenumber": "23350",
        "addr:postcode": "85387",
        "addr:state": "AZ",
        "addr:street": "North 163rd Avenue",
        "addr:unit": "130",
        "amenity": "restaurant",
        "brand": "First Watch",
        "brand:wikidata": "Q5454064",
        "cuisine": "american;breakfast",
        "name": "First Watch",
        "official_name": "First Watch The Daytime Cafe",
        "opening_hours": "Mo-Su 07:00-14:30",
        "phone": "+14809238381",
        "website": "https://www.firstwatch.com/locations/asante-trail/"
      },
      "geometry": {
        "type": "Point",
        "coordinates": [
          -112.4099493,
          33.6963743
        ]
      },
      "id": "node/13356952009"
    },
    {
      "type": "Feature",
      "properties": {
        "@id": "node/13384035419",
        "addr:city": "Layton",
        "addr:housenumber": "991",
        "addr:state": "UT",
        "addr:street": "North 400 West",
        "amenity": "restaurant",
        "brand": "First Watch",
        "brand:wikidata": "Q5454064",
        "cuisine": "american;breakfast",
        "name": "First Watch",
        "official_name": "First Watch The Daytime Cafe",
        "website": "https://firstwatch.com"
      },
      "geometry": {
        "type": "Point",
        "coordinates": [
          -111.9760134,
          41.075252
        ]
      },
      "id": "node/13384035419"
    },
    {
      "type": "Feature",
      "properties": {
        "@id": "node/13398782512",
        "amenity": "restaurant",
        "brand": "First Watch",
        "brand:wikidata": "Q5454064",
        "check_date": "2025-12-23",
        "cuisine": "american;breakfast",
        "name": "First Watch",
        "official_name": "First Watch The Daytime Cafe"
      },
      "geometry": {
        "type": "Point",
        "coordinates": [
          -81.4043071,
          28.3421064
        ]
      },
      "id": "node/13398782512"
    },
    {
      "type": "Feature",
      "properties": {
        "@id": "node/13421875456",
        "addr:city": "Surprise",
        "addr:housenumber": "16430",
        "addr:postcode": "85388",
        "addr:state": "AZ",
        "addr:street": "West Waddell Road",
        "addr:unit": "104",
        "amenity": "restaurant",
        "brand": "First Watch",
        "brand:wikidata": "Q5454064",
        "cuisine": "american;breakfast",
        "name": "First Watch",
        "official_name": "First Watch The Daytime Cafe"
      },
      "geometry": {
        "type": "Point",
        "coordinates": [
          -112.4121853,
          33.610284
        ]
      },
      "id": "node/13421875456"
    },
    {
      "type": "Feature",
      "properties": {
        "@id": "node/13457095397",
        "amenity": "restaurant",
        "brand": "First Watch",
        "brand:wikidata": "Q5454064",
        "cuisine": "american;breakfast",
        "name": "First Watch",
        "official_name": "First Watch The Daytime Cafe"
      },
      "geometry": {
        "type": "Point",
        "coordinates": [
          -88.2051365,
          41.7634254
        ]
      },
      "id": "node/13457095397"
    },
    {
      "type": "Feature",
      "properties": {
        "@id": "node/13457142579",
        "addr:city": "Centennial",
        "addr:housenumber": "6890",
        "addr:postcode": "80122",
        "addr:state": "CO",
        "addr:street": "South University Boulevard",
        "amenity": "restaurant",
        "brand": "First Watch",
        "brand:wikidata": "Q5454064",
        "check_date": "2026-07-13",
        "cuisine": "american;breakfast",
        "name": "First Watch",
        "official_name": "First Watch The Daytime Cafe",
        "opening_hours": "Mo-Su 07:00-14:30",
        "phone": "+1-303-694-9100",
        "website": "https://firstwatch.com/locations/cherry-knolls"
      },
      "geometry": {
        "type": "Point",
        "coordinates": [
          -104.959779,
          39.5919621
        ]
      },
      "id": "node/13457142579"
    },
    {
      "type": "Feature",
      "properties": {
        "@id": "node/13460880424",
        "addr:city": "Brookfield",
        "addr:housenumber": "17550",
        "addr:postcode": "53045",
        "addr:state": "WI",
        "addr:street": "West Bluemound Road",
        "addr:unit": "A",
        "amenity": "restaurant",
        "brand": "First Watch",
        "brand:wikidata": "Q5454064",
        "cuisine": "american;breakfast",
        "name": "First Watch",
        "official_name": "First Watch The Daytime Cafe",
        "website": "https://firstwatch.com/locations/brookfield"
      },
      "geometry": {
        "type": "Point",
        "coordinates": [
          -88.1313977,
          43.0376999
        ]
      },
      "id": "node/13460880424"
    },
    {
      "type": "Feature",
      "properties": {
        "@id": "node/13465075386",
        "addr:city": "Doylestown Township",
        "addr:housenumber": "1745",
        "addr:postcode": "18901",
        "addr:state": "PA",
        "addr:street": "South Easton Road",
        "addr:unit": "X2",
        "amenity": "restaurant",
        "brand": "First Watch",
        "brand:wikidata": "Q5454064",
        "cuisine": "american;breakfast",
        "name": "First Watch",
        "official_name": "First Watch The Daytime Cafe"
      },
      "geometry": {
        "type": "Point",
        "coordinates": [
          -75.1282263,
          40.2725641
        ]
      },
      "id": "node/13465075386"
    },
    {
      "type": "Feature",
      "properties": {
        "@id": "node/13587404645",
        "addr:city": "Noblesville",
        "addr:housenumber": "16725",
        "addr:postcode": "46060",
        "addr:state": "IN",
        "addr:street": "Mercantile Boulevard",
        "amenity": "restaurant",
        "brand": "First Watch",
        "brand:wikidata": "Q5454064",
        "cuisine": "american;breakfast",
        "name": "First Watch",
        "official_name": "First Watch The Daytime Cafe",
        "website": "https://firstwatch.com/locations/noblesville"
      },
      "geometry": {
        "type": "Point",
        "coordinates": [
          -85.9942882,
          40.032022
        ]
      },
      "id": "node/13587404645"
    },
    {
      "type": "Feature",
      "properties": {
        "@id": "node/13641147826",
        "amenity": "restaurant",
        "brand": "First Watch",
        "brand:wikidata": "Q5454064",
        "cuisine": "american;breakfast",
        "name": "First Watch",
        "official_name": "First Watch The Daytime Cafe"
      },
      "geometry": {
        "type": "Point",
        "coordinates": [
          -80.7320593,
          32.4245498
        ]
      },
      "id": "node/13641147826"
    },
    {
      "type": "Feature",
      "properties": {
        "@id": "node/13643155702",
        "amenity": "restaurant",
        "brand": "First Watch",
        "brand:wikidata": "Q5454064",
        "cuisine": "american;breakfast",
        "name": "First Watch",
        "official_name": "First Watch The Daytime Cafe"
      },
      "geometry": {
        "type": "Point",
        "coordinates": [
          -81.7217241,
          26.1561606
        ]
      },
      "id": "node/13643155702"
    },
    {
      "type": "Feature",
      "properties": {
        "@id": "node/13657037566",
        "addr:city": "Melbourne",
        "addr:country": "US",
        "addr:housenumber": "5185",
        "addr:postcode": "32940",
        "addr:state": "FL",
        "addr:street": "North Wickham Road",
        "air_conditioning": "yes",
        "amenity": "restaurant",
        "bar": "no",
        "brand": "First Watch",
        "brand:wikidata": "Q5454064",
        "cuisine": "american;breakfast",
        "currency:USD": "yes",
        "delivery": "yes",
        "level": "0",
        "name": "First Watch",
        "official_name": "First Watch The Daytime Cafe",
        "organic": "yes",
        "outdoor_seating": "yes",
        "payment:cash": "yes",
        "payment:credit_cards": "yes",
        "payment:debit_cards": "yes",
        "reservation": "no",
        "smoking": "outside",
        "stroller": "yes",
        "takeaway": "yes",
        "toilets": "yes",
        "toilets:wheelchair": "yes",
        "wheelchair": "yes"
      },
      "geometry": {
        "type": "Point",
        "coordinates": [
          -80.6711626,
          28.1933963
        ]
      },
      "id": "node/13657037566"
    },
    {
      "type": "Feature",
      "properties": {
        "@id": "node/13672447655",
        "addr:city": "Pleasant Grove",
        "addr:housenumber": "678",
        "addr:postcode": "84062",
        "addr:state": "UT",
        "addr:street": "Pleasant Grove Boulevard",
        "addr:unit": "100",
        "amenity": "restaurant",
        "brand": "First Watch",
        "brand:wikidata": "Q5454064",
        "cuisine": "american;breakfast",
        "name": "First Watch",
        "official_name": "First Watch The Daytime Cafe",
        "phone": "+1-801-769-2095",
        "website": "https://firstwatch.com/locations/pleasant-grove"
      },
      "geometry": {
        "type": "Point",
        "coordinates": [
          -111.7639429,
          40.3554784
        ]
      },
      "id": "node/13672447655"
    },
    {
      "type": "Feature",
      "properties": {
        "@id": "node/13687673145",
        "amenity": "restaurant",
        "brand": "First Watch",
        "brand:wikidata": "Q5454064",
        "cuisine": "american;breakfast",
        "name": "First Watch",
        "official_name": "First Watch The Daytime Cafe"
      },
      "geometry": {
        "type": "Point",
        "coordinates": [
          -81.799936,
          26.2691653
        ]
      },
      "id": "node/13687673145"
    },
    {
      "type": "Feature",
      "properties": {
        "@id": "node/13702788973",
        "addr:city": "Cincinnati",
        "addr:country": "US",
        "addr:housenumber": "7625",
        "addr:postcode": "45255",
        "addr:state": "OH",
        "addr:street": "Beechmont Avenue",
        "addr:unit": "H",
        "amenity": "restaurant",
        "brand": "First Watch",
        "brand:wikidata": "Q5454064",
        "cuisine": "american;breakfast",
        "name": "First Watch",
        "official_name": "First Watch The Daytime Cafe",
        "website": "https://firstwatch.com/locations/anderson-township"
      },
      "geometry": {
        "type": "Point",
        "coordinates": [
          -84.345902,
          39.0721139
        ]
      },
      "id": "node/13702788973"
    },
    {
      "type": "Feature",
      "properties": {
        "@id": "node/13768889547",
        "addr:city": "Euless",
        "addr:housenumber": "1230",
        "addr:postcode": "76039",
        "addr:state": "TX",
        "addr:street": "Red River Drive",
        "addr:unit": "100",
        "amenity": "restaurant",
        "brand": "First Watch",
        "brand:wikidata": "Q5454064",
        "cuisine": "american;breakfast",
        "name": "First Watch",
        "official_name": "First Watch The Daytime Cafe"
      },
      "geometry": {
        "type": "Point",
        "coordinates": [
          -97.1026346,
          32.8757482
        ]
      },
      "id": "node/13768889547"
    },
    {
      "type": "Feature",
      "properties": {
        "@id": "node/13797648103",
        "addr:city": "Littleton",
        "addr:housenumber": "5866",
        "addr:postcode": "80123",
        "addr:state": "CO",
        "addr:street": "South Wadsworth Boulevard",
        "addr:unit": "3700",
        "amenity": "restaurant",
        "brand": "First Watch",
        "brand:wikidata": "Q5454064",
        "cuisine": "american;breakfast",
        "name": "First Watch",
        "official_name": "First Watch The Daytime Cafe"
      },
      "geometry": {
        "type": "Point",
        "coordinates": [
          -105.0902256,
          39.6101607
        ]
      },
      "id": "node/13797648103"
    },
    {
      "type": "Feature",
      "properties": {
        "@id": "node/13983704559",
        "amenity": "restaurant",
        "brand": "First Watch",
        "brand:wikidata": "Q5454064",
        "cuisine": "american;breakfast",
        "name": "First Watch",
        "official_name": "First Watch The Daytime Cafe"
      },
      "geometry": {
        "type": "Point",
        "coordinates": [
          -76.2856957,
          36.8625148
        ]
      },
      "id": "node/13983704559"
    },
    {
      "type": "Feature",
      "properties": {
        "@id": "node/14023534890",
        "addr:city": "Buckeye",
        "addr:housenumber": "840",
        "addr:postcode": "85326",
        "addr:state": "AZ",
        "addr:street": "North Verrado Way",
        "addr:unit": "101",
        "amenity": "restaurant",
        "brand": "First Watch",
        "brand:wikidata": "Q5454064",
        "cuisine": "american;breakfast",
        "name": "First Watch",
        "official_name": "First Watch The Daytime Cafe"
      },
      "geometry": {
        "type": "Point",
        "coordinates": [
          -112.504825,
          33.4567002
        ]
      },
      "id": "node/14023534890"
    },
    {
      "type": "Feature",
      "properties": {
        "@id": "node/14131670725",
        "amenity": "restaurant",
        "brand": "First Watch",
        "brand:wikidata": "Q5454064",
        "cuisine": "american;breakfast",
        "name": "First Watch",
        "official_name": "First Watch The Daytime Cafe"
      },
      "geometry": {
        "type": "Point",
        "coordinates": [
          -111.8655916,
          40.6215384
        ]
      },
      "id": "node/14131670725"
    },
    {
      "type": "Feature",
      "properties": {
        "@id": "node/14132318637",
        "amenity": "restaurant",
        "brand": "First Watch",
        "brand:wikidata": "Q5454064",
        "cuisine": "american;breakfast",
        "name": "First Watch",
        "official_name": "First Watch The Daytime Cafe"
      },
      "geometry": {
        "type": "Point",
        "coordinates": [
          -80.3367463,
          25.8082353
        ]
      },
      "id": "node/14132318637"
    },
    {
      "type": "Feature",
      "properties": {
        "@id": "node/14152818508",
        "addr:city": "Largo",
        "addr:housenumber": "13200",
        "addr:postcode": "33778",
        "addr:state": "FL",
        "addr:street": "Seminole Boulevard",
        "addr:unit": "201",
        "amenity": "restaurant",
        "brand": "First Watch",
        "brand:wikidata": "Q5454064",
        "cuisine": "american;breakfast",
        "name": "First Watch",
        "official_name": "First Watch The Daytime Cafe",
        "opening_hours": "Su-Sa 07:00-14:30",
        "phone": "+1-727-587-6980",
        "website": "https://firstwatch.com/locations/largo"
      },
      "geometry": {
        "type": "Point",
        "coordinates": [
          -82.7876169,
          27.8924917
        ]
      },
      "id": "node/14152818508"
    },
    {
      "type": "Feature",
      "properties": {
        "@id": "node/14174449798",
        "addr:city": "Goodyear",
        "addr:housenumber": "1670",
        "addr:postcode": "85395",
        "addr:state": "AZ",
        "addr:street": "North Bullard Avenue",
        "amenity": "restaurant",
        "brand": "First Watch",
        "brand:wikidata": "Q5454064",
        "cuisine": "american;breakfast",
        "name": "First Watch",
        "official_name": "First Watch The Daytime Cafe"
      },
      "geometry": {
        "type": "Point",
        "coordinates": [
          -112.3757846,
          33.4653584
        ]
      },
      "id": "node/14174449798"
    },
    {
      "type": "Feature",
      "properties": {
        "@id": "node/14178514890",
        "addr:city": "Knoxville",
        "addr:housenumber": "5144",
        "addr:postcode": "37918",
        "addr:state": "TN",
        "addr:street": "North Broadway",
        "amenity": "restaurant",
        "brand": "First Watch",
        "brand:wikidata": "Q5454064",
        "check_date": "2026-09-13",
        "cuisine": "american;breakfast",
        "indoor_seating": "yes",
        "name": "First Watch",
        "official_name": "First Watch The Daytime Cafe",
        "opening_hours": "Mo-Su 07:00-14:30",
        "outdoor_seating": "yes",
        "phone": "+1-865-282-3208",
        "website": "https://firstwatch.com/locations/fountain-city",
        "website:menu": "https://firstwatch.com/menu?corp_id=7526&verison=core"
      },
      "geometry": {
        "type": "Point",
        "coordinates": [
          -83.9297906,
          36.0328282
        ]
      },
      "id": "node/14178514890"
    }
  ]
}