{
  "type": "FeatureCollection",
  "generator": "overpass-turbo",
  "copyright": "The data included in this document is from www.openstreetmap.org. The data is made available under ODbL.",
  "timestamp": "2026-09-24T16:23:21Z",
  "features": [
    {
      "type": "Feature",
      "properties": {
        "@id": "way/32057967",
        "addr:city": "Hilliard",
        "addr:housenumber": "3711",
        "addr:postcode": "43026-7501",
        "addr:state": "OH",
        "addr:street": "Fishinger Boulevard",
        "amenity": "cafe",
        "brand": "Tim Hortons",
        "brand:wikidata": "Q175106",
        "building": "yes",
        "cuisine": "coffee_shop",
        "delivery": "yes",
        "drive_through": "yes",
        "indoor_seating": "no",
        "internet_access": "wlan",
        "name": "Tim Hortons",
        "opening_hours": "Mo-We 06:00-19:00; Fr-Sa 06:00-19:00; Su 05:00-17:00",
        "phone": "+1 614-527-0935",
        "takeaway": "yes",
        "@geometry": "center"
      },
      "geometry": {
        "type": "Point",
        "coordinates": [
          -83.1168323,
          40.0304681
        ]
      },
      "id": "way/32057967"
    },
    {
      "type": "Feature",
      "properties": {
        "@id": "way/39659953",
        "addr:city": "Hilliard",
        "addr:housenumber": "1815",
        "addr:postcode": "43026-7288",
        "addr:state": "OH",
        "addr:street": "Hilliard Rome Road",
        "amenity": "cafe",
        "brand": "Tim Hortons",
        "brand:wikidata": "Q175106",
        "building": "commercial",
        "building:levels": "1",
        "cuisine": "coffee_shop",
        "delivery": "yes",
        "drive_through": "yes",
        "indoor_seating": "no",
        "internet_access": "wlan",
        "name": "Tim Hortons",
        "opening_hours": "Mo-We 05:00-21:00; Fr-Sa 05:00-21:00; Su 05:00-17:00",
        "phone": "+1 614-527-8485",
        "takeaway": "yes",
        "@geometry": "center"
      },
      "geometry": {
        "type": "Point",
        "coordinates": [
          -83.1521055,
          39.9887523
        ]
      },
      "id": "way/39659953"
    },
    {
      "type": "Feature",
      "properties": {
        "@id": "way/67969074",
        "addr:city": "Essexville",
        "addr:housenumber": "2906",
        "addr:postcode": "48732-1704",
        "addr:state": "MI",
        "addr:street": "Center Avenue",
        "air_conditioning": "yes",
        "amenity": "cafe",
        "brand": "Tim Hortons",
        "brand:wikidata": "Q175106",
        "building": "retail",
        "cuisine": "coffee_shop",
        "delivery": "yes",
        "drive_through": "yes",
        "indoor_seating": "no",
        "internet_access": "wlan",
        "name": "Tim Hortons",
        "opening_hours": "Mo-Su 05:30-21:00",
        "phone": "+1 989-893-2305",
        "takeaway": "yes",
        "website": "https://locations.timhortons.com/us/mi/essexville/2906-center-ave.html",
        "wheelchair": "yes",
        "@geometry": "center"
      },
      "geometry": {
        "type": "Point",
        "coordinates": [
          -83.8467194,
          43.5944285
        ]
      },
      "id": "way/67969074"
    },
    {
      "type": "Feature",
      "properties": {
        "@id": "way/84876702",
        "addr:city": "Tonawanda",
        "addr:housenumber": "71",
        "addr:postcode": "14150",
        "addr:state": "NY",
        "addr:street": "Niagara Street",
        "amenity": "cafe",
        "brand": "Tim Hortons",
        "brand:wikidata": "Q175106",
        "building": "retail",
        "cuisine": "coffee_shop",
        "delivery": "yes",
        "drive_through": "yes",
        "indoor_seating": "yes",
        "internet_access": "wlan",
        "internet_access:fee": "no",
        "name": "Tim Hortons",
        "opening_hours": "Mo-We 06:00-19:00; Fr-Su 06:00-19:00",
        "outdoor_seating": "no",
        "payment:amex": "no",
        "payment:coins": "yes",
        "payment:notes": "yes",
        "phone": "+1 716-389-0006",
        "takeaway": "yes",
        "website": "https://www.timhortons.com/",
        "@geometry": "center"
      },
      "geometry": {
        "type": "Point",
        "coordinates": [
          -78.880681,
          43.0198367
        ]
      },
      "id": "way/84876702"
    },
    {
      "type": "Feature",
      "properties": {
        "@id": "way/93410926",
        "addr:city": "Buffalo",
        "addr:housenumber": "1777",
        "addr:postcode": "14223",
        "addr:state": "NY",
        "addr:street": "Sheridan Drive",
        "amenity": "cafe",
        "brand": "Tim Hortons",
        "brand:wikidata": "Q175106",
        "building": "retail",
        "cuisine": "coffee_shop",
        "delivery": "no",
        "drive_through": "yes",
        "indoor_seating": "yes",
        "internet_access": "wlan",
        "name": "Tim Hortons",
        "nysgissam:nysaddresspointid": "ERIE084128",
        "opening_hours": "Mo-We 04:30-23:00; Fr-Su 04:30-23:00",
        "payment:amex": "no",
        "payment:coins": "yes",
        "payment:notes": "yes",
        "phone": "+1 716-871-0052",
        "takeaway": "yes",
        "website": "https://www.timhortons.com/",
        "@geometry": "center"
      },
      "geometry": {
        "type": "Point",
        "coordinates": [
          -78.868228,
          42.9804095
        ]
      },
      "id": "way/93410926"
    },
    {
      "type": "Feature",
      "properties": {
        "@id": "way/124810024",
        "addr:city": "East Amherst",
        "addr:housenumber": "9590",
        "addr:postcode": "14051-1403",
        "addr:state": "NY",
        "addr:street": "Transit Road",
        "amenity": "cafe",
        "brand": "Tim Hortons",
        "brand:wikidata": "Q175106",
        "building": "retail",
        "cuisine": "coffee_shop",
        "delivery": "yes",
        "drive_through": "yes",
        "indoor_seating": "yes",
        "internet_access": "wlan",
        "name": "Tim Hortons",
        "opening_hours": "Mo-We 05:00-22:00; Fr-Su 05:00-22:00",
        "operator": "Restaurant Brands International Inc.",
        "payment:amex": "no",
        "payment:coins": "yes",
        "payment:notes": "yes",
        "phone": "+1 716-568-1060",
        "takeaway": "yes",
        "website": "https://www.timhortons.com/",
        "@geometry": "center"
      },
      "geometry": {
        "type": "Point",
        "coordinates": [
          -78.697563,
          43.0299963
        ]
      },
      "id": "way/124810024"
    },
    {
      "type": "Feature",
      "properties": {
        "@id": "way/126018985",
        "addr:city": "Rochester",
        "addr:housenumber": "607",
        "addr:postcode": "14623",
        "addr:state": "NY",
        "addr:street": "Jefferson Road",
        "amenity": "cafe",
        "brand": "Tim Hortons",
        "brand:wikidata": "Q175106",
        "building": "retail",
        "building:levels": "1",
        "cuisine": "coffee_shop",
        "delivery": "yes",
        "drive_through": "yes",
        "indoor_seating": "yes",
        "internet_access": "wlan",
        "name": "Tim Hortons",
        "nysgissam:nysaddresspointid": "MONR016383",
        "opening_hours": "Mo-We 06:00-17:00; Fr-Sa 06:00-17:00; Su 07:00-17:00",
        "operator": "Restaurant Brands International Inc.",
        "phone": "+1 585-427-0670",
        "roof:levels": "1",
        "takeaway": "yes",
        "website": "https://www.timhortons.com/",
        "wheelchair": "yes",
        "@geometry": "center"
      },
      "geometry": {
        "type": "Point",
        "coordinates": [
          -77.6278225,
          43.0864352
        ]
      },
      "id": "way/126018985"
    },
    {
      "type": "Feature",
      "properties": {
        "@id": "way/133567350",
        "addr:city": "Sidney",
        "addr:country": "US",
        "addr:housenumber": "1310",
        "addr:postcode": "45365",
        "addr:state": "OH",
        "addr:street": "Michigan Street",
        "amenity": "cafe",
        "bar": "no",
        "brand": "Tim Hortons",
        "brand:wikidata": "Q175106",
        "building": "yes",
        "cuisine": "coffee_shop",
        "delivery": "yes",
        "drive_through": "yes",
        "indoor_seating": "no",
        "internet_access": "wlan",
        "name": "Tim Hortons",
        "opening_hours": "Mo-We 05:00-19:00; Fr-Sa 05:00-19:00; Su 05:00-17:00",
        "phone": "+1 937-507-9205",
        "takeaway": "yes",
        "@geometry": "center"
      },
      "geometry": {
        "type": "Point",
        "coordinates": [
          -84.175182,
          40.2882251
        ]
      },
      "id": "way/133567350"
    },
    {
      "type": "Feature",
      "properties": {
        "@id": "way/136047820",
        "addr:city": "Rochester",
        "addr:housenumber": "1508",
        "addr:postcode": "14624",
        "addr:state": "NY",
        "addr:street": "Buffalo Road",
        "amenity": "cafe",
        "brand": "Tim Hortons",
        "brand:wikidata": "Q175106",
        "building": "retail",
        "cuisine": "coffee_shop",
        "delivery": "yes",
        "drive_through": "yes",
        "indoor_seating": "yes",
        "internet_access": "wlan",
        "name": "Tim Hortons",
        "nysgissam:nysaddresspointid": "MONR012327",
        "opening_hours": "Mo-We 05:00-15:00; Fr-Su 05:00-15:00",
        "payment:amex": "no",
        "payment:coins": "yes",
        "payment:notes": "yes",
        "phone": "+1 585-527-9150",
        "source": "bing;knowledge",
        "takeaway": "yes",
        "website": "https://www.timhortons.com/",
        "@geometry": "center"
      },
      "geometry": {
        "type": "Point",
        "coordinates": [
          -77.6917648,
          43.1501597
        ]
      },
      "id": "way/136047820"
    },
    {
      "type": "Feature",
      "properties": {
        "@id": "way/142994280",
        "addr:city": "Beavercreek",
        "addr:housenumber": "4465",
        "addr:postcode": "45440-3251",
        "addr:state": "OH",
        "addr:street": "Indian Ripple Road",
        "amenity": "cafe",
        "brand": "Tim Hortons",
        "brand:wikidata": "Q175106",
        "building": "yes",
        "cuisine": "coffee_shop",
        "delivery": "yes",
        "drive_through": "yes",
        "indoor_seating": "no",
        "internet_access": "wlan",
        "name": "Tim Hortons",
        "opening_hours": "Mo-We 05:00-17:00; Fr-Su 05:00-17:00",
        "phone": "+1 937-427-3496",
        "takeaway": "yes",
        "@geometry": "center"
      },
      "geometry": {
        "type": "Point",
        "coordinates": [
          -84.1049579,
          39.6962476
        ]
      },
      "id": "way/142994280"
    },
    {
      "type": "Feature",
      "properties": {
        "@id": "way/151183850",
        "addr:city": "Buffalo",
        "addr:housenumber": "7860",
        "addr:postcode": "14221",
        "addr:state": "NY",
        "addr:street": "Transit Road",
        "amenity": "cafe",
        "brand": "Tim Hortons",
        "brand:wikidata": "Q175106",
        "building": "yes",
        "cuisine": "coffee_shop",
        "delivery": "yes",
        "drive_through": "yes",
        "indoor_seating": "yes",
        "internet_access": "wlan",
        "name": "Tim Hortons",
        "opening_hours": "Mo-We 05:00-20:00; Fr-Su 05:00-20:00",
        "outdoor_seating": "no",
        "phone": "+1 716-626-0413",
        "takeaway": "yes",
        "@geometry": "center"
      },
      "geometry": {
        "type": "Point",
        "coordinates": [
          -78.6975369,
          42.9827348
        ]
      },
      "id": "way/151183850"
    },
    {
      "type": "Feature",
      "properties": {
        "@id": "way/151483794",
        "addr:city": "Buffalo",
        "addr:housenumber": "2235",
        "addr:postcode": "14207",
        "addr:state": "NY",
        "addr:street": "Niagara Street",
        "amenity": "cafe",
        "brand": "Tim Hortons",
        "brand:wikidata": "Q175106",
        "building": "retail",
        "cuisine": "coffee_shop",
        "delivery": "yes",
        "drive_through": "yes",
        "indoor_seating": "yes",
        "internet_access": "wlan",
        "name": "Tim Hortons",
        "nysgissam:nysaddresspointid": "ERIE151689",
        "opening_hours": "Mo-We 00:00-24:00; Fr-Su 00:00-24:00",
        "outdoor_seating": "no",
        "payment:american_express": "no",
        "payment:cash": "yes",
        "phone": "+1 716-876-8200",
        "takeaway": "yes",
        "website": "https://www.timhortons.com/",
        "@geometry": "center"
      },
      "geometry": {
        "type": "Point",
        "coordinates": [
          -78.9070019,
          42.945034
        ]
      },
      "id": "way/151483794"
    },
    {
      "type": "Feature",
      "properties": {
        "@id": "way/152534948",
        "addr:city": "Trenton",
        "addr:housenumber": "1816",
        "addr:postcode": "48183",
        "addr:state": "MI",
        "addr:street": "West Road",
        "amenity": "cafe",
        "brand": "Tim Hortons",
        "brand:wikidata": "Q175106",
        "building": "retail",
        "cuisine": "coffee_shop",
        "fixme:atp": "no ATP match, check if still exists",
        "name": "Tim Hortons",
        "takeaway": "yes",
        "@geometry": "center"
      },
      "geometry": {
        "type": "Point",
        "coordinates": [
          -83.1906196,
          42.1417492
        ]
      },
      "id": "way/152534948"
    },
    {
      "type": "Feature",
      "properties": {
        "@id": "way/152582852",
        "addr:city": "Southgate",
        "addr:housenumber": "16801",
        "addr:postcode": "48195",
        "addr:state": "MI",
        "addr:street": "Fort Street",
        "amenity": "cafe",
        "brand": "Tim Hortons",
        "brand:wikidata": "Q175106",
        "building": "retail",
        "cuisine": "coffee_shop",
        "delivery": "yes",
        "drive_through": "yes",
        "indoor_seating": "yes",
        "internet_access": "wlan",
        "name": "Tim Hortons",
        "opening_hours": "Mo-We 06:00-20:00; Fr-Su 06:00-20:00",
        "outdoor_seating": "no",
        "phone": "+1 734-246-8345",
        "takeaway": "yes",
        "@geometry": "center"
      },
      "geometry": {
        "type": "Point",
        "coordinates": [
          -83.1887451,
          42.185399
        ]
      },
      "id": "way/152582852"
    },
    {
      "type": "Feature",
      "properties": {
        "@id": "way/167552713",
        "addr:city": "Buffalo",
        "addr:housenumber": "1705",
        "addr:postcode": "14228",
        "addr:state": "NY",
        "addr:street": "Niagara Falls Boulevard",
        "amenity": "cafe",
        "brand": "Tim Hortons",
        "brand:wikidata": "Q175106",
        "building": "retail",
        "cuisine": "coffee_shop",
        "delivery": "no",
        "drive_through": "yes",
        "indoor_seating": "yes",
        "internet_access": "wlan",
        "name": "Tim Hortons",
        "nysgissam:nysaddresspointid": "ERIE184235",
        "opening_hours": "Mo-We 05:00-22:00; Fr-Su 05:00-22:00",
        "payment:american_express": "no",
        "payment:coins": "yes",
        "payment:notes": "yes",
        "phone": "+1 716-833-4233",
        "takeaway": "yes",
        "website": "https://www.timhortons.com/",
        "@geometry": "center"
      },
      "geometry": {
        "type": "Point",
        "coordinates": [
          -78.821853,
          43.0010221
        ]
      },
      "id": "way/167552713"
    },
    {
      "type": "Feature",
      "properties": {
        "@id": "way/177769940",
        "addr:city": "Niagara Falls",
        "addr:housenumber": "8500",
        "addr:postcode": "14304",
        "addr:state": "NY",
        "addr:street": "Niagara Falls Boulevard",
        "amenity": "cafe",
        "brand": "Tim Hortons",
        "brand:wikidata": "Q175106",
        "building": "retail",
        "cuisine": "coffee_shop",
        "delivery": "yes",
        "drive_through": "yes",
        "indoor_seating": "yes",
        "internet_access": "wlan",
        "name": "Tim Hortons",
        "opening_hours": "Mo-We 06:00-22:00; Fr-Su 06:00-22:00",
        "outdoor_seating": "no",
        "payment:amex": "no",
        "payment:coins": "yes",
        "payment:notes": "yes",
        "phone": "+1 716-297-1641",
        "takeaway": "yes",
        "website": "https://www.timhortons.com",
        "@geometry": "center"
      },
      "geometry": {
        "type": "Point",
        "coordinates": [
          -78.9663532,
          43.0912294
        ]
      },
      "id": "way/177769940"
    },
    {
      "type": "Feature",
      "properties": {
        "@id": "way/179666653",
        "addr:city": "Amherst",
        "addr:housenumber": "3394",
        "addr:postcode": "14226",
        "addr:state": "NY",
        "addr:street": "Sheridan Drive",
        "amenity": "cafe",
        "brand": "Tim Hortons",
        "brand:wikidata": "Q175106",
        "building": "retail",
        "cuisine": "coffee_shop",
        "delivery": "yes",
        "drive_through": "yes",
        "indoor_seating": "yes",
        "internet_access": "wlan",
        "name": "Tim Hortons",
        "opening_hours": "Su-Sa 05:00-22:00",
        "payment:amex": "no",
        "payment:coins": "yes",
        "payment:notes": "yes",
        "phone": "+1 716-833-6207",
        "source": "https://www.timhortons.com/store-locator/store/restaurant_71249;aerial imagery",
        "takeaway": "yes",
        "website": "https://www.timhortons.com/",
        "@geometry": "center"
      },
      "geometry": {
        "type": "Point",
        "coordinates": [
          -78.8083496,
          42.9804328
        ]
      },
      "id": "way/179666653"
    },
    {
      "type": "Feature",
      "properties": {
        "@id": "way/181391105",
        "addr:city": "Beavercreek",
        "addr:housenumber": "1318",
        "addr:postcode": "45432",
        "addr:state": "OH",
        "addr:street": "North Fairfield Road",
        "amenity": "cafe",
        "brand": "Tim Hortons",
        "brand:wikidata": "Q175106",
        "building": "retail",
        "check_date": "2026-05-06",
        "cuisine": "coffee_shop",
        "delivery": "yes",
        "drive_through": "yes",
        "indoor_seating": "no",
        "internet_access": "wlan",
        "name": "Tim Hortons",
        "opening_hours": "Mo-We 05:00-19:00; Fr-Sa 05:00-19:00; Su 05:00-17:00",
        "phone": "+1 937-431-1452",
        "takeaway": "yes",
        "@geometry": "center"
      },
      "geometry": {
        "type": "Point",
        "coordinates": [
          -84.0569792,
          39.7262553
        ]
      },
      "id": "way/181391105"
    },
    {
      "type": "Feature",
      "properties": {
        "@id": "way/186842028",
        "addr:city": "Presque Isle",
        "addr:housenumber": "779",
        "addr:postcode": "04769",
        "addr:state": "ME",
        "addr:street": "Main Street",
        "amenity": "cafe",
        "brand": "Tim Hortons",
        "brand:wikidata": "Q175106",
        "building": "yes",
        "cuisine": "coffee_shop",
        "delivery": "yes",
        "drive_through": "yes",
        "indoor_seating": "yes",
        "internet_access": "wlan",
        "name": "Tim Hortons",
        "opening_hours": "24/7",
        "phone": "+1 207-760-9158",
        "source": "common knowledge",
        "takeaway": "yes",
        "wheelchair": "yes",
        "@geometry": "center"
      },
      "geometry": {
        "type": "Point",
        "coordinates": [
          -68.0119739,
          46.6974313
        ]
      },
      "id": "way/186842028"
    },
    {
      "type": "Feature",
      "properties": {
        "@id": "way/191528458",
        "addr:housenumber": "7901",
        "addr:street": "Brandt Pike",
        "amenity": "cafe",
        "brand": "Tim Hortons",
        "brand:wikidata": "Q175106",
        "building": "yes",
        "cuisine": "coffee_shop",
        "name": "Tim Hortons",
        "phone": "+1-937-237-5075",
        "takeaway": "yes",
        "website": "https://locations.timhortons.com/en/oh/huber-heights/7901-brandt-pike/",
        "@geometry": "center"
      },
      "geometry": {
        "type": "Point",
        "coordinates": [
          -84.102027,
          39.8663123
        ]
      },
      "id": "way/191528458"
    },
    {
      "type": "Feature",
      "properties": {
        "@id": "way/200374443",
        "addr:city": "Sterling Heights",
        "addr:housenumber": "34918",
        "addr:postcode": "48312-4661",
        "addr:state": "MI",
        "addr:street": "Van Dyke Avenue",
        "amenity": "cafe",
        "brand": "Tim Hortons",
        "brand:wikidata": "Q175106",
        "building": "retail",
        "cuisine": "coffee_shop",
        "delivery": "yes",
        "drive_through": "yes",
        "indoor_seating": "yes",
        "internet_access": "wlan",
        "name": "Tim Hortons",
        "opening_hours": "Mo-We 06:00-21:00; Fr-Su 06:00-21:00",
        "operator": "Restaurant Brands International Inc.",
        "phone": "+1 586-979-0498",
        "takeaway": "yes",
        "website": "https://www.timhortons.com/",
        "@geometry": "center"
      },
      "geometry": {
        "type": "Point",
        "coordinates": [
          -83.0281889,
          42.5504585
        ]
      },
      "id": "way/200374443"
    },
    {
      "type": "Feature",
      "properties": {
        "@id": "way/215335855",
        "addr:city": "Waverly",
        "addr:housenumber": "510",
        "addr:postcode": "45690",
        "addr:state": "OH",
        "addr:street": "East Emmitt Avenue",
        "amenity": "cafe",
        "brand": "Tim Hortons",
        "brand:wikidata": "Q175106",
        "building": "retail",
        "contact:facebook": "https://www.facebook.com/TimHortonsWaverlyOH71302/",
        "cuisine": "coffee_shop",
        "delivery": "yes",
        "drive_through": "yes",
        "indoor_seating": "no",
        "internet_access": "wlan",
        "internet_access:fee": "no",
        "name": "Tim Hortons",
        "opening_hours": "Mo-Su 06:00-20:00",
        "operator": "Restaurant Brands International Inc.",
        "outdoor_seating": "no",
        "payment:cash": "yes",
        "payment:credit_cards": "yes",
        "payment:debit_cards": "yes",
        "phone": "+1 740-947-6007",
        "takeaway": "yes",
        "website": "https://locations.timhortons.com/en/oh/waverly/510-e-emmitt-ave/",
        "@geometry": "center"
      },
      "geometry": {
        "type": "Point",
        "coordinates": [
          -82.9790342,
          39.1312528
        ]
      },
      "id": "way/215335855"
    },
    {
      "type": "Feature",
      "properties": {
        "@id": "way/220233360",
        "addr:city": "Wyandotte",
        "addr:housenumber": "2702",
        "addr:postcode": "48192",
        "addr:state": "MI",
        "addr:street": "Biddle Avenue",
        "amenity": "cafe",
        "brand": "Tim Hortons",
        "brand:wikidata": "Q175106",
        "building": "yes",
        "building:year_built": "2010",
        "cuisine": "coffee_shop",
        "delivery": "yes",
        "drive_through": "yes",
        "indoor_seating": "no",
        "internet_access": "wlan",
        "name": "Tim Hortons",
        "opening_hours": "Mo-We 06:00-19:00; Fr-Su 06:00-19:00",
        "outdoor_seating": "yes",
        "phone": "+1 734-720-0729",
        "takeaway": "yes",
        "website": "https://www.timhortons.com/",
        "@geometry": "center"
      },
      "geometry": {
        "type": "Point",
        "coordinates": [
          -83.1490118,
          42.2061281
        ]
      },
      "id": "way/220233360"
    },
    {
      "type": "Feature",
      "properties": {
        "@id": "way/220540647",
        "addr:city": "Rochester",
        "addr:housenumber": "802",
        "addr:postcode": "14624",
        "addr:state": "NY",
        "addr:street": "Paul Road",
        "amenity": "cafe",
        "brand": "Tim Hortons",
        "brand:wikidata": "Q175106",
        "building": "retail",
        "cuisine": "coffee_shop",
        "delivery": "yes",
        "drive_through": "yes",
        "indoor_seating": "yes",
        "internet_access": "wlan",
        "name": "Tim Hortons",
        "opening_hours": "Mo-We 06:00-17:00; Fr-Sa 06:00-17:00; Su 07:00-15:00",
        "payment:amex": "no",
        "payment:coins": "yes",
        "payment:notes": "yes",
        "phone": "+1 585-247-2410",
        "takeaway": "yes",
        "website": "https://www.timhortons.com/",
        "@geometry": "center"
      },
      "geometry": {
        "type": "Point",
        "coordinates": [
          -77.7473318,
          43.107497
        ]
      },
      "id": "way/220540647"
    },
    {
      "type": "Feature",
      "properties": {
        "@id": "way/226684138",
        "addr:city": "Troy",
        "addr:housenumber": "1998",
        "addr:postcode": "45373",
        "addr:state": "OH",
        "addr:street": "West Main Street",
        "amenity": "cafe",
        "brand": "Tim Hortons",
        "brand:wikidata": "Q175106",
        "building": "retail",
        "cuisine": "coffee_shop",
        "delivery": "yes",
        "drive_through": "yes",
        "indoor_seating": "yes",
        "name": "Tim Hortons",
        "opening_hours": "05:00-19:00",
        "phone": "+1 937-335-4333",
        "takeaway": "yes",
        "website": "https://locations.timhortons.com/us/oh/troy/1998-west-main-st.html",
        "@geometry": "center"
      },
      "geometry": {
        "type": "Point",
        "coordinates": [
          -84.2451679,
          40.0573459
        ]
      },
      "id": "way/226684138"
    },
    {
      "type": "Feature",
      "properties": {
        "@id": "way/226688271",
        "addr:city": "Troy",
        "addr:housenumber": "700",
        "addr:postcode": "45373",
        "addr:state": "OH",
        "addr:street": "West Main Street",
        "amenity": "cafe",
        "brand": "Tim Hortons",
        "brand:wikidata": "Q175106",
        "building": "yes",
        "building:levels": "1",
        "cuisine": "coffee_shop",
        "delivery": "yes",
        "drive_through": "yes",
        "indoor_seating": "yes",
        "internet_access": "wlan",
        "name": "Tim Hortons",
        "opening_hours": "Mo-We 06:00-20:00; Fr-Su 06:00-20:00",
        "phone": "+1 937-335-4000",
        "takeaway": "yes",
        "@geometry": "center"
      },
      "geometry": {
        "type": "Point",
        "coordinates": [
          -84.2095537,
          40.0419411
        ]
      },
      "id": "way/226688271"
    },
    {
      "type": "Feature",
      "properties": {
        "@id": "way/243719231",
        "addr:city": "Marysville",
        "addr:housenumber": "977",
        "addr:postcode": "43040-1725",
        "addr:state": "OH",
        "addr:street": "Delaware Avenue",
        "amenity": "cafe",
        "brand": "Tim Hortons",
        "brand:wikidata": "Q175106",
        "building": "yes",
        "cuisine": "coffee_shop",
        "delivery": "yes",
        "drive_through": "yes",
        "indoor_seating": "no",
        "internet_access": "wlan",
        "name": "Tim Hortons",
        "opening_hours": "Mo-We 05:00-20:00; Fr-Sa 05:00-20:00; Su 05:00-17:00",
        "phone": "+1 937-642-2010",
        "takeaway": "yes",
        "@geometry": "center"
      },
      "geometry": {
        "type": "Point",
        "coordinates": [
          -83.3524771,
          40.2366615
        ]
      },
      "id": "way/243719231"
    },
    {
      "type": "Feature",
      "properties": {
        "@id": "way/244480566",
        "addr:city": "Springboro",
        "addr:housenumber": "894",
        "addr:postcode": "45066-1116",
        "addr:state": "OH",
        "addr:street": "West Central Avenue",
        "amenity": "cafe",
        "brand": "Tim Hortons",
        "brand:wikidata": "Q175106",
        "building": "yes",
        "cuisine": "coffee_shop",
        "delivery": "yes",
        "drive_through": "yes",
        "indoor_seating": "no",
        "internet_access": "wlan",
        "name": "Tim Hortons",
        "opening_hours": "Mo-We 05:00-19:00; Fr-Sa 05:00-19:00; Su 05:00-17:00",
        "phone": "+1 937-806-3595",
        "takeaway": "yes",
        "@geometry": "center"
      },
      "geometry": {
        "type": "Point",
        "coordinates": [
          -84.2640664,
          39.5631415
        ]
      },
      "id": "way/244480566"
    },
    {
      "type": "Feature",
      "properties": {
        "@id": "way/258202741",
        "addr:city": "Hartland",
        "addr:housenumber": "10833",
        "addr:postcode": "48353-2630",
        "addr:state": "MI",
        "addr:street": "Highland Road",
        "amenity": "cafe",
        "brand": "Tim Hortons",
        "brand:wikidata": "Q175106",
        "building": "retail",
        "cuisine": "coffee_shop",
        "delivery": "yes",
        "drive_through": "yes",
        "indoor_seating": "yes",
        "internet_access": "wlan",
        "name": "Tim Hortons",
        "opening_hours": "Mo-We 06:00-20:00; Fr-Su 06:00-20:00",
        "operator": "Restaurant Brands International Inc.",
        "phone": "+1 810-632-9902",
        "takeaway": "yes",
        "website": "https://www.timhortons.com/",
        "@geometry": "center"
      },
      "geometry": {
        "type": "Point",
        "coordinates": [
          -83.7408072,
          42.6351806
        ]
      },
      "id": "way/258202741"
    },
    {
      "type": "Feature",
      "properties": {
        "@id": "way/259862214",
        "addr:city": "Davison",
        "addr:housenumber": "1058",
        "addr:postcode": "48423",
        "addr:state": "MI",
        "addr:street": "South State Road",
        "amenity": "cafe",
        "brand": "Tim Hortons",
        "brand:wikidata": "Q175106",
        "building": "yes",
        "cuisine": "coffee_shop",
        "delivery": "yes",
        "drive_through": "yes",
        "indoor_seating": "yes",
        "internet_access": "wlan",
        "name": "Tim Hortons",
        "opening_hours": "Mo-We 06:00-19:00; Fr-Su 06:00-19:00",
        "phone": "+1 810-654-0390",
        "takeaway": "yes",
        "@geometry": "center"
      },
      "geometry": {
        "type": "Point",
        "coordinates": [
          -83.5182563,
          43.0182289
        ]
      },
      "id": "way/259862214"
    },
    {
      "type": "Feature",
      "properties": {
        "@id": "way/261322771",
        "addr:city": "Portage",
        "addr:housenumber": "5709",
        "addr:postcode": "49002-1454",
        "addr:state": "MI",
        "addr:street": "South Westnedge Avenue",
        "amenity": "cafe",
        "brand": "Tim Hortons",
        "brand:wikidata": "Q175106",
        "building": "yes",
        "cuisine": "coffee_shop",
        "delivery": "yes",
        "drive_through": "yes",
        "indoor_seating": "yes",
        "internet_access": "wlan",
        "name": "Tim Hortons",
        "opening_hours": "Mo-We 08:00-14:00; Fr 08:00-14:00; Sa-Su 09:00-14:00",
        "phone": "+1 269-343-0910",
        "smoking": "no",
        "takeaway": "yes",
        "@geometry": "center"
      },
      "geometry": {
        "type": "Point",
        "coordinates": [
          -85.5889248,
          42.2341459
        ]
      },
      "id": "way/261322771"
    },
    {
      "type": "Feature",
      "properties": {
        "@id": "way/261559151",
        "addr:city": "Livonia",
        "addr:housenumber": "33111",
        "addr:postcode": "48152-1332",
        "addr:state": "MI",
        "addr:street": "8 Mile Road",
        "amenity": "cafe",
        "brand": "Tim Hortons",
        "brand:wikidata": "Q175106",
        "building": "yes",
        "cuisine": "coffee_shop",
        "delivery": "yes",
        "drive_through": "yes",
        "indoor_seating": "yes",
        "internet_access": "wlan",
        "name": "Tim Hortons",
        "opening_hours": "Mo-We 06:00-20:00; Fr-Su 06:00-20:00",
        "phone": "+1 248-477-4675",
        "takeaway": "yes",
        "@geometry": "center"
      },
      "geometry": {
        "type": "Point",
        "coordinates": [
          -83.3728703,
          42.4401435
        ]
      },
      "id": "way/261559151"
    },
    {
      "type": "Feature",
      "properties": {
        "@id": "way/261989592",
        "addr:city": "Farmington Hills",
        "addr:housenumber": "33340",
        "addr:postcode": "48334-3311",
        "addr:state": "MI",
        "addr:street": "West 12 Mile Road",
        "amenity": "cafe",
        "brand": "Tim Hortons",
        "brand:wikidata": "Q175106",
        "building": "retail",
        "cuisine": "coffee_shop",
        "delivery": "yes",
        "drive_through": "yes",
        "indoor_seating": "yes",
        "internet_access": "wlan",
        "name": "Tim Hortons",
        "opening_hours": "Mo-We 06:00-20:00; Fr-Su 06:00-20:00",
        "operator": "Restaurant Brands International Inc.",
        "phone": "+1 248-489-3192",
        "takeaway": "yes",
        "website": "https://www.timhortons.com/",
        "@geometry": "center"
      },
      "geometry": {
        "type": "Point",
        "coordinates": [
          -83.3771871,
          42.4991495
        ]
      },
      "id": "way/261989592"
    },
    {
      "type": "Feature",
      "properties": {
        "@id": "way/264635512",
        "addr:city": "Henrietta",
        "addr:housenumber": "4760",
        "addr:postcode": "14467",
        "addr:state": "NY",
        "addr:street": "West Henrietta Road",
        "amenity": "cafe",
        "brand": "Tim Hortons",
        "brand:wikidata": "Q175106",
        "building": "retail",
        "building:levels": "1",
        "cuisine": "coffee_shop",
        "delivery": "yes",
        "drive_through": "yes",
        "indoor_seating": "yes",
        "internet_access": "wlan",
        "name": "Tim Hortons",
        "opening_hours": "Mo-We 06:00-19:00; Fr-Su 06:00-19:00",
        "payment:amex": "no",
        "payment:coins": "yes",
        "payment:notes": "yes",
        "phone": "+1 585-334-3790",
        "roof:levels": "1",
        "takeaway": "yes",
        "website": "https://www.timhortons.com/",
        "wheelchair": "yes",
        "@geometry": "center"
      },
      "geometry": {
        "type": "Point",
        "coordinates": [
          -77.6512863,
          43.0582663
        ]
      },
      "id": "way/264635512"
    },
    {
      "type": "Feature",
      "properties": {
        "@id": "way/268526349",
        "addr:city": "Monroe",
        "addr:housenumber": "1448",
        "addr:postcode": "48162-3342",
        "addr:state": "MI",
        "addr:street": "North Telegraph Road",
        "amenity": "cafe",
        "brand": "Tim Hortons",
        "brand:wikidata": "Q175106",
        "building": "yes",
        "cuisine": "coffee_shop",
        "delivery": "yes",
        "drive_through": "yes",
        "indoor_seating": "no",
        "internet_access": "wlan",
        "name": "Tim Hortons",
        "opening_hours": "Mo-We 00:00-24:00; Fr-Su 00:00-24:00",
        "phone": "+1 734-457-2181",
        "takeaway": "yes",
        "@geometry": "center"
      },
      "geometry": {
        "type": "Point",
        "coordinates": [
          -83.4041962,
          41.9413764
        ]
      },
      "id": "way/268526349"
    },
    {
      "type": "Feature",
      "properties": {
        "@id": "way/285958211",
        "addr:city": "Macomb",
        "addr:housenumber": "22929",
        "addr:postcode": "48042",
        "addr:state": "MI",
        "addr:street": "Hall Road",
        "amenity": "cafe",
        "brand": "Tim Hortons",
        "brand:wikidata": "Q175106",
        "cuisine": "coffee_shop",
        "delivery": "yes",
        "drive_through": "yes",
        "indoor_seating": "yes",
        "internet_access": "wlan",
        "name": "Tim Hortons",
        "opening_hours": "Mo-We 07:00-20:00; Fr-Su 07:00-20:00",
        "phone": "+1 586-948-1945",
        "takeaway": "yes",
        "@geometry": "center"
      },
      "geometry": {
        "type": "Point",
        "coordinates": [
          -82.8775171,
          42.6306359
        ]
      },
      "id": "way/285958211"
    },
    {
      "type": "Feature",
      "properties": {
        "@id": "way/287507629",
        "addr:city": "Lansing",
        "addr:housenumber": "728",
        "addr:postcode": "48917-4253",
        "addr:state": "MI",
        "addr:street": "South Waverly Road",
        "air_conditioning": "yes",
        "amenity": "cafe",
        "brand": "Tim Hortons",
        "brand:wikidata": "Q175106",
        "building": "commercial",
        "changing_table": "yes",
        "check_date": "2025-05-17",
        "cuisine": "coffee_shop;sandwich;breakfast;donut;bakery",
        "delivery": "yes",
        "drive_through": "yes",
        "highchair": "no",
        "indoor_seating": "no",
        "internet_access": "wlan",
        "internet_access:fee": "customers",
        "level": "0",
        "name": "Tim Hortons",
        "opening_hours": "05:00-19:00",
        "outdoor_seating": "no",
        "payment:cash": "yes",
        "payment:contactless": "yes",
        "payment:credit_cards": "yes",
        "payment:debit_cards": "yes",
        "payment:discover_card": "yes",
        "payment:mastercard": "yes",
        "payment:visa": "yes",
        "phone": "+1 517-703-8132",
        "ref": "911016",
        "smoking": "no",
        "takeaway": "yes",
        "toilets": "yes",
        "toilets:access": "customers",
        "website": "https://locations.timhortons.com/us/mi/lansing/3992-coleman-rd.html",
        "wheelchair": "yes",
        "@geometry": "center"
      },
      "geometry": {
        "type": "Point",
        "coordinates": [
          -84.6036365,
          42.7256743
        ]
      },
      "id": "way/287507629"
    },
    {
      "type": "Feature",
      "properties": {
        "@id": "way/287751504",
        "amenity": "cafe",
        "brand": "Tim Hortons",
        "brand:wikidata": "Q175106",
        "building": "retail",
        "cuisine": "coffee_shop",
        "drive_through": "yes",
        "fixme:atp": "no ATP match, check if still exists",
        "name": "Tim Hortons",
        "operator": "Restaurant Brands International Inc.",
        "takeaway": "yes",
        "website": "https://www.timhortons.com/",
        "@geometry": "center"
      },
      "geometry": {
        "type": "Point",
        "coordinates": [
          -83.4600371,
          42.3762923
        ]
      },
      "id": "way/287751504"
    },
    {
      "type": "Feature",
      "properties": {
        "@id": "way/288254094",
        "addr:city": "Athens",
        "addr:housenumber": "903",
        "addr:postcode": "45701-2117",
        "addr:state": "OH",
        "addr:street": "East State Street",
        "amenity": "cafe",
        "brand": "Tim Hortons",
        "brand:wikidata": "Q175106",
        "building": "yes",
        "cuisine": "coffee_shop",
        "delivery": "yes",
        "drive_through": "yes",
        "indoor_seating": "yes",
        "internet_access": "wlan",
        "name": "Tim Hortons",
        "opening_hours": "Mo-We 06:00-19:30; Fr-Su 06:00-19:30",
        "outdoor_seating": "yes",
        "phone": "+1 740-589-7145",
        "smoking": "no",
        "takeaway": "yes",
        "@geometry": "center"
      },
      "geometry": {
        "type": "Point",
        "coordinates": [
          -82.0705897,
          39.3366861
        ]
      },
      "id": "way/288254094"
    },
    {
      "type": "Feature",
      "properties": {
        "@id": "way/290261156",
        "addr:city": "Toledo",
        "addr:housenumber": "6815",
        "addr:postcode": "43617-1111",
        "addr:state": "OH",
        "addr:street": "West Central Avenue",
        "amenity": "cafe",
        "brand": "Tim Hortons",
        "brand:wikidata": "Q175106",
        "building": "yes",
        "cuisine": "coffee_shop",
        "delivery": "yes",
        "drive_through": "yes",
        "indoor_seating": "no",
        "internet_access": "wlan",
        "name": "Tim Hortons",
        "opening_hours": "Mo-We 06:00-18:00; Fr-Sa 06:00-18:00; Su 06:00-16:00",
        "phone": "+1 419-843-1802",
        "takeaway": "yes",
        "@geometry": "center"
      },
      "geometry": {
        "type": "Point",
        "coordinates": [
          -83.7062622,
          41.6743582
        ]
      },
      "id": "way/290261156"
    },
    {
      "type": "Feature",
      "properties": {
        "@id": "way/292817382",
        "addr:city": "Mount Pleasant",
        "addr:housenumber": "1004",
        "addr:postcode": "48858-1063",
        "addr:state": "MI",
        "addr:street": "East Pickard Street",
        "amenity": "cafe",
        "brand": "Tim Hortons",
        "brand:wikidata": "Q175106",
        "building": "yes",
        "cuisine": "coffee_shop",
        "delivery": "yes",
        "drive_through": "yes",
        "indoor_seating": "yes",
        "internet_access": "wlan",
        "name": "Tim Hortons",
        "opening_hours": "Mo-We 06:00-20:00; Fr-Su 06:00-20:00",
        "phone": "+1 989-779-0920",
        "source": "Bing",
        "takeaway": "yes",
        "@geometry": "center"
      },
      "geometry": {
        "type": "Point",
        "coordinates": [
          -84.7649696,
          43.6113976
        ]
      },
      "id": "way/292817382"
    },
    {
      "type": "Feature",
      "properties": {
        "@id": "way/293222665",
        "addr:city": "Rochester",
        "addr:housenumber": "1580",
        "addr:postcode": "14623",
        "addr:state": "NY",
        "addr:street": "Jefferson Road",
        "amenity": "cafe",
        "brand": "Tim Hortons",
        "brand:wikidata": "Q175106",
        "building": "retail",
        "cuisine": "coffee_shop",
        "delivery": "yes",
        "drive_through": "yes",
        "indoor_seating": "yes",
        "internet_access": "wlan",
        "name": "Tim Hortons",
        "nysgissam:nysaddresspointid": "MONR016861",
        "opening_hours": "Mo-We 06:00-17:00; Fr-Sa 06:00-17:00; Su 07:00-17:00",
        "phone": "+1 585-424-4480",
        "takeaway": "yes",
        "website": "https://www.timhortons.com/",
        "@geometry": "center"
      },
      "geometry": {
        "type": "Point",
        "coordinates": [
          -77.5833676,
          43.0875892
        ]
      },
      "id": "way/293222665"
    },
    {
      "type": "Feature",
      "properties": {
        "@id": "way/293721029",
        "addr:city": "East Rochester",
        "addr:country": "US",
        "addr:housenumber": "908",
        "addr:postcode": "14445",
        "addr:state": "NY",
        "addr:street": "Fairport Road",
        "amenity": "cafe",
        "brand": "Tim Hortons",
        "brand:wikidata": "Q175106",
        "building": "retail",
        "cuisine": "coffee_shop",
        "delivery": "yes",
        "drive_through": "yes",
        "indoor_seating": "yes",
        "internet_access": "wlan",
        "name": "Tim Hortons",
        "opening_hours": "Mo-We 05:00-17:00; Fr-Su 05:00-17:00",
        "operator": "Restaurant Brands International Inc.",
        "phone": "+1 585-586-8350",
        "takeaway": "yes",
        "@geometry": "center"
      },
      "geometry": {
        "type": "Point",
        "coordinates": [
          -77.4800762,
          43.1028301
        ]
      },
      "id": "way/293721029"
    },
    {
      "type": "Feature",
      "properties": {
        "@id": "way/298459506",
        "addr:city": "Rochester",
        "addr:housenumber": "2600",
        "addr:postcode": "14626",
        "addr:state": "NY",
        "addr:street": "Ridgeway Avenue",
        "amenity": "cafe",
        "brand": "Tim Hortons",
        "brand:wikidata": "Q175106",
        "building": "yes",
        "cuisine": "coffee_shop",
        "delivery": "yes",
        "drive_through": "yes",
        "indoor_seating": "yes",
        "internet_access": "wlan",
        "internet_access:fee": "no",
        "name": "Tim Hortons",
        "opening_hours": "Mo-We 05:00-18:00; Fr-Su 05:00-18:00",
        "outdoor_seating": "yes",
        "payment:amex": "no",
        "payment:coins": "yes",
        "payment:notes": "yes",
        "phone": "+1 585-225-0050",
        "takeaway": "yes",
        "website": "https://www.timhortons.com/",
        "@geometry": "center"
      },
      "geometry": {
        "type": "Point",
        "coordinates": [
          -77.7009331,
          43.1875471
        ]
      },
      "id": "way/298459506"
    },
    {
      "type": "Feature",
      "properties": {
        "@id": "way/305375723",
        "addr:city": "Xenia",
        "addr:country": "US",
        "addr:housenumber": "38",
        "addr:postcode": "45385",
        "addr:state": "OH",
        "addr:street": "North Orange Street",
        "amenity": "cafe",
        "brand": "Tim Hortons",
        "brand:wikidata": "Q175106",
        "building": "yes",
        "cuisine": "coffee_shop",
        "delivery": "yes",
        "drive_through": "yes",
        "indoor_seating": "no",
        "internet_access": "wlan",
        "name": "Tim Hortons",
        "opening_hours": "Mo-We 05:00-19:00; Fr-Sa 05:00-19:00; Su 05:00-17:00",
        "phone": "+1 937-352-6145",
        "takeaway": "yes",
        "@geometry": "center"
      },
      "geometry": {
        "type": "Point",
        "coordinates": [
          -83.9404047,
          39.6843491
        ]
      },
      "id": "way/305375723"
    },
    {
      "type": "Feature",
      "properties": {
        "@id": "way/306154171",
        "addr:city": "Webster",
        "addr:housenumber": "1786",
        "addr:postcode": "14580",
        "addr:state": "NY",
        "addr:street": "Empire Boulevard",
        "amenity": "cafe",
        "brand": "Tim Hortons",
        "brand:wikidata": "Q175106",
        "building": "retail",
        "cuisine": "coffee_shop",
        "delivery": "yes",
        "drive_through": "yes",
        "indoor_seating": "yes",
        "internet_access": "wlan",
        "name": "Tim Hortons",
        "nysgissam:nysaddresspointid": "MONR013308",
        "opening_hours": "Mo-We 05:00-15:00; Fr-Sa 05:00-15:00; Su 07:00-15:00",
        "operator": "Restaurant Brands International Inc.",
        "phone": "+1 585-671-7485",
        "takeaway": "yes",
        "website": "https://www.timhortons.com/",
        "@geometry": "center"
      },
      "geometry": {
        "type": "Point",
        "coordinates": [
          -77.5043503,
          43.1876222
        ]
      },
      "id": "way/306154171"
    },
    {
      "type": "Feature",
      "properties": {
        "@id": "way/306342959",
        "addr:city": "Washington Court House",
        "addr:housenumber": "520",
        "addr:postcode": "43160-1203",
        "addr:state": "OH",
        "addr:street": "Clinton Avenue",
        "amenity": "cafe",
        "brand": "Tim Hortons",
        "brand:wikidata": "Q175106",
        "building": "yes",
        "cuisine": "coffee_shop",
        "delivery": "yes",
        "drive_through": "yes",
        "indoor_seating": "no",
        "internet_access": "wlan",
        "name": "Tim Hortons",
        "opening_hours": "Mo-We 05:00-19:00; Fr-Sa 05:00-19:00; Su 05:00-17:00",
        "phone": "+1 740-636-0979",
        "takeaway": "yes",
        "@geometry": "center"
      },
      "geometry": {
        "type": "Point",
        "coordinates": [
          -83.4451002,
          39.532866
        ]
      },
      "id": "way/306342959"
    },
    {
      "type": "Feature",
      "properties": {
        "@id": "way/306588806",
        "addr:city": "Canton",
        "addr:housenumber": "41276",
        "addr:postcode": "48187-3657",
        "addr:state": "MI",
        "addr:street": "Ford Road",
        "amenity": "cafe",
        "brand": "Tim Hortons",
        "brand:wikidata": "Q175106",
        "building": "yes",
        "cuisine": "coffee_shop",
        "delivery": "yes",
        "drive_through": "yes",
        "indoor_seating": "no",
        "internet_access": "wlan",
        "name": "Tim Hortons",
        "opening_hours": "06:00-21:00",
        "phone": "+1 734-981-5236",
        "takeaway": "yes",
        "wheelchair": "yes",
        "@geometry": "center"
      },
      "geometry": {
        "type": "Point",
        "coordinates": [
          -83.4477669,
          42.3235231
        ]
      },
      "id": "way/306588806"
    },
    {
      "type": "Feature",
      "properties": {
        "@id": "way/309367140",
        "addr:city": "Fairborn",
        "addr:housenumber": "1245",
        "addr:postcode": "45324-6327",
        "addr:state": "OH",
        "addr:street": "East Dayton Yellow Springs Road",
        "air_conditioning": "yes",
        "amenity": "cafe",
        "brand": "Tim Hortons",
        "brand:wikidata": "Q175106",
        "building": "yes",
        "cuisine": "coffee_shop",
        "delivery": "yes",
        "drive_through": "yes",
        "indoor_seating": "yes",
        "internet_access": "wlan",
        "name": "Tim Hortons",
        "opening_hours": "Mo-We 05:00-19:00; Fr-Sa 05:00-19:00; Su 05:00-17:00",
        "outdoor_seating": "no",
        "phone": "+1 937-318-1037",
        "takeaway": "yes",
        "@geometry": "center"
      },
      "geometry": {
        "type": "Point",
        "coordinates": [
          -83.9926247,
          39.7846231
        ]
      },
      "id": "way/309367140"
    },
    {
      "type": "Feature",
      "properties": {
        "@id": "way/314941418",
        "addr:city": "Livonia",
        "addr:housenumber": "33500",
        "addr:postcode": "48150-1560",
        "addr:state": "MI",
        "addr:street": "Plymouth Road",
        "amenity": "cafe",
        "brand": "Tim Hortons",
        "brand:wikidata": "Q175106",
        "building": "yes",
        "cuisine": "coffee_shop",
        "delivery": "yes",
        "drive_through": "yes",
        "indoor_seating": "no",
        "internet_access": "wlan",
        "name": "Tim Hortons",
        "opening_hours": "Mo-We 06:00-19:00; Fr-Su 06:00-19:00",
        "phone": "+1 734-427-0653",
        "takeaway": "yes",
        "@geometry": "center"
      },
      "geometry": {
        "type": "Point",
        "coordinates": [
          -83.3733013,
          42.3686761
        ]
      },
      "id": "way/314941418"
    },
    {
      "type": "Feature",
      "properties": {
        "@id": "way/315996543",
        "addr:city": "Ashland",
        "addr:housenumber": "2524",
        "addr:postcode": "41101-7838",
        "addr:state": "KY",
        "addr:street": "Winchester Avenue",
        "amenity": "cafe",
        "brand": "Tim Hortons",
        "brand:wikidata": "Q175106",
        "building": "retail",
        "cuisine": "coffee_shop",
        "delivery": "yes",
        "drive_through": "yes",
        "indoor_seating": "no",
        "internet_access": "wlan",
        "name": "Tim Hortons",
        "opening_hours": "Mo-We 06:00-20:00; Fr-Sa 06:00-20:00; Su 06:00-16:00",
        "phone": "+1 606-325-3093",
        "takeaway": "yes",
        "@geometry": "center"
      },
      "geometry": {
        "type": "Point",
        "coordinates": [
          -82.6278205,
          38.4723976
        ]
      },
      "id": "way/315996543"
    },
    {
      "type": "Feature",
      "properties": {
        "@id": "way/316299253",
        "addr:city": "Circleville",
        "addr:housenumber": "23923",
        "addr:postcode": "43113",
        "addr:state": "OH",
        "addr:street": "US 23 South",
        "amenity": "cafe",
        "brand": "Tim Hortons",
        "brand:wikidata": "Q175106",
        "building": "retail",
        "cuisine": "coffee_shop",
        "delivery": "yes",
        "drive_through": "yes",
        "indoor_seating": "no",
        "internet_access": "wlan",
        "name": "Tim Hortons",
        "opening_hours": "Mo-We 06:00-19:00; Fr-Sa 06:00-19:00; Su 06:00-16:00",
        "phone": "+1 740-474-9499",
        "takeaway": "yes",
        "website": "https://www.timhortons.com/",
        "@geometry": "center"
      },
      "geometry": {
        "type": "Point",
        "coordinates": [
          -82.9538245,
          39.5827843
        ]
      },
      "id": "way/316299253"
    },
    {
      "type": "Feature",
      "properties": {
        "@id": "way/316699790",
        "addr:city": "Pittsford",
        "addr:housenumber": "720",
        "addr:postcode": "14534",
        "addr:state": "NY",
        "addr:street": "Pittsford Victor Road",
        "amenity": "cafe",
        "brand": "Tim Hortons",
        "brand:wikidata": "Q175106",
        "building": "retail",
        "cuisine": "coffee_shop",
        "drive_through": "yes",
        "fixme:atp": "no ATP match, check if still exists",
        "internet_access": "wlan",
        "internet_access:fee": "no",
        "name": "Tim Hortons",
        "operator": "Restaurant Brands International Inc.",
        "outdoor_seating": "yes",
        "smoking": "no",
        "takeaway": "yes",
        "website": "https://www.timhortons.com/",
        "@geometry": "center"
      },
      "geometry": {
        "type": "Point",
        "coordinates": [
          -77.4748322,
          43.0603442
        ]
      },
      "id": "way/316699790"
    },
    {
      "type": "Feature",
      "properties": {
        "@id": "way/317025657",
        "addr:city": "Garden City",
        "addr:housenumber": "30121",
        "addr:postcode": "48135-2368",
        "addr:state": "MI",
        "addr:street": "Ford Road",
        "amenity": "cafe",
        "brand": "Tim Hortons",
        "brand:wikidata": "Q175106",
        "building": "yes",
        "cuisine": "coffee_shop",
        "delivery": "yes",
        "drive_through": "yes",
        "indoor_seating": "yes",
        "internet_access": "wlan",
        "name": "Tim Hortons",
        "opening_hours": "Mo-We 06:00-20:00; Fr-Su 06:00-20:00",
        "phone": "+1 734-261-3031",
        "takeaway": "yes",
        "@geometry": "center"
      },
      "geometry": {
        "type": "Point",
        "coordinates": [
          -83.3387206,
          42.3250379
        ]
      },
      "id": "way/317025657"
    },
    {
      "type": "Feature",
      "properties": {
        "@id": "way/317186850",
        "addr:city": "Livonia",
        "addr:housenumber": "16815",
        "addr:postcode": "48154-3317",
        "addr:state": "MI",
        "addr:street": "Middlebelt Road",
        "amenity": "cafe",
        "brand": "Tim Hortons",
        "brand:wikidata": "Q175106",
        "building": "yes",
        "cuisine": "coffee_shop",
        "delivery": "yes",
        "drive_through": "yes",
        "indoor_seating": "yes",
        "internet_access": "wlan",
        "name": "Tim Hortons",
        "opening_hours": "24/7",
        "phone": "+1 734-425-4402",
        "takeaway": "yes",
        "@geometry": "center"
      },
      "geometry": {
        "type": "Point",
        "coordinates": [
          -83.3357357,
          42.4109447
        ]
      },
      "id": "way/317186850"
    },
    {
      "type": "Feature",
      "properties": {
        "@id": "way/317550916",
        "addr:city": "Marysville",
        "addr:housenumber": "1551",
        "addr:postcode": "48040-1158",
        "addr:state": "MI",
        "addr:street": "Gratiot Boulevard",
        "amenity": "cafe",
        "brand": "Tim Hortons",
        "brand:wikidata": "Q175106",
        "building": "retail",
        "cuisine": "coffee_shop",
        "delivery": "yes",
        "drive_through": "yes",
        "indoor_seating": "yes",
        "internet_access": "wlan",
        "name": "Tim Hortons",
        "opening_hours": "Mo-We 07:00-18:00; Fr-Su 07:00-18:00",
        "phone": "+1 810-388-0029",
        "takeaway": "yes",
        "@geometry": "center"
      },
      "geometry": {
        "type": "Point",
        "coordinates": [
          -82.4781076,
          42.9190314
        ]
      },
      "id": "way/317550916"
    },
    {
      "type": "Feature",
      "properties": {
        "@id": "way/321398330",
        "addr:city": "Port Huron",
        "addr:housenumber": "2626",
        "addr:postcode": "48060-2871",
        "addr:state": "MI",
        "addr:street": "Pine Grove Avenue",
        "amenity": "cafe",
        "brand": "Tim Hortons",
        "brand:wikidata": "Q175106",
        "building": "retail",
        "cuisine": "coffee_shop",
        "delivery": "yes",
        "drive_through": "yes",
        "indoor_seating": "yes",
        "internet_access": "wlan",
        "name": "Tim Hortons",
        "opening_hours": "Mo-We 07:00-18:00; Fr-Su 07:00-18:00",
        "operator": "Restaurant Brands International Inc.",
        "phone": "+1 810-987-6734",
        "takeaway": "yes",
        "website": "https://www.timhortons.com/",
        "@geometry": "center"
      },
      "geometry": {
        "type": "Point",
        "coordinates": [
          -82.4393535,
          43.002458
        ]
      },
      "id": "way/321398330"
    },
    {
      "type": "Feature",
      "properties": {
        "@id": "way/322401977",
        "addr:city": "East Amherst",
        "addr:housenumber": "11520",
        "addr:postcode": "14051",
        "addr:state": "NY",
        "addr:street": "Transit Road",
        "amenity": "cafe",
        "brand": "Tim Hortons",
        "brand:wikidata": "Q175106",
        "building": "retail",
        "cuisine": "coffee_shop",
        "delivery": "yes",
        "drive_through": "yes",
        "indoor_seating": "yes",
        "internet_access": "wlan",
        "name": "Tim Hortons",
        "nysgissam:nysaddresspointid": "ERIE194495",
        "opening_hours": "Mo-We 05:00-22:00; Fr-Su 05:00-22:00",
        "operator": "Restaurant Brands International Inc.",
        "phone": "+1 716-568-2600",
        "takeaway": "yes",
        "website": "https://www.timhortons.com/",
        "@geometry": "center"
      },
      "geometry": {
        "type": "Point",
        "coordinates": [
          -78.6975419,
          43.0841035
        ]
      },
      "id": "way/322401977"
    },
    {
      "type": "Feature",
      "properties": {
        "@id": "way/323369506",
        "addr:city": "Dearborn Heights",
        "addr:housenumber": "7205",
        "addr:postcode": "48127-1430",
        "addr:state": "MI",
        "addr:street": "North Telegraph Road",
        "amenity": "cafe",
        "brand": "Tim Hortons",
        "brand:wikidata": "Q175106",
        "building": "yes",
        "cuisine": "coffee_shop",
        "delivery": "yes",
        "drive_through": "yes",
        "indoor_seating": "yes",
        "internet_access": "wlan",
        "name": "Tim Hortons",
        "opening_hours": "Mo-We 06:00-21:00; Fr-Su 06:00-21:00",
        "phone": "+1 313-730-9810",
        "takeaway": "yes",
        "@geometry": "center"
      },
      "geometry": {
        "type": "Point",
        "coordinates": [
          -83.2740478,
          42.341729
        ]
      },
      "id": "way/323369506"
    },
    {
      "type": "Feature",
      "properties": {
        "@id": "way/323903667",
        "addr:city": "Livonia",
        "addr:housenumber": "31300",
        "addr:postcode": "48154-3644",
        "addr:state": "MI",
        "addr:street": "5 Mile Road",
        "amenity": "cafe",
        "brand": "Tim Hortons",
        "brand:wikidata": "Q175106",
        "building": "yes",
        "cuisine": "coffee_shop",
        "delivery": "yes",
        "drive_through": "yes",
        "indoor_seating": "yes",
        "internet_access": "wlan",
        "name": "Tim Hortons",
        "opening_hours": "Mo-We 05:00-22:00; Fr-Su 05:00-22:00",
        "phone": "+1 734-421-8100",
        "takeaway": "yes",
        "@geometry": "center"
      },
      "geometry": {
        "type": "Point",
        "coordinates": [
          -83.3532571,
          42.3980476
        ]
      },
      "id": "way/323903667"
    },
    {
      "type": "Feature",
      "properties": {
        "@id": "way/324629091",
        "addr:city": "Columbus",
        "addr:housenumber": "2086",
        "addr:postcode": "43240-2007",
        "addr:state": "OH",
        "addr:street": "Polaris Parkway",
        "amenity": "cafe",
        "brand": "Tim Hortons",
        "brand:wikidata": "Q175106",
        "building": "yes",
        "cuisine": "coffee_shop",
        "delivery": "yes",
        "drive_through": "yes",
        "indoor_seating": "no",
        "internet_access": "wlan",
        "name": "Tim Hortons",
        "opening_hours": "Mo-We 06:00-16:00; Fr-Su 06:00-16:00",
        "phone": "+1 614-846-8571",
        "takeaway": "yes",
        "@geometry": "center"
      },
      "geometry": {
        "type": "Point",
        "coordinates": [
          -82.9624719,
          40.1456898
        ]
      },
      "id": "way/324629091"
    },
    {
      "type": "Feature",
      "properties": {
        "@id": "way/337679651",
        "addr:city": "Corry",
        "addr:housenumber": "7",
        "addr:postcode": "16407",
        "addr:state": "PA",
        "addr:street": "East Columbus Avenue",
        "amenity": "cafe",
        "brand": "Tim Hortons",
        "brand:wikidata": "Q175106",
        "building": "yes",
        "cuisine": "coffee_shop",
        "delivery": "yes",
        "designation": "coffee and bake shop",
        "drive_through": "yes",
        "indoor_seating": "yes",
        "internet_access": "wlan",
        "name": "Tim Hortons",
        "opening_hours": "Mo-Su 05:00-23:00",
        "phone": "+1 814-663-6058",
        "takeaway": "yes",
        "website": "https://timhortons.com/",
        "@geometry": "center"
      },
      "geometry": {
        "type": "Point",
        "coordinates": [
          -79.6410776,
          41.9368845
        ]
      },
      "id": "way/337679651"
    },
    {
      "type": "Feature",
      "properties": {
        "@id": "way/341067122",
        "amenity": "cafe",
        "brand": "Tim Hortons",
        "brand:wikidata": "Q175106",
        "building": "yes",
        "cuisine": "coffee_shop",
        "fixme:atp": "no ATP match, check if still exists",
        "name": "Tim Hortons",
        "takeaway": "yes",
        "@geometry": "center"
      },
      "geometry": {
        "type": "Point",
        "coordinates": [
          -83.5144383,
          42.4915094
        ]
      },
      "id": "way/341067122"
    },
    {
      "type": "Feature",
      "properties": {
        "@id": "way/344173580",
        "addr:city": "Orchard Park",
        "addr:housenumber": "3878",
        "addr:postcode": "14127",
        "addr:state": "NY",
        "addr:street": "Southwestern Boulevard",
        "amenity": "cafe",
        "brand": "Tim Hortons",
        "brand:wikidata": "Q175106",
        "building": "yes",
        "cuisine": "coffee_shop",
        "delivery": "yes",
        "drive_through": "yes",
        "indoor_seating": "yes",
        "internet_access": "wlan",
        "name": "Tim Hortons",
        "opening_hours": "Mo-Su 05:00-20:00",
        "phone": "+1 716-312-0124",
        "takeaway": "yes",
        "@geometry": "center"
      },
      "geometry": {
        "type": "Point",
        "coordinates": [
          -78.7911677,
          42.7778706
        ]
      },
      "id": "way/344173580"
    },
    {
      "type": "Feature",
      "properties": {
        "@id": "way/345643789",
        "addr:city": "Madison Heights",
        "addr:housenumber": "28775",
        "addr:postcode": "48071-3005",
        "addr:state": "MI",
        "addr:street": "Dequindre Road",
        "amenity": "cafe",
        "brand": "Tim Hortons",
        "brand:wikidata": "Q175106",
        "building": "yes",
        "cuisine": "coffee_shop",
        "delivery": "yes",
        "drive_through": "yes",
        "indoor_seating": "yes",
        "internet_access": "wlan",
        "name": "Tim Hortons",
        "opening_hours": "Mo-We 06:00-20:00; Fr-Su 06:00-20:00",
        "phone": "+1 248-544-8770",
        "takeaway": "yes",
        "@geometry": "center"
      },
      "geometry": {
        "type": "Point",
        "coordinates": [
          -83.0860055,
          42.5042811
        ]
      },
      "id": "way/345643789"
    },
    {
      "type": "Feature",
      "properties": {
        "@id": "way/353063125",
        "addr:city": "Hilliard",
        "addr:housenumber": "3850",
        "addr:postcode": "43026-1234",
        "addr:state": "OH",
        "addr:street": "Lyman Drive",
        "amenity": "cafe",
        "brand": "Tim Hortons",
        "brand:wikidata": "Q175106",
        "building": "retail",
        "cuisine": "coffee_shop",
        "delivery": "yes",
        "drive_through": "yes",
        "indoor_seating": "no",
        "internet_access": "wlan",
        "name": "Tim Hortons",
        "opening_hours": "Mo-We 05:00-19:00; Fr-Sa 05:00-19:00; Su 05:00-17:00",
        "operator": "Restaurant Brands International Inc.",
        "phone": "+1 614-527-4733",
        "takeaway": "yes",
        "website": "https://www.timhortons.com/",
        "@geometry": "center"
      },
      "geometry": {
        "type": "Point",
        "coordinates": [
          -83.1285951,
          40.0321151
        ]
      },
      "id": "way/353063125"
    },
    {
      "type": "Feature",
      "properties": {
        "@id": "way/356134586",
        "addr:city": "Madison Heights",
        "addr:housenumber": "493",
        "addr:postcode": "48071-2422",
        "addr:state": "MI",
        "addr:street": "West 12 Mile Road",
        "amenity": "cafe",
        "brand": "Tim Hortons",
        "brand:wikidata": "Q175106",
        "building": "yes",
        "cuisine": "coffee_shop",
        "delivery": "no",
        "drive_through": "yes",
        "indoor_seating": "yes",
        "internet_access": "wlan",
        "name": "Tim Hortons",
        "opening_hours": "Mo-We 06:00-18:00; Fr-Su 06:00-18:00",
        "phone": "+1 248-548-1688",
        "takeaway": "yes",
        "@geometry": "center"
      },
      "geometry": {
        "type": "Point",
        "coordinates": [
          -83.1105508,
          42.5043091
        ]
      },
      "id": "way/356134586"
    },
    {
      "type": "Feature",
      "properties": {
        "@id": "way/358408794",
        "addr:city": "Norton Shores",
        "addr:housenumber": "3334",
        "addr:postcode": "49441",
        "addr:state": "MI",
        "addr:street": "Henry Street",
        "amenity": "cafe",
        "brand": "Tim Hortons",
        "brand:wikidata": "Q175106",
        "building": "yes",
        "cuisine": "coffee_shop",
        "delivery": "yes",
        "drive_through": "yes",
        "indoor_seating": "yes",
        "internet_access": "wlan",
        "name": "Tim Hortons",
        "opening_hours": "Mo-We 05:00-19:00; Fr 05:00-19:00; Sa-Su 06:00-19:00",
        "phone": "+1 231-345-6485",
        "takeaway": "yes",
        "@geometry": "center"
      },
      "geometry": {
        "type": "Point",
        "coordinates": [
          -86.2629294,
          43.1913913
        ]
      },
      "id": "way/358408794"
    },
    {
      "type": "Feature",
      "properties": {
        "@id": "way/360562449",
        "addr:city": "Van Buren Charter Township",
        "addr:housenumber": "10360",
        "addr:postcode": "48111-1389",
        "addr:state": "MI",
        "addr:street": "Belleville Road",
        "amenity": "cafe",
        "brand": "Tim Hortons",
        "brand:wikidata": "Q175106",
        "building": "yes",
        "cuisine": "coffee_shop",
        "delivery": "yes",
        "drive_through": "yes",
        "indoor_seating": "yes",
        "internet_access": "wlan",
        "name": "Tim Hortons",
        "opening_hours": "Mo-We 04:30-20:00; Fr-Su 04:30-20:00",
        "phone": "+1 734-699-5278",
        "takeaway": "yes",
        "@geometry": "center"
      },
      "geometry": {
        "type": "Point",
        "coordinates": [
          -83.4856438,
          42.2266042
        ]
      },
      "id": "way/360562449"
    },
    {
      "type": "Feature",
      "properties": {
        "@id": "way/366162716",
        "addr:city": "Columbus",
        "addr:housenumber": "1815",
        "addr:postcode": "43229",
        "addr:state": "OH",
        "addr:street": "Morse Road",
        "amenity": "cafe",
        "brand": "Tim Hortons",
        "brand:wikidata": "Q175106",
        "building": "commercial",
        "cuisine": "coffee_shop",
        "delivery": "yes",
        "drive_through": "yes",
        "indoor_seating": "no",
        "internet_access": "wlan",
        "name": "Tim Hortons",
        "opening_hours": "Mo-We 06:00-18:00; Fr-Sa 06:00-18:00; Su 06:00-16:00",
        "phone": "+1 614-447-0707",
        "takeaway": "yes",
        "@geometry": "center"
      },
      "geometry": {
        "type": "Point",
        "coordinates": [
          -82.9705802,
          40.0598781
        ]
      },
      "id": "way/366162716"
    },
    {
      "type": "Feature",
      "properties": {
        "@id": "way/371388688",
        "addr:city": "Columbus",
        "addr:housenumber": "2626",
        "addr:postcode": "43220",
        "addr:state": "OH",
        "addr:street": "Bethel Road",
        "amenity": "cafe",
        "brand": "Tim Hortons",
        "brand:wikidata": "Q175106",
        "building": "commercial",
        "cuisine": "coffee_shop",
        "delivery": "yes",
        "drive_through": "yes",
        "indoor_seating": "no",
        "internet_access": "wlan",
        "name": "Tim Hortons",
        "opening_hours": "Mo-We 06:00-16:00; Fr-Su 06:00-16:00",
        "phone": "+1 614-442-3380",
        "takeaway": "yes",
        "@geometry": "center"
      },
      "geometry": {
        "type": "Point",
        "coordinates": [
          -83.0883644,
          40.0652764
        ]
      },
      "id": "way/371388688"
    },
    {
      "type": "Feature",
      "properties": {
        "@id": "way/381724458",
        "addr:city": "Belleville",
        "addr:housenumber": "2141",
        "addr:postcode": "48111-2283",
        "addr:state": "MI",
        "addr:street": "Rawsonville Road",
        "amenity": "cafe",
        "brand": "Tim Hortons",
        "brand:wikidata": "Q175106",
        "building": "retail",
        "cuisine": "coffee_shop",
        "delivery": "yes",
        "drive_through": "yes",
        "indoor_seating": "yes",
        "internet_access": "wlan",
        "name": "Tim Hortons",
        "opening_hours": "Mo-We 06:00-20:00; Fr-Su 06:00-20:00",
        "phone": "+1 734-485-5283",
        "takeaway": "yes",
        "@geometry": "center"
      },
      "geometry": {
        "type": "Point",
        "coordinates": [
          -83.5430717,
          42.2151559
        ]
      },
      "id": "way/381724458"
    },
    {
      "type": "Feature",
      "properties": {
        "@id": "way/390416578",
        "addr:city": "Warren",
        "addr:housenumber": "26807",
        "addr:postcode": "48089-1155",
        "addr:state": "MI",
        "addr:street": "Hoover Road",
        "amenity": "cafe",
        "brand": "Tim Hortons",
        "brand:wikidata": "Q175106",
        "building": "yes",
        "cuisine": "coffee_shop",
        "delivery": "yes",
        "drive_through": "yes",
        "indoor_seating": "yes",
        "name": "Tim Hortons",
        "opening_hours": "Mo-We 06:00-21:00; Fr-Su 06:00-21:00",
        "phone": "+1 586-757-2251",
        "takeaway": "yes",
        "@geometry": "center"
      },
      "geometry": {
        "type": "Point",
        "coordinates": [
          -83.0071678,
          42.4909046
        ]
      },
      "id": "way/390416578"
    },
    {
      "type": "Feature",
      "properties": {
        "@id": "way/396273051",
        "addr:city": "Detroit",
        "addr:housenumber": "7201",
        "addr:postcode": "48214",
        "addr:state": "MI",
        "addr:street": "East Jefferson Avenue",
        "amenity": "cafe",
        "brand": "Tim Hortons",
        "brand:wikidata": "Q175106",
        "building": "yes",
        "cuisine": "coffee_shop",
        "drive_through": "yes",
        "fixme:atp": "no ATP match, check if still exists",
        "name": "Tim Hortons",
        "takeaway": "yes",
        "@geometry": "center"
      },
      "geometry": {
        "type": "Point",
        "coordinates": [
          -83.0017483,
          42.3476343
        ]
      },
      "id": "way/396273051"
    },
    {
      "type": "Feature",
      "properties": {
        "@id": "way/398617974",
        "addr:city": "Parkersburg",
        "addr:housenumber": "555",
        "addr:postcode": "26101-5109",
        "addr:state": "WV",
        "addr:street": "5th Street",
        "amenity": "cafe",
        "brand": "Tim Hortons",
        "brand:wikidata": "Q175106",
        "building": "yes",
        "cuisine": "coffee_shop",
        "delivery": "yes",
        "drive_through": "yes",
        "indoor_seating": "no",
        "internet_access": "wlan",
        "name": "Tim Hortons",
        "opening_hours": "Mo-We 06:00-19:00; Fr-Sa 06:00-19:00; Su 06:00-16:00",
        "phone": "+1 304-428-4104",
        "takeaway": "yes",
        "@geometry": "center"
      },
      "geometry": {
        "type": "Point",
        "coordinates": [
          -81.5570302,
          39.2626215
        ]
      },
      "id": "way/398617974"
    },
    {
      "type": "Feature",
      "properties": {
        "@id": "way/399022476",
        "addr:city": "Columbus",
        "addr:housenumber": "5221",
        "addr:postcode": "43230",
        "addr:state": "OH",
        "addr:street": "Hamilton Road",
        "amenity": "cafe",
        "brand": "Tim Hortons",
        "brand:wikidata": "Q175106",
        "building": "yes",
        "cuisine": "coffee_shop",
        "delivery": "yes",
        "drive_through": "yes",
        "indoor_seating": "no",
        "internet_access": "wlan",
        "name": "Tim Hortons",
        "opening_hours": "Mo-We 06:00-16:00; Fr-Su 06:00-16:00",
        "outdoor_seating": "no",
        "phone": "+1 614-337-1018",
        "takeaway": "yes",
        "@geometry": "center"
      },
      "geometry": {
        "type": "Point",
        "coordinates": [
          -82.8638118,
          40.0635192
        ]
      },
      "id": "way/399022476"
    },
    {
      "type": "Feature",
      "properties": {
        "@id": "way/399825749",
        "addr:city": "Parkersburg",
        "addr:housenumber": "3555",
        "addr:postcode": "26101-1024",
        "addr:state": "WV",
        "addr:street": "Murdoch Avenue",
        "amenity": "cafe",
        "brand": "Tim Hortons",
        "brand:wikidata": "Q175106",
        "building": "yes",
        "cuisine": "coffee_shop",
        "delivery": "yes",
        "drive_through": "yes",
        "indoor_seating": "no",
        "internet_access": "wlan",
        "name": "Tim Hortons",
        "opening_hours": "Mo-We 06:00-19:00; Fr-Sa 06:00-19:00; Su 06:00-16:00",
        "phone": "+1 304-424-0790",
        "takeaway": "yes",
        "@geometry": "center"
      },
      "geometry": {
        "type": "Point",
        "coordinates": [
          -81.5466924,
          39.2935909
        ]
      },
      "id": "way/399825749"
    },
    {
      "type": "Feature",
      "properties": {
        "@id": "way/404172516",
        "addr:city": "Ann Arbor",
        "addr:housenumber": "3975",
        "addr:postcode": "48103",
        "addr:state": "MI",
        "addr:street": "South State Road",
        "amenity": "cafe",
        "brand": "Tim Hortons",
        "brand:wikidata": "Q175106",
        "building": "yes",
        "cuisine": "coffee_shop",
        "delivery": "yes",
        "drive_through": "yes",
        "indoor_seating": "no",
        "internet_access": "wlan",
        "name": "Tim Hortons",
        "opening_hours": "Mo-Su 06:00-05:00",
        "phone": "+1 734-214-3939",
        "takeaway": "yes",
        "@geometry": "center"
      },
      "geometry": {
        "type": "Point",
        "coordinates": [
          -83.7380665,
          42.2296673
        ]
      },
      "id": "way/404172516"
    },
    {
      "type": "Feature",
      "properties": {
        "@id": "way/405910606",
        "addr:city": "Toledo",
        "addr:housenumber": "1801",
        "addr:postcode": "43613-3525",
        "addr:state": "OH",
        "addr:street": "West Laskey Road",
        "amenity": "cafe",
        "brand": "Tim Hortons",
        "brand:wikidata": "Q175106",
        "building": "yes",
        "cuisine": "coffee_shop",
        "delivery": "yes",
        "drive_through": "yes",
        "indoor_seating": "yes",
        "internet_access": "wlan",
        "name": "Tim Hortons",
        "opening_hours": "Mo-We 05:00-18:00; Fr-Su 05:00-18:00",
        "phone": "+1 419-480-1020",
        "takeaway": "yes",
        "@geometry": "center"
      },
      "geometry": {
        "type": "Point",
        "coordinates": [
          -83.5880317,
          41.7064672
        ]
      },
      "id": "way/405910606"
    },
    {
      "type": "Feature",
      "properties": {
        "@id": "way/426920091",
        "addr:city": "Columbus",
        "addr:housenumber": "6390",
        "addr:postcode": "43235",
        "addr:state": "OH",
        "addr:street": "Sawmill Road",
        "amenity": "cafe",
        "brand": "Tim Hortons",
        "brand:wikidata": "Q175106",
        "building": "yes",
        "cuisine": "coffee_shop",
        "delivery": "yes",
        "drive_through": "yes",
        "indoor_seating": "no",
        "internet_access": "wlan",
        "name": "Tim Hortons",
        "opening_hours": "Mo-We 06:00-18:00; Fr-Sa 06:00-18:00; Su 06:00-16:00",
        "phone": "+1 614-553-7222",
        "takeaway": "yes",
        "website": "https://www.timhortons.com/store-locator/store/restaurant_72330",
        "@geometry": "center"
      },
      "geometry": {
        "type": "Point",
        "coordinates": [
          -83.0904273,
          40.0974186
        ]
      },
      "id": "way/426920091"
    },
    {
      "type": "Feature",
      "properties": {
        "@id": "way/429382082",
        "addr:city": "North Chili",
        "addr:housenumber": "4380",
        "addr:postcode": "14514",
        "addr:state": "NY",
        "addr:street": "Buffalo Road",
        "amenity": "cafe",
        "brand": "Tim Hortons",
        "brand:wikidata": "Q175106",
        "building": "yes",
        "cuisine": "coffee_shop",
        "delivery": "yes",
        "drive_through": "yes",
        "indoor_seating": "yes",
        "internet_access": "wlan",
        "name": "Tim Hortons",
        "nysgissam:nysaddresspointid": "MONR016044",
        "opening_hours": "Mo-We 05:00-21:00; Fr-Su 05:00-21:00",
        "phone": "+1 585-617-3050",
        "takeaway": "yes",
        "@geometry": "center"
      },
      "geometry": {
        "type": "Point",
        "coordinates": [
          -77.8068224,
          43.1200422
        ]
      },
      "id": "way/429382082"
    },
    {
      "type": "Feature",
      "properties": {
        "@id": "way/433140718",
        "addr:city": "Calcutta",
        "addr:housenumber": "15580",
        "addr:postcode": "43920",
        "addr:state": "OH",
        "addr:street": "SR 170",
        "amenity": "cafe",
        "brand": "Tim Hortons",
        "brand:wikidata": "Q175106",
        "building": "retail",
        "building:levels": "1",
        "cuisine": "coffee_shop",
        "delivery": "yes",
        "drive_through": "yes",
        "indoor_seating": "no",
        "internet_access": "wlan",
        "name": "Tim Hortons",
        "opening_hours": "24/7",
        "phone": "+1 330-385-6366",
        "roof:levels": "0",
        "takeaway": "yes",
        "website": "https://www.timhortons.com/store-locator/store/restaurant_71301",
        "@geometry": "center"
      },
      "geometry": {
        "type": "Point",
        "coordinates": [
          -80.5774502,
          40.6729975
        ]
      },
      "id": "way/433140718"
    },
    {
      "type": "Feature",
      "properties": {
        "@id": "way/438078042",
        "addr:city": "Tiffin",
        "addr:housenumber": "1630",
        "addr:postcode": "44883",
        "addr:state": "OH",
        "addr:street": "West Market Street",
        "amenity": "cafe",
        "brand": "Tim Hortons",
        "brand:wikidata": "Q175106",
        "building": "yes",
        "building:levels": "1",
        "cuisine": "coffee_shop",
        "delivery": "yes",
        "drive_through": "yes",
        "indoor_seating": "no",
        "internet_access": "wlan",
        "name": "Tim Hortons",
        "opening_hours": "Mo-We 06:00-17:00; Fr-Sa 06:00-17:00; Su 06:00-16:00",
        "outdoor_seating": "yes",
        "phone": "+1 567-938-6162",
        "takeaway": "yes",
        "@geometry": "center"
      },
      "geometry": {
        "type": "Point",
        "coordinates": [
          -83.2022678,
          41.1117067
        ]
      },
      "id": "way/438078042"
    },
    {
      "type": "Feature",
      "properties": {
        "@id": "way/441053149",
        "addr:city": "Lambertville",
        "addr:housenumber": "3309",
        "addr:postcode": "48144",
        "addr:state": "MI",
        "addr:street": "Sterns Road",
        "amenity": "cafe",
        "brand": "Tim Hortons",
        "brand:wikidata": "Q175106",
        "building": "yes",
        "cuisine": "coffee_shop",
        "delivery": "yes",
        "drive_through": "yes",
        "indoor_seating": "yes",
        "internet_access": "wlan",
        "name": "Tim Hortons",
        "opening_hours": "Mo 06:00-20:00; Tu-We 05:00-20:00; Fr-Su 05:00-20:00",
        "operator": "Restaurant Brands International Inc.",
        "phone": "+1 734-856-1679",
        "takeaway": "yes",
        "website": "https://www.timhortons.com/",
        "@geometry": "center"
      },
      "geometry": {
        "type": "Point",
        "coordinates": [
          -83.626152,
          41.7486666
        ]
      },
      "id": "way/441053149"
    },
    {
      "type": "Feature",
      "properties": {
        "@id": "way/442790854",
        "addr:city": "Southgate",
        "addr:housenumber": "19014",
        "addr:postcode": "48195",
        "addr:state": "MI",
        "addr:street": "Eureka Road",
        "amenity": "cafe",
        "brand": "Tim Hortons",
        "brand:wikidata": "Q175106",
        "building": "yes",
        "building:year_built": "2012",
        "cuisine": "coffee_shop",
        "delivery": "yes",
        "drive_through": "yes",
        "indoor_seating": "no",
        "internet_access": "wlan",
        "name": "Tim Hortons",
        "opening_hours": "Mo-We 06:00-20:00; Fr-Su 06:00-20:00",
        "phone": "+1 734-284-3000",
        "takeaway": "yes",
        "@geometry": "center"
      },
      "geometry": {
        "type": "Point",
        "coordinates": [
          -83.2254164,
          42.1991649
        ]
      },
      "id": "way/442790854"
    },
    {
      "type": "Feature",
      "properties": {
        "@id": "way/443685915",
        "addr:city": "Biddeford",
        "addr:housenumber": "426",
        "addr:postcode": "04005",
        "addr:state": "ME",
        "addr:street": "Alfred Street",
        "amenity": "cafe",
        "brand": "Tim Hortons",
        "brand:wikidata": "Q175106",
        "building": "yes",
        "cuisine": "coffee_shop",
        "drive_through": "yes",
        "fixme:atp": "no ATP match, check if still exists",
        "name": "Tim Hortons",
        "takeaway": "yes",
        "@geometry": "center"
      },
      "geometry": {
        "type": "Point",
        "coordinates": [
          -70.4802162,
          43.4815894
        ]
      },
      "id": "way/443685915"
    },
    {
      "type": "Feature",
      "properties": {
        "@id": "way/452779809",
        "amenity": "cafe",
        "brand": "Tim Hortons",
        "brand:wikidata": "Q175106",
        "building": "yes",
        "cuisine": "coffee_shop",
        "fixme:atp": "no ATP match, check if still exists",
        "name": "Tim Hortons",
        "takeaway": "yes",
        "@geometry": "center"
      },
      "geometry": {
        "type": "Point",
        "coordinates": [
          -83.1311656,
          42.4564728
        ]
      },
      "id": "way/452779809"
    },
    {
      "type": "Feature",
      "properties": {
        "@id": "way/456268308",
        "addr:city": "Buffalo",
        "addr:housenumber": "2595",
        "addr:postcode": "14227",
        "addr:state": "NY",
        "addr:street": "Union Road",
        "amenity": "cafe",
        "brand": "Tim Hortons",
        "brand:wikidata": "Q175106",
        "building": "retail",
        "cuisine": "coffee_shop",
        "delivery": "yes",
        "drive_through": "yes",
        "indoor_seating": "yes",
        "internet_access": "wlan",
        "name": "Tim Hortons",
        "nysgissam:nysaddresspointid": "ERIE301174",
        "opening_hours": "24/7",
        "operator": "Restaurant Brands International Inc.",
        "phone": "+1 716-656-7337",
        "takeaway": "yes",
        "website": "https://www.timhortons.com/",
        "@geometry": "center"
      },
      "geometry": {
        "type": "Point",
        "coordinates": [
          -78.7536599,
          42.8833851
        ]
      },
      "id": "way/456268308"
    },
    {
      "type": "Feature",
      "properties": {
        "@id": "way/463022796",
        "addr:city": "Delaware",
        "addr:housenumber": "89",
        "addr:postcode": "43015-2304",
        "addr:state": "OH",
        "addr:street": "West William Street",
        "amenity": "cafe",
        "brand": "Tim Hortons",
        "brand:wikidata": "Q175106",
        "building": "yes",
        "cuisine": "coffee_shop",
        "delivery": "yes",
        "drive_through": "yes",
        "indoor_seating": "yes",
        "internet_access": "wlan",
        "name": "Tim Hortons",
        "opening_hours": "Mo-We 06:00-19:00; Fr-Sa 06:00-19:00; Su 06:00-16:00",
        "phone": "+1 740-362-3203",
        "takeaway": "yes",
        "@geometry": "center"
      },
      "geometry": {
        "type": "Point",
        "coordinates": [
          -83.0715907,
          40.2987045
        ]
      },
      "id": "way/463022796"
    },
    {
      "type": "Feature",
      "properties": {
        "@id": "way/468046122",
        "addr:city": "Columbus",
        "addr:housenumber": "2754",
        "addr:postcode": "43202-1122",
        "addr:state": "OH",
        "addr:street": "North High Street",
        "amenity": "cafe",
        "brand": "Tim Hortons",
        "brand:wikidata": "Q175106",
        "building": "yes",
        "cuisine": "coffee_shop",
        "delivery": "yes",
        "drive_through": "yes",
        "indoor_seating": "yes",
        "internet_access": "wlan",
        "name": "Tim Hortons",
        "opening_hours": "Mo-We 07:00-15:00; Fr-Sa 07:00-15:00; Su 06:00-16:00",
        "operator": "Restaurant Brands International Inc.",
        "phone": "+1 614-784-0097",
        "takeaway": "yes",
        "website": "https://timhortons.com",
        "@geometry": "center"
      },
      "geometry": {
        "type": "Point",
        "coordinates": [
          -83.0119963,
          40.0183754
        ]
      },
      "id": "way/468046122"
    },
    {
      "type": "Feature",
      "properties": {
        "@id": "way/468577866",
        "addr:city": "Powell",
        "addr:housenumber": "3700",
        "addr:postcode": "43065-5113",
        "addr:state": "OH",
        "addr:street": "Discovery Lane",
        "amenity": "cafe",
        "brand": "Tim Hortons",
        "brand:wikidata": "Q175106",
        "building": "yes",
        "cuisine": "coffee_shop",
        "delivery": "yes",
        "drive_through": "yes",
        "indoor_seating": "no",
        "internet_access": "wlan",
        "name": "Tim Hortons",
        "opening_hours": "Mo-We 06:00-18:00; Fr-Sa 06:00-18:00; Su 06:00-16:00",
        "phone": "+1 740-917-5099",
        "takeaway": "yes",
        "@geometry": "center"
      },
      "geometry": {
        "type": "Point",
        "coordinates": [
          -83.0889717,
          40.1578859
        ]
      },
      "id": "way/468577866"
    },
    {
      "type": "Feature",
      "properties": {
        "@id": "way/477966944",
        "addr:city": "Warsaw",
        "addr:housenumber": "461",
        "addr:postcode": "14569-1032",
        "addr:state": "NY",
        "addr:street": "North Main Street",
        "amenity": "cafe",
        "brand": "Tim Hortons",
        "brand:wikidata": "Q175106",
        "building": "yes",
        "cuisine": "coffee_shop",
        "delivery": "yes",
        "drive_through": "yes",
        "indoor_seating": "yes",
        "internet_access": "wlan",
        "name": "Tim Hortons",
        "opening_hours": "Mo-We 05:00-22:00; Fr-Su 05:00-22:00",
        "phone": "+1 585-786-0250",
        "takeaway": "yes",
        "@geometry": "center"
      },
      "geometry": {
        "type": "Point",
        "coordinates": [
          -78.1306304,
          42.7604171
        ]
      },
      "id": "way/477966944"
    },
    {
      "type": "Feature",
      "properties": {
        "@id": "way/481694405",
        "addr:city": "Columbus",
        "addr:housenumber": "2845",
        "addr:postcode": "43219-3132",
        "addr:state": "OH",
        "addr:street": "Stelzer Road",
        "amenity": "cafe",
        "brand": "Tim Hortons",
        "brand:wikidata": "Q175106",
        "building": "commercial",
        "cuisine": "coffee_shop",
        "delivery": "yes",
        "drive_through": "yes",
        "indoor_seating": "yes",
        "internet_access": "wlan",
        "name": "Tim Hortons",
        "opening_hours": "Mo-Su 06:00-21:00",
        "phone": "+1 614-473-1078",
        "takeaway": "yes",
        "website": "https://timhortons.com/",
        "@geometry": "center"
      },
      "geometry": {
        "type": "Point",
        "coordinates": [
          -82.9111269,
          40.0315447
        ]
      },
      "id": "way/481694405"
    },
    {
      "type": "Feature",
      "properties": {
        "@id": "way/482358959",
        "addr:city": "Canton",
        "addr:housenumber": "45515",
        "addr:postcode": "48188-2388",
        "addr:state": "MI",
        "addr:street": "Michigan Avenue",
        "amenity": "cafe",
        "brand": "Tim Hortons",
        "brand:wikidata": "Q175106",
        "building": "industrial",
        "cuisine": "coffee_shop",
        "delivery": "yes",
        "drive_through": "yes",
        "indoor_seating": "no",
        "internet_access": "wlan",
        "name": "Tim Hortons",
        "opening_hours": "Mo-We 06:00-19:00; Fr-Su 06:00-19:00",
        "outdoor_seating": "no",
        "phone": "+1 734-484-0261",
        "takeaway": "yes",
        "@geometry": "center"
      },
      "geometry": {
        "type": "Point",
        "coordinates": [
          -83.4882184,
          42.2709043
        ]
      },
      "id": "way/482358959"
    },
    {
      "type": "Feature",
      "properties": {
        "@id": "way/482584049",
        "amenity": "cafe",
        "brand": "Tim Hortons",
        "brand:wikidata": "Q175106",
        "building": "yes",
        "cuisine": "coffee_shop",
        "fixme:atp": "no ATP match, check if still exists",
        "name": "Tim Hortons",
        "takeaway": "yes",
        "@geometry": "center"
      },
      "geometry": {
        "type": "Point",
        "coordinates": [
          -85.5805301,
          43.0537602
        ]
      },
      "id": "way/482584049"
    },
    {
      "type": "Feature",
      "properties": {
        "@id": "way/487901893",
        "addr:city": "Buffalo",
        "addr:housenumber": "1060",
        "addr:postcode": "14217",
        "addr:state": "NY",
        "addr:street": "Military Road",
        "amenity": "cafe",
        "brand": "Tim Hortons",
        "brand:wikidata": "Q175106",
        "building": "restaurant",
        "cuisine": "coffee_shop",
        "delivery": "yes",
        "drive_through": "yes",
        "indoor_seating": "yes",
        "internet_access": "wlan",
        "internet_access:fee": "no",
        "level": "0",
        "name": "Tim Hortons",
        "opening_hours": "Mo-We 00:00-24:00; Fr-Su 00:00-24:00",
        "outdoor_seating": "no",
        "phone": "+1 716-362-0211",
        "smoking": "no",
        "takeaway": "yes",
        "wheelchair": "yes",
        "@geometry": "center"
      },
      "geometry": {
        "type": "Point",
        "coordinates": [
          -78.8893957,
          42.9606458
        ]
      },
      "id": "way/487901893"
    },
    {
      "type": "Feature",
      "properties": {
        "@id": "way/499904880",
        "addr:city": "Caribou",
        "addr:housenumber": "109",
        "addr:postcode": "04736",
        "addr:state": "ME",
        "addr:street": "Bennett Drive",
        "amenity": "cafe",
        "brand": "Tim Hortons",
        "brand:wikidata": "Q175106",
        "building": "yes",
        "cuisine": "coffee_shop",
        "delivery": "yes",
        "drive_through": "yes",
        "indoor_seating": "yes",
        "internet_access": "wlan",
        "name": "Tim Hortons",
        "opening_hours": "Mo-We 04:30-22:00; Fr-Su 04:30-22:00",
        "phone": "+1 207-492-0363",
        "takeaway": "yes",
        "@geometry": "center"
      },
      "geometry": {
        "type": "Point",
        "coordinates": [
          -68.0040385,
          46.8683674
        ]
      },
      "id": "way/499904880"
    },
    {
      "type": "Feature",
      "properties": {
        "@id": "way/509001765",
        "addr:city": "Brewer",
        "addr:housenumber": "299",
        "addr:postcode": "04412",
        "addr:state": "ME",
        "addr:street": "Chamberlain Street",
        "amenity": "cafe",
        "brand": "Tim Hortons",
        "brand:wikidata": "Q175106",
        "building": "retail",
        "cuisine": "coffee_shop",
        "delivery": "yes",
        "drive_through": "yes",
        "indoor_seating": "yes",
        "internet_access": "wlan",
        "name": "Tim Hortons",
        "opening_hours": "Mo-We 05:00-19:00; Fr-Su 05:00-19:00",
        "phone": "+1 207-989-6319",
        "takeaway": "yes",
        "@geometry": "center"
      },
      "geometry": {
        "type": "Point",
        "coordinates": [
          -68.7512226,
          44.7847399
        ]
      },
      "id": "way/509001765"
    },
    {
      "type": "Feature",
      "properties": {
        "@id": "way/516211393",
        "addr:city": "Tonawanda",
        "addr:housenumber": "2060",
        "addr:postcode": "14150",
        "addr:state": "NY",
        "addr:street": "Military Road",
        "amenity": "cafe",
        "brand": "Tim Hortons",
        "brand:wikidata": "Q175106",
        "building": "yes",
        "cuisine": "coffee_shop",
        "delivery": "yes",
        "drive_through": "yes",
        "indoor_seating": "yes",
        "internet_access": "wlan",
        "internet_access:fee": "no",
        "name": "Tim Hortons",
        "opening_hours": "Mo-We 06:00-20:00; Fr-Su 06:00-20:00",
        "outdoor_seating": "no",
        "phone": "+1 716-322-0026",
        "takeaway": "yes",
        "@geometry": "center"
      },
      "geometry": {
        "type": "Point",
        "coordinates": [
          -78.8837561,
          42.9930124
        ]
      },
      "id": "way/516211393"
    },
    {
      "type": "Feature",
      "properties": {
        "@id": "way/520741591",
        "addr:city": "Rochester",
        "addr:housenumber": "649",
        "addr:postcode": "14612",
        "addr:state": "NY",
        "addr:street": "Long Pond Road",
        "amenity": "cafe",
        "brand": "Tim Hortons",
        "brand:wikidata": "Q175106",
        "building": "commercial",
        "building:levels": "1",
        "cuisine": "coffee_shop",
        "delivery": "yes",
        "drive_through": "yes",
        "indoor_seating": "yes",
        "internet_access": "wlan",
        "name": "Tim Hortons",
        "opening_hours": "Mo-We 05:00-20:00; Fr-Su 05:00-20:00",
        "operator": "Tim Horton's",
        "outdoor_seating": "yes",
        "phone": "+1 585-225-1910",
        "source": "survey;local_knowledge;aerial_imagery;streetlevel_imagery",
        "takeaway": "yes",
        "@geometry": "center"
      },
      "geometry": {
        "type": "Point",
        "coordinates": [
          -77.6970593,
          43.2547837
        ]
      },
      "id": "way/520741591"
    },
    {
      "type": "Feature",
      "properties": {
        "@id": "way/526766835",
        "addr:city": "Lockport",
        "addr:housenumber": "6393",
        "addr:postcode": "14094",
        "addr:state": "NY",
        "addr:street": "Robinson Road",
        "amenity": "cafe",
        "brand": "Tim Hortons",
        "brand:wikidata": "Q175106",
        "building": "yes",
        "building:levels": "1",
        "cuisine": "coffee_shop",
        "fixme:atp": "no ATP match, check if still exists",
        "name": "Tim Hortons",
        "nysgissam:nysaddresspointid": "NIAG010738",
        "takeaway": "yes",
        "@geometry": "center"
      },
      "geometry": {
        "type": "Point",
        "coordinates": [
          -78.6797976,
          43.1322587
        ]
      },
      "id": "way/526766835"
    },
    {
      "type": "Feature",
      "properties": {
        "@id": "way/532713240",
        "addr:city": "Saline",
        "addr:housenumber": "524",
        "addr:postcode": "48176-1587",
        "addr:state": "MI",
        "addr:street": "East Michigan Avenue",
        "amenity": "cafe",
        "brand": "Tim Hortons",
        "brand:wikidata": "Q175106",
        "building": "yes",
        "cuisine": "coffee_shop",
        "delivery": "yes",
        "drive_through": "yes",
        "indoor_seating": "no",
        "internet_access": "wlan",
        "name": "Tim Hortons",
        "opening_hours": "Mo-We 06:00-19:00; Fr-Sa 06:00-19:00; Su 06:00-16:00",
        "phone": "+1 734-429-0761",
        "takeaway": "yes",
        "@geometry": "center"
      },
      "geometry": {
        "type": "Point",
        "coordinates": [
          -83.7702489,
          42.1711478
        ]
      },
      "id": "way/532713240"
    },
    {
      "type": "Feature",
      "properties": {
        "@id": "way/533975377",
        "addr:city": "Westland",
        "addr:housenumber": "7126",
        "addr:postcode": "48185-6740",
        "addr:state": "MI",
        "addr:street": "North Wayne Road",
        "amenity": "cafe",
        "brand": "Tim Hortons",
        "brand:wikidata": "Q175106",
        "building": "yes",
        "cuisine": "coffee_shop",
        "delivery": "yes",
        "drive_through": "yes",
        "indoor_seating": "yes",
        "internet_access": "wlan",
        "name": "Tim Hortons",
        "opening_hours": "Mo-We 05:00-22:00; Fr-Su 05:00-22:00",
        "outdoor_seating": "yes",
        "phone": "+1 734-331-2268",
        "takeaway": "yes",
        "@geometry": "center"
      },
      "geometry": {
        "type": "Point",
        "coordinates": [
          -83.3843558,
          42.3383699
        ]
      },
      "id": "way/533975377"
    },
    {
      "type": "Feature",
      "properties": {
        "@id": "way/544062450",
        "addr:city": "Westerville",
        "addr:housenumber": "772",
        "addr:postcode": "43081-3300",
        "addr:state": "OH",
        "addr:street": "South State Street",
        "amenity": "cafe",
        "brand": "Tim Hortons",
        "brand:wikidata": "Q175106",
        "building": "yes",
        "cuisine": "coffee_shop",
        "delivery": "yes",
        "drive_through": "yes",
        "indoor_seating": "no",
        "internet_access": "wlan",
        "name": "Tim Hortons",
        "opening_hours": "Mo-We 06:00-18:00; Fr-Su 06:00-18:00",
        "phone": "+1 614-895-9380",
        "takeaway": "yes",
        "@geometry": "center"
      },
      "geometry": {
        "type": "Point",
        "coordinates": [
          -82.924487,
          40.1075255
        ]
      },
      "id": "way/544062450"
    },
    {
      "type": "Feature",
      "properties": {
        "@id": "way/544598206",
        "addr:city": "Hamburg",
        "addr:housenumber": "5035",
        "addr:postcode": "14075",
        "addr:state": "NY",
        "addr:street": "Southwestern Boulevard",
        "amenity": "cafe",
        "brand": "Tim Hortons",
        "brand:wikidata": "Q175106",
        "building": "yes",
        "cuisine": "coffee_shop",
        "delivery": "yes",
        "drive_through": "yes",
        "indoor_seating": "yes",
        "internet_access": "wlan",
        "name": "Tim Hortons",
        "nysgissam:nysaddresspointid": "ERIE033159",
        "opening_hours": "Mo-We 05:00-21:00; Fr-Su 05:00-21:00",
        "phone": "+1 716-649-9027",
        "takeaway": "yes",
        "@geometry": "center"
      },
      "geometry": {
        "type": "Point",
        "coordinates": [
          -78.8529906,
          42.7500371
        ]
      },
      "id": "way/544598206"
    },
    {
      "type": "Feature",
      "properties": {
        "@id": "way/545098453",
        "addr:city": "Columbus",
        "addr:housenumber": "8333",
        "addr:postcode": "43235-1497",
        "addr:state": "OH",
        "addr:street": "North High Street",
        "amenity": "cafe",
        "brand": "Tim Hortons",
        "brand:wikidata": "Q175106",
        "building": "yes",
        "cuisine": "coffee_shop",
        "delivery": "yes",
        "drive_through": "yes",
        "indoor_seating": "no",
        "internet_access": "wlan",
        "name": "Tim Hortons",
        "opening_hours": "Mo-We 06:00-18:00; Fr-Sa 06:00-18:00; Su 06:00-16:00",
        "phone": "+1 614-438-0004",
        "takeaway": "yes",
        "@geometry": "center"
      },
      "geometry": {
        "type": "Point",
        "coordinates": [
          -83.0175778,
          40.1351847
        ]
      },
      "id": "way/545098453"
    },
    {
      "type": "Feature",
      "properties": {
        "@id": "way/545317521",
        "addr:city": "Gahanna",
        "addr:housenumber": "370",
        "addr:postcode": "43230-3350",
        "addr:state": "OH",
        "addr:street": "South Hamilton Road",
        "amenity": "cafe",
        "brand": "Tim Hortons",
        "brand:wikidata": "Q175106",
        "building": "yes",
        "cuisine": "coffee_shop",
        "delivery": "yes",
        "drive_through": "yes",
        "indoor_seating": "yes",
        "internet_access": "wlan",
        "name": "Tim Hortons",
        "opening_hours": "Mo-We 06:00-18:00; Fr-Sa 06:00-18:00; Su 06:00-16:00",
        "phone": "+1 614-934-5057",
        "takeaway": "yes",
        "@geometry": "center"
      },
      "geometry": {
        "type": "Point",
        "coordinates": [
          -82.8666511,
          40.0102367
        ]
      },
      "id": "way/545317521"
    },
    {
      "type": "Feature",
      "properties": {
        "@id": "way/545546702",
        "addr:city": "Rochester",
        "addr:housenumber": "2190",
        "addr:postcode": "14623-4518",
        "addr:state": "NY",
        "addr:street": "East Henrietta Road",
        "amenity": "cafe",
        "brand": "Tim Hortons",
        "brand:wikidata": "Q175106",
        "building": "yes",
        "cuisine": "coffee_shop",
        "delivery": "yes",
        "drive_through": "yes",
        "indoor_seating": "yes",
        "internet_access": "wlan",
        "name": "Tim Hortons",
        "opening_hours": "Mo-We 05:00-14:00; Fr-Sa 05:00-14:00; Su 07:00-14:00",
        "phone": "+1 585-321-1673",
        "takeaway": "yes",
        "@geometry": "center"
      },
      "geometry": {
        "type": "Point",
        "coordinates": [
          -77.6063594,
          43.0735818
        ]
      },
      "id": "way/545546702"
    },
    {
      "type": "Feature",
      "properties": {
        "@id": "way/547963595",
        "addr:city": "Portsmouth",
        "addr:housenumber": "1130",
        "addr:postcode": "45662-3440",
        "addr:state": "OH",
        "addr:street": "Chillicothe Street",
        "amenity": "cafe",
        "brand": "Tim Hortons",
        "brand:wikidata": "Q175106",
        "building": "yes",
        "cuisine": "coffee_shop",
        "delivery": "yes",
        "drive_through": "yes",
        "indoor_seating": "yes",
        "internet_access": "wlan",
        "name": "Tim Hortons",
        "opening_hours": "Mo-We 00:00-24:00; Fr-Su 00:00-24:00",
        "phone": "+1 740-353-3734",
        "takeaway": "yes",
        "@geometry": "center"
      },
      "geometry": {
        "type": "Point",
        "coordinates": [
          -82.9951901,
          38.7399154
        ]
      },
      "id": "way/547963595"
    },
    {
      "type": "Feature",
      "properties": {
        "@id": "way/550544717",
        "addr:city": "Rochester Hills",
        "addr:housenumber": "940",
        "addr:postcode": "48307-2742",
        "addr:state": "MI",
        "addr:street": "South Rochester Road",
        "amenity": "cafe",
        "brand": "Tim Hortons",
        "brand:wikidata": "Q175106",
        "building": "yes",
        "cuisine": "coffee_shop",
        "delivery": "yes",
        "drive_through": "yes",
        "indoor_seating": "yes",
        "internet_access": "wlan",
        "name": "Tim Hortons",
        "opening_hours": "Mo-We 06:00-19:30; Fr-Su 06:00-19:30",
        "phone": "+1 248-652-8292",
        "takeaway": "yes",
        "@geometry": "center"
      },
      "geometry": {
        "type": "Point",
        "coordinates": [
          -83.1337677,
          42.6681626
        ]
      },
      "id": "way/550544717"
    },
    {
      "type": "Feature",
      "properties": {
        "@id": "way/551121699",
        "addr:city": "Grand Island",
        "addr:housenumber": "2366",
        "addr:postcode": "14072-3113",
        "addr:state": "NY",
        "addr:street": "Grand Island Boulevard",
        "amenity": "cafe",
        "brand": "Tim Hortons",
        "brand:wikidata": "Q175106",
        "building": "yes",
        "cuisine": "coffee_shop",
        "delivery": "yes",
        "drive_through": "yes",
        "indoor_seating": "no",
        "internet_access": "wlan",
        "name": "Tim Hortons",
        "opening_hours": "Mo-We 05:00-20:00; Fr-Su 05:00-20:00",
        "phone": "+1 716-774-2740",
        "takeaway": "yes",
        "@geometry": "center"
      },
      "geometry": {
        "type": "Point",
        "coordinates": [
          -78.9676722,
          43.0261773
        ]
      },
      "id": "way/551121699"
    },
    {
      "type": "Feature",
      "properties": {
        "@id": "way/551388088",
        "addr:city": "Columbus",
        "addr:housenumber": "737",
        "addr:postcode": "43214-1901",
        "addr:state": "OH",
        "addr:street": "Bethel Road",
        "addr:unit": "Olentangy",
        "amenity": "cafe",
        "brand": "Tim Hortons",
        "brand:wikidata": "Q175106",
        "building": "commercial",
        "cuisine": "coffee_shop",
        "delivery": "yes",
        "drive_through": "yes",
        "indoor_seating": "no",
        "internet_access": "wlan",
        "name": "Tim Hortons",
        "opening_hours": "Mo-We 06:00-18:00; Fr-Sa 06:00-18:00; Su 06:00-16:00",
        "operator": "Restaurant Brands International Inc.",
        "phone": "+1 614-459-8506",
        "takeaway": "yes",
        "website": "https://www.timhortons.com/",
        "@geometry": "center"
      },
      "geometry": {
        "type": "Point",
        "coordinates": [
          -83.039326,
          40.0627116
        ]
      },
      "id": "way/551388088"
    },
    {
      "type": "Feature",
      "properties": {
        "@id": "way/552401869",
        "addr:city": "Columbus",
        "addr:housenumber": "5470",
        "addr:postcode": "43214-1128",
        "addr:state": "OH",
        "addr:street": "North High Street",
        "amenity": "cafe",
        "brand": "Tim Hortons",
        "brand:wikidata": "Q175106",
        "building": "yes",
        "cuisine": "coffee_shop",
        "delivery": "yes",
        "drive_through": "yes",
        "indoor_seating": "no",
        "internet_access": "wlan",
        "name": "Tim Hortons",
        "opening_hours": "Mo-We 06:00-16:00; Fr-Su 06:00-16:00",
        "phone": "+1 614-436-6591",
        "takeaway": "yes",
        "@geometry": "center"
      },
      "geometry": {
        "type": "Point",
        "coordinates": [
          -83.0183396,
          40.0742613
        ]
      },
      "id": "way/552401869"
    },
    {
      "type": "Feature",
      "properties": {
        "@id": "way/552457254",
        "addr:city": "Shelby Township",
        "addr:housenumber": "12265",
        "addr:postcode": "48315-2617",
        "addr:state": "MI",
        "addr:street": "23 Mile Road",
        "amenity": "cafe",
        "brand": "Tim Hortons",
        "brand:wikidata": "Q175106",
        "building": "yes",
        "cuisine": "coffee_shop",
        "delivery": "yes",
        "drive_through": "yes",
        "indoor_seating": "yes",
        "internet_access": "wlan",
        "name": "Tim Hortons",
        "opening_hours": "Mo-We 06:00-22:00; Fr-Su 06:00-22:00",
        "phone": "+1 586-997-0791",
        "takeaway": "yes",
        "@geometry": "center"
      },
      "geometry": {
        "type": "Point",
        "coordinates": [
          -83.0079674,
          42.6703287
        ]
      },
      "id": "way/552457254"
    },
    {
      "type": "Feature",
      "properties": {
        "@id": "way/553689071",
        "addr:city": "Columbus",
        "addr:housenumber": "6532",
        "addr:postcode": "43213",
        "addr:state": "OH",
        "addr:street": "East Broad Street",
        "amenity": "cafe",
        "brand": "Tim Hortons",
        "brand:wikidata": "Q175106",
        "building": "commercial",
        "cuisine": "coffee_shop",
        "name": "Tim Hortons",
        "takeaway": "yes",
        "@geometry": "center"
      },
      "geometry": {
        "type": "Point",
        "coordinates": [
          -82.8274086,
          39.9817216
        ]
      },
      "id": "way/553689071"
    },
    {
      "type": "Feature",
      "properties": {
        "@id": "way/553905033",
        "addr:city": "Columbus",
        "addr:housenumber": "60",
        "addr:postcode": "43204-1386",
        "addr:state": "OH",
        "addr:street": "North Wilson Road",
        "amenity": "cafe",
        "brand": "Tim Hortons",
        "brand:wikidata": "Q175106",
        "building": "commercial",
        "building:levels": "1",
        "cuisine": "coffee_shop",
        "delivery": "yes",
        "drive_through": "yes",
        "indoor_seating": "no",
        "internet_access": "wlan",
        "name": "Tim Hortons",
        "opening_hours": "Mo-We 07:00-15:00; Fr-Sa 07:00-15:00; Su 06:00-16:00",
        "phone": "+1 614-276-2855",
        "takeaway": "yes",
        "@geometry": "center"
      },
      "geometry": {
        "type": "Point",
        "coordinates": [
          -83.093723,
          39.9556151
        ]
      },
      "id": "way/553905033"
    },
    {
      "type": "Feature",
      "properties": {
        "@id": "way/554207776",
        "addr:city": "Rochester",
        "addr:housenumber": "1525",
        "addr:postcode": "14615",
        "addr:state": "NY",
        "addr:street": "Lake Avenue",
        "amenity": "cafe",
        "brand": "Tim Hortons",
        "brand:wikidata": "Q175106",
        "building": "yes",
        "cuisine": "coffee_shop",
        "delivery": "yes",
        "drive_through": "yes",
        "indoor_seating": "yes",
        "internet_access": "wlan",
        "internet_access:fee": "no",
        "name": "Tim Hortons",
        "opening_hours": "Mo-We 06:00-17:00; Fr-Sa 06:00-17:00; Su 07:00-17:00",
        "outdoor_seating": "no",
        "phone": "+1 585-254-6470",
        "takeaway": "yes",
        "wheelchair": "yes",
        "@geometry": "center"
      },
      "geometry": {
        "type": "Point",
        "coordinates": [
          -77.6293965,
          43.1945765
        ]
      },
      "id": "way/554207776"
    },
    {
      "type": "Feature",
      "properties": {
        "@id": "way/555796327",
        "addr:city": "Columbus",
        "addr:housenumber": "505",
        "addr:postcode": "43215",
        "addr:state": "OH",
        "addr:street": "East Livingston Avenue",
        "amenity": "cafe",
        "brand": "Tim Hortons",
        "brand:wikidata": "Q175106",
        "building": "commercial",
        "cuisine": "coffee_shop",
        "delivery": "yes",
        "drive_through": "yes",
        "indoor_seating": "yes",
        "internet_access": "wlan",
        "name": "Tim Hortons",
        "opening_hours": "Mo-Su 05:00-21:00",
        "phone": "+1 614-824-8916",
        "takeaway": "yes",
        "website": "https://locations.timhortons.com/us/oh/columbus/505-e-livingston-ave.html",
        "@geometry": "center"
      },
      "geometry": {
        "type": "Point",
        "coordinates": [
          -82.984802,
          39.9519797
        ]
      },
      "id": "way/555796327"
    },
    {
      "type": "Feature",
      "properties": {
        "@id": "way/556753671",
        "addr:city": "Marion",
        "addr:housenumber": "1325",
        "addr:postcode": "43302",
        "addr:state": "OH",
        "addr:street": "Mount Vernon Avenue",
        "amenity": "cafe",
        "brand": "Tim Hortons",
        "brand:wikidata": "Q175106",
        "building": "commercial",
        "cuisine": "coffee_shop",
        "fixme:atp": "no ATP match, check if still exists",
        "name": "Tim Hortons",
        "opening_hours": "Mo-Su 05:00-22:00",
        "phone": "+1 740-386-6000",
        "source": "mapillary",
        "takeaway": "yes",
        "website": "https://locations.timhortons.com/us/oh/marion/1325-mount-vernon-ave.html",
        "@geometry": "center"
      },
      "geometry": {
        "type": "Point",
        "coordinates": [
          -83.0937245,
          40.5806453
        ]
      },
      "id": "way/556753671"
    },
    {
      "type": "Feature",
      "properties": {
        "@id": "way/556800506",
        "addr:city": "South Zanesville",
        "addr:housenumber": "44",
        "addr:postcode": "43701",
        "addr:state": "OH",
        "addr:street": "North Maysville Avenue",
        "amenity": "cafe",
        "brand": "Tim Hortons",
        "brand:wikidata": "Q175106",
        "building": "retail",
        "contact:facebook": "https://www.facebook.com/TimHortonsZanesvilleOH70611",
        "contact:phone": "+1 740-588-9639",
        "cuisine": "coffee_shop",
        "delivery": "yes",
        "drive_through": "yes",
        "indoor_seating": "yes",
        "internet_access": "wlan",
        "name": "Tim Hortons",
        "opening_hours": "Mo-Su 05:00-21:00",
        "outdoor_seating": "no",
        "takeaway": "yes",
        "website": "https://www.timhortons.com/store-locator/store/restaurant_70611",
        "@geometry": "center"
      },
      "geometry": {
        "type": "Point",
        "coordinates": [
          -82.0190745,
          39.9044515
        ]
      },
      "id": "way/556800506"
    },
    {
      "type": "Feature",
      "properties": {
        "@id": "way/557194049",
        "addr:city": "Clinton Township",
        "addr:housenumber": "21406",
        "addr:postcode": "48038-1611",
        "addr:state": "MI",
        "addr:street": "Hall Road",
        "amenity": "cafe",
        "brand": "Tim Hortons",
        "brand:wikidata": "Q175106",
        "building": "yes",
        "cuisine": "coffee_shop",
        "delivery": "yes",
        "drive_through": "yes",
        "indoor_seating": "yes",
        "internet_access": "wlan",
        "name": "Tim Hortons",
        "opening_hours": "Mo-We 07:00-20:00; Fr-Su 07:00-20:00",
        "phone": "+1 586-463-3460",
        "takeaway": "yes",
        "@geometry": "center"
      },
      "geometry": {
        "type": "Point",
        "coordinates": [
          -82.9035751,
          42.6280943
        ]
      },
      "id": "way/557194049"
    },
    {
      "type": "Feature",
      "properties": {
        "@id": "way/560208107",
        "addr:city": "Rochester",
        "addr:housenumber": "2037",
        "addr:postcode": "14626",
        "addr:state": "NY",
        "addr:street": "West Ridge Road",
        "air_conditioning": "yes",
        "amenity": "cafe",
        "brand": "Tim Hortons",
        "brand:wikidata": "Q175106",
        "building": "commercial",
        "building:colour": "red",
        "building:levels": "1",
        "building:levels:underground": "0",
        "building:material": "brick",
        "building:use": "foodservice",
        "changing_table": "yes",
        "changing_table:count": "2",
        "changing_table:fee": "no",
        "changing_table:location": "unisex_toilet",
        "cuisine": "coffee_shop",
        "indoor_seating": "yes",
        "internet_access": "wlan",
        "internet_access:fee": "no",
        "kids_area": "no",
        "max_level": "1",
        "min_level": "1",
        "name": "Tim Hortons",
        "nysgissam:nysaddresspointid": "MONR015247",
        "roof:colour": "brown",
        "roof:levels": "2",
        "roof:shape": "hipped",
        "smoking": "no",
        "takeaway": "yes",
        "toilets": "yes",
        "toilets:access": "customers",
        "toilets:wheelchair": "yes",
        "wheelchair": "yes",
        "@geometry": "center"
      },
      "geometry": {
        "type": "Point",
        "coordinates": [
          -77.6821109,
          43.2071775
        ]
      },
      "id": "way/560208107"
    },
    {
      "type": "Feature",
      "properties": {
        "@id": "way/560226591",
        "addr:city": "Hamburg",
        "addr:floor": "Floor 1",
        "addr:housenumber": "5635",
        "addr:postcode": "14075",
        "addr:state": "NY",
        "addr:street": "Camp Road",
        "amenity": "cafe",
        "brand": "Tim Hortons",
        "brand:wikidata": "Q175106",
        "building": "yes",
        "cuisine": "coffee_shop",
        "delivery": "yes",
        "drive_through": "yes",
        "indoor_seating": "yes",
        "internet_access": "wlan",
        "name": "Tim Hortons",
        "nysgissam:nysaddresspointid": "ERIE030030;ERIE367098",
        "opening_hours": "Mo-We 05:00-21:00; Fr-Su 05:00-21:00",
        "phone": "+1 716-312-0180",
        "takeaway": "yes",
        "@geometry": "center"
      },
      "geometry": {
        "type": "Point",
        "coordinates": [
          -78.8373639,
          42.7340526
        ]
      },
      "id": "way/560226591"
    },
    {
      "type": "Feature",
      "properties": {
        "@id": "way/560564491",
        "addr:city": "Hamburg",
        "addr:housenumber": "342",
        "addr:postcode": "14075",
        "addr:state": "NY",
        "addr:street": "Buffalo Street",
        "amenity": "cafe",
        "brand": "Tim Hortons",
        "brand:wikidata": "Q175106",
        "building": "yes",
        "cuisine": "coffee_shop",
        "delivery": "yes",
        "drive_through": "yes",
        "indoor_seating": "yes",
        "internet_access": "wlan",
        "name": "Tim Hortons",
        "nysgissam:nysaddresspointid": "ERIE338156",
        "opening_hours": "Mo-We 05:00-21:00; Fr-Su 05:00-21:00",
        "phone": "+1 716-648-4838",
        "shop": "coffee",
        "takeaway": "yes",
        "@geometry": "center"
      },
      "geometry": {
        "type": "Point",
        "coordinates": [
          -78.8262407,
          42.7243589
        ]
      },
      "id": "way/560564491"
    },
    {
      "type": "Feature",
      "properties": {
        "@id": "way/562114101",
        "addr:city": "Clinton Township",
        "addr:housenumber": "39847",
        "addr:postcode": "48036-5006",
        "addr:state": "MI",
        "addr:street": "South Groesbeck Highway",
        "amenity": "cafe",
        "brand": "Tim Hortons",
        "brand:wikidata": "Q175106",
        "building": "yes",
        "cuisine": "coffee_shop",
        "delivery": "yes",
        "drive_through": "yes",
        "indoor_seating": "yes",
        "name": "Tim Hortons",
        "opening_hours": "Mo-We 07:00-20:00; Fr-Sa 07:00-20:00",
        "phone": "+1 586-468-3314",
        "takeaway": "yes",
        "@geometry": "center"
      },
      "geometry": {
        "type": "Point",
        "coordinates": [
          -82.9012257,
          42.5928638
        ]
      },
      "id": "way/562114101"
    },
    {
      "type": "Feature",
      "properties": {
        "@id": "way/567199138",
        "addr:city": "Meadville",
        "addr:housenumber": "1193",
        "addr:postcode": "16335",
        "addr:state": "PA",
        "addr:street": "Park Avenue",
        "amenity": "cafe",
        "brand": "Tim Hortons",
        "brand:wikidata": "Q175106",
        "building": "yes",
        "cuisine": "coffee_shop",
        "delivery": "yes",
        "drive_through": "yes",
        "indoor_seating": "no",
        "internet_access": "wlan",
        "name": "Tim Hortons",
        "opening_hours": "Mo-We 07:00-21:00; Fr-Su 07:00-21:00",
        "phone": "+1 814-336-5002",
        "takeaway": "yes",
        "@geometry": "center"
      },
      "geometry": {
        "type": "Point",
        "coordinates": [
          -80.1550165,
          41.630977
        ]
      },
      "id": "way/567199138"
    },
    {
      "type": "Feature",
      "properties": {
        "@id": "way/570405221",
        "amenity": "cafe",
        "brand": "Tim Hortons",
        "brand:wikidata": "Q175106",
        "building": "yes",
        "cuisine": "coffee_shop",
        "fixme:atp": "no ATP match, check if still exists",
        "name": "Tim Hortons",
        "takeaway": "yes",
        "@geometry": "center"
      },
      "geometry": {
        "type": "Point",
        "coordinates": [
          -83.6098577,
          42.5809648
        ]
      },
      "id": "way/570405221"
    },
    {
      "type": "Feature",
      "properties": {
        "@id": "way/574604416",
        "addr:city": "Clinton Township",
        "addr:housenumber": "1085",
        "addr:postcode": "48036-3501",
        "addr:state": "MI",
        "addr:street": "South Gratiot Avenue",
        "amenity": "cafe",
        "brand": "Tim Hortons",
        "brand:wikidata": "Q175106",
        "building": "yes",
        "cuisine": "coffee_shop",
        "delivery": "yes",
        "drive_through": "yes",
        "indoor_seating": "no",
        "internet_access": "wlan",
        "name": "Tim Hortons",
        "opening_hours": "Mo 07:00-20:00; Tu 07:00-21:00; We 06:00-21:00; Fr-Sa 06:00-21:00",
        "phone": "+1 586-469-0362",
        "takeaway": "yes",
        "@geometry": "center"
      },
      "geometry": {
        "type": "Point",
        "coordinates": [
          -82.8840304,
          42.5831583
        ]
      },
      "id": "way/574604416"
    },
    {
      "type": "Feature",
      "properties": {
        "@id": "way/575055246",
        "addr:city": "Eden",
        "addr:housenumber": "8259",
        "addr:postcode": "14057",
        "addr:state": "NY",
        "addr:street": "North Main Street",
        "amenity": "cafe",
        "brand": "Tim Hortons",
        "brand:wikidata": "Q175106",
        "building": "yes",
        "cuisine": "coffee_shop",
        "delivery": "yes",
        "drive_through": "yes",
        "indoor_seating": "yes",
        "internet_access": "wlan",
        "level": "1",
        "name": "Tim Hortons",
        "opening_hours": "24/7",
        "operator": "Tim Hortons",
        "outdoor_seating": "no",
        "phone": "+1 716-992-4455",
        "takeaway": "yes",
        "website": "https://www.timhortons.com/",
        "@geometry": "center"
      },
      "geometry": {
        "type": "Point",
        "coordinates": [
          -78.890581,
          42.6626534
        ]
      },
      "id": "way/575055246"
    },
    {
      "type": "Feature",
      "properties": {
        "@id": "way/579035813",
        "addr:city": "Lapeer",
        "addr:housenumber": "624",
        "addr:postcode": "48446-2463",
        "addr:state": "MI",
        "addr:street": "South Main Street",
        "amenity": "cafe",
        "brand": "Tim Hortons",
        "brand:wikidata": "Q175106",
        "building": "yes",
        "cuisine": "coffee_shop",
        "delivery": "yes",
        "drive_through": "yes",
        "indoor_seating": "yes",
        "internet_access": "wlan",
        "name": "Tim Hortons",
        "opening_hours": "Mo-We 07:00-21:00; Fr-Su 07:00-21:00",
        "phone": "+1 810-667-1486",
        "takeaway": "yes",
        "@geometry": "center"
      },
      "geometry": {
        "type": "Point",
        "coordinates": [
          -83.3207235,
          43.0438087
        ]
      },
      "id": "way/579035813"
    },
    {
      "type": "Feature",
      "properties": {
        "@id": "way/580010661",
        "addr:city": "Fort Wayne",
        "addr:housenumber": "3975",
        "addr:postcode": "46805",
        "addr:state": "IN",
        "addr:street": "Ice Way",
        "amenity": "cafe",
        "brand": "Tim Hortons",
        "brand:wikidata": "Q175106",
        "building": "commercial",
        "cuisine": "coffee_shop",
        "delivery": "yes",
        "drive_through": "yes",
        "indoor_seating": "no",
        "internet_access": "wlan",
        "name": "Tim Hortons",
        "opening_hours": "Mo-We 06:00-16:00; Fr-Su 06:00-16:00",
        "phone": "+1 260-209-2873",
        "takeaway": "yes",
        "@geometry": "center"
      },
      "geometry": {
        "type": "Point",
        "coordinates": [
          -85.1479664,
          41.1142157
        ]
      },
      "id": "way/580010661"
    },
    {
      "type": "Feature",
      "properties": {
        "@id": "way/581744105",
        "addr:city": "Oxford",
        "addr:housenumber": "590",
        "addr:postcode": "48371-3612",
        "addr:state": "MI",
        "addr:street": "North Lapeer Road",
        "amenity": "cafe",
        "brand": "Tim Hortons",
        "brand:wikidata": "Q175106",
        "building": "yes",
        "cuisine": "coffee_shop",
        "delivery": "yes",
        "drive_through": "yes",
        "indoor_seating": "yes",
        "internet_access": "wlan",
        "name": "Tim Hortons",
        "opening_hours": "Mo-We 06:00-20:00; Fr-Sa 06:00-20:00; Su 07:00-20:00",
        "phone": "+1 248-572-4069",
        "takeaway": "yes",
        "@geometry": "center"
      },
      "geometry": {
        "type": "Point",
        "coordinates": [
          -83.2712489,
          42.8366706
        ]
      },
      "id": "way/581744105"
    },
    {
      "type": "Feature",
      "properties": {
        "@id": "way/581759450",
        "addr:city": "Lake Orion",
        "addr:housenumber": "740",
        "addr:postcode": "48362-2922",
        "addr:state": "MI",
        "addr:street": "South Lapeer Road",
        "amenity": "cafe",
        "brand": "Tim Hortons",
        "brand:wikidata": "Q175106",
        "building": "yes",
        "cuisine": "coffee_shop",
        "delivery": "yes",
        "drive_through": "yes",
        "indoor_seating": "yes",
        "internet_access": "wlan",
        "name": "Tim Hortons",
        "opening_hours": "Mo-We 05:00-20:00; Fr 05:00-20:00; Sa 06:00-20:00; Su 07:00-20:00",
        "phone": "+1 248-693-8954",
        "takeaway": "yes",
        "@geometry": "center"
      },
      "geometry": {
        "type": "Point",
        "coordinates": [
          -83.2396109,
          42.7721394
        ]
      },
      "id": "way/581759450"
    },
    {
      "type": "Feature",
      "properties": {
        "@id": "way/583795211",
        "addr:city": "Franklin",
        "addr:housenumber": "151",
        "addr:postcode": "16323",
        "addr:state": "PA",
        "addr:street": "North 13th Street",
        "brand:wikidata": "Q175106",
        "building": "yes",
        "description": "anti-face",
        "fuel:diesel": "yes",
        "fuel:gasoline": "yes",
        "name": "Crosby's",
        "self_service": "yes",
        "shop": "convenience",
        "takeaway": "yes",
        "@geometry": "center"
      },
      "geometry": {
        "type": "Point",
        "coordinates": [
          -79.8325021,
          41.4044512
        ]
      },
      "id": "way/583795211"
    },
    {
      "type": "Feature",
      "properties": {
        "@id": "way/583980414",
        "addr:city": "Imlay City",
        "addr:housenumber": "1952",
        "addr:postcode": "48444-9648",
        "addr:state": "MI",
        "addr:street": "South Cedar Street",
        "amenity": "cafe",
        "brand": "Tim Hortons",
        "brand:wikidata": "Q175106",
        "building": "yes",
        "cuisine": "coffee_shop",
        "delivery": "yes",
        "drive_through": "yes",
        "indoor_seating": "yes",
        "internet_access": "wlan",
        "name": "Tim Hortons",
        "opening_hours": "Mo-We 06:00-22:00; Fr-Su 06:00-22:00",
        "phone": "+1 810-724-2123",
        "takeaway": "yes",
        "@geometry": "center"
      },
      "geometry": {
        "type": "Point",
        "coordinates": [
          -83.0723347,
          43.0079437
        ]
      },
      "id": "way/583980414"
    },
    {
      "type": "Feature",
      "properties": {
        "@id": "way/584192290",
        "addr:city": "Springfield",
        "addr:housenumber": "2000",
        "addr:postcode": "45503-4946",
        "addr:state": "OH",
        "addr:street": "East Main Street",
        "amenity": "cafe",
        "brand": "Tim Hortons",
        "brand:wikidata": "Q175106",
        "building": "yes",
        "cuisine": "coffee_shop",
        "delivery": "yes",
        "drive_through": "yes",
        "indoor_seating": "no",
        "internet_access": "wlan",
        "name": "Tim Hortons",
        "opening_hours": "Mo-We 05:00-19:00; Fr-Sa 05:00-19:00; Su 05:00-17:00",
        "phone": "+1 937-324-2186",
        "takeaway": "yes",
        "@geometry": "center"
      },
      "geometry": {
        "type": "Point",
        "coordinates": [
          -83.7792898,
          39.9236245
        ]
      },
      "id": "way/584192290"
    },
    {
      "type": "Feature",
      "properties": {
        "@id": "way/585471190",
        "addr:city": "Mount Vernon",
        "addr:housenumber": "941",
        "addr:postcode": "43050",
        "addr:state": "OH",
        "addr:street": "Coshocton Road",
        "amenity": "cafe",
        "brand": "Tim Hortons",
        "brand:wikidata": "Q175106",
        "building": "commercial",
        "cuisine": "coffee_shop",
        "delivery": "yes",
        "drive_through": "yes",
        "indoor_seating": "no",
        "internet_access": "wlan",
        "name": "Tim Hortons",
        "opening_hours": "Mo-We 06:00-18:00; Fr-Sa 06:00-18:00; Su 06:00-16:00",
        "phone": "+1 740-397-2913",
        "takeaway": "yes",
        "@geometry": "center"
      },
      "geometry": {
        "type": "Point",
        "coordinates": [
          -82.4547614,
          40.4009751
        ]
      },
      "id": "way/585471190"
    },
    {
      "type": "Feature",
      "properties": {
        "@id": "way/587302925",
        "addr:city": "Saint Clair",
        "addr:housenumber": "160",
        "addr:postcode": "48079-5397",
        "addr:state": "MI",
        "addr:street": "Clinton Avenue",
        "amenity": "cafe",
        "brand": "Tim Hortons",
        "brand:wikidata": "Q175106",
        "building": "yes",
        "cuisine": "coffee_shop",
        "delivery": "no",
        "drive_through": "yes",
        "indoor_seating": "yes",
        "internet_access": "wlan",
        "name": "Tim Hortons",
        "opening_hours": "Mo-We 07:00-19:00; Fr-Sa 07:00-19:00; Su 07:00-17:00",
        "phone": "+1 810-326-1625",
        "takeaway": "yes",
        "@geometry": "center"
      },
      "geometry": {
        "type": "Point",
        "coordinates": [
          -82.4869791,
          42.8213798
        ]
      },
      "id": "way/587302925"
    },
    {
      "type": "Feature",
      "properties": {
        "@id": "way/587689546",
        "addr:city": "Raritan",
        "addr:housenumber": "223",
        "addr:postcode": "08869",
        "addr:state": "NJ",
        "addr:street": "West End Avenue",
        "amenity": "cafe",
        "brand": "Tim Hortons",
        "brand:wikidata": "Q175106",
        "building": "yes",
        "cuisine": "coffee_shop",
        "delivery": "yes",
        "drive_through": "yes",
        "indoor_seating": "yes",
        "internet_access": "wlan",
        "name": "Tim Hortons",
        "opening_hours": "Mo-We 06:00-22:00; Fr-Su 06:00-22:00",
        "phone": "+1-908-231-8000",
        "takeaway": "yes",
        "@geometry": "center"
      },
      "geometry": {
        "type": "Point",
        "coordinates": [
          -74.6278626,
          40.5749117
        ]
      },
      "id": "way/587689546"
    },
    {
      "type": "Feature",
      "properties": {
        "@id": "way/589720201",
        "addr:city": "Columbus",
        "addr:housenumber": "1135",
        "addr:postcode": "43215",
        "addr:state": "OH",
        "addr:street": "Dublin Road",
        "amenity": "cafe",
        "brand": "Tim Hortons",
        "brand:wikidata": "Q175106",
        "building": "yes",
        "cuisine": "coffee_shop",
        "name": "Tim Hortons",
        "takeaway": "yes",
        "@geometry": "center"
      },
      "geometry": {
        "type": "Point",
        "coordinates": [
          -83.0488314,
          39.9734909
        ]
      },
      "id": "way/589720201"
    },
    {
      "type": "Feature",
      "properties": {
        "@id": "way/590433538",
        "amenity": "cafe",
        "brand": "Tim Hortons",
        "brand:wikidata": "Q175106",
        "building": "yes",
        "cuisine": "coffee_shop",
        "fixme:atp": "no ATP match, check if still exists",
        "name": "Tim Hortons",
        "takeaway": "yes",
        "@geometry": "center"
      },
      "geometry": {
        "type": "Point",
        "coordinates": [
          -80.8292098,
          40.9012024
        ]
      },
      "id": "way/590433538"
    },
    {
      "type": "Feature",
      "properties": {
        "@id": "way/594715234",
        "addr:city": "Chesterfield",
        "addr:housenumber": "51595",
        "addr:postcode": "48051-2009",
        "addr:state": "MI",
        "addr:street": "Gratiot Avenue",
        "amenity": "cafe",
        "brand": "Tim Hortons",
        "brand:wikidata": "Q175106",
        "building": "yes",
        "cuisine": "coffee_shop",
        "delivery": "yes",
        "drive_through": "yes",
        "indoor_seating": "yes",
        "internet_access": "wlan",
        "name": "Tim Hortons",
        "opening_hours": "Mo-We 07:00-20:00; Fr-Sa 07:00-20:00",
        "phone": "+1 586-949-0970",
        "takeaway": "yes",
        "@geometry": "center"
      },
      "geometry": {
        "type": "Point",
        "coordinates": [
          -82.8302947,
          42.6792592
        ]
      },
      "id": "way/594715234"
    },
    {
      "type": "Feature",
      "properties": {
        "@id": "way/595580031",
        "addr:city": "Reynoldsburg",
        "addr:housenumber": "6780",
        "addr:postcode": "43068-2248",
        "addr:state": "OH",
        "addr:street": "East Main Street",
        "amenity": "cafe",
        "brand": "Tim Hortons",
        "brand:wikidata": "Q175106",
        "building": "commercial",
        "building:levels": "1",
        "cuisine": "coffee_shop",
        "delivery": "yes",
        "drive_through": "yes",
        "indoor_seating": "no",
        "internet_access": "wlan",
        "name": "Tim Hortons",
        "opening_hours": "Mo-We 06:00-16:00; Fr-Su 06:00-16:00",
        "phone": "+1 614-861-0305",
        "takeaway": "yes",
        "@geometry": "center"
      },
      "geometry": {
        "type": "Point",
        "coordinates": [
          -82.8159883,
          39.9553938
        ]
      },
      "id": "way/595580031"
    },
    {
      "type": "Feature",
      "properties": {
        "@id": "way/596080470",
        "addr:city": "Niagara Falls",
        "addr:housenumber": "2248",
        "addr:postcode": "14304",
        "addr:state": "NY",
        "addr:street": "Niagara Road",
        "amenity": "cafe",
        "brand": "Tim Hortons",
        "brand:wikidata": "Q175106",
        "building": "yes",
        "cuisine": "coffee_shop",
        "delivery": "yes",
        "drive_through": "yes",
        "indoor_seating": "yes",
        "internet_access": "wlan",
        "internet_access:fee": "no",
        "name": "Tim Hortons",
        "nysgissam:nysaddresspointid": "NIAG037999",
        "opening_hours": "Mo-We 05:00-20:00; Fr-Su 05:00-20:00",
        "outdoor_seating": "no",
        "phone": "+1 716-731-5346",
        "takeaway": "yes",
        "@geometry": "center"
      },
      "geometry": {
        "type": "Point",
        "coordinates": [
          -78.9274458,
          43.0987339
        ]
      },
      "id": "way/596080470"
    },
    {
      "type": "Feature",
      "properties": {
        "@id": "way/597867344",
        "addr:city": "Flint",
        "addr:housenumber": "1490",
        "addr:postcode": "48532-4178",
        "addr:state": "MI",
        "addr:street": "Linden Road",
        "amenity": "cafe",
        "brand": "Tim Hortons",
        "brand:wikidata": "Q175106",
        "building": "commercial",
        "cuisine": "coffee_shop",
        "delivery": "yes",
        "drive_through": "yes",
        "indoor_seating": "yes",
        "internet_access": "wlan",
        "name": "Tim Hortons",
        "opening_hours": "Mo-We 06:00-20:00; Fr-Su 06:00-20:00",
        "operator": "Tim Hortons",
        "phone": "+1 810-720-5493",
        "takeaway": "yes",
        "@geometry": "center"
      },
      "geometry": {
        "type": "Point",
        "coordinates": [
          -83.7732249,
          43.003012
        ]
      },
      "id": "way/597867344"
    },
    {
      "type": "Feature",
      "properties": {
        "@id": "way/598004685",
        "addr:city": "Grove City",
        "addr:housenumber": "2111",
        "addr:postcode": "43123-2930",
        "addr:state": "OH",
        "addr:street": "Stringtown Road",
        "amenity": "cafe",
        "brand": "Tim Hortons",
        "brand:wikidata": "Q175106",
        "building": "commercial",
        "building:levels": "1",
        "cuisine": "coffee_shop",
        "delivery": "yes",
        "drive_through": "yes",
        "indoor_seating": "no",
        "internet_access": "wlan",
        "name": "Tim Hortons",
        "opening_hours": "Mo-We 06:00-20:00; Fr-Sa 06:00-20:00; Su 06:00-16:00",
        "phone": "+1 614-539-5738",
        "takeaway": "yes",
        "@geometry": "center"
      },
      "geometry": {
        "type": "Point",
        "coordinates": [
          -83.0592623,
          39.8781593
        ]
      },
      "id": "way/598004685"
    },
    {
      "type": "Feature",
      "properties": {
        "@id": "way/598033215",
        "addr:city": "Southfield",
        "addr:housenumber": "25311",
        "addr:postcode": "48033-5264",
        "addr:state": "MI",
        "addr:street": "Telegraph Road",
        "amenity": "cafe",
        "brand": "Tim Hortons",
        "brand:wikidata": "Q175106",
        "building": "yes",
        "cuisine": "coffee_shop",
        "delivery": "yes",
        "drive_through": "yes",
        "indoor_seating": "yes",
        "internet_access": "wlan",
        "name": "Tim Hortons",
        "opening_hours": "Mo-We 08:00-19:00; Fr 08:00-19:00; Sa 08:00-18:00; Su 08:00-17:00",
        "phone": "+1 248-350-1896",
        "takeaway": "yes",
        "@geometry": "center"
      },
      "geometry": {
        "type": "Point",
        "coordinates": [
          -83.2836219,
          42.4739102
        ]
      },
      "id": "way/598033215"
    },
    {
      "type": "Feature",
      "properties": {
        "@id": "way/599911195",
        "addr:city": "Westerville",
        "addr:housenumber": "6259",
        "addr:postcode": "43081",
        "addr:state": "OH",
        "addr:street": "Sunbury Road",
        "amenity": "cafe",
        "brand": "Tim Hortons",
        "brand:wikidata": "Q175106",
        "building": "yes",
        "building:levels": "1",
        "cuisine": "coffee_shop",
        "delivery": "yes",
        "drive_through": "yes",
        "indoor_seating": "no",
        "internet_access": "wlan",
        "name": "Tim Hortons",
        "opening_hours": "Mo-We 06:00-18:00; Fr-Sa 06:00-18:00; Su 06:00-16:00",
        "outdoor_seating": "yes",
        "phone": "+1 614-882-6033",
        "takeaway": "yes",
        "@geometry": "center"
      },
      "geometry": {
        "type": "Point",
        "coordinates": [
          -82.896079,
          40.0865538
        ]
      },
      "id": "way/599911195"
    },
    {
      "type": "Feature",
      "properties": {
        "@id": "way/600466232",
        "addr:city": "Olean",
        "addr:housenumber": "3012",
        "addr:postcode": "14760",
        "addr:state": "NY",
        "addr:street": "Route 417",
        "amenity": "cafe",
        "brand": "Tim Hortons",
        "brand:wikidata": "Q175106",
        "building": "yes",
        "cuisine": "coffee_shop",
        "delivery": "yes",
        "drive_through": "yes",
        "indoor_seating": "no",
        "internet_access": "wlan",
        "name": "Tim Hortons",
        "nysgissam:nysaddresspointid": "CATT043218",
        "opening_hours": "Mo-We 05:00-22:00; Fr-Su 05:00-22:00",
        "phone": "+1 716-373-3280",
        "takeaway": "yes",
        "@geometry": "center"
      },
      "geometry": {
        "type": "Point",
        "coordinates": [
          -78.4642094,
          42.0773093
        ]
      },
      "id": "way/600466232"
    },
    {
      "type": "Feature",
      "properties": {
        "@id": "way/600727916",
        "addr:city": "Columbus",
        "addr:housenumber": "3475",
        "addr:postcode": "43224",
        "addr:state": "OH",
        "addr:street": "Cleveland Avenue",
        "amenity": "cafe",
        "brand": "Tim Hortons",
        "brand:wikidata": "Q175106",
        "building": "commercial",
        "building:levels": "1",
        "cuisine": "coffee_shop",
        "delivery": "yes",
        "drive_through": "yes",
        "indoor_seating": "no",
        "internet_access": "wlan",
        "name": "Tim Hortons",
        "opening_hours": "Mo-We 06:00-18:00; Fr-Sa 06:00-18:00; Su 06:00-16:00",
        "phone": "+1 614-641-6915",
        "takeaway": "yes",
        "@geometry": "center"
      },
      "geometry": {
        "type": "Point",
        "coordinates": [
          -82.9620914,
          40.0394658
        ]
      },
      "id": "way/600727916"
    },
    {
      "type": "Feature",
      "properties": {
        "@id": "way/603344553",
        "addr:city": "Columbus",
        "addr:housenumber": "3623",
        "addr:postcode": "43207-4009",
        "addr:state": "OH",
        "addr:street": "South High Street",
        "amenity": "cafe",
        "brand": "Tim Hortons",
        "brand:wikidata": "Q175106",
        "building": "commercial",
        "building:levels": "1",
        "cuisine": "coffee_shop",
        "delivery": "yes",
        "drive_through": "yes",
        "indoor_seating": "no",
        "internet_access": "wlan",
        "name": "Tim Hortons",
        "opening_hours": "Mo-We 06:00-19:00; Fr-Sa 06:00-19:00; Su 06:00-16:00",
        "phone": "+1 614-497-3660",
        "takeaway": "yes",
        "@geometry": "center"
      },
      "geometry": {
        "type": "Point",
        "coordinates": [
          -82.9989932,
          39.8878586
        ]
      },
      "id": "way/603344553"
    },
    {
      "type": "Feature",
      "properties": {
        "@id": "way/603912206",
        "addr:city": "Fremont",
        "addr:housenumber": "1116",
        "addr:postcode": "43420-2106",
        "addr:state": "OH",
        "addr:street": "West State Street",
        "amenity": "cafe",
        "brand": "Tim Hortons",
        "brand:wikidata": "Q175106",
        "building": "yes",
        "cuisine": "coffee_shop",
        "delivery": "yes",
        "drive_through": "yes",
        "indoor_seating": "no",
        "internet_access": "wlan",
        "name": "Tim Hortons",
        "opening_hours": "Mo-We 06:00-18:00; Fr-Sa 06:00-18:00; Su 06:00-16:00",
        "phone": "+1 419-355-8840",
        "takeaway": "yes",
        "@geometry": "center"
      },
      "geometry": {
        "type": "Point",
        "coordinates": [
          -83.1235241,
          41.3518037
        ]
      },
      "id": "way/603912206"
    },
    {
      "type": "Feature",
      "properties": {
        "@id": "way/605490696",
        "addr:city": "Buffalo",
        "addr:floor": "Floor 1",
        "addr:housenumber": "3638",
        "addr:postcode": "14219",
        "addr:state": "NY",
        "addr:street": "South Park Avenue",
        "amenity": "cafe",
        "brand": "Tim Hortons",
        "brand:wikidata": "Q175106",
        "building": "yes",
        "cuisine": "coffee_shop",
        "delivery": "yes",
        "drive_through": "yes",
        "indoor_seating": "yes",
        "internet_access": "wlan",
        "name": "Tim Hortons",
        "nysgissam:nysaddresspointid": "ERIE481142;ERIE052679",
        "opening_hours": "Mo-We 05:00-20:00; Fr-Su 05:00-20:00",
        "phone": "+1 716-822-5544",
        "takeaway": "yes",
        "@geometry": "center"
      },
      "geometry": {
        "type": "Point",
        "coordinates": [
          -78.8235095,
          42.8003315
        ]
      },
      "id": "way/605490696"
    },
    {
      "type": "Feature",
      "properties": {
        "@id": "way/607675069",
        "addr:city": "Columbus",
        "addr:housenumber": "2",
        "addr:postcode": "43215",
        "addr:state": "OH",
        "addr:street": "East Broad Street",
        "amenity": "cafe",
        "brand": "Tim Hortons",
        "brand:wikidata": "Q175106",
        "cuisine": "coffee_shop",
        "fixme:atp": "no ATP match, check if still exists",
        "level": "0",
        "name": "Tim Hortons",
        "outdoor_seating": "yes",
        "takeaway": "yes",
        "@geometry": "center"
      },
      "geometry": {
        "type": "Point",
        "coordinates": [
          -83.0004646,
          39.9625061
        ]
      },
      "id": "way/607675069"
    },
    {
      "type": "Feature",
      "properties": {
        "@id": "way/607820512",
        "addr:city": "Monroe",
        "addr:housenumber": "404",
        "addr:postcode": "48161-2222",
        "addr:state": "MI",
        "addr:street": "South Monroe Street",
        "amenity": "cafe",
        "brand": "Tim Hortons",
        "brand:wikidata": "Q175106",
        "building": "yes",
        "cuisine": "coffee_shop",
        "delivery": "yes",
        "drive_through": "yes",
        "indoor_seating": "yes",
        "internet_access": "wlan",
        "name": "Tim Hortons",
        "opening_hours": "Mo-We 06:00-19:00; Fr-Su 06:00-19:00",
        "phone": "+1 734-384-9523",
        "takeaway": "yes",
        "@geometry": "center"
      },
      "geometry": {
        "type": "Point",
        "coordinates": [
          -83.4010875,
          41.9130423
        ]
      },
      "id": "way/607820512"
    },
    {
      "type": "Feature",
      "properties": {
        "@id": "node/612014432",
        "addr:city": "Dublin",
        "addr:housenumber": "6850",
        "addr:postcode": "43016-8457",
        "addr:state": "OH",
        "addr:street": "Hospital Drive",
        "amenity": "cafe",
        "brand": "Tim Hortons",
        "brand:wikidata": "Q175106",
        "cuisine": "coffee_shop",
        "delivery": "yes",
        "drive_through": "yes",
        "indoor_seating": "no",
        "internet_access": "wlan",
        "name": "Tim Hortons",
        "opening_hours": "Mo-We 05:00-20:00; Fr-Sa 05:00-20:00; Su 05:00-17:00",
        "operator": "Restaurant Brands International Inc.",
        "phone": "+1 614-717-0570",
        "takeaway": "yes",
        "website": "https://www.timhortons.com/"
      },
      "geometry": {
        "type": "Point",
        "coordinates": [
          -83.1606267,
          40.1037379
        ]
      },
      "id": "node/612014432"
    },
    {
      "type": "Feature",
      "properties": {
        "@id": "way/618620323",
        "addr:city": "Gahanna",
        "addr:housenumber": "365",
        "addr:postcode": "43230",
        "addr:state": "OH",
        "addr:street": "Agler Road",
        "amenity": "cafe",
        "brand": "Tim Hortons",
        "brand:wikidata": "Q175106",
        "building": "yes",
        "cuisine": "coffee_shop",
        "delivery": "yes",
        "drive_through": "yes",
        "indoor_seating": "yes",
        "internet_access": "wlan",
        "name": "Tim Hortons",
        "opening_hours": "Mo-We 06:00-19:00; Fr-Sa 06:00-19:00; Su 06:00-16:00",
        "phone": "+1 614-473-9303",
        "takeaway": "yes",
        "@geometry": "center"
      },
      "geometry": {
        "type": "Point",
        "coordinates": [
          -82.8911399,
          40.0189837
        ]
      },
      "id": "way/618620323"
    },
    {
      "type": "Feature",
      "properties": {
        "@id": "way/621423437",
        "addr:city": "West Branch",
        "addr:housenumber": "2960",
        "addr:postcode": "48661",
        "addr:state": "MI",
        "addr:street": "Cook Road",
        "amenity": "cafe",
        "brand": "Tim Hortons",
        "brand:wikidata": "Q175106",
        "building": "yes",
        "cuisine": "coffee_shop",
        "delivery": "yes",
        "drive_through": "yes",
        "facebook": "https://www.facebook.com/TimHortonsUS/",
        "indoor_seating": "yes",
        "internet_access": "wlan",
        "name": "Tim Hortons",
        "opening_hours": "Mo-Su 05:00-20:00",
        "opening_hours:drive_through": "Mo-Su 05:00-20:00",
        "phone": "+1 989-343-6844",
        "takeaway": "yes",
        "website": "https://locations.timhortons.com/en/mi/west-branch/2960-cook-rd/",
        "@geometry": "center"
      },
      "geometry": {
        "type": "Point",
        "coordinates": [
          -84.2262173,
          44.2504379
        ]
      },
      "id": "way/621423437"
    },
    {
      "type": "Feature",
      "properties": {
        "@id": "node/625841074",
        "addr:city": "Buffalo",
        "addr:housenumber": "424",
        "addr:postcode": "14202-3511",
        "addr:state": "NY",
        "addr:street": "Main Street",
        "amenity": "cafe",
        "brand": "Tim Hortons",
        "brand:wikidata": "Q175106",
        "cuisine": "coffee_shop",
        "delivery": "yes",
        "drive_through": "no",
        "indoor_seating": "yes",
        "name": "Tim Hortons",
        "opening_hours": "Mo-Fr 07:00-14:00",
        "payment:amex": "no",
        "payment:coins": "yes",
        "payment:notes": "yes",
        "takeaway": "yes",
        "website": "https://www.timhortons.com/store-locator/store/restaurant_70469"
      },
      "geometry": {
        "type": "Point",
        "coordinates": [
          -78.8746084,
          42.8856184
        ]
      },
      "id": "node/625841074"
    },
    {
      "type": "Feature",
      "properties": {
        "@id": "way/628702566",
        "addr:city": "Romulus",
        "addr:housenumber": "7070",
        "addr:postcode": "48174",
        "addr:state": "MI",
        "addr:street": "Middlebelt Road",
        "amenity": "cafe",
        "brand": "Tim Hortons",
        "brand:wikidata": "Q175106",
        "building": "yes",
        "cuisine": "coffee_shop",
        "delivery": "no",
        "drive_through": "yes",
        "indoor_seating": "yes",
        "name": "Tim Hortons",
        "opening_hours": "Mo-We 06:00-20:00; Fr 06:00-20:00; Sa-Su 06:00-18:00",
        "outdoor_seating": "no",
        "phone": "+1 734-467-4913",
        "takeaway": "yes",
        "@geometry": "center"
      },
      "geometry": {
        "type": "Point",
        "coordinates": [
          -83.3291029,
          42.253714
        ]
      },
      "id": "way/628702566"
    },
    {
      "type": "Feature",
      "properties": {
        "@id": "way/628895709",
        "addr:city": "Akron",
        "addr:housenumber": "12950",
        "addr:postcode": "14001-9777",
        "addr:state": "NY",
        "addr:street": "Main Road",
        "amenity": "cafe",
        "brand": "Tim Hortons",
        "brand:wikidata": "Q175106",
        "building": "yes",
        "cuisine": "coffee_shop",
        "delivery": "yes",
        "drive_through": "yes",
        "indoor_seating": "yes",
        "internet_access": "wlan",
        "name": "Tim Hortons",
        "opening_hours": "Mo-We 05:00-22:00; Fr-Su 05:00-22:00",
        "outdoor_seating": "yes",
        "phone": "+1 716-542-4092",
        "takeaway": "yes",
        "@geometry": "center"
      },
      "geometry": {
        "type": "Point",
        "coordinates": [
          -78.50488,
          42.9981399
        ]
      },
      "id": "way/628895709"
    },
    {
      "type": "Feature",
      "properties": {
        "@id": "way/629327969",
        "addr:city": "Springville",
        "addr:housenumber": "371",
        "addr:postcode": "14141",
        "addr:state": "NY",
        "addr:street": "South Cascade Drive",
        "amenity": "cafe",
        "brand": "Tim Hortons",
        "brand:wikidata": "Q175106",
        "building": "yes",
        "cuisine": "coffee_shop",
        "delivery": "yes",
        "drive_through": "yes",
        "indoor_seating": "yes",
        "internet_access": "wlan",
        "name": "Tim Hortons",
        "opening_hours": "Mo-We 05:00-20:00; Fr-Su 05:00-20:00",
        "phone": "+1 716-592-0436",
        "takeaway": "yes",
        "@geometry": "center"
      },
      "geometry": {
        "type": "Point",
        "coordinates": [
          -78.6907885,
          42.4993628
        ]
      },
      "id": "way/629327969"
    },
    {
      "type": "Feature",
      "properties": {
        "@id": "way/631023328",
        "addr:city": "Columbus",
        "addr:housenumber": "1501",
        "addr:postcode": "43212-1449",
        "addr:state": "OH",
        "addr:street": "Olentangy River Road",
        "amenity": "cafe",
        "brand": "Tim Hortons",
        "brand:wikidata": "Q175106",
        "building": "retail",
        "cuisine": "coffee_shop",
        "delivery": "yes",
        "drive_through": "yes",
        "indoor_seating": "no",
        "internet_access": "wlan",
        "name": "Tim Hortons",
        "opening_hours": "Mo-We 05:00-22:00; Fr-Sa 05:00-22:00; Su 05:00-17:00",
        "phone": "+1 614-299-2087",
        "takeaway": "yes",
        "@geometry": "center"
      },
      "geometry": {
        "type": "Point",
        "coordinates": [
          -83.0264226,
          39.99071
        ]
      },
      "id": "way/631023328"
    },
    {
      "type": "Feature",
      "properties": {
        "@id": "way/635377343",
        "addr:city": "Rossford",
        "addr:housenumber": "1011",
        "addr:postcode": "43460-1601",
        "addr:state": "OH",
        "addr:street": "Buck Road",
        "amenity": "cafe",
        "brand": "Tim Hortons",
        "brand:wikidata": "Q175106",
        "building": "yes",
        "cuisine": "coffee_shop",
        "delivery": "yes",
        "drive_through": "yes",
        "indoor_seating": "no",
        "internet_access": "wlan",
        "name": "Tim Hortons",
        "opening_hours": "Mo-We 06:00-18:00; Fr-Su 06:00-18:00",
        "phone": "+1 419-661-1468",
        "takeaway": "yes",
        "@geometry": "center"
      },
      "geometry": {
        "type": "Point",
        "coordinates": [
          -83.5590816,
          41.5865067
        ]
      },
      "id": "way/635377343"
    },
    {
      "type": "Feature",
      "properties": {
        "@id": "way/636225893",
        "amenity": "cafe",
        "brand": "Tim Hortons",
        "brand:wikidata": "Q175106",
        "building": "commercial",
        "cuisine": "coffee_shop",
        "drive_through": "yes",
        "fixme:atp": "no ATP match, check if still exists",
        "name": "Tim Hortons",
        "takeaway": "yes",
        "@geometry": "center"
      },
      "geometry": {
        "type": "Point",
        "coordinates": [
          -82.9505505,
          40.0862904
        ]
      },
      "id": "way/636225893"
    },
    {
      "type": "Feature",
      "properties": {
        "@id": "way/639175899",
        "addr:city": "Buffalo",
        "addr:housenumber": "1950",
        "addr:postcode": "14228",
        "addr:state": "NY",
        "addr:street": "Sweet Home Road",
        "amenity": "cafe",
        "brand": "Tim Hortons",
        "brand:wikidata": "Q175106",
        "building": "restaurant",
        "building:levels": "1",
        "cuisine": "coffee_shop",
        "delivery": "yes",
        "drive_through": "yes",
        "indoor_seating": "yes",
        "internet_access": "wlan",
        "name": "Tim Hortons",
        "nysgissam:nysaddresspointid": "ERIE195710",
        "opening_hours": "Mo-We 05:00-22:00; Fr-Su 05:00-22:00",
        "phone": "+1 716-689-0187",
        "takeaway": "yes",
        "website": "https://www.timhortons.com/",
        "@geometry": "center"
      },
      "geometry": {
        "type": "Point",
        "coordinates": [
          -78.7997522,
          43.0125063
        ]
      },
      "id": "way/639175899"
    },
    {
      "type": "Feature",
      "properties": {
        "@id": "way/657049227",
        "addr:city": "Clio",
        "addr:housenumber": "4140",
        "addr:postcode": "48420-9402",
        "addr:state": "MI",
        "addr:street": "West Vienna Road",
        "amenity": "cafe",
        "brand": "Tim Hortons",
        "brand:wikidata": "Q175106",
        "building": "yes",
        "cuisine": "coffee_shop",
        "delivery": "yes",
        "drive_through": "yes",
        "indoor_seating": "yes",
        "internet_access": "wlan",
        "name": "Tim Hortons",
        "opening_hours": "Mo-We 07:00-18:00; Fr-Su 07:00-18:00",
        "phone": "+1 810-686-0115",
        "takeaway": "yes",
        "@geometry": "center"
      },
      "geometry": {
        "type": "Point",
        "coordinates": [
          -83.7595599,
          43.17792
        ]
      },
      "id": "way/657049227"
    },
    {
      "type": "Feature",
      "properties": {
        "@id": "way/663443313",
        "addr:city": "Meadville",
        "addr:housenumber": "16447",
        "addr:postcode": "16335-3813",
        "addr:state": "PA",
        "addr:street": "Conneaut Lake Road",
        "amenity": "cafe",
        "brand": "Tim Hortons",
        "brand:wikidata": "Q175106",
        "building": "yes",
        "cuisine": "coffee_shop",
        "delivery": "yes",
        "drive_through": "yes",
        "indoor_seating": "yes",
        "internet_access": "wlan",
        "name": "Tim Hortons",
        "opening_hours": "Mo-We 07:00-20:00; Fr-Su 07:00-20:00",
        "phone": "+1 814-333-2648",
        "takeaway": "yes",
        "@geometry": "center"
      },
      "geometry": {
        "type": "Point",
        "coordinates": [
          -80.2067412,
          41.6215341
        ]
      },
      "id": "way/663443313"
    },
    {
      "type": "Feature",
      "properties": {
        "@id": "way/663927596",
        "addr:city": "Bloomfield Hills",
        "addr:housenumber": "40",
        "addr:postcode": "48304",
        "addr:state": "MI",
        "addr:street": "East Square Lake Road",
        "amenity": "cafe",
        "brand": "Tim Hortons",
        "brand:wikidata": "Q175106",
        "building": "yes",
        "cuisine": "coffee_shop",
        "fixme:atp": "no ATP match, check if still exists",
        "name": "Tim Hortons",
        "takeaway": "yes",
        "@geometry": "center"
      },
      "geometry": {
        "type": "Point",
        "coordinates": [
          -83.2616653,
          42.6032026
        ]
      },
      "id": "way/663927596"
    },
    {
      "type": "Feature",
      "properties": {
        "@id": "way/667535437",
        "addr:city": "Upper Arlington",
        "addr:housenumber": "4740",
        "addr:postcode": "43220-3073",
        "addr:state": "OH",
        "addr:street": "Reed Road",
        "amenity": "cafe",
        "brand": "Tim Hortons",
        "brand:wikidata": "Q175106",
        "cuisine": "coffee_shop",
        "delivery": "yes",
        "drive_through": "yes",
        "indoor_seating": "no",
        "internet_access": "wlan",
        "name": "Tim Hortons",
        "opening_hours": "Mo-We 06:00-16:00; Fr-Su 06:00-16:00",
        "phone": "+1 614-459-6773",
        "takeaway": "yes",
        "@geometry": "center"
      },
      "geometry": {
        "type": "Point",
        "coordinates": [
          -83.0656776,
          40.0532179
        ]
      },
      "id": "way/667535437"
    },
    {
      "type": "Feature",
      "properties": {
        "@id": "way/670736918",
        "addr:city": "Kalamazoo",
        "addr:housenumber": "4328",
        "addr:postcode": "49006-2787",
        "addr:state": "MI",
        "addr:street": "West Main Street",
        "amenity": "cafe",
        "brand": "Tim Hortons",
        "brand:wikidata": "Q175106",
        "building": "yes",
        "cuisine": "coffee_shop",
        "delivery": "yes",
        "drive_through": "yes",
        "indoor_seating": "yes",
        "name": "Tim Hortons",
        "opening_hours": "Mo-We 08:00-12:00; Fr-Su 08:00-12:00",
        "phone": "+1 269-382-3271",
        "takeaway": "yes",
        "@geometry": "center"
      },
      "geometry": {
        "type": "Point",
        "coordinates": [
          -85.6432346,
          42.2966626
        ]
      },
      "id": "way/670736918"
    },
    {
      "type": "Feature",
      "properties": {
        "@id": "way/671858137",
        "addr:city": "Lincoln Park",
        "addr:housenumber": "1360",
        "addr:postcode": "48146",
        "addr:state": "MI",
        "addr:street": "Southfield Road",
        "amenity": "cafe",
        "brand": "Tim Hortons",
        "brand:wikidata": "Q175106",
        "building": "yes",
        "cuisine": "coffee_shop",
        "delivery": "yes",
        "drive_through": "yes",
        "indoor_seating": "yes",
        "internet_access": "wlan",
        "name": "Tim Hortons",
        "opening_hours": "Mo-We 00:00-24:00; Fr-Su 00:00-24:00",
        "outdoor_seating": "no",
        "phone": "+1 313-383-7824",
        "takeaway": "yes",
        "@geometry": "center"
      },
      "geometry": {
        "type": "Point",
        "coordinates": [
          -83.1788581,
          42.2511961
        ]
      },
      "id": "way/671858137"
    },
    {
      "type": "Feature",
      "properties": {
        "@id": "way/678727244",
        "addr:city": "Burton",
        "addr:housenumber": "4025",
        "addr:postcode": "48509-1715",
        "addr:state": "MI",
        "addr:street": "East Court Street",
        "amenity": "cafe",
        "brand": "Tim Hortons",
        "brand:wikidata": "Q175106",
        "building": "yes",
        "cuisine": "coffee_shop",
        "delivery": "yes",
        "drive_through": "yes",
        "indoor_seating": "yes",
        "internet_access": "wlan",
        "name": "Tim Hortons",
        "opening_hours": "Mo-We 05:00-21:00; Fr-Su 05:00-21:00",
        "phone": "+1 810-742-3722",
        "takeaway": "yes",
        "@geometry": "center"
      },
      "geometry": {
        "type": "Point",
        "coordinates": [
          -83.6340563,
          43.0191205
        ]
      },
      "id": "way/678727244"
    },
    {
      "type": "Feature",
      "properties": {
        "@id": "way/678805900",
        "addr:city": "Woodhaven",
        "addr:housenumber": "21930",
        "addr:postcode": "48183",
        "addr:state": "MI",
        "addr:street": "Allen Road",
        "amenity": "cafe",
        "brand": "Tim Hortons",
        "brand:wikidata": "Q175106",
        "building": "yes",
        "cuisine": "coffee_shop",
        "delivery": "yes",
        "drive_through": "yes",
        "indoor_seating": "no",
        "internet_access": "wlan",
        "name": "Tim Hortons",
        "opening_hours": "Mo-We 06:00-19:00; Fr-Su 06:00-19:00",
        "outdoor_seating": "yes",
        "phone": "+1 734-692-1052",
        "takeaway": "yes",
        "@geometry": "center"
      },
      "geometry": {
        "type": "Point",
        "coordinates": [
          -83.2270961,
          42.1486641
        ]
      },
      "id": "way/678805900"
    },
    {
      "type": "Feature",
      "properties": {
        "@id": "way/679440133",
        "addr:city": "Albion",
        "addr:housenumber": "161",
        "addr:postcode": "14411",
        "addr:state": "NY",
        "addr:street": "South Main Street",
        "amenity": "cafe",
        "brand": "Tim Hortons",
        "brand:wikidata": "Q175106",
        "building": "yes",
        "building:levels": "1",
        "building:material": "brick",
        "building:use": "foodservice",
        "changing_table": "yes",
        "cuisine": "coffee_shop",
        "delivery": "yes",
        "drive_through": "yes",
        "indoor_seating": "yes",
        "internet_access": "wlan",
        "internet_access:fee": "no",
        "level": "1",
        "name": "Tim Hortons",
        "nysgissam:nysaddresspointid": "ORLE014724",
        "opening_hours": "Mo-Su 05:00-22:00",
        "payment:coins": "yes",
        "payment:credit_cards": "yes",
        "payment:debit_cards": "yes",
        "payment:discover_card": "yes",
        "payment:mastercard": "yes",
        "payment:notes": "yes",
        "payment:visa": "yes",
        "payment:visa_debit": "yes",
        "phone": "+1 585-589-6592",
        "roof:shape": "flat",
        "smoking": "no",
        "takeaway": "yes",
        "toilets": "yes",
        "toilets:access": "customers",
        "toilets:wheelchair": "yes",
        "wheelchair": "yes",
        "@geometry": "center"
      },
      "geometry": {
        "type": "Point",
        "coordinates": [
          -78.193456,
          43.2421484
        ]
      },
      "id": "way/679440133"
    },
    {
      "type": "Feature",
      "properties": {
        "@id": "way/681077405",
        "addr:city": "Mansfield",
        "addr:housenumber": "1072",
        "addr:postcode": "44905",
        "addr:state": "OH",
        "addr:street": "Ashland Road",
        "amenity": "cafe",
        "brand": "Tim Hortons",
        "brand:wikidata": "Q175106",
        "building": "commercial",
        "cuisine": "coffee_shop",
        "delivery": "yes",
        "drive_through": "yes",
        "indoor_seating": "no",
        "internet_access": "wlan",
        "name": "Tim Hortons",
        "opening_hours": "Mo-Su 06:00-22:00",
        "phone": "+1 419-774-0073",
        "takeaway": "yes",
        "website": "https://locations.timhortons.com/us/oh/mansfield/1072-ashland-rd.html",
        "@geometry": "center"
      },
      "geometry": {
        "type": "Point",
        "coordinates": [
          -82.4750238,
          40.7762557
        ]
      },
      "id": "way/681077405"
    },
    {
      "type": "Feature",
      "properties": {
        "@id": "way/681265739",
        "addr:city": "Taylor",
        "addr:housenumber": "22400",
        "addr:postcode": "48180",
        "addr:state": "MI",
        "addr:street": "Ecorse Road",
        "amenity": "cafe",
        "brand": "Tim Hortons",
        "brand:wikidata": "Q175106",
        "building": "yes",
        "cuisine": "coffee_shop",
        "delivery": "yes",
        "drive_through": "yes",
        "indoor_seating": "yes",
        "name": "Tim Hortons",
        "opening_hours": "Mo-We 06:00-18:00; Fr 06:00-18:00; Sa-Su 07:00-18:00",
        "outdoor_seating": "no",
        "phone": "+1 313-292-5815",
        "takeaway": "yes",
        "@geometry": "center"
      },
      "geometry": {
        "type": "Point",
        "coordinates": [
          -83.2556228,
          42.2562823
        ]
      },
      "id": "way/681265739"
    },
    {
      "type": "Feature",
      "properties": {
        "@id": "way/682716762",
        "addr:city": "Massena",
        "addr:housenumber": "232",
        "addr:postcode": "13662",
        "addr:state": "NY",
        "addr:street": "Main Street",
        "amenity": "cafe",
        "brand": "Tim Hortons",
        "brand:wikidata": "Q175106",
        "building": "yes",
        "cuisine": "coffee_shop",
        "delivery": "no",
        "drive_through": "yes",
        "indoor_seating": "yes",
        "internet_access": "wlan",
        "name": "Tim Hortons",
        "opening_hours": "Mo-We 04:00-19:00; Fr-Su 04:00-19:00",
        "phone": "+1 315-705-4435",
        "takeaway": "yes",
        "@geometry": "center"
      },
      "geometry": {
        "type": "Point",
        "coordinates": [
          -74.891411,
          44.9250903
        ]
      },
      "id": "way/682716762"
    },
    {
      "type": "Feature",
      "properties": {
        "@id": "way/683578045",
        "addr:city": "Dearborn",
        "addr:housenumber": "21203",
        "addr:postcode": "48124-2339",
        "addr:state": "MI",
        "addr:street": "Michigan Avenue",
        "amenity": "cafe",
        "brand": "Tim Hortons",
        "brand:wikidata": "Q175106",
        "building": "yes",
        "cuisine": "coffee_shop",
        "delivery": "yes",
        "drive_through": "yes",
        "indoor_seating": "yes",
        "name": "Tim Hortons",
        "opening_hours": "Mo-We 06:00-21:00; Fr-Su 06:00-21:00",
        "phone": "+1 313-752-2345",
        "takeaway": "yes",
        "@geometry": "center"
      },
      "geometry": {
        "type": "Point",
        "coordinates": [
          -83.2368939,
          42.3074842
        ]
      },
      "id": "way/683578045"
    },
    {
      "type": "Feature",
      "properties": {
        "@id": "way/687664053",
        "addr:city": "Dearborn",
        "addr:housenumber": "24921",
        "addr:postcode": "48128",
        "addr:state": "MI",
        "addr:street": "Ford Road",
        "amenity": "cafe",
        "brand": "Tim Hortons",
        "brand:wikidata": "Q175106",
        "building": "yes",
        "cuisine": "coffee_shop",
        "delivery": "yes",
        "drive_through": "yes",
        "indoor_seating": "yes",
        "name": "Tim Hortons",
        "opening_hours": "Mo-We 06:00-22:00; Fr-Su 06:00-22:00",
        "phone": "+1 313-724-6040",
        "takeaway": "yes",
        "@geometry": "center"
      },
      "geometry": {
        "type": "Point",
        "coordinates": [
          -83.2813082,
          42.3264786
        ]
      },
      "id": "way/687664053"
    },
    {
      "type": "Feature",
      "properties": {
        "@id": "way/688657179",
        "addr:city": "East Rochester",
        "addr:housenumber": "447",
        "addr:postcode": "14445",
        "addr:state": "NY",
        "addr:street": "West Commercial Street",
        "amenity": "cafe",
        "brand": "Tim Hortons",
        "brand:wikidata": "Q175106",
        "building": "yes",
        "cuisine": "coffee_shop",
        "delivery": "yes",
        "drive_through": "yes",
        "indoor_seating": "yes",
        "internet_access": "wlan",
        "name": "Tim Hortons",
        "nysgissam:nysaddresspointid": "MONR015379",
        "opening_hours": "Mo-We 06:00-17:00; Fr-Su 06:00-17:00",
        "phone": "+1 585-586-8580",
        "takeaway": "yes",
        "@geometry": "center"
      },
      "geometry": {
        "type": "Point",
        "coordinates": [
          -77.4953646,
          43.1161796
        ]
      },
      "id": "way/688657179"
    },
    {
      "type": "Feature",
      "properties": {
        "@id": "way/689846251",
        "addr:city": "Salamanca",
        "addr:housenumber": "567",
        "addr:postcode": "14779",
        "addr:state": "NY",
        "addr:street": "Broad Street",
        "amenity": "cafe",
        "brand": "Tim Hortons",
        "brand:wikidata": "Q175106",
        "building": "yes",
        "cuisine": "coffee_shop",
        "delivery": "no",
        "drive_through": "yes",
        "indoor_seating": "yes",
        "internet_access": "wlan",
        "name": "Tim Hortons",
        "nysgissam:nysaddresspointid": "CATT019850",
        "opening_hours": "Mo-We 05:00-22:00; Fr-Su 05:00-22:00",
        "phone": "+1 716-945-5073",
        "takeaway": "yes",
        "@geometry": "center"
      },
      "geometry": {
        "type": "Point",
        "coordinates": [
          -78.7361006,
          42.1579579
        ]
      },
      "id": "way/689846251"
    },
    {
      "type": "Feature",
      "properties": {
        "@id": "way/691744514",
        "addr:city": "New Albany",
        "addr:housenumber": "7400",
        "addr:postcode": "43054-8607",
        "addr:state": "OH",
        "addr:street": "Fodor Road",
        "amenity": "cafe",
        "brand": "Tim Hortons",
        "brand:wikidata": "Q175106",
        "building": "yes",
        "cuisine": "coffee_shop",
        "delivery": "yes",
        "drive_through": "yes",
        "indoor_seating": "no",
        "internet_access": "wlan",
        "name": "Tim Hortons",
        "opening_hours": "Mo-We 06:00-18:00; Fr-Sa 06:00-18:00; Su 06:00-16:00",
        "phone": "+1 614-855-6176",
        "takeaway": "yes",
        "@geometry": "center"
      },
      "geometry": {
        "type": "Point",
        "coordinates": [
          -82.8223316,
          40.0888039
        ]
      },
      "id": "way/691744514"
    },
    {
      "type": "Feature",
      "properties": {
        "@id": "way/692124470",
        "addr:city": "Ypsilanti",
        "addr:housenumber": "1311",
        "addr:postcode": "48197-8441",
        "addr:state": "MI",
        "addr:street": "Anna J Stepp Drive",
        "amenity": "cafe",
        "brand": "Tim Hortons",
        "brand:wikidata": "Q175106",
        "building": "yes",
        "check_date:opening_hours": "2026-09-02",
        "cuisine": "coffee_shop",
        "delivery": "yes",
        "drive_through": "yes",
        "indoor_seating": "yes",
        "internet_access": "wlan",
        "name": "Tim Hortons",
        "opening_hours": "Mo-We 06:00-20:00; Fr-Su 06:00-20:00",
        "phone": "+1 734-480-9151",
        "takeaway": "yes",
        "@geometry": "center"
      },
      "geometry": {
        "type": "Point",
        "coordinates": [
          -83.6186291,
          42.2235208
        ]
      },
      "id": "way/692124470"
    },
    {
      "type": "Feature",
      "properties": {
        "@id": "way/696466578",
        "addr:city": "Hazel Park",
        "addr:housenumber": "41-75",
        "addr:postcode": "48030-1701",
        "addr:state": "MI",
        "addr:street": "West 9 Mile Road",
        "amenity": "cafe",
        "brand": "Tim Hortons",
        "brand:wikidata": "Q175106",
        "building": "yes",
        "check_date": "2023-10-28",
        "cuisine": "coffee_shop",
        "delivery": "yes",
        "drive_through": "yes",
        "indoor_seating": "yes",
        "name": "Tim Hortons",
        "opening_hours": "Mo-We 07:00-20:00; Fr-Su 07:00-20:00",
        "phone": "+1 248-543-5896",
        "takeaway": "yes",
        "@geometry": "center"
      },
      "geometry": {
        "type": "Point",
        "coordinates": [
          -83.1049325,
          42.4608533
        ]
      },
      "id": "way/696466578"
    },
    {
      "type": "Feature",
      "properties": {
        "@id": "way/697900110",
        "addr:city": "Holland",
        "addr:housenumber": "7140",
        "addr:postcode": "43528-7824",
        "addr:state": "OH",
        "addr:street": "Orchard Centre Drive",
        "amenity": "cafe",
        "brand": "Tim Hortons",
        "brand:wikidata": "Q175106",
        "building": "yes",
        "cuisine": "coffee_shop",
        "delivery": "yes",
        "drive_through": "yes",
        "indoor_seating": "yes",
        "internet_access": "wlan",
        "name": "Tim Hortons",
        "opening_hours": "Mo-We 06:00-18:00; Fr-Su 06:00-18:00",
        "phone": "+1 419-867-7612",
        "takeaway": "yes",
        "@geometry": "center"
      },
      "geometry": {
        "type": "Point",
        "coordinates": [
          -83.7120318,
          41.6098022
        ]
      },
      "id": "way/697900110"
    },
    {
      "type": "Feature",
      "properties": {
        "@id": "way/700370425",
        "addr:city": "Taylor",
        "addr:housenumber": "11130",
        "addr:postcode": "48180-4344",
        "addr:state": "MI",
        "addr:street": "Allen Road",
        "amenity": "cafe",
        "brand": "Tim Hortons",
        "brand:wikidata": "Q175106",
        "building": "yes",
        "cuisine": "coffee_shop",
        "delivery": "yes",
        "drive_through": "yes",
        "indoor_seating": "yes",
        "name": "Tim Hortons",
        "opening_hours": "Mo-We 06:00-20:00; Fr-Su 06:00-20:00",
        "phone": "+1 734-287-2234",
        "takeaway": "yes",
        "@geometry": "center"
      },
      "geometry": {
        "type": "Point",
        "coordinates": [
          -83.2301677,
          42.2255593
        ]
      },
      "id": "way/700370425"
    },
    {
      "type": "Feature",
      "properties": {
        "@id": "node/703047515",
        "addr:city": "Potsdam",
        "addr:housenumber": "154",
        "addr:postcode": "13676-3300",
        "addr:state": "NY",
        "addr:street": "Elm Street",
        "amenity": "cafe",
        "brand": "Tim Hortons",
        "brand:wikidata": "Q175106",
        "cuisine": "coffee_shop",
        "delivery": "yes",
        "drive_through": "yes",
        "indoor_seating": "yes",
        "internet_access": "wlan",
        "name": "Tim Hortons",
        "opening_hours": "Mo-We 06:00-21:00; Fr-Su 06:00-21:00",
        "phone": "+1-315-268-8301",
        "takeaway": "yes"
      },
      "geometry": {
        "type": "Point",
        "coordinates": [
          -74.9617738,
          44.6703146
        ]
      },
      "id": "node/703047515"
    },
    {
      "type": "Feature",
      "properties": {
        "@id": "way/707365236",
        "addr:city": "Alma",
        "addr:housenumber": "7642",
        "addr:postcode": "48801-9319",
        "addr:state": "MI",
        "addr:street": "North Alger Road",
        "amenity": "cafe",
        "brand": "Tim Hortons",
        "brand:wikidata": "Q175106",
        "building": "yes",
        "cuisine": "coffee_shop",
        "delivery": "no",
        "drive_through": "yes",
        "indoor_seating": "yes",
        "internet_access": "wlan",
        "name": "Tim Hortons",
        "opening_hours": "Mo-We 06:00-14:00; Fr-Su 06:00-14:00",
        "phone": "+1 989-463-0899",
        "takeaway": "yes",
        "@geometry": "center"
      },
      "geometry": {
        "type": "Point",
        "coordinates": [
          -84.666144,
          43.4022845
        ]
      },
      "id": "way/707365236"
    },
    {
      "type": "Feature",
      "properties": {
        "@id": "way/723919412",
        "addr:city": "Dearborn Heights",
        "addr:housenumber": "4035",
        "addr:postcode": "48125",
        "addr:state": "MI",
        "addr:street": "Telegraph Road",
        "amenity": "cafe",
        "brand": "Tim Hortons",
        "brand:wikidata": "Q175106",
        "building": "yes",
        "cuisine": "coffee_shop",
        "delivery": "yes",
        "drive_through": "yes",
        "indoor_seating": "yes",
        "internet_access": "wlan",
        "name": "Tim Hortons",
        "opening_hours": "Mo-We 06:00-20:00; Fr-Su 06:00-20:00",
        "phone": "+1 313-562-6900",
        "takeaway": "yes",
        "@geometry": "center"
      },
      "geometry": {
        "type": "Point",
        "coordinates": [
          -83.270196,
          42.2804682
        ]
      },
      "id": "way/723919412"
    },
    {
      "type": "Feature",
      "properties": {
        "@id": "way/730054041",
        "addr:city": "Williamsville",
        "addr:housenumber": "5225",
        "addr:postcode": "14221",
        "addr:state": "NY",
        "addr:street": "Sheridan Drive",
        "amenity": "cafe",
        "brand": "Tim Hortons",
        "brand:wikidata": "Q175106",
        "building": "yes",
        "cuisine": "coffee_shop",
        "delivery": "yes",
        "drive_through": "yes",
        "indoor_seating": "yes",
        "internet_access": "wlan",
        "name": "Tim Hortons",
        "opening_hours": "24/7",
        "phone": "+1 716-626-5993",
        "source": "https://www.timhortons.com/store-locator/store/915659/5225-sheridan-dr--williamsville--new-york--14221-3573",
        "takeaway": "yes",
        "website": "https://www.timhortons.com",
        "@geometry": "center"
      },
      "geometry": {
        "type": "Point",
        "coordinates": [
          -78.739137,
          42.9775286
        ]
      },
      "id": "way/730054041"
    },
    {
      "type": "Feature",
      "properties": {
        "@id": "way/732077478",
        "addr:city": "Commerce Township",
        "addr:housenumber": "2201",
        "addr:postcode": "48390-1715",
        "addr:state": "MI",
        "addr:street": "Haggerty Highway",
        "amenity": "cafe",
        "brand": "Tim Hortons",
        "brand:wikidata": "Q175106",
        "building": "yes",
        "cuisine": "coffee_shop",
        "delivery": "yes",
        "drive_through": "yes",
        "indoor_seating": "yes",
        "internet_access": "wlan",
        "name": "Tim Hortons",
        "opening_hours": "Mo-We 06:00-20:00; Fr-Su 06:00-20:00",
        "phone": "+1 248-956-7911",
        "takeaway": "yes",
        "@geometry": "center"
      },
      "geometry": {
        "type": "Point",
        "coordinates": [
          -83.439744,
          42.5572493
        ]
      },
      "id": "way/732077478"
    },
    {
      "type": "Feature",
      "properties": {
        "@id": "way/733093794",
        "addr:city": "Flat Rock",
        "addr:housenumber": "27035",
        "addr:postcode": "48134",
        "addr:state": "MI",
        "addr:street": "Telegraph Road",
        "amenity": "cafe",
        "brand": "Tim Hortons",
        "brand:wikidata": "Q175106",
        "building": "yes",
        "cuisine": "coffee_shop",
        "delivery": "yes",
        "drive_through": "yes",
        "indoor_seating": "yes",
        "internet_access": "wlan",
        "name": "Tim Hortons",
        "opening_hours": "Mo-We 00:00-24:00; Fr-Su 00:00-24:00",
        "outdoor_seating": "yes",
        "phone": "+1 734-789-8990",
        "takeaway": "yes",
        "website": "https://www.timhortons.com/store-locator/store/restaurant_70911",
        "@geometry": "center"
      },
      "geometry": {
        "type": "Point",
        "coordinates": [
          -83.2849536,
          42.1085146
        ]
      },
      "id": "way/733093794"
    },
    {
      "type": "Feature",
      "properties": {
        "@id": "way/738659188",
        "addr:city": "Whitehall",
        "addr:housenumber": "3965",
        "addr:postcode": "43213",
        "addr:state": "OH",
        "addr:street": "East Broad Street",
        "amenity": "cafe",
        "brand": "Tim Hortons",
        "brand:wikidata": "Q175106",
        "building": "commercial",
        "cuisine": "coffee_shop",
        "delivery": "yes",
        "drive_through": "yes",
        "indoor_seating": "no",
        "internet_access": "wlan",
        "name": "Tim Hortons",
        "opening_hours": "Mo-We 06:00-18:00; Fr-Sa 06:00-18:00; Su 06:00-16:00",
        "phone": "+1 614-632-6041",
        "takeaway": "yes",
        "@geometry": "center"
      },
      "geometry": {
        "type": "Point",
        "coordinates": [
          -82.8955578,
          39.9734794
        ]
      },
      "id": "way/738659188"
    },
    {
      "type": "Feature",
      "properties": {
        "@id": "way/740885072",
        "addr:city": "Warren",
        "addr:housenumber": "28877",
        "addr:postcode": "48088-6338",
        "addr:state": "MI",
        "addr:street": "Schoenherr Road",
        "amenity": "cafe",
        "brand": "Tim Hortons",
        "brand:wikidata": "Q175106",
        "building": "yes",
        "cuisine": "coffee_shop",
        "delivery": "yes",
        "drive_through": "yes",
        "indoor_seating": "yes",
        "internet_access": "wlan",
        "name": "Tim Hortons",
        "opening_hours": "Mo-We 06:00-21:00; Fr-Su 06:00-21:00",
        "phone": "+1 586-751-1821",
        "takeaway": "yes",
        "@geometry": "center"
      },
      "geometry": {
        "type": "Point",
        "coordinates": [
          -82.9878988,
          42.5062098
        ]
      },
      "id": "way/740885072"
    },
    {
      "type": "Feature",
      "properties": {
        "@id": "way/744091989",
        "addr:city": "Columbus",
        "addr:housenumber": "1451",
        "addr:postcode": "43222-1033",
        "addr:state": "OH",
        "addr:street": "West Broad Street",
        "amenity": "cafe",
        "brand": "Tim Hortons",
        "brand:wikidata": "Q175106",
        "building": "commercial",
        "cuisine": "coffee_shop",
        "delivery": "yes",
        "drive_through": "yes",
        "indoor_seating": "no",
        "internet_access": "wlan",
        "name": "Tim Hortons",
        "phone": "+1 614-965-6004",
        "takeaway": "yes",
        "@geometry": "center"
      },
      "geometry": {
        "type": "Point",
        "coordinates": [
          -83.039171,
          39.9569647
        ]
      },
      "id": "way/744091989"
    },
    {
      "type": "Feature",
      "properties": {
        "@id": "way/744136205",
        "addr:city": "Columbus",
        "addr:housenumber": "1505",
        "addr:postcode": "43219",
        "addr:state": "OH",
        "addr:street": "Cassady Avenue",
        "amenity": "cafe",
        "brand": "Tim Hortons",
        "brand:wikidata": "Q175106",
        "building": "yes",
        "cuisine": "coffee_shop",
        "delivery": "yes",
        "drive_through": "yes",
        "indoor_seating": "yes",
        "name": "Tim Hortons",
        "opening_hours": "Mo-We 06:00-16:00; Fr-Su 06:00-16:00",
        "phone": "+1 614-230-5587",
        "takeaway": "yes",
        "@geometry": "center"
      },
      "geometry": {
        "type": "Point",
        "coordinates": [
          -82.930544,
          40.0016421
        ]
      },
      "id": "way/744136205"
    },
    {
      "type": "Feature",
      "properties": {
        "@id": "way/744489732",
        "addr:city": "Columbus",
        "addr:housenumber": "4765",
        "addr:postcode": "43228",
        "addr:state": "OH",
        "addr:street": "West Broad Street",
        "amenity": "cafe",
        "brand": "Tim Hortons",
        "brand:wikidata": "Q175106",
        "building": "yes",
        "cuisine": "coffee_shop",
        "delivery": "yes",
        "drive_through": "yes",
        "indoor_seating": "yes",
        "internet_access": "wlan",
        "name": "Tim Hortons",
        "opening_hours": "Mo-We 07:00-15:00; Fr-Sa 07:00-15:00; Su 06:00-16:00",
        "operator": "Restaurant Brands International Inc.",
        "phone": "+1 614-922-0807",
        "source": "knowledge",
        "takeaway": "yes",
        "website": "https://www.timhortons.com/",
        "@geometry": "center"
      },
      "geometry": {
        "type": "Point",
        "coordinates": [
          -83.1275968,
          39.9517888
        ]
      },
      "id": "way/744489732"
    },
    {
      "type": "Feature",
      "properties": {
        "@id": "way/744497252",
        "addr:city": "Columbus",
        "addr:housenumber": "636",
        "addr:postcode": "43223-2112",
        "addr:state": "OH",
        "addr:street": "Harrisburg Pike",
        "amenity": "cafe",
        "brand": "Tim Hortons",
        "brand:wikidata": "Q175106",
        "building": "yes",
        "cuisine": "coffee_shop",
        "delivery": "yes",
        "drive_through": "yes",
        "indoor_seating": "yes",
        "internet_access": "wlan",
        "name": "Tim Hortons",
        "opening_hours": "Mo-We 07:00-15:00; Fr-Sa 07:00-15:00; Su 06:00-16:00",
        "phone": "+1 614-965-6003",
        "takeaway": "yes",
        "@geometry": "center"
      },
      "geometry": {
        "type": "Point",
        "coordinates": [
          -83.0359957,
          39.9446703
        ]
      },
      "id": "way/744497252"
    },
    {
      "type": "Feature",
      "properties": {
        "@id": "way/745915123",
        "addr:city": "Groveport",
        "addr:housenumber": "3737",
        "addr:postcode": "43125-9001",
        "addr:state": "OH",
        "addr:street": "South Hamilton Road",
        "amenity": "cafe",
        "brand": "Tim Hortons",
        "brand:wikidata": "Q175106",
        "building": "yes",
        "cuisine": "coffee_shop",
        "delivery": "yes",
        "drive_through": "yes",
        "indoor_seating": "no",
        "internet_access": "wlan",
        "name": "Tim Hortons",
        "opening_hours": "Mo-We 06:00-16:00; Fr-Su 06:00-16:00",
        "phone": "+1 614-836-2143",
        "takeaway": "yes",
        "@geometry": "center"
      },
      "geometry": {
        "type": "Point",
        "coordinates": [
          -82.8828269,
          39.8984129
        ]
      },
      "id": "way/745915123"
    },
    {
      "type": "Feature",
      "properties": {
        "@id": "way/745954148",
        "addr:city": "Columbus",
        "addr:housenumber": "2550",
        "addr:postcode": "43232-4964",
        "addr:state": "OH",
        "addr:street": "Hamilton Road South",
        "amenity": "cafe",
        "brand": "Tim Hortons",
        "brand:wikidata": "Q175106",
        "building": "yes",
        "cuisine": "coffee_shop",
        "delivery": "yes",
        "drive_through": "yes",
        "indoor_seating": "no",
        "name": "Tim Hortons",
        "opening_hours": "Mo-We 06:00-18:00; Fr-Sa 06:00-18:00; Su 06:00-16:00",
        "phone": "+1 614-604-6540",
        "takeaway": "yes",
        "@geometry": "center"
      },
      "geometry": {
        "type": "Point",
        "coordinates": [
          -82.8791021,
          39.9247834
        ]
      },
      "id": "way/745954148"
    },
    {
      "type": "Feature",
      "properties": {
        "@id": "way/745973378",
        "addr:city": "Reynoldsburg",
        "addr:housenumber": "2445",
        "addr:postcode": "43068-3455",
        "addr:state": "OH",
        "addr:street": "Brice Road",
        "amenity": "cafe",
        "brand": "Tim Hortons",
        "brand:wikidata": "Q175106",
        "building": "yes",
        "cuisine": "coffee_shop",
        "delivery": "yes",
        "drive_through": "yes",
        "indoor_seating": "no",
        "internet_access": "wlan",
        "name": "Tim Hortons",
        "opening_hours": "Mo-We 06:00-16:00; Fr-Su 06:00-16:00",
        "phone": "+1 614-861-0600",
        "takeaway": "yes",
        "@geometry": "center"
      },
      "geometry": {
        "type": "Point",
        "coordinates": [
          -82.8309527,
          39.9362464
        ]
      },
      "id": "way/745973378"
    },
    {
      "type": "Feature",
      "properties": {
        "@id": "way/753134587",
        "addr:city": "Maumee",
        "addr:housenumber": "161",
        "addr:postcode": "43537-1668",
        "addr:state": "OH",
        "addr:street": "West Dussel Drive",
        "amenity": "cafe",
        "brand": "Tim Hortons",
        "brand:wikidata": "Q175106",
        "building": "yes",
        "cuisine": "coffee_shop",
        "delivery": "yes",
        "drive_through": "yes",
        "indoor_seating": "no",
        "internet_access": "wlan",
        "name": "Tim Hortons",
        "opening_hours": "Mo-We 06:00-16:00; Fr-Su 06:00-16:00",
        "phone": "+1 419-326-2526",
        "takeaway": "yes",
        "@geometry": "center"
      },
      "geometry": {
        "type": "Point",
        "coordinates": [
          -83.6683455,
          41.585609
        ]
      },
      "id": "way/753134587"
    },
    {
      "type": "Feature",
      "properties": {
        "@id": "way/754390002",
        "addr:city": "Port Huron",
        "addr:housenumber": "755",
        "addr:postcode": "48060-7308",
        "addr:state": "MI",
        "addr:street": "24th Street",
        "amenity": "cafe",
        "brand": "Tim Hortons",
        "brand:wikidata": "Q175106",
        "building": "yes",
        "cuisine": "coffee_shop",
        "delivery": "yes",
        "drive_through": "yes",
        "indoor_seating": "yes",
        "internet_access": "wlan",
        "name": "Tim Hortons",
        "opening_hours": "Mo-We 07:00-20:00; Fr-Su 07:00-20:00",
        "phone": "+1 810-987-0230",
        "takeaway": "yes",
        "@geometry": "center"
      },
      "geometry": {
        "type": "Point",
        "coordinates": [
          -82.4531495,
          42.9753566
        ]
      },
      "id": "way/754390002"
    },
    {
      "type": "Feature",
      "properties": {
        "@id": "way/754622597",
        "addr:city": "Southgate",
        "addr:housenumber": "13843",
        "addr:postcode": "48195",
        "addr:state": "MI",
        "addr:street": "Northline Road",
        "amenity": "cafe",
        "brand": "Tim Hortons",
        "brand:wikidata": "Q175106",
        "building": "yes",
        "building:year_built": "2000",
        "cuisine": "coffee_shop",
        "delivery": "yes",
        "drive_through": "yes",
        "indoor_seating": "yes",
        "internet_access": "wlan",
        "name": "Tim Hortons",
        "opening_hours": "Mo-We 06:00-22:00; Fr-Su 06:00-22:00",
        "outdoor_seating": "no",
        "phone": "+1 734-324-4734",
        "takeaway": "yes",
        "@geometry": "center"
      },
      "geometry": {
        "type": "Point",
        "coordinates": [
          -83.1934332,
          42.2132393
        ]
      },
      "id": "way/754622597"
    },
    {
      "type": "Feature",
      "properties": {
        "@id": "way/755323730",
        "addr:city": "Grand Blanc",
        "addr:housenumber": "11334",
        "addr:postcode": "48439-1204",
        "addr:state": "MI",
        "addr:street": "South Saginaw Street",
        "amenity": "cafe",
        "brand": "Tim Hortons",
        "brand:wikidata": "Q175106",
        "building": "yes",
        "cuisine": "coffee_shop",
        "delivery": "yes",
        "drive_through": "yes",
        "indoor_seating": "yes",
        "internet_access": "wlan",
        "name": "Tim Hortons",
        "opening_hours": "Mo-We 07:00-19:00; Fr-Su 07:00-19:00",
        "phone": "+1 810-694-6666",
        "takeaway": "yes",
        "@geometry": "center"
      },
      "geometry": {
        "type": "Point",
        "coordinates": [
          -83.6322285,
          42.92905
        ]
      },
      "id": "way/755323730"
    },
    {
      "type": "Feature",
      "properties": {
        "@id": "way/755542469",
        "addr:city": "Burton",
        "addr:housenumber": "1230",
        "addr:postcode": "48529-2522",
        "addr:state": "MI",
        "addr:street": "East Bristol Road",
        "amenity": "cafe",
        "brand": "Tim Hortons",
        "brand:wikidata": "Q175106",
        "building": "yes",
        "cuisine": "coffee_shop",
        "delivery": "yes",
        "drive_through": "yes",
        "indoor_seating": "yes",
        "internet_access": "wlan",
        "name": "Tim Hortons",
        "opening_hours": "Mo-We 07:00-18:00; Fr-Su 07:00-18:00",
        "phone": "+1 810-760-9770",
        "takeaway": "yes",
        "@geometry": "center"
      },
      "geometry": {
        "type": "Point",
        "coordinates": [
          -83.6847625,
          42.973527
        ]
      },
      "id": "way/755542469"
    },
    {
      "type": "Feature",
      "properties": {
        "@id": "way/758257452",
        "addr:city": "Owosso",
        "addr:housenumber": "323",
        "addr:postcode": "48867",
        "addr:state": "MI",
        "addr:street": "West Main Street",
        "amenity": "cafe",
        "brand": "Tim Hortons",
        "brand:wikidata": "Q175106",
        "building": "yes",
        "cuisine": "coffee_shop",
        "delivery": "yes",
        "drive_through": "yes",
        "indoor_seating": "yes",
        "internet_access": "wlan",
        "name": "Tim Hortons",
        "opening_hours": "Mo-We 07:00-20:00; Fr-Su 07:00-20:00",
        "phone": "+1 989-723-7384",
        "takeaway": "yes",
        "@geometry": "center"
      },
      "geometry": {
        "type": "Point",
        "coordinates": [
          -84.174417,
          42.9971373
        ]
      },
      "id": "way/758257452"
    },
    {
      "type": "Feature",
      "properties": {
        "@id": "way/768973510",
        "addr:city": "Flint",
        "addr:housenumber": "2435",
        "addr:postcode": "48507-3820",
        "addr:state": "MI",
        "addr:street": "West Hill Road",
        "amenity": "cafe",
        "brand": "Tim Hortons",
        "brand:wikidata": "Q175106",
        "building": "yes",
        "cuisine": "coffee_shop",
        "delivery": "yes",
        "drive_through": "yes",
        "indoor_seating": "yes",
        "name": "Tim Hortons",
        "opening_hours": "Mo-We 07:00-20:00; Fr-Su 07:00-20:00",
        "phone": "+1 810-285-9922",
        "takeaway": "yes",
        "@geometry": "center"
      },
      "geometry": {
        "type": "Point",
        "coordinates": [
          -83.7282096,
          42.9435034
        ]
      },
      "id": "way/768973510"
    },
    {
      "type": "Feature",
      "properties": {
        "@id": "way/768977099",
        "addr:city": "Flint",
        "addr:housenumber": "4365",
        "addr:postcode": "48504-1328",
        "addr:state": "MI",
        "addr:street": "West Pierson Road",
        "amenity": "cafe",
        "brand": "Tim Hortons",
        "brand:wikidata": "Q175106",
        "building": "yes",
        "cuisine": "coffee_shop",
        "delivery": "yes",
        "drive_through": "yes",
        "indoor_seating": "yes",
        "internet_access": "wlan",
        "name": "Tim Hortons",
        "opening_hours": "Mo-We 07:00-18:00; Fr-Su 07:00-18:00",
        "phone": "+1 810-230-3290",
        "takeaway": "yes",
        "@geometry": "center"
      },
      "geometry": {
        "type": "Point",
        "coordinates": [
          -83.7668235,
          43.0601295
        ]
      },
      "id": "way/768977099"
    },
    {
      "type": "Feature",
      "properties": {
        "@id": "way/770071615",
        "addr:city": "Saginaw",
        "addr:housenumber": "8099",
        "addr:postcode": "48609-4876",
        "addr:state": "MI",
        "addr:street": "Gratiot Road",
        "amenity": "cafe",
        "brand": "Tim Hortons",
        "brand:wikidata": "Q175106",
        "building": "yes",
        "cuisine": "coffee_shop",
        "delivery": "yes",
        "drive_through": "yes",
        "indoor_seating": "yes",
        "internet_access": "wlan",
        "name": "Tim Hortons",
        "opening_hours": "Mo-We 06:00-19:00; Fr-Su 06:00-19:00",
        "phone": "+1 989-781-2303",
        "takeaway": "yes",
        "@geometry": "center"
      },
      "geometry": {
        "type": "Point",
        "coordinates": [
          -84.0733185,
          43.415545
        ]
      },
      "id": "way/770071615"
    },
    {
      "type": "Feature",
      "properties": {
        "@id": "way/770074160",
        "addr:city": "Saginaw",
        "addr:housenumber": "2039",
        "addr:postcode": "48602-5637",
        "addr:state": "MI",
        "addr:street": "North Michigan Avenue",
        "amenity": "cafe",
        "brand": "Tim Hortons",
        "brand:wikidata": "Q175106",
        "building": "yes",
        "cuisine": "coffee_shop",
        "delivery": "yes",
        "drive_through": "yes",
        "indoor_seating": "yes",
        "internet_access": "wlan",
        "name": "Tim Hortons",
        "opening_hours": "Mo-We 06:00-20:00; Fr-Su 06:00-20:00",
        "phone": "+1 989-753-0273",
        "takeaway": "yes",
        "@geometry": "center"
      },
      "geometry": {
        "type": "Point",
        "coordinates": [
          -83.949544,
          43.4361205
        ]
      },
      "id": "way/770074160"
    },
    {
      "type": "Feature",
      "properties": {
        "@id": "way/770076008",
        "addr:city": "Saginaw",
        "addr:housenumber": "4870",
        "addr:postcode": "48603-3812",
        "addr:state": "MI",
        "addr:street": "State Street",
        "amenity": "cafe",
        "brand": "Tim Hortons",
        "brand:wikidata": "Q175106",
        "building": "yes",
        "cuisine": "coffee_shop",
        "delivery": "yes",
        "drive_through": "yes",
        "indoor_seating": "no",
        "internet_access": "wlan",
        "name": "Tim Hortons",
        "opening_hours": "Mo-Su 05:00-20:00",
        "phone": "+1 989-793-5288",
        "takeaway": "yes",
        "website": "https://locations.timhortons.com/en/mi/saginaw/4870-state-st/",
        "@geometry": "center"
      },
      "geometry": {
        "type": "Point",
        "coordinates": [
          -84.0124745,
          43.437219
        ]
      },
      "id": "way/770076008"
    },
    {
      "type": "Feature",
      "properties": {
        "@id": "way/771792607",
        "addr:city": "Hamburg",
        "addr:floor": "Floor 1",
        "addr:housenumber": "4250",
        "addr:postcode": "14075",
        "addr:state": "NY",
        "addr:street": "McKinley Parkway",
        "amenity": "cafe",
        "brand": "Tim Hortons",
        "brand:wikidata": "Q175106",
        "building": "yes",
        "cuisine": "coffee_shop",
        "delivery": "yes",
        "drive_through": "yes",
        "indoor_seating": "yes",
        "internet_access": "wlan",
        "name": "Tim Hortons",
        "nysgissam:nysaddresspointid": "ERIE164548;ERIE359645",
        "opening_hours": "Mo-Su 05:00-20:00",
        "outdoor_seating": "no",
        "phone": "+1 716-202-1434",
        "takeaway": "yes",
        "website": "https://www.timhortons.com/store-locator/store/restaurant_70953",
        "@geometry": "center"
      },
      "geometry": {
        "type": "Point",
        "coordinates": [
          -78.812004,
          42.7683245
        ]
      },
      "id": "way/771792607"
    },
    {
      "type": "Feature",
      "properties": {
        "@id": "way/772241034",
        "addr:city": "Marietta",
        "addr:housenumber": "118",
        "addr:postcode": "45750-2205",
        "addr:state": "OH",
        "addr:street": "North 7th Street",
        "amenity": "cafe",
        "brand": "Tim Hortons",
        "brand:wikidata": "Q175106",
        "building": "yes",
        "cuisine": "coffee_shop",
        "delivery": "yes",
        "drive_through": "yes",
        "indoor_seating": "yes",
        "internet_access": "wlan",
        "kids_area": "no",
        "name": "Tim Hortons",
        "opening_hours": "Mo-We 06:00-18:00; Fr-Sa 06:00-18:00; Su 06:00-16:00",
        "outdoor_seating": "no",
        "payment:cards": "yes",
        "payment:cash": "yes",
        "payment:qr_code": "no",
        "phone": "+1 740-538-6007",
        "reservation": "no",
        "smoking": "no",
        "takeaway": "yes",
        "website": "https://locations.timhortons.com/en/oh/marietta/118-n-7th-st/",
        "@geometry": "center"
      },
      "geometry": {
        "type": "Point",
        "coordinates": [
          -81.4451216,
          39.4167319
        ]
      },
      "id": "way/772241034"
    },
    {
      "type": "Feature",
      "properties": {
        "@id": "way/776286836",
        "addr:city": "Grand Rapids",
        "addr:housenumber": "3773",
        "addr:postcode": "49525",
        "addr:state": "MI",
        "addr:street": "Plainfield Avenue Northeast",
        "amenity": "cafe",
        "brand": "Tim Hortons",
        "brand:wikidata": "Q175106",
        "building": "yes",
        "cuisine": "coffee_shop",
        "delivery": "yes",
        "drive_through": "yes",
        "indoor_seating": "no",
        "internet_access": "wlan",
        "name": "Tim Hortons",
        "opening_hours": "Mo-Fr 05:00-17:00; Sa-Su 06:00-17:00",
        "phone": "+1 616-747-0446",
        "takeaway": "yes",
        "website": "https://www.timhortons.com/store-locator/store/restaurant_71075",
        "@geometry": "center"
      },
      "geometry": {
        "type": "Point",
        "coordinates": [
          -85.6279067,
          43.0317401
        ]
      },
      "id": "way/776286836"
    },
    {
      "type": "Feature",
      "properties": {
        "@id": "way/783620146",
        "addr:city": "Oregon",
        "addr:housenumber": "2621",
        "addr:postcode": "43616-3206",
        "addr:state": "OH",
        "addr:street": "Navarre Avenue",
        "amenity": "cafe",
        "brand": "Tim Hortons",
        "brand:wikidata": "Q175106",
        "building": "yes",
        "cuisine": "coffee_shop",
        "delivery": "yes",
        "drive_through": "yes",
        "indoor_seating": "yes",
        "internet_access": "wlan",
        "name": "Tim Hortons",
        "opening_hours": "Mo-We 05:00-18:00; Fr-Su 05:00-18:00",
        "phone": "+1 419-698-3530",
        "takeaway": "yes",
        "@geometry": "center"
      },
      "geometry": {
        "type": "Point",
        "coordinates": [
          -83.4858962,
          41.637114
        ]
      },
      "id": "way/783620146"
    },
    {
      "type": "Feature",
      "properties": {
        "@id": "way/786253522",
        "addr:city": "Taylor",
        "addr:housenumber": "15011",
        "addr:postcode": "48180-5117",
        "addr:state": "MI",
        "addr:street": "Telegraph Road",
        "amenity": "cafe",
        "brand": "Tim Hortons",
        "brand:wikidata": "Q175106",
        "building": "yes",
        "cuisine": "coffee_shop",
        "delivery": "yes",
        "drive_through": "yes",
        "indoor_seating": "yes",
        "name": "Tim Hortons",
        "opening_hours": "Mo-We 06:00-20:00; Fr-Su 06:00-20:00",
        "outdoor_seating": "no",
        "phone": "+1 734-287-3400",
        "survey_date": "2020-03-30",
        "takeaway": "yes",
        "@geometry": "center"
      },
      "geometry": {
        "type": "Point",
        "coordinates": [
          -83.267166,
          42.1962793
        ]
      },
      "id": "way/786253522"
    },
    {
      "type": "Feature",
      "properties": {
        "@id": "way/808951233",
        "addr:city": "Erie",
        "addr:housenumber": "4444",
        "addr:postcode": "16510",
        "addr:state": "PA",
        "addr:street": "Buffalo Road",
        "amenity": "cafe",
        "brand": "Tim Hortons",
        "brand:wikidata": "Q175106",
        "building": "yes",
        "cuisine": "coffee_shop",
        "delivery": "yes",
        "drive_through": "yes",
        "internet_access": "wlan",
        "internet_access:fee": "no",
        "name": "Tim Hortons",
        "opening_hours": "Mo-Fr 05:00-20:00; Sa-Su 06:00-20:00",
        "outdoor_seating": "yes",
        "phone": "+1 814-899-0059",
        "takeaway": "yes",
        "website": "https://locations.timhortons.com/en/pa/erie/4444-buffalo-rd/",
        "@geometry": "center"
      },
      "geometry": {
        "type": "Point",
        "coordinates": [
          -80.001542,
          42.147519
        ]
      },
      "id": "way/808951233"
    },
    {
      "type": "Feature",
      "properties": {
        "@id": "way/809040464",
        "addr:city": "Bucyrus",
        "addr:housenumber": "511",
        "addr:postcode": "44820-2623",
        "addr:state": "OH",
        "addr:street": "South Sandusky Avenue",
        "amenity": "cafe",
        "brand": "Tim Hortons",
        "brand:wikidata": "Q175106",
        "building": "yes",
        "cuisine": "coffee_shop",
        "delivery": "yes",
        "drive_through": "yes",
        "indoor_seating": "no",
        "internet_access": "wlan",
        "name": "Tim Hortons",
        "opening_hours": "Mo-We 06:00-18:00; Fr-Sa 06:00-18:00; Su 06:00-16:00",
        "phone": "+1 419-562-1961",
        "takeaway": "yes",
        "@geometry": "center"
      },
      "geometry": {
        "type": "Point",
        "coordinates": [
          -82.9760335,
          40.8044311
        ]
      },
      "id": "way/809040464"
    },
    {
      "type": "Feature",
      "properties": {
        "@id": "way/809069947",
        "addr:city": "Galion",
        "addr:housenumber": "815",
        "addr:postcode": "44833",
        "addr:state": "OH",
        "addr:street": "Harding Way West",
        "amenity": "cafe",
        "brand": "Tim Hortons",
        "brand:wikidata": "Q175106",
        "building": "commercial",
        "cuisine": "coffee_shop",
        "delivery": "yes",
        "drive_through": "yes",
        "indoor_seating": "no",
        "internet_access": "wlan",
        "name": "Tim Hortons",
        "opening_hours": "Mo-We 06:00-18:00; Fr-Sa 06:00-18:00; Su 06:00-16:00",
        "phone": "+1 419-777-7452",
        "takeaway": "yes",
        "website": "https://www.timhortons.com/store-locator/store/916580/815-harding-way-west--galion--ohio--44833-1638",
        "@geometry": "center"
      },
      "geometry": {
        "type": "Point",
        "coordinates": [
          -82.803363,
          40.7338004
        ]
      },
      "id": "way/809069947"
    },
    {
      "type": "Feature",
      "properties": {
        "@id": "way/820087882",
        "addr:city": "Fredonia",
        "addr:housenumber": "10371",
        "addr:postcode": "14063",
        "addr:state": "NY",
        "addr:street": "Bennett Road",
        "amenity": "cafe",
        "brand": "Tim Hortons",
        "brand:wikidata": "Q175106",
        "building": "restaurant",
        "cuisine": "coffee_shop",
        "name": "Tim Hortons",
        "nysgissam:nysaddresspointid": "CHAU014801",
        "takeaway": "yes",
        "@geometry": "center"
      },
      "geometry": {
        "type": "Point",
        "coordinates": [
          -79.309319,
          42.4518605
        ]
      },
      "id": "way/820087882"
    },
    {
      "type": "Feature",
      "properties": {
        "@id": "way/820091642",
        "addr:city": "Dunkirk",
        "addr:housenumber": "92",
        "addr:postcode": "14048",
        "addr:state": "NY",
        "addr:street": "Lake Shore Drive East",
        "amenity": "cafe",
        "brand": "Tim Hortons",
        "brand:wikidata": "Q175106",
        "building": "yes",
        "cuisine": "coffee_shop",
        "delivery": "yes",
        "drive_through": "yes",
        "indoor_seating": "yes",
        "internet_access": "wlan",
        "name": "Tim Hortons",
        "nysgissam:nysaddresspointid": "CHAU014694",
        "opening_hours": "Mo-We 05:00-21:00; Fr-Su 05:00-21:00",
        "phone": "+1 716-363-6450",
        "source": "Microsoft/Buildings",
        "takeaway": "yes",
        "@geometry": "center"
      },
      "geometry": {
        "type": "Point",
        "coordinates": [
          -79.3306339,
          42.4884232
        ]
      },
      "id": "way/820091642"
    },
    {
      "type": "Feature",
      "properties": {
        "@id": "way/820285762",
        "addr:city": "Jamestown",
        "addr:housenumber": "717",
        "addr:postcode": "14701",
        "addr:state": "NY",
        "addr:street": "Foote Avenue",
        "amenity": "cafe",
        "brand": "Tim Hortons",
        "brand:wikidata": "Q175106",
        "building": "retail",
        "cuisine": "coffee_shop",
        "internet_access": "no",
        "name": "Tim Hortons",
        "nysgissam:nysaddresspointid": "CHAU015378",
        "source": "NYS GIS Clearinghouse OpenData & MS Footprints (OpenData)",
        "takeaway": "yes",
        "@geometry": "center"
      },
      "geometry": {
        "type": "Point",
        "coordinates": [
          -79.2290772,
          42.0817825
        ]
      },
      "id": "way/820285762"
    },
    {
      "type": "Feature",
      "properties": {
        "@id": "way/820810519",
        "addr:city": "Ellicottville",
        "addr:housenumber": "6599",
        "addr:postcode": "14731",
        "addr:state": "NY",
        "addr:street": "United States Route 219 North",
        "amenity": "cafe",
        "brand": "Tim Hortons",
        "brand:wikidata": "Q175106",
        "building": "yes",
        "cuisine": "coffee_shop",
        "delivery": "no",
        "drive_through": "yes",
        "indoor_seating": "yes",
        "internet_access": "wlan",
        "name": "Tim Hortons",
        "nysgissam:nysaddresspointid": "CATT005407",
        "opening_hours": "Mo-We 05:00-21:00; Fr-Su 05:00-21:00",
        "phone": "+1 716-699-1094",
        "takeaway": "yes",
        "@geometry": "center"
      },
      "geometry": {
        "type": "Point",
        "coordinates": [
          -78.6599337,
          42.2855708
        ]
      },
      "id": "way/820810519"
    },
    {
      "type": "Feature",
      "properties": {
        "@id": "way/825620359",
        "addr:city": "Victor",
        "addr:housenumber": "260",
        "addr:postcode": "14564",
        "addr:state": "NY",
        "addr:street": "West Main Street",
        "amenity": "cafe",
        "brand": "Tim Hortons",
        "brand:wikidata": "Q175106",
        "building": "retail",
        "building:colour": "brown",
        "building:levels": "1",
        "building:material": "brick",
        "cuisine": "coffee_shop",
        "delivery": "yes",
        "drive_through": "yes",
        "indoor_seating": "yes",
        "internet_access": "wlan",
        "name": "Tim Hortons",
        "nysgissam:nysaddresspointid": "ONTA006886",
        "opening_hours": "Mo-We 06:00-17:00; Fr-Su 06:00-17:00",
        "outdoor_seating": "patio",
        "phone": "+1 585-924-2370",
        "roof:levels": "0",
        "roof:shape": "flat",
        "takeaway": "yes",
        "@geometry": "center"
      },
      "geometry": {
        "type": "Point",
        "coordinates": [
          -77.4178035,
          42.986892
        ]
      },
      "id": "way/825620359"
    },
    {
      "type": "Feature",
      "properties": {
        "@id": "way/827530050",
        "addr:city": "Geneseo",
        "addr:housenumber": "1",
        "addr:postcode": "14454",
        "addr:state": "NY",
        "addr:street": "Ryan Drive",
        "amenity": "cafe",
        "brand": "Tim Hortons",
        "brand:wikidata": "Q175106",
        "building": "yes",
        "cuisine": "coffee_shop",
        "delivery": "yes",
        "drive_through": "yes",
        "indoor_seating": "yes",
        "internet_access": "wlan",
        "name": "Tim Hortons",
        "nysgissam:nysaddresspointid": "LIVI021968",
        "opening_hours": "Mo-We 05:00-19:00; Fr-Su 05:00-19:00",
        "phone": "+1 585-243-0160",
        "source": "Modified MS Footprints 2018 (OpenData)",
        "takeaway": "yes",
        "website": "https://locations.timhortons.com/ny/geneseo/1-ryan-dr",
        "@geometry": "center"
      },
      "geometry": {
        "type": "Point",
        "coordinates": [
          -77.787717,
          42.797902
        ]
      },
      "id": "way/827530050"
    },
    {
      "type": "Feature",
      "properties": {
        "@id": "way/828988300",
        "addr:city": "Chillicothe",
        "addr:housenumber": "1020",
        "addr:postcode": "45601",
        "addr:state": "OH",
        "addr:street": "North Bridge Street",
        "amenity": "cafe",
        "brand": "Tim Hortons",
        "brand:wikidata": "Q175106",
        "building": "yes",
        "cuisine": "coffee_shop",
        "internet_access": "wlan",
        "internet_access:fee": "no",
        "name": "Tim Hortons",
        "opening_hours": "Mo-Su 05:00-20:00",
        "outdoor_seating": "no",
        "phone": "+1 740-779-2163",
        "takeaway": "yes",
        "website": "https://www.timhortons.com/store-locator/store/restaurant_71146",
        "@geometry": "center"
      },
      "geometry": {
        "type": "Point",
        "coordinates": [
          -82.9769566,
          39.3559642
        ]
      },
      "id": "way/828988300"
    },
    {
      "type": "Feature",
      "properties": {
        "@id": "way/829947907",
        "addr:city": "Saint Albans",
        "addr:full": "223 Maccorkle Avenue",
        "addr:housenumber": "223",
        "addr:postcode": "25177",
        "addr:state": "WV",
        "addr:street": "Maccorkle Avenue",
        "amenity": "cafe",
        "branch": "Saint Albans",
        "brand": "Tim Hortons",
        "brand:wikidata": "Q175106",
        "building": "yes",
        "cuisine": "coffee_shop",
        "name": "Tim Hortons",
        "takeaway": "yes",
        "@geometry": "center"
      },
      "geometry": {
        "type": "Point",
        "coordinates": [
          -81.8341994,
          38.3892774
        ]
      },
      "id": "way/829947907"
    },
    {
      "type": "Feature",
      "properties": {
        "@id": "way/830055776",
        "addr:city": "Batavia",
        "addr:housenumber": "8400",
        "addr:postcode": "14020",
        "addr:state": "NY",
        "addr:street": "Lewiston Road",
        "amenity": "cafe",
        "brand": "Tim Hortons",
        "brand:wikidata": "Q175106",
        "building": "yes",
        "cuisine": "coffee_shop",
        "delivery": "yes",
        "drive_through": "yes",
        "indoor_seating": "yes",
        "internet_access": "wlan",
        "name": "Tim Hortons",
        "nysgissam:nysaddresspointid": "GENE005244",
        "opening_hours": "Mo-We 07:00-20:00; Fr-Su 07:00-20:00",
        "phone": "+1 585-343-0421",
        "source": "Sat imag & MS Foot's",
        "takeaway": "yes",
        "@geometry": "center"
      },
      "geometry": {
        "type": "Point",
        "coordinates": [
          -78.2065893,
          43.006646
        ]
      },
      "id": "way/830055776"
    },
    {
      "type": "Feature",
      "properties": {
        "@id": "way/830129534",
        "addr:city": "Medina",
        "addr:housenumber": "11305",
        "addr:postcode": "14103",
        "addr:street": "Maple Ridge Road",
        "amenity": "cafe",
        "brand": "Tim Hortons",
        "brand:wikidata": "Q175106",
        "building": "yes",
        "cuisine": "coffee_shop",
        "name": "Tim Hortons",
        "source:data": "cugir.library.cornell.edu & gis.ny.gov/gisdata",
        "source:footprint": "Adjusted MS Footprints",
        "source:imagery": "ESRI & NYS Sat Imagery",
        "takeaway": "yes",
        "@geometry": "center"
      },
      "geometry": {
        "type": "Point",
        "coordinates": [
          -78.3925789,
          43.2074402
        ]
      },
      "id": "way/830129534"
    },
    {
      "type": "Feature",
      "properties": {
        "@id": "way/830574227",
        "addr:city": "Lockport",
        "addr:housenumber": "5816",
        "addr:postcode": "14094",
        "addr:state": "NY",
        "addr:street": "South Transit Road",
        "amenity": "cafe",
        "brand": "Tim Hortons",
        "brand:wikidata": "Q175106",
        "building": "yes",
        "building:levels": "1",
        "changing_table": "yes",
        "changing_table:count": "2",
        "changing_table:fee": "no",
        "changing_table:location": "male_toilet;female_toilet",
        "cuisine": "coffee_shop",
        "delivery": "yes",
        "drive_through": "yes",
        "height": "4",
        "indoor_seating": "yes",
        "internet_access": "wlan",
        "internet_access:fee": "no",
        "kids_area": "no",
        "kids_area:fee": "no",
        "kids_area:indoor": "no",
        "kids_area:outdoor": "no",
        "kids_area:supervised": "no",
        "level": "1",
        "name": "Tim Hortons",
        "nysgissam:nysaddresspointid": "NIAG012129",
        "opening_hours": "Sa-Th 04:00-23:00; Fr 04:00-00:00",
        "payment:amex": "no",
        "payment:coins": "yes",
        "payment:notes": "yes",
        "phone": "+1 716-433-3032",
        "smoking": "no",
        "source:data": "https://gis.ny.gov/gisdata",
        "source:imagery": "ESRI Sat & NYS Sat Imagery",
        "source:shape": "Modified MS Footprints https://cugir.library.cornell.edu",
        "takeaway": "yes",
        "toilets": "yes",
        "toilets:access": "customers",
        "toilets:wheelchair": "yes",
        "website": "https://www.timhortons.com/",
        "wheelchair": "yes",
        "@geometry": "center"
      },
      "geometry": {
        "type": "Point",
        "coordinates": [
          -78.6976669,
          43.1421366
        ]
      },
      "id": "way/830574227"
    },
    {
      "type": "Feature",
      "properties": {
        "@id": "way/830901608",
        "addr:city": "North Tonawanda",
        "addr:housenumber": "748",
        "addr:postcode": "14120",
        "addr:state": "NY",
        "addr:street": "Niagara Falls Boulevard",
        "amenity": "cafe",
        "brand": "Tim Hortons",
        "brand:wikidata": "Q175106",
        "building": "yes",
        "cuisine": "coffee_shop",
        "delivery": "yes",
        "drive_through": "yes",
        "indoor_seating": "yes",
        "internet_access": "wlan",
        "name": "Tim Hortons",
        "nysgissam:nysaddresspointid": "NIAG085233",
        "opening_hours": "Mo-We 04:00-23:00; Fr-Sa 04:00-24:00; Su 04:00-23:00",
        "outdoor_seating": "no",
        "phone": "+1 716-692-8630",
        "source:data": "https://gis.ny.gov/gisdata",
        "source:imagery": "ESRI Sat & NYS Sat Imagery",
        "source:shape": "Modified MS Footprints https://cugir.library.cornell.edu",
        "takeaway": "yes",
        "@geometry": "center"
      },
      "geometry": {
        "type": "Point",
        "coordinates": [
          -78.8366563,
          43.0583447
        ]
      },
      "id": "way/830901608"
    },
    {
      "type": "Feature",
      "properties": {
        "@id": "way/832428011",
        "addr:city": "Niagara Falls",
        "addr:housenumber": "4700",
        "addr:postcode": "14305",
        "addr:state": "NY",
        "addr:street": "Military Road",
        "amenity": "cafe",
        "brand": "Tim Hortons",
        "brand:wikidata": "Q175106",
        "building": "yes",
        "cuisine": "coffee_shop",
        "delivery": "yes",
        "drive_through": "yes",
        "indoor_seating": "yes",
        "name": "Tim Hortons",
        "opening_hours": "Mo-We 06:00-21:00; Fr-Su 06:00-21:00",
        "outdoor_seating": "yes",
        "phone": "+1 716-297-4232",
        "source:data": "https://gis.ny.gov/gisdata",
        "source:imagery": "ESRI Sat & NYS Sat Imagery",
        "source:shape": "Modified MS Footprints https://cugir.library.cornell.edu",
        "takeaway": "yes",
        "@geometry": "center"
      },
      "geometry": {
        "type": "Point",
        "coordinates": [
          -79.0069516,
          43.1295188
        ]
      },
      "id": "way/832428011"
    },
    {
      "type": "Feature",
      "properties": {
        "@id": "way/832640749",
        "addr:city": "Niagara Falls",
        "addr:housenumber": "2720",
        "addr:postcode": "14304",
        "addr:state": "NY",
        "addr:street": "Military Road",
        "amenity": "cafe",
        "brand": "Tim Hortons",
        "brand:wikidata": "Q175106",
        "building": "yes",
        "cuisine": "coffee_shop",
        "delivery": "yes",
        "drive_through": "yes",
        "indoor_seating": "yes",
        "internet_access": "wlan",
        "name": "Tim Hortons",
        "nysgissam:nysaddresspointid": "NIAG020119",
        "opening_hours": "Mo-We 05:00-22:00; Fr-Su 05:00-22:00",
        "phone": "+1 716-297-3947",
        "source:data": "https://gis.ny.gov/gisdata",
        "source:imagery": "ESRI Sat & NYS Sat Imagery",
        "source:shape": "Modified MS Footprints https://cugir.library.cornell.edu",
        "takeaway": "yes",
        "@geometry": "center"
      },
      "geometry": {
        "type": "Point",
        "coordinates": [
          -78.986863,
          43.1088301
        ]
      },
      "id": "way/832640749"
    },
    {
      "type": "Feature",
      "properties": {
        "@id": "way/839516666",
        "addr:city": "Rochester",
        "addr:housenumber": "1563",
        "addr:postcode": "14606",
        "addr:state": "NY",
        "addr:street": "Spencerport Road",
        "addr:unit": "A",
        "amenity": "cafe",
        "brand": "Tim Hortons",
        "brand:wikidata": "Q175106",
        "building": "yes",
        "cuisine": "coffee_shop",
        "delivery": "yes",
        "drive_through": "yes",
        "indoor_seating": "yes",
        "internet_access": "wlan",
        "name": "Tim Hortons",
        "nysgissam:nysaddresspointid": "MONR379767;MONR016322",
        "opening_hours": "Mo-We 05:00-19:00; Fr-Su 05:00-19:00",
        "outdoor_seating": "no",
        "phone": "+1 585-247-1470",
        "takeaway": "yes",
        "@geometry": "center"
      },
      "geometry": {
        "type": "Point",
        "coordinates": [
          -77.7318548,
          43.1744851
        ]
      },
      "id": "way/839516666"
    },
    {
      "type": "Feature",
      "properties": {
        "@id": "way/848797770",
        "addr:city": "Houston",
        "addr:housenumber": "8910",
        "addr:postcode": "77063-3602",
        "addr:state": "TX",
        "addr:street": "Westheimer Road",
        "air_conditioning": "yes",
        "amenity": "cafe",
        "brand": "Tim Hortons",
        "brand:wikidata": "Q175106",
        "building": "yes",
        "check_date": "2025-07-11",
        "cuisine": "coffee_shop",
        "delivery": "yes",
        "drive_through": "yes",
        "indoor_seating": "yes",
        "internet_access": "wlan",
        "name": "Tim Hortons",
        "opening_hours": "Mo-We 06:00-20:00; Fr-Su 06:00-20:00",
        "phone": "+1 346-241-7660",
        "source": "microsoft/BuildingFootprints",
        "takeaway": "yes",
        "@geometry": "center"
      },
      "geometry": {
        "type": "Point",
        "coordinates": [
          -95.5219604,
          29.7376838
        ]
      },
      "id": "way/848797770"
    },
    {
      "type": "Feature",
      "properties": {
        "@id": "way/849599274",
        "addr:city": "Dayton",
        "addr:housenumber": "959",
        "addr:postcode": "45419-4335",
        "addr:state": "OH",
        "addr:street": "Patterson Road",
        "amenity": "cafe",
        "brand": "Tim Hortons",
        "brand:wikidata": "Q175106",
        "building": "yes",
        "cuisine": "coffee_shop",
        "delivery": "yes",
        "drive_through": "yes",
        "indoor_seating": "no",
        "internet_access": "wlan",
        "name": "Tim Hortons",
        "opening_hours": "Mo-We 05:00-19:00; Fr-Sa 05:00-19:00; Su 05:00-17:00",
        "phone": "+1 937-643-3267",
        "takeaway": "yes",
        "@geometry": "center"
      },
      "geometry": {
        "type": "Point",
        "coordinates": [
          -84.1533377,
          39.724553
        ]
      },
      "id": "way/849599274"
    },
    {
      "type": "Feature",
      "properties": {
        "@id": "way/884364747",
        "addr:city": "Fenton",
        "addr:housenumber": "326",
        "addr:postcode": "48430-2607",
        "addr:state": "MI",
        "addr:street": "West Silver Lake Road",
        "amenity": "cafe",
        "brand": "Tim Hortons",
        "brand:wikidata": "Q175106",
        "building": "yes",
        "cuisine": "coffee_shop",
        "delivery": "yes",
        "drive_through": "yes",
        "indoor_seating": "yes",
        "internet_access": "wlan",
        "name": "Tim Hortons",
        "opening_hours": "Mo-We 07:00-20:00; Fr-Su 07:00-20:00",
        "phone": "+1 810-208-0885",
        "takeaway": "yes",
        "toilets:wheelchair": "yes",
        "wheelchair": "yes",
        "@geometry": "center"
      },
      "geometry": {
        "type": "Point",
        "coordinates": [
          -83.7078145,
          42.7983387
        ]
      },
      "id": "way/884364747"
    },
    {
      "type": "Feature",
      "properties": {
        "@id": "way/889346553",
        "addr:city": "Clarkston",
        "addr:housenumber": "5700",
        "addr:postcode": "48346-3129",
        "addr:state": "MI",
        "addr:street": "Maybee Road",
        "amenity": "cafe",
        "brand": "Tim Hortons",
        "brand:wikidata": "Q175106",
        "building": "yes",
        "cuisine": "coffee_shop",
        "delivery": "yes",
        "drive_through": "yes",
        "indoor_seating": "yes",
        "internet_access": "wlan",
        "name": "Tim Hortons",
        "opening_hours": "Mo 08:00-19:00; Tu-We 07:00-19:00; Fr-Sa 07:00-19:00; Su 07:00-17:00",
        "phone": "+1 248-922-3195",
        "takeaway": "yes",
        "@geometry": "center"
      },
      "geometry": {
        "type": "Point",
        "coordinates": [
          -83.3772642,
          42.7196369
        ]
      },
      "id": "way/889346553"
    },
    {
      "type": "Feature",
      "properties": {
        "@id": "way/889649562",
        "addr:city": "Waterford",
        "addr:housenumber": "4837",
        "addr:postcode": "48329-1706",
        "addr:state": "MI",
        "addr:street": "Dixie Highway",
        "amenity": "cafe",
        "brand": "Tim Hortons",
        "brand:wikidata": "Q175106",
        "building": "yes",
        "cuisine": "coffee_shop",
        "delivery": "yes",
        "drive_through": "yes",
        "indoor_seating": "yes",
        "internet_access": "wlan",
        "name": "Tim Hortons",
        "opening_hours": "Mo-We 06:00-12:00; Fr 06:00-12:00; Sa-Su 06:00-20:00",
        "phone": "+1 248-618-9369",
        "takeaway": "yes",
        "@geometry": "center"
      },
      "geometry": {
        "type": "Point",
        "coordinates": [
          -83.3870818,
          42.6903463
        ]
      },
      "id": "way/889649562"
    },
    {
      "type": "Feature",
      "properties": {
        "@id": "way/891732032",
        "addr:city": "Cedar Springs",
        "addr:housenumber": "3622",
        "addr:postcode": "49319",
        "addr:state": "MI",
        "addr:street": "14 Mile Road Northeast",
        "amenity": "cafe",
        "brand": "Tim Hortons",
        "brand:wikidata": "Q175106",
        "building": "yes",
        "cuisine": "coffee_shop",
        "delivery": "yes",
        "drive_through": "yes",
        "indoor_seating": "yes",
        "name": "Tim Hortons",
        "opening_hours": "Mo-We 06:00-18:00; Fr 06:00-18:00; Sa-Su 07:00-18:00",
        "phone": "+1 616-863-0355",
        "takeaway": "yes",
        "@geometry": "center"
      },
      "geometry": {
        "type": "Point",
        "coordinates": [
          -85.5792545,
          43.1749037
        ]
      },
      "id": "way/891732032"
    },
    {
      "type": "Feature",
      "properties": {
        "@id": "way/895265378",
        "addr:city": "Waterford",
        "addr:housenumber": "180",
        "addr:postcode": "48328-3089",
        "addr:state": "MI",
        "addr:street": "North Cass Lake Road",
        "amenity": "cafe",
        "brand": "Tim Hortons",
        "brand:wikidata": "Q175106",
        "building": "yes",
        "cuisine": "coffee_shop",
        "delivery": "yes",
        "drive_through": "yes",
        "indoor_seating": "yes",
        "internet_access": "wlan",
        "name": "Tim Hortons",
        "opening_hours": "Mo-We 07:00-19:00; Fr-Sa 07:00-19:00; Su 07:00-18:00",
        "phone": "+1 248-738-7466",
        "takeaway": "yes",
        "@geometry": "center"
      },
      "geometry": {
        "type": "Point",
        "coordinates": [
          -83.3550675,
          42.640852
        ]
      },
      "id": "way/895265378"
    },
    {
      "type": "Feature",
      "properties": {
        "@id": "way/901836608",
        "addr:city": "Buffalo",
        "addr:housenumber": "3470",
        "addr:postcode": "14214",
        "addr:state": "NY",
        "addr:street": "Main Street",
        "amenity": "cafe",
        "brand": "Tim Hortons",
        "brand:wikidata": "Q175106",
        "building": "yes",
        "cuisine": "coffee_shop",
        "delivery": "yes",
        "drive_through": "yes",
        "indoor_seating": "yes",
        "internet_access": "wlan",
        "name": "Tim Hortons",
        "opening_hours": "Mo-We 06:00-19:00; Fr-Su 06:00-19:00",
        "phone": "+1 716-831-3211",
        "takeaway": "yes",
        "wheelchair": "yes",
        "@geometry": "center"
      },
      "geometry": {
        "type": "Point",
        "coordinates": [
          -78.819946,
          42.9570342
        ]
      },
      "id": "way/901836608"
    },
    {
      "type": "Feature",
      "properties": {
        "@id": "way/915311157",
        "addr:city": "Buffalo",
        "addr:housenumber": "6687",
        "addr:postcode": "14221",
        "addr:state": "NY",
        "addr:street": "Transit Road",
        "amenity": "cafe",
        "brand": "Tim Hortons",
        "brand:wikidata": "Q175106",
        "building": "yes",
        "cuisine": "coffee_shop",
        "delivery": "yes",
        "drive_through": "yes",
        "indoor_seating": "no",
        "internet_access": "wlan",
        "name": "Tim Hortons",
        "opening_hours": "Mo-We 05:00-20:00; Fr-Su 05:00-20:00",
        "outdoor_seating": "yes",
        "phone": "+1 716-630-9300",
        "takeaway": "yes",
        "@geometry": "center"
      },
      "geometry": {
        "type": "Point",
        "coordinates": [
          -78.6963432,
          42.9531974
        ]
      },
      "id": "way/915311157"
    },
    {
      "type": "Feature",
      "properties": {
        "@id": "way/928852772",
        "addr:city": "Madawaska",
        "addr:housenumber": "229",
        "addr:postcode": "04756-1425",
        "addr:state": "ME",
        "addr:street": "Main Street",
        "amenity": "cafe",
        "brand": "Tim Hortons",
        "brand:wikidata": "Q175106",
        "building": "yes",
        "cuisine": "coffee_shop",
        "delivery": "yes",
        "drive_through": "yes",
        "indoor_seating": "yes",
        "internet_access": "wlan",
        "name": "Tim Hortons",
        "opening_hours": "Mo-We 04:30-22:00; Fr-Su 04:30-22:00",
        "phone": "+1 207-728-3565",
        "takeaway": "yes",
        "@geometry": "center"
      },
      "geometry": {
        "type": "Point",
        "coordinates": [
          -68.3316847,
          47.35605
        ]
      },
      "id": "way/928852772"
    },
    {
      "type": "Feature",
      "properties": {
        "@id": "way/934457083",
        "addr:city": "Tonawanda",
        "addr:housenumber": "849",
        "addr:postcode": "14150",
        "addr:state": "NY",
        "addr:street": "Young Street",
        "amenity": "cafe",
        "brand": "Tim Hortons",
        "brand:wikidata": "Q175106",
        "building": "yes",
        "cuisine": "coffee_shop",
        "delivery": "yes",
        "drive_through": "yes",
        "indoor_seating": "yes",
        "internet_access": "wlan",
        "name": "Tim Hortons",
        "opening_hours": "Mo-We 04:30-22:00; Fr-Su 04:30-22:00",
        "outdoor_seating": "no",
        "phone": "+1 716-692-8855",
        "takeaway": "yes",
        "@geometry": "center"
      },
      "geometry": {
        "type": "Point",
        "coordinates": [
          -78.855162,
          43.0019211
        ]
      },
      "id": "way/934457083"
    },
    {
      "type": "Feature",
      "properties": {
        "@id": "way/941656318",
        "addr:city": "Royal Oak",
        "addr:housenumber": "2214",
        "addr:postcode": "48067",
        "addr:state": "MI",
        "addr:street": "East 11 Mile Road",
        "amenity": "cafe",
        "brand": "Tim Hortons",
        "brand:wikidata": "Q175106",
        "building": "retail",
        "cuisine": "coffee_shop",
        "delivery": "no",
        "drive_through": "yes",
        "indoor_seating": "yes",
        "internet_access": "wlan",
        "name": "Tim Hortons",
        "opening_hours": "Mo-We 06:00-19:00; Fr-Su 06:00-19:00",
        "phone": "+1 248-548-3391",
        "takeaway": "yes",
        "@geometry": "center"
      },
      "geometry": {
        "type": "Point",
        "coordinates": [
          -83.1182414,
          42.4901682
        ]
      },
      "id": "way/941656318"
    },
    {
      "type": "Feature",
      "properties": {
        "@id": "way/945575679",
        "addr:city": "Grand Rapids",
        "addr:housenumber": "900",
        "addr:postcode": "49504",
        "addr:state": "MI",
        "addr:street": "Fulton Street West",
        "amenity": "cafe",
        "brand": "Tim Hortons",
        "brand:wikidata": "Q175106",
        "building": "yes",
        "cuisine": "coffee_shop",
        "fixme:atp": "no ATP match, check if still exists",
        "name": "Tim Hortons",
        "opening_hours": "Mo-Fr 06:00-14:00; Sa-Su 07:00-14:00",
        "phone": "+1 616-622-2512",
        "takeaway": "yes",
        "website": "https://www.timhortons.com/store-locator/store/restaurant_70985",
        "@geometry": "center"
      },
      "geometry": {
        "type": "Point",
        "coordinates": [
          -85.6903249,
          42.9633497
        ]
      },
      "id": "way/945575679"
    },
    {
      "type": "Feature",
      "properties": {
        "@id": "way/946660585",
        "amenity": "cafe",
        "brand": "Tim Hortons",
        "brand:wikidata": "Q175106",
        "building": "retail",
        "cuisine": "coffee_shop",
        "name": "Tim Hortons",
        "outdoor_seating": "yes",
        "takeaway": "yes",
        "@geometry": "center"
      },
      "geometry": {
        "type": "Point",
        "coordinates": [
          -79.2411211,
          42.117312
        ]
      },
      "id": "way/946660585"
    },
    {
      "type": "Feature",
      "properties": {
        "@id": "way/951857984",
        "addr:city": "Lacey Township",
        "addr:housenumber": "245",
        "addr:postcode": "08731",
        "addr:state": "NJ",
        "addr:street": "North Main Street",
        "amenity": "cafe",
        "brand": "Tim Hortons",
        "brand:wikidata": "Q175106",
        "building": "yes",
        "cuisine": "coffee_shop",
        "drive_through": "yes",
        "name": "Tim Hortons",
        "source": "esri_USDOT_NewJersey",
        "takeaway": "yes",
        "@geometry": "center"
      },
      "geometry": {
        "type": "Point",
        "coordinates": [
          -74.1853193,
          39.8469177
        ]
      },
      "id": "way/951857984"
    },
    {
      "type": "Feature",
      "properties": {
        "@id": "way/955896346",
        "addr:city": "Wheeling",
        "addr:housenumber": "884",
        "addr:postcode": "26003",
        "addr:state": "WV",
        "addr:street": "National Road",
        "amenity": "cafe",
        "brand": "Tim Hortons",
        "brand:wikidata": "Q175106",
        "building": "yes",
        "cuisine": "coffee_shop",
        "delivery": "yes",
        "drive_through": "yes",
        "indoor_seating": "no",
        "internet_access": "wlan",
        "name": "Tim Hortons",
        "opening_hours": "Mo-We 06:00-20:00; Fr-Sa 06:00-20:00; Su 06:00-16:00",
        "phone": "+1 304-905-8141",
        "takeaway": "yes",
        "@geometry": "center"
      },
      "geometry": {
        "type": "Point",
        "coordinates": [
          -80.6934265,
          40.076896
        ]
      },
      "id": "way/955896346"
    },
    {
      "type": "Feature",
      "properties": {
        "@id": "way/965103370",
        "addr:city": "Warren",
        "addr:housenumber": "36",
        "addr:postcode": "16365-2527",
        "addr:state": "PA",
        "addr:street": "Pennsylvania Avenue East",
        "amenity": "cafe",
        "brand": "Tim Hortons",
        "brand:wikidata": "Q175106",
        "building": "yes",
        "cuisine": "coffee_shop",
        "delivery": "yes",
        "drive_through": "yes",
        "indoor_seating": "yes",
        "name": "Tim Hortons",
        "opening_hours": "Mo-We 06:00-21:00; Fr-Su 06:00-21:00",
        "phone": "+1 814-726-3600",
        "takeaway": "yes",
        "@geometry": "center"
      },
      "geometry": {
        "type": "Point",
        "coordinates": [
          -79.1408743,
          41.8435139
        ]
      },
      "id": "way/965103370"
    },
    {
      "type": "Feature",
      "properties": {
        "@id": "way/965337454",
        "addr:city": "Lancaster",
        "addr:country": "US",
        "addr:housenumber": "1621",
        "addr:postcode": "43130",
        "addr:state": "OH",
        "addr:street": "East Main Street",
        "amenity": "cafe",
        "brand": "Tim Hortons",
        "brand:wikidata": "Q175106",
        "building": "yes",
        "cuisine": "coffee_shop",
        "delivery": "yes",
        "drive_through": "yes",
        "indoor_seating": "yes",
        "internet_access": "wlan",
        "name": "Tim Hortons",
        "opening_hours": "Mo-Su 05:00-20:00",
        "phone": "+1 740-654-8396",
        "takeaway": "yes",
        "@geometry": "center"
      },
      "geometry": {
        "type": "Point",
        "coordinates": [
          -82.568388,
          39.7148106
        ]
      },
      "id": "way/965337454"
    },
    {
      "type": "Feature",
      "properties": {
        "@id": "way/965538978",
        "addr:city": "Lancaster",
        "addr:country": "US",
        "addr:housenumber": "823",
        "addr:postcode": "43130",
        "addr:state": "OH",
        "addr:street": "North Memorial Drive",
        "amenity": "cafe",
        "brand": "Tim Hortons",
        "brand:wikidata": "Q175106",
        "building": "yes",
        "cuisine": "coffee_shop",
        "delivery": "yes",
        "drive_through": "yes",
        "indoor_seating": "yes",
        "internet_access": "wlan",
        "name": "Tim Hortons",
        "opening_hours": "Mo-We 05:00-20:00; Fr-Su 05:00-20:00",
        "phone": "+1 740-653-7114",
        "takeaway": "yes",
        "@geometry": "center"
      },
      "geometry": {
        "type": "Point",
        "coordinates": [
          -82.607859,
          39.7228716
        ]
      },
      "id": "way/965538978"
    },
    {
      "type": "Feature",
      "properties": {
        "@id": "way/972645382",
        "addr:city": "Tonawanda",
        "addr:housenumber": "2760",
        "addr:postcode": "14150",
        "addr:state": "NY",
        "addr:street": "Niagara Falls Boulevard",
        "amenity": "cafe",
        "brand": "Tim Hortons",
        "brand:wikidata": "Q175106",
        "building": "yes",
        "cuisine": "coffee_shop",
        "delivery": "yes",
        "drive_through": "yes",
        "indoor_seating": "yes",
        "internet_access": "wlan",
        "name": "Tim Hortons",
        "opening_hours": "Mo-We 05:00-22:00; Fr-Su 05:00-22:00",
        "outdoor_seating": "no",
        "phone": "+1 716-639-3704",
        "takeaway": "yes",
        "@geometry": "center"
      },
      "geometry": {
        "type": "Point",
        "coordinates": [
          -78.8227584,
          43.0298115
        ]
      },
      "id": "way/972645382"
    },
    {
      "type": "Feature",
      "properties": {
        "@id": "node/974725541",
        "addr:city": "Lancaster",
        "addr:housenumber": "470",
        "addr:postcode": "14086-2970",
        "addr:state": "NY",
        "addr:street": "Aurora Street",
        "amenity": "cafe",
        "brand": "Tim Hortons",
        "brand:wikidata": "Q175106",
        "cuisine": "coffee_shop",
        "delivery": "yes",
        "drive_through": "yes",
        "indoor_seating": "yes",
        "internet_access": "wlan",
        "internet_access:fee": "no",
        "name": "Tim Hortons",
        "opening_hours": "Mo-Sa 05:00-21:00; Su 05:00-17:00",
        "outdoor_seating": "yes",
        "payment:app": "yes",
        "payment:cash": "yes",
        "payment:credit_cards": "yes",
        "payment:debit_cards": "yes",
        "phone": "+1 716-651-0776",
        "takeaway": "yes",
        "website": "https://www.timhortons.com/"
      },
      "geometry": {
        "type": "Point",
        "coordinates": [
          -78.6759995,
          42.8813528
        ]
      },
      "id": "node/974725541"
    },
    {
      "type": "Feature",
      "properties": {
        "@id": "way/977071136",
        "addr:city": "Tonawanda",
        "addr:housenumber": "2190",
        "addr:postcode": "14150",
        "addr:state": "NY",
        "addr:street": "Niagara Falls Boulevard",
        "amenity": "cafe",
        "brand": "Tim Hortons",
        "brand:wikidata": "Q175106",
        "building": "yes",
        "cuisine": "coffee_shop",
        "delivery": "no",
        "drive_through": "yes",
        "indoor_seating": "yes",
        "internet_access": "wlan",
        "name": "Tim Hortons",
        "opening_hours": "Mo-We 05:00-21:00; Fr-Su 05:00-21:00",
        "outdoor_seating": "yes",
        "phone": "+1 716-694-1774",
        "takeaway": "yes",
        "@geometry": "center"
      },
      "geometry": {
        "type": "Point",
        "coordinates": [
          -78.8227694,
          43.0138972
        ]
      },
      "id": "way/977071136"
    },
    {
      "type": "Feature",
      "properties": {
        "@id": "way/982908782",
        "addr:city": "Buffalo",
        "addr:housenumber": "2200",
        "addr:postcode": "14216",
        "addr:state": "NY",
        "addr:street": "Elmwood Avenue",
        "amenity": "cafe",
        "brand": "Tim Hortons",
        "brand:wikidata": "Q175106",
        "building": "yes",
        "cuisine": "coffee_shop",
        "delivery": "yes",
        "drive_through": "yes",
        "indoor_seating": "yes",
        "internet_access": "wlan",
        "name": "Tim Hortons",
        "opening_hours": "Mo-We 00:00-24:00; Fr-Su 00:00-24:00",
        "outdoor_seating": "yes",
        "phone": "+1 716-362-0203",
        "takeaway": "yes",
        "@geometry": "center"
      },
      "geometry": {
        "type": "Point",
        "coordinates": [
          -78.8789049,
          42.9569823
        ]
      },
      "id": "way/982908782"
    },
    {
      "type": "Feature",
      "properties": {
        "@id": "node/990442389",
        "amenity": "cafe",
        "brand": "Tim Hortons",
        "brand:wikidata": "Q175106",
        "cuisine": "coffee_shop",
        "fixme:atp": "no ATP match, check if still exists",
        "name": "Tim Hortons",
        "opening_hours": "24/7",
        "operator": "Restaurant Brands International Inc.",
        "takeaway": "yes",
        "website": "https://www.timhortons.com/"
      },
      "geometry": {
        "type": "Point",
        "coordinates": [
          -77.4133858,
          42.998951
        ]
      },
      "id": "node/990442389"
    },
    {
      "type": "Feature",
      "properties": {
        "@id": "way/993617409",
        "addr:city": "Niagara Falls",
        "addr:housenumber": "3024",
        "addr:postcode": "14301",
        "addr:state": "NY",
        "addr:street": "Pine Avenue",
        "amenity": "cafe",
        "brand": "Tim Hortons",
        "brand:wikidata": "Q175106",
        "building": "yes",
        "cuisine": "coffee_shop",
        "delivery": "yes",
        "drive_through": "yes",
        "indoor_seating": "no",
        "internet_access": "wlan",
        "name": "Tim Hortons",
        "opening_hours": "Mo-Su 05:00-21:00",
        "phone": "+1 716-285-0410",
        "takeaway": "yes",
        "website": "https://locations.timhortons.com/en/ny/niagara-falls/3024-pine-ave/",
        "@geometry": "center"
      },
      "geometry": {
        "type": "Point",
        "coordinates": [
          -79.0249618,
          43.0954109
        ]
      },
      "id": "way/993617409"
    },
    {
      "type": "Feature",
      "properties": {
        "@id": "way/1001567841",
        "addr:city": "Buffalo",
        "addr:housenumber": "647",
        "addr:postcode": "14206",
        "addr:state": "NY",
        "addr:street": "Bailey Avenue",
        "amenity": "cafe",
        "brand": "Tim Hortons",
        "brand:wikidata": "Q175106",
        "building": "yes",
        "cuisine": "coffee_shop",
        "delivery": "yes",
        "drive_through": "yes",
        "indoor_seating": "yes",
        "internet_access": "wlan",
        "name": "Tim Hortons",
        "nysgissam:nysaddresspointid": "ERIE103148",
        "opening_hours": "Mo-We 05:30-15:00; Fr 05:30-15:00; Sa 06:00-15:00",
        "operator": "Restaurant Brands International Inc.",
        "phone": "+1 716-381-8466",
        "takeaway": "yes",
        "website": "https://www.timhortons.com/",
        "@geometry": "center"
      },
      "geometry": {
        "type": "Point",
        "coordinates": [
          -78.8191585,
          42.8727012
        ]
      },
      "id": "way/1001567841"
    },
    {
      "type": "Feature",
      "properties": {
        "@id": "way/1001567842",
        "addr:city": "Buffalo",
        "addr:housenumber": "25",
        "addr:postcode": "14210",
        "addr:state": "NY",
        "addr:street": "Mergenhagen Street",
        "amenity": "cafe",
        "brand": "Tim Hortons",
        "brand:wikidata": "Q175106",
        "building": "yes",
        "cuisine": "coffee_shop",
        "delivery": "yes",
        "drive_through": "yes",
        "indoor_seating": "yes",
        "internet_access": "wlan",
        "name": "Tim Hortons",
        "nysgissam:nysaddresspointid": "ERIE205489",
        "opening_hours": "Mo-We 05:00-20:00; Fr-Sa 05:00-20:00; Su 07:00-20:00",
        "phone": "+1 716-824-4158",
        "shop": "coffee",
        "takeaway": "yes",
        "@geometry": "center"
      },
      "geometry": {
        "type": "Point",
        "coordinates": [
          -78.8248241,
          42.8676309
        ]
      },
      "id": "way/1001567842"
    },
    {
      "type": "Feature",
      "properties": {
        "@id": "way/1008328138",
        "addr:city": "Buffalo",
        "addr:housenumber": "2240",
        "addr:postcode": "14216",
        "addr:state": "NY",
        "addr:street": "Delaware Avenue",
        "amenity": "cafe",
        "brand": "Tim Hortons",
        "brand:wikidata": "Q175106",
        "building": "yes",
        "cuisine": "coffee_shop",
        "delivery": "yes",
        "drive_through": "yes",
        "indoor_seating": "yes",
        "internet_access": "wlan",
        "name": "Tim Hortons",
        "opening_hours": "Mo-We 06:00-22:00; Fr-Su 06:00-22:00",
        "outdoor_seating": "no",
        "phone": "+1 716-871-3700",
        "takeaway": "yes",
        "website": "https://www.timhortons.com/store-locator/store/restaurant_70604",
        "@geometry": "center"
      },
      "geometry": {
        "type": "Point",
        "coordinates": [
          -78.8687621,
          42.9453694
        ]
      },
      "id": "way/1008328138"
    },
    {
      "type": "Feature",
      "properties": {
        "@id": "way/1017675108",
        "addr:city": "Shelby Township",
        "addr:housenumber": "47050",
        "addr:postcode": "48317-4380",
        "addr:state": "MI",
        "addr:street": "Van Dyke Avenue",
        "amenity": "cafe",
        "brand": "Tim Hortons",
        "brand:wikidata": "Q175106",
        "building": "yes",
        "cuisine": "coffee_shop",
        "delivery": "yes",
        "drive_through": "yes",
        "indoor_seating": "yes",
        "internet_access": "wlan",
        "name": "Tim Hortons",
        "opening_hours": "Mo-We 06:00-19:30; Fr 06:00-19:30; Sa-Su 06:30-15:00",
        "phone": "+1 586-997-0529",
        "takeaway": "yes",
        "@geometry": "center"
      },
      "geometry": {
        "type": "Point",
        "coordinates": [
          -83.0324104,
          42.6410838
        ]
      },
      "id": "way/1017675108"
    },
    {
      "type": "Feature",
      "properties": {
        "@id": "way/1022153330",
        "addr:city": "Sterling Heights",
        "addr:housenumber": "25100",
        "addr:postcode": "48310",
        "addr:state": "MI",
        "addr:street": "Ryan Road",
        "amenity": "cafe",
        "brand": "Tim Hortons",
        "brand:wikidata": "Q175106",
        "building": "retail",
        "cuisine": "coffee_shop",
        "delivery": "yes",
        "drive_through": "yes",
        "indoor_seating": "yes",
        "internet_access": "wlan",
        "name": "Tim Hortons",
        "opening_hours": "24/7",
        "operator": "Restaurant Brands International Inc.",
        "phone": "+1 586-756-6300",
        "takeaway": "yes",
        "website": "https://www.timhortons.com/store-locator/store/restaurant_71023",
        "@geometry": "center"
      },
      "geometry": {
        "type": "Point",
        "coordinates": [
          -83.0687523,
          42.5513171
        ]
      },
      "id": "way/1022153330"
    },
    {
      "type": "Feature",
      "properties": {
        "@id": "way/1022166962",
        "addr:city": "Buffalo",
        "addr:housenumber": "3818",
        "addr:postcode": "14225",
        "addr:state": "NY",
        "addr:street": "Union Road",
        "amenity": "cafe",
        "brand": "Tim Hortons",
        "brand:wikidata": "Q175106",
        "building": "yes",
        "cuisine": "coffee_shop",
        "delivery": "yes",
        "drive_through": "yes",
        "indoor_seating": "yes",
        "internet_access": "wlan",
        "name": "Tim Hortons",
        "nysgissam:nysaddresspointid": "ERIE057939",
        "opening_hours": "Mo-We 06:00-22:00; Fr-Su 06:00-22:00",
        "outdoor_seating": "no",
        "phone": "+1 716-393-3161",
        "takeaway": "yes",
        "@geometry": "center"
      },
      "geometry": {
        "type": "Point",
        "coordinates": [
          -78.7547719,
          42.9185823
        ]
      },
      "id": "way/1022166962"
    },
    {
      "type": "Feature",
      "properties": {
        "@id": "way/1022801694",
        "addr:city": "Zanesville",
        "addr:housenumber": "3231",
        "addr:postcode": "43701",
        "addr:state": "OH",
        "addr:street": "Maple Avenue",
        "amenity": "cafe",
        "brand": "Tim Hortons",
        "brand:wikidata": "Q175106",
        "building": "retail",
        "contact:facebook": "https://www.facebook.com/TimHortonsZanesvilleOH70560",
        "contact:phone": "+1 740-452-7748",
        "cuisine": "coffee_shop",
        "drive_through": "yes",
        "name": "Tim Hortons",
        "opening_hours": "Tu-Su 06:00-18:00, Mo 06:00-16:00",
        "opening_hours:drive_through": "Tu-Su 05:00-19:00, Mo 05:00-17:00",
        "takeaway": "yes",
        "website": "https://www.timhortons.com/store-locator/store/restaurant_70560",
        "@geometry": "center"
      },
      "geometry": {
        "type": "Point",
        "coordinates": [
          -82.0190617,
          39.9814282
        ]
      },
      "id": "way/1022801694"
    },
    {
      "type": "Feature",
      "properties": {
        "@id": "way/1047007371",
        "addr:city": "Buffalo",
        "addr:housenumber": "474",
        "addr:postcode": "14203",
        "addr:state": "NY",
        "addr:street": "Michigan Avenue",
        "amenity": "cafe",
        "brand": "Tim Hortons",
        "brand:wikidata": "Q175106",
        "building": "yes",
        "cuisine": "coffee_shop",
        "delivery": "yes",
        "drive_through": "yes",
        "indoor_seating": "yes",
        "internet_access": "wlan",
        "name": "Tim Hortons",
        "opening_hours": "Mo-Su 06:00-20:00",
        "phone": "+1 716-370-0034",
        "takeaway": "yes",
        "website": "https://www.timhortons.com/store-locator/store/restaurant_88662",
        "@geometry": "center"
      },
      "geometry": {
        "type": "Point",
        "coordinates": [
          -78.8680912,
          42.8854494
        ]
      },
      "id": "way/1047007371"
    },
    {
      "type": "Feature",
      "properties": {
        "@id": "way/1056767553",
        "addr:city": "Kentwood",
        "addr:housenumber": "4417",
        "addr:postcode": "49508-4622",
        "addr:state": "MI",
        "addr:street": "Kalamazoo Avenue Southeast",
        "amenity": "cafe",
        "brand": "Tim Hortons",
        "brand:wikidata": "Q175106",
        "building": "yes",
        "cuisine": "coffee_shop",
        "delivery": "yes",
        "drive_through": "yes",
        "indoor_seating": "yes",
        "name": "Tim Hortons",
        "phone": "+1 616-827-3048",
        "takeaway": "yes",
        "@geometry": "center"
      },
      "geometry": {
        "type": "Point",
        "coordinates": [
          -85.6267088,
          42.8833942
        ]
      },
      "id": "way/1056767553"
    },
    {
      "type": "Feature",
      "properties": {
        "@id": "way/1070772864",
        "addr:city": "Troy",
        "addr:housenumber": "507",
        "addr:postcode": "48083",
        "addr:state": "MI",
        "addr:street": "East Big Beaver Road",
        "amenity": "cafe",
        "brand": "Tim Hortons",
        "brand:wikidata": "Q175106",
        "building": "yes",
        "cuisine": "coffee_shop",
        "name": "Tim Hortons",
        "takeaway": "yes",
        "@geometry": "center"
      },
      "geometry": {
        "type": "Point",
        "coordinates": [
          -83.1380283,
          42.5632801
        ]
      },
      "id": "way/1070772864"
    },
    {
      "type": "Feature",
      "properties": {
        "@id": "way/1081199934",
        "addr:city": "Livonia",
        "addr:housenumber": "37755",
        "addr:postcode": "48154-1543",
        "addr:state": "MI",
        "addr:street": "Five Mile Road",
        "amenity": "cafe",
        "brand": "Tim Hortons",
        "brand:wikidata": "Q175106",
        "building": "yes",
        "cuisine": "coffee_shop",
        "delivery": "yes",
        "drive_through": "yes",
        "indoor_seating": "no",
        "internet_access": "wlan",
        "name": "Tim Hortons",
        "opening_hours": "Mo-We 06:00-19:00; Fr-Sa 06:00-19:00; Su 06:00-16:00",
        "phone": "+1 734-462-2225",
        "takeaway": "yes",
        "@geometry": "center"
      },
      "geometry": {
        "type": "Point",
        "coordinates": [
          -83.4149986,
          42.3958961
        ]
      },
      "id": "way/1081199934"
    },
    {
      "type": "Feature",
      "properties": {
        "@id": "way/1086504861",
        "addr:city": "East Aurora",
        "addr:housenumber": "44",
        "addr:postcode": "14052",
        "addr:state": "NY",
        "addr:street": "Hamburg Street",
        "amenity": "cafe",
        "brand": "Tim Hortons",
        "brand:wikidata": "Q175106",
        "building": "yes",
        "cuisine": "coffee_shop",
        "delivery": "yes",
        "drive_through": "yes",
        "indoor_seating": "yes",
        "internet_access": "wlan",
        "name": "Tim Hortons",
        "opening_hours": "Mo-We 05:00-20:00; Fr-Su 05:00-20:00",
        "phone": "+1 716-655-8467",
        "takeaway": "yes",
        "@geometry": "center"
      },
      "geometry": {
        "type": "Point",
        "coordinates": [
          -78.6293467,
          42.7668159
        ]
      },
      "id": "way/1086504861"
    },
    {
      "type": "Feature",
      "properties": {
        "@id": "way/1090567146",
        "addr:city": "Cheektowaga",
        "addr:housenumber": "1610",
        "addr:postcode": "14225",
        "addr:state": "NY",
        "addr:street": "Walden Avenue",
        "amenity": "cafe",
        "brand": "Tim Hortons",
        "brand:wikidata": "Q175106",
        "building": "yes",
        "cuisine": "coffee_shop",
        "delivery": "yes",
        "drive_through": "yes",
        "indoor_seating": "yes",
        "internet_access": "wlan",
        "name": "Tim Hortons",
        "opening_hours": "Mo-We 06:00-22:00; Fr-Su 06:00-22:00",
        "outdoor_seating": "no",
        "phone": "+1 716-768-8064",
        "takeaway": "yes",
        "@geometry": "center"
      },
      "geometry": {
        "type": "Point",
        "coordinates": [
          -78.777748,
          42.9076783
        ]
      },
      "id": "way/1090567146"
    },
    {
      "type": "Feature",
      "properties": {
        "@id": "way/1103550789",
        "addr:city": "Allendale",
        "addr:housenumber": "5180",
        "addr:postcode": "49401",
        "addr:state": "MI",
        "addr:street": "Lake Michigan Drive",
        "amenity": "cafe",
        "brand": "Tim Hortons",
        "brand:wikidata": "Q175106",
        "building": "yes",
        "cuisine": "coffee_shop",
        "delivery": "yes",
        "drive_through": "yes",
        "indoor_seating": "yes",
        "internet_access": "wlan",
        "name": "Tim Hortons",
        "opening_hours": "Mo-Fr 05:00-19:00; Sa-Su 07:00-19:00",
        "phone": "+1 616-895-4000",
        "takeaway": "yes",
        "website": "https://www.timhortons.com/store-locator/store/914758",
        "@geometry": "center"
      },
      "geometry": {
        "type": "Point",
        "coordinates": [
          -85.9139952,
          42.9718626
        ]
      },
      "id": "way/1103550789"
    },
    {
      "type": "Feature",
      "properties": {
        "@id": "way/1103655702",
        "addr:city": "Buffalo",
        "addr:housenumber": "3465",
        "addr:postcode": "14225",
        "addr:state": "NY",
        "addr:street": "Union Road",
        "amenity": "cafe",
        "brand": "Tim Hortons",
        "brand:wikidata": "Q175106",
        "building": "yes",
        "cuisine": "coffee_shop",
        "delivery": "yes",
        "drive_through": "yes",
        "indoor_seating": "yes",
        "internet_access": "wlan",
        "name": "Tim Hortons",
        "opening_hours": "Mo-We 06:00-18:00; Fr-Su 06:00-18:00",
        "outdoor_seating": "yes",
        "phone": "+1 716-393-3182",
        "takeaway": "yes",
        "@geometry": "center"
      },
      "geometry": {
        "type": "Point",
        "coordinates": [
          -78.7537171,
          42.9085096
        ]
      },
      "id": "way/1103655702"
    },
    {
      "type": "Feature",
      "properties": {
        "@id": "way/1108600795",
        "addr:city": "Tonawanda",
        "addr:housenumber": "1930",
        "addr:postcode": "14150",
        "addr:state": "NY",
        "addr:street": "Colvin Boulevard",
        "amenity": "cafe",
        "brand": "Tim Hortons",
        "brand:wikidata": "Q175106",
        "building": "yes",
        "cuisine": "coffee_shop",
        "delivery": "yes",
        "drive_through": "yes",
        "indoor_seating": "yes",
        "internet_access": "wlan",
        "name": "Tim Hortons",
        "opening_hours": "Mo-We 05:00-22:00; Fr-Su 05:00-22:00",
        "outdoor_seating": "no",
        "phone": "+1 716-833-0412",
        "takeaway": "yes",
        "@geometry": "center"
      },
      "geometry": {
        "type": "Point",
        "coordinates": [
          -78.8534499,
          42.9903383
        ]
      },
      "id": "way/1108600795"
    },
    {
      "type": "Feature",
      "properties": {
        "@id": "way/1109759853",
        "addr:city": "North Tonawanda",
        "addr:housenumber": "325",
        "addr:postcode": "14120",
        "addr:state": "NY",
        "addr:street": "Meadow Drive",
        "amenity": "cafe",
        "brand": "Tim Hortons",
        "brand:wikidata": "Q175106",
        "building": "yes",
        "cuisine": "coffee_shop",
        "delivery": "yes",
        "drive_through": "yes",
        "indoor_seating": "yes",
        "internet_access": "wlan",
        "name": "Tim Hortons",
        "opening_hours": "Mo-We 06:00-20:00; Fr-Su 06:00-20:00",
        "outdoor_seating": "no",
        "phone": "+1 716-389-0002",
        "takeaway": "yes",
        "@geometry": "center"
      },
      "geometry": {
        "type": "Point",
        "coordinates": [
          -78.8744243,
          43.052023
        ]
      },
      "id": "way/1109759853"
    },
    {
      "type": "Feature",
      "properties": {
        "@id": "way/1117440732",
        "addr:city": "Moraine",
        "addr:housenumber": "3010",
        "addr:postcode": "45439",
        "addr:state": "OH",
        "addr:street": "Kettering Boulevard",
        "amenity": "cafe",
        "brand": "Tim Hortons",
        "brand:wikidata": "Q175106",
        "building": "yes",
        "cuisine": "coffee_shop",
        "delivery": "yes",
        "drive_through": "yes",
        "indoor_seating": "no",
        "internet_access": "wlan",
        "name": "Tim Hortons",
        "opening_hours": "Mo-Su 05:00-17:00",
        "phone": "+1 937-299-3340",
        "takeaway": "yes",
        "@geometry": "center"
      },
      "geometry": {
        "type": "Point",
        "coordinates": [
          -84.2019257,
          39.7073436
        ]
      },
      "id": "way/1117440732"
    },
    {
      "type": "Feature",
      "properties": {
        "@id": "way/1118732483",
        "addr:city": "Buffalo",
        "addr:housenumber": "829",
        "addr:postcode": "14225",
        "addr:state": "NY",
        "addr:street": "Dick Road",
        "amenity": "cafe",
        "brand": "Tim Hortons",
        "brand:wikidata": "Q175106",
        "building": "yes",
        "cuisine": "coffee_shop",
        "delivery": "yes",
        "drive_through": "yes",
        "indoor_seating": "yes",
        "name": "Tim Hortons",
        "opening_hours": "Mo-We 05:00-18:00; Fr 05:00-18:00; Sa 06:00-18:00; Su 07:00-18:00",
        "outdoor_seating": "no",
        "phone": "+1 716-632-2504",
        "takeaway": "yes",
        "@geometry": "center"
      },
      "geometry": {
        "type": "Point",
        "coordinates": [
          -78.7416332,
          42.9252574
        ]
      },
      "id": "way/1118732483"
    },
    {
      "type": "Feature",
      "properties": {
        "@id": "way/1162654705",
        "addr:city": "Dunkirk",
        "addr:housenumber": "3936",
        "addr:postcode": "14048",
        "addr:state": "NY",
        "addr:street": "Vineyard Drive",
        "amenity": "cafe",
        "brand": "Tim Hortons",
        "brand:wikidata": "Q175106",
        "building": "yes",
        "cuisine": "coffee_shop",
        "delivery": "yes",
        "drive_through": "yes",
        "indoor_seating": "no",
        "internet_access": "wlan",
        "name": "Tim Hortons",
        "nysgissam:nysaddresspointid": "CHAU059476",
        "opening_hours": "Mo-We 05:00-20:00; Fr-Su 05:00-20:00",
        "phone": "+1 716-363-2200",
        "takeaway": "yes",
        "@geometry": "center"
      },
      "geometry": {
        "type": "Point",
        "coordinates": [
          -79.316553,
          42.4591662
        ]
      },
      "id": "way/1162654705"
    },
    {
      "type": "Feature",
      "properties": {
        "@id": "way/1164260236",
        "addr:city": "Tonawanda",
        "addr:housenumber": "2631",
        "addr:postcode": "14150",
        "addr:state": "NY",
        "addr:street": "Sheridan Drive",
        "amenity": "cafe",
        "brand": "Tim Hortons",
        "brand:wikidata": "Q175106",
        "building": "yes",
        "cuisine": "coffee_shop",
        "delivery": "yes",
        "drive_through": "yes",
        "indoor_seating": "yes",
        "internet_access": "wlan",
        "name": "Tim Hortons",
        "opening_hours": "Mo-We 05:00-22:00; Fr-Su 05:00-22:00",
        "outdoor_seating": "no",
        "phone": "+1 716-235-8180",
        "takeaway": "yes",
        "@geometry": "center"
      },
      "geometry": {
        "type": "Point",
        "coordinates": [
          -78.8361283,
          42.980357
        ]
      },
      "id": "way/1164260236"
    },
    {
      "type": "Feature",
      "properties": {
        "@id": "way/1170877584",
        "addr:city": "Greece",
        "addr:housenumber": "3663",
        "addr:postcode": "14616-3433",
        "addr:state": "NY",
        "addr:street": "Mount Read Boulevard",
        "amenity": "cafe",
        "brand": "Tim Hortons",
        "brand:wikidata": "Q175106",
        "building": "yes",
        "cuisine": "coffee_shop",
        "delivery": "yes",
        "drive_through": "yes",
        "indoor_seating": "yes",
        "internet_access": "wlan",
        "name": "Tim Hortons",
        "opening_hours": "Mo-We 05:00-19:00; Fr-Su 05:00-19:00",
        "phone": "+1 585-663-7623",
        "takeaway": "yes",
        "@geometry": "center"
      },
      "geometry": {
        "type": "Point",
        "coordinates": [
          -77.659714,
          43.2252516
        ]
      },
      "id": "way/1170877584"
    },
    {
      "type": "Feature",
      "properties": {
        "@id": "way/1194063770",
        "addr:city": "Ashland",
        "addr:housenumber": "1185",
        "addr:postcode": "44805",
        "addr:state": "OH",
        "addr:street": "East Main Street",
        "amenity": "cafe",
        "brand": "Tim Hortons",
        "brand:wikidata": "Q175106",
        "building": "yes",
        "cuisine": "coffee_shop",
        "delivery": "yes",
        "drive_through": "yes",
        "indoor_seating": "yes",
        "internet_access": "wlan",
        "name": "Tim Hortons",
        "opening_hours": "Mo-We 06:00-16:00; Fr-Su 06:00-16:00",
        "phone": "+1 419-207-9997",
        "takeaway": "yes",
        "@geometry": "center"
      },
      "geometry": {
        "type": "Point",
        "coordinates": [
          -82.2930736,
          40.864188
        ]
      },
      "id": "way/1194063770"
    },
    {
      "type": "Feature",
      "properties": {
        "@id": "way/1194536343",
        "addr:city": "Alden",
        "addr:housenumber": "12886",
        "addr:postcode": "14004-1222",
        "addr:state": "NY",
        "addr:street": "Broadway Street",
        "amenity": "cafe",
        "brand": "Tim Hortons",
        "brand:wikidata": "Q175106",
        "building": "yes",
        "cuisine": "coffee_shop",
        "delivery": "yes",
        "drive_through": "yes",
        "indoor_seating": "yes",
        "internet_access": "wlan",
        "name": "Tim Hortons",
        "opening_hours": "Mo-We 04:30-21:00; Fr 04:30-21:00; Sa-Su 05:00-21:00",
        "phone": "+1 716-937-7800",
        "takeaway": "yes",
        "@geometry": "center"
      },
      "geometry": {
        "type": "Point",
        "coordinates": [
          -78.5083633,
          42.8960419
        ]
      },
      "id": "way/1194536343"
    },
    {
      "type": "Feature",
      "properties": {
        "@id": "way/1201756751",
        "addr:city": "Gaylord",
        "addr:housenumber": "1301",
        "addr:postcode": "49735-7401",
        "addr:state": "MI",
        "addr:street": "West Main Street",
        "amenity": "cafe",
        "branch": "1301 West Main Street Gaylord MI",
        "brand": "Tim Hortons",
        "brand:wikidata": "Q175106",
        "building": "yes",
        "cuisine": "coffee_shop",
        "delivery": "yes",
        "drive_through": "yes",
        "indoor_seating": "yes",
        "internet_access": "wlan",
        "internet_access:fee": "customers",
        "name": "Tim Hortons",
        "opening_hours": "Mo-We 06:00-20:00; Fr-Su 06:00-20:00",
        "outdoor_seating": "yes",
        "phone": "+1-989-448-2222",
        "takeaway": "yes",
        "website": "https://locations.timhortons.com/en/mi/gaylord/1301-w-main-st/",
        "@geometry": "center"
      },
      "geometry": {
        "type": "Point",
        "coordinates": [
          -84.6949677,
          45.0270458
        ]
      },
      "id": "way/1201756751"
    },
    {
      "type": "Feature",
      "properties": {
        "@id": "way/1217208815",
        "addr:city": "Buffalo",
        "addr:housenumber": "380",
        "addr:postcode": "14201",
        "addr:state": "NY",
        "addr:street": "Niagara Street",
        "amenity": "cafe",
        "brand": "Tim Hortons",
        "brand:wikidata": "Q175106",
        "building": "retail",
        "cuisine": "coffee_shop",
        "delivery": "yes",
        "drive_through": "yes",
        "indoor_seating": "yes",
        "internet_access": "wlan",
        "name": "Tim Hortons",
        "opening_hours": "Mo-Su 05:00-22:00",
        "phone": "+1 716-381-8869",
        "source": "microsoft/BuildingFootprints",
        "takeaway": "yes",
        "website": "https://www.timhortons.com/store-locator/store/restaurant_240428",
        "@geometry": "center"
      },
      "geometry": {
        "type": "Point",
        "coordinates": [
          -78.8858944,
          42.8942061
        ]
      },
      "id": "way/1217208815"
    },
    {
      "type": "Feature",
      "properties": {
        "@id": "way/1217661559",
        "addr:city": "Buffalo",
        "addr:housenumber": "440",
        "addr:postcode": "14225",
        "addr:state": "NY",
        "addr:street": "Pine Ridge Heritage Boulevard",
        "amenity": "cafe",
        "brand": "Tim Hortons",
        "brand:wikidata": "Q175106",
        "building": "yes",
        "cuisine": "coffee_shop",
        "name": "Tim Hortons",
        "outdoor_seating": "yes",
        "source": "microsoft/BuildingFootprints",
        "takeaway": "yes",
        "@geometry": "center"
      },
      "geometry": {
        "type": "Point",
        "coordinates": [
          -78.7939116,
          42.9202208
        ]
      },
      "id": "way/1217661559"
    },
    {
      "type": "Feature",
      "properties": {
        "@id": "way/1220611513",
        "addr:city": "Holly",
        "addr:housenumber": "4042",
        "addr:postcode": "48442",
        "addr:state": "MI",
        "addr:street": "Grange Hall Road",
        "amenity": "cafe",
        "brand": "Tim Hortons",
        "brand:wikidata": "Q175106",
        "building": "retail",
        "cuisine": "coffee_shop",
        "delivery": "yes",
        "drive_through": "yes",
        "indoor_seating": "yes",
        "internet_access": "wlan",
        "name": "Tim Hortons",
        "opening_hours": "Mo-We 06:00-20:00; Fr-Su 06:00-20:00",
        "phone": "+1 248-382-5067",
        "takeaway": "yes",
        "@geometry": "center"
      },
      "geometry": {
        "type": "Point",
        "coordinates": [
          -83.6253742,
          42.8060258
        ]
      },
      "id": "way/1220611513"
    },
    {
      "type": "Feature",
      "properties": {
        "@id": "way/1223280601",
        "addr:city": "Columbus",
        "addr:housenumber": "6741",
        "addr:postcode": "31909",
        "addr:state": "GA",
        "addr:street": "Veterans Parkway",
        "amenity": "cafe",
        "brand": "Tim Hortons",
        "brand:wikidata": "Q175106",
        "building": "yes",
        "cuisine": "coffee_shop",
        "delivery": "yes",
        "drive_through": "yes",
        "indoor_seating": "yes",
        "internet_access": "wlan",
        "internet_access:fee": "no",
        "name": "Tim Hortons",
        "opening_hours": "Mo-Su 05:00-20:00",
        "outdoor_seating": "yes",
        "phone": "+1 762-524-7088",
        "takeaway": "yes",
        "website": "https://locations.timhortons.com/en/ga/columbus/6741-veterans-pkwy/",
        "website:menu": "https://timhortons.com/menu?locale-selected=0&lang=en&store-number=920172&service-mode=TAKEOUT",
        "@geometry": "center"
      },
      "geometry": {
        "type": "Point",
        "coordinates": [
          -84.9550919,
          32.541602
        ]
      },
      "id": "way/1223280601"
    },
    {
      "type": "Feature",
      "properties": {
        "@id": "way/1227904738",
        "addr:city": "Clawson",
        "addr:country": "US",
        "addr:housenumber": "1230",
        "addr:postcode": "48017",
        "addr:state": "MI",
        "addr:street": "West 14 Mile Road",
        "amenity": "cafe",
        "brand": "Tim Hortons",
        "brand:wikidata": "Q175106",
        "building": "retail",
        "cuisine": "coffee_shop",
        "delivery": "yes",
        "drive_through": "yes",
        "indoor_seating": "yes",
        "name": "Tim Hortons",
        "opening_hours": "Mo-We 05:00-20:00; Fr 05:00-20:00; Sa-Su 06:00-20:00",
        "operator": "Restaurant Brands International Inc.",
        "phone": "+1 248-435-0411",
        "takeaway": "yes",
        "website": "https://www.timhortons.com/",
        "@geometry": "center"
      },
      "geometry": {
        "type": "Point",
        "coordinates": [
          -83.1646847,
          42.5336631
        ]
      },
      "id": "way/1227904738"
    },
    {
      "type": "Feature",
      "properties": {
        "@id": "way/1230583537",
        "addr:city": "Jackson",
        "addr:housenumber": "1715",
        "addr:postcode": "49202-4004",
        "addr:state": "MI",
        "addr:street": "West Michigan Avenue",
        "amenity": "cafe",
        "brand": "Tim Hortons",
        "brand:wikidata": "Q175106",
        "building": "yes",
        "cuisine": "coffee_shop",
        "delivery": "yes",
        "drive_through": "yes",
        "indoor_seating": "yes",
        "internet_access": "wlan",
        "name": "Tim Hortons",
        "opening_hours": "Mo-We 07:00-19:00; Fr-Su 07:00-19:00",
        "phone": "+1 517-795-1648",
        "takeaway": "yes",
        "@geometry": "center"
      },
      "geometry": {
        "type": "Point",
        "coordinates": [
          -84.4352017,
          42.2471498
        ]
      },
      "id": "way/1230583537"
    },
    {
      "type": "Feature",
      "properties": {
        "@id": "way/1234699190",
        "addr:city": "Buffalo",
        "addr:housenumber": "537",
        "addr:postcode": "14202",
        "addr:state": "NY",
        "addr:street": "Delaware Avenue",
        "amenity": "cafe",
        "brand": "Tim Hortons",
        "brand:wikidata": "Q175106",
        "building": "yes",
        "building:levels": "1",
        "check_date": "2026-06-10",
        "cuisine": "coffee_shop",
        "delivery": "yes",
        "drive_through": "yes",
        "indoor_seating": "yes",
        "internet_access": "wlan",
        "name": "Tim Hortons",
        "opening_hours": "24/7",
        "phone": "+1 716-931-9889",
        "takeaway": "yes",
        "website": "https://www.timhortons.com/store-locator/store/restaurant_70874",
        "@geometry": "center"
      },
      "geometry": {
        "type": "Point",
        "coordinates": [
          -78.873761,
          42.8987931
        ]
      },
      "id": "way/1234699190"
    },
    {
      "type": "Feature",
      "properties": {
        "@id": "way/1234997517",
        "addr:city": "Buffalo",
        "addr:housenumber": "1060",
        "addr:postcode": "14221",
        "addr:state": "NY",
        "addr:street": "Wehrle Drive",
        "amenity": "cafe",
        "brand": "Tim Hortons",
        "brand:wikidata": "Q175106",
        "building": "yes",
        "cuisine": "coffee_shop",
        "delivery": "yes",
        "drive_through": "yes",
        "indoor_seating": "yes",
        "internet_access": "wlan",
        "name": "Tim Hortons",
        "opening_hours": "Mo-We 07:00-20:00; Fr-Su 07:00-20:00",
        "phone": "+1 716-626-9781",
        "takeaway": "yes",
        "@geometry": "center"
      },
      "geometry": {
        "type": "Point",
        "coordinates": [
          -78.7450805,
          42.949946
        ]
      },
      "id": "way/1234997517"
    },
    {
      "type": "Feature",
      "properties": {
        "@id": "way/1238104051",
        "addr:city": "Lancaster",
        "addr:country": "US",
        "addr:housenumber": "2053",
        "addr:postcode": "43130",
        "addr:state": "OH",
        "addr:street": "Horns Mill Road",
        "amenity": "cafe",
        "brand": "Tim Hortons",
        "brand:wikidata": "Q175106",
        "building:part": "retail",
        "cuisine": "coffee_shop",
        "delivery": "no",
        "drive_through": "yes",
        "indoor_seating": "yes",
        "name": "Tim Hortons",
        "opening_hours": "Mo-We 05:00-20:00; Fr-Su 05:00-20:00",
        "phone": "+1 740-318-6010",
        "takeaway": "yes",
        "@geometry": "center"
      },
      "geometry": {
        "type": "Point",
        "coordinates": [
          -82.559584,
          39.6636182
        ]
      },
      "id": "way/1238104051"
    },
    {
      "type": "Feature",
      "properties": {
        "@id": "way/1242703806",
        "addr:city": "Depew",
        "addr:housenumber": "6339",
        "addr:postcode": "14043",
        "addr:state": "NY",
        "addr:street": "Transit Road",
        "amenity": "cafe",
        "brand": "Tim Hortons",
        "brand:wikidata": "Q175106",
        "building": "yes",
        "cuisine": "coffee_shop",
        "name": "Tim Hortons",
        "outdoor_seating": "no",
        "source": "microsoft/BuildingFootprints",
        "takeaway": "yes",
        "@geometry": "center"
      },
      "geometry": {
        "type": "Point",
        "coordinates": [
          -78.6963547,
          42.9287413
        ]
      },
      "id": "way/1242703806"
    },
    {
      "type": "Feature",
      "properties": {
        "@id": "way/1246976301",
        "amenity": "cafe",
        "brand": "Tim Hortons",
        "brand:wikidata": "Q175106",
        "building": "yes",
        "cuisine": "coffee_shop",
        "name": "Tim Hortons",
        "source": "microsoft/BuildingFootprints",
        "takeaway": "yes",
        "@geometry": "center"
      },
      "geometry": {
        "type": "Point",
        "coordinates": [
          -78.696438,
          42.8743329
        ]
      },
      "id": "way/1246976301"
    },
    {
      "type": "Feature",
      "properties": {
        "@id": "way/1250980511",
        "amenity": "cafe",
        "brand": "Tim Hortons",
        "brand:wikidata": "Q175106",
        "building": "yes",
        "cuisine": "coffee_shop",
        "fixme:atp": "no ATP match, check if still exists",
        "name": "Tim Hortons",
        "takeaway": "yes",
        "@geometry": "center"
      },
      "geometry": {
        "type": "Point",
        "coordinates": [
          -79.945084,
          40.3310591
        ]
      },
      "id": "way/1250980511"
    },
    {
      "type": "Feature",
      "properties": {
        "@id": "way/1257920489",
        "addr:city": "Brockport",
        "addr:housenumber": "6573",
        "addr:postcode": "14420",
        "addr:state": "NY",
        "addr:street": "Fourth Section Road",
        "amenity": "cafe",
        "brand": "Tim Hortons",
        "brand:wikidata": "Q175106",
        "building": "yes",
        "cuisine": "coffee_shop",
        "delivery": "yes",
        "drive_through": "yes",
        "indoor_seating": "yes",
        "internet_access": "wlan",
        "name": "Tim Hortons",
        "opening_hours": "Mo-Su 05:00-20:00",
        "phone": "+1 585-637-3150",
        "takeaway": "yes",
        "@geometry": "center"
      },
      "geometry": {
        "type": "Point",
        "coordinates": [
          -77.9459808,
          43.1978089
        ]
      },
      "id": "way/1257920489"
    },
    {
      "type": "Feature",
      "properties": {
        "@id": "node/1260968943",
        "addr:city": "Dewitt",
        "addr:housenumber": "12962",
        "addr:postcode": "48820-7956",
        "addr:state": "MI",
        "addr:street": "South US Highway 27",
        "amenity": "cafe",
        "brand": "Tim Hortons",
        "brand:wikidata": "Q175106",
        "cuisine": "coffee_shop",
        "delivery": "yes",
        "drive_through": "yes",
        "indoor_seating": "no",
        "internet_access": "wlan",
        "name": "Tim Hortons",
        "opening_hours": "Mo-We 06:00-19:00; Fr-Su 06:00-19:00",
        "operator": "Restaurant Brands International Inc.",
        "phone": "+1 517-624-2248",
        "takeaway": "yes",
        "website": "https://www.timhortons.com/"
      },
      "geometry": {
        "type": "Point",
        "coordinates": [
          -84.5436843,
          42.8290196
        ]
      },
      "id": "node/1260968943"
    },
    {
      "type": "Feature",
      "properties": {
        "@id": "way/1263385840",
        "addr:city": "Chillicothe",
        "addr:housenumber": "1100",
        "addr:postcode": "45601",
        "addr:state": "OH",
        "addr:street": "East Main Street",
        "amenity": "cafe",
        "brand": "Tim Hortons",
        "brand:wikidata": "Q175106",
        "building": "yes",
        "cuisine": "coffee_shop",
        "internet_access": "wlan",
        "internet_access:fee": "no",
        "name": "Tim Hortons",
        "opening_hours": "Mo-Su 05:00-20:00",
        "phone": "+1-740-779-3250",
        "takeaway": "yes",
        "website": "https://www.timhortons.com/store-locator/store/restaurant_71425",
        "@geometry": "center"
      },
      "geometry": {
        "type": "Point",
        "coordinates": [
          -82.9513512,
          39.3376095
        ]
      },
      "id": "way/1263385840"
    },
    {
      "type": "Feature",
      "properties": {
        "@id": "way/1270396261",
        "addr:city": "Fraser",
        "addr:housenumber": "15728",
        "addr:postcode": "48026",
        "addr:state": "MI",
        "addr:street": "15 Mile Road",
        "amenity": "cafe",
        "brand": "Tim Hortons",
        "brand:wikidata": "Q175106",
        "building": "yes",
        "cuisine": "coffee_shop",
        "delivery": "no",
        "drive_through": "yes",
        "indoor_seating": "yes",
        "internet_access": "wlan",
        "name": "Tim Hortons",
        "name:en": "Tim Hortons",
        "opening_hours": "Mo-Fr 16:00-21:00; Sa-Su 16:30-21:00",
        "phone": "+1 586-294-0332",
        "shop": "coffee",
        "takeaway": "yes",
        "website": "https://locations.timhortons.com/mi/fraser/15728-15-mil",
        "website:menu": "https://www.timhortons.com/menu",
        "@geometry": "center"
      },
      "geometry": {
        "type": "Point",
        "coordinates": [
          -82.9637466,
          42.5527544
        ]
      },
      "id": "way/1270396261"
    },
    {
      "type": "Feature",
      "properties": {
        "@id": "way/1281490583",
        "addr:city": "Rochester Hills",
        "addr:housenumber": "2258",
        "addr:postcode": "48309-3600",
        "addr:state": "MI",
        "addr:street": "Crooks Road",
        "amenity": "cafe",
        "brand": "Tim Hortons",
        "brand:wikidata": "Q175106",
        "building": "yes",
        "cuisine": "coffee_shop",
        "delivery": "yes",
        "drive_through": "yes",
        "indoor_seating": "no",
        "name": "Tim Hortons",
        "opening_hours": "Mo-We 06:00-19:30; Fr-Su 06:00-19:30",
        "phone": "+1 248-564-3000",
        "takeaway": "yes",
        "@geometry": "center"
      },
      "geometry": {
        "type": "Point",
        "coordinates": [
          -83.1717037,
          42.6485705
        ]
      },
      "id": "way/1281490583"
    },
    {
      "type": "Feature",
      "properties": {
        "@id": "way/1300315638",
        "addr:city": "Waterford",
        "addr:housenumber": "9",
        "addr:postcode": "48328",
        "addr:state": "MI",
        "addr:street": "North Telegraph Road",
        "amenity": "cafe",
        "brand": "Tim Hortons",
        "brand:wikidata": "Q175106",
        "building": "yes",
        "cuisine": "coffee_shop",
        "fixme:atp": "no ATP match, check if still exists",
        "name": "Tim Hortons",
        "opening_hours": "Mo-Su 05:00-19:00",
        "phone": "+1-248-681-9925",
        "takeaway": "yes",
        "website": "https://www.timhortons.com/store-locator/store/915316/9-n-telegraph-rd--waterford--michigan--48328-3760",
        "@geometry": "center"
      },
      "geometry": {
        "type": "Point",
        "coordinates": [
          -83.3262253,
          42.6357381
        ]
      },
      "id": "way/1300315638"
    },
    {
      "type": "Feature",
      "properties": {
        "@id": "way/1332619742",
        "amenity": "cafe",
        "brand": "Tim Hortons",
        "brand:wikidata": "Q175106",
        "building": "retail",
        "cuisine": "coffee_shop",
        "name": "Tim Hortons",
        "opening_hours": "Mo-Fr 05:00-20:00",
        "outdoor_seating": "no",
        "phone": "+1-716-338-4375",
        "takeaway": "yes",
        "@geometry": "center"
      },
      "geometry": {
        "type": "Point",
        "coordinates": [
          -79.2457044,
          42.1070901
        ]
      },
      "id": "way/1332619742"
    },
    {
      "type": "Feature",
      "properties": {
        "@id": "way/1351247321",
        "addr:city": "Sterling Heights",
        "addr:housenumber": "36717",
        "addr:postcode": "48312",
        "addr:state": "MI",
        "addr:street": "Van Dyke Avenue",
        "amenity": "cafe",
        "branch": "36717 Van Dyke",
        "brand": "Tim Hortons",
        "brand:wikidata": "Q175106",
        "building": "yes",
        "building:levels": "1",
        "cuisine": "coffee_shop",
        "facebook": "https://www.facebook.com/TimHortonsSterlingHeightsMI76457?locale=ar_AR",
        "name": "Tim Hortons",
        "opening_hours": "Mo-Fr 06:00-20:00; Sa-Su 07:00-20:00",
        "phone": "+1-586-722-7797",
        "takeaway": "yes",
        "website": "https://locations.timhortons.com/en/mi/sterling-heights/36717-van-dyke/",
        "@geometry": "center"
      },
      "geometry": {
        "type": "Point",
        "coordinates": [
          -83.0304108,
          42.5635085
        ]
      },
      "id": "way/1351247321"
    },
    {
      "type": "Feature",
      "properties": {
        "@id": "way/1351879567",
        "addr:city": "Utica",
        "addr:housenumber": "8763",
        "addr:postcode": "48317",
        "addr:state": "MI",
        "addr:street": "Hall Road",
        "amenity": "cafe",
        "brand": "Tim Hortons",
        "brand:wikidata": "Q175106",
        "building": "yes",
        "cuisine": "coffee_shop",
        "name": "Tim Hortons",
        "takeaway": "yes",
        "@geometry": "center"
      },
      "geometry": {
        "type": "Point",
        "coordinates": [
          -83.0247831,
          42.6263237
        ]
      },
      "id": "way/1351879567"
    },
    {
      "type": "Feature",
      "properties": {
        "@id": "way/1354291146",
        "addr:city": "Jamestown",
        "addr:housenumber": "1361",
        "addr:postcode": "14701",
        "addr:state": "NY",
        "addr:street": "East 2nd Street",
        "amenity": "cafe",
        "brand": "Tim Hortons",
        "brand:wikidata": "Q175106",
        "building": "yes",
        "cuisine": "coffee_shop",
        "name": "Tim Hortons",
        "nysgissam:nysaddresspointid": "CHAU035215",
        "outdoor_seating": "no",
        "source": "NYS GIS Clearinghouse OpenData & MS Footprints (OpenData)",
        "takeaway": "yes",
        "@geometry": "center"
      },
      "geometry": {
        "type": "Point",
        "coordinates": [
          -79.2111511,
          42.1136231
        ]
      },
      "id": "way/1354291146"
    },
    {
      "type": "Feature",
      "properties": {
        "@id": "way/1359137085",
        "amenity": "cafe",
        "brand": "Tim Hortons",
        "brand:wikidata": "Q175106",
        "building": "yes",
        "cuisine": "coffee_shop",
        "name": "Tim Hortons",
        "takeaway": "yes",
        "@geometry": "center"
      },
      "geometry": {
        "type": "Point",
        "coordinates": [
          -79.2401291,
          42.0933454
        ]
      },
      "id": "way/1359137085"
    },
    {
      "type": "Feature",
      "properties": {
        "@id": "way/1383848004",
        "addr:city": "Richmond",
        "addr:housenumber": "67467",
        "addr:postcode": "48062",
        "addr:state": "MI",
        "addr:street": "South Main Street",
        "amenity": "cafe",
        "brand": "Tim Hortons",
        "brand:wikidata": "Q175106",
        "building": "yes",
        "cuisine": "coffee_shop",
        "drive_through": "yes",
        "name": "Tim Hortons",
        "opening_hours": "Mo-Fr 06:00-19:00; Sa 07:00-19:00; Su 07:00-18:00",
        "opening_hours:drive_through": "Mo-Fr 05:00-20:00; Sa 06:00-20:00; Su 06:00-18:00",
        "phone": "+1 586-727-2404",
        "takeaway": "yes",
        "website": "https://www.timhortons.com/store-locator/store/restaurant_70551",
        "@geometry": "center"
      },
      "geometry": {
        "type": "Point",
        "coordinates": [
          -82.7399173,
          42.7981971
        ]
      },
      "id": "way/1383848004"
    },
    {
      "type": "Feature",
      "properties": {
        "@id": "node/1387629084",
        "addr:city": "Lackawanna",
        "addr:country": "US",
        "addr:housenumber": "1340",
        "addr:postcode": "14218-1907",
        "addr:state": "NY",
        "addr:street": "Ridge Road",
        "amenity": "cafe",
        "brand": "Tim Hortons",
        "brand:wikidata": "Q175106",
        "cuisine": "coffee_shop",
        "delivery": "yes",
        "drive_through": "yes",
        "indoor_seating": "yes",
        "internet_access": "wlan",
        "name": "Tim Hortons",
        "opening_hours": "Mo-We 00:00-24:00; Fr-Su 00:00-24:00",
        "payment:amex": "no",
        "payment:coins": "yes",
        "payment:notes": "yes",
        "phone": "+1 716-768-1110",
        "takeaway": "yes",
        "website": "https://www.timhortons.com/"
      },
      "geometry": {
        "type": "Point",
        "coordinates": [
          -78.8027146,
          42.8283956
        ]
      },
      "id": "node/1387629084"
    },
    {
      "type": "Feature",
      "properties": {
        "@id": "way/1393671815",
        "addr:city": "Adrian",
        "addr:housenumber": "727",
        "addr:postcode": "49221",
        "addr:state": "MI",
        "addr:street": "South Main Street",
        "amenity": "cafe",
        "brand": "Tim Hortons",
        "brand:wikidata": "Q175106",
        "building": "yes",
        "cuisine": "coffee_shop",
        "delivery": "yes",
        "drive_through": "yes",
        "indoor_seating": "yes",
        "internet_access": "wlan",
        "name": "Tim Hortons",
        "opening_hours": "Mo-We 05:00-14:00; Fr-Su 05:00-14:00",
        "outdoor_seating": "no",
        "phone": "+1 517-265-8285",
        "takeaway": "yes",
        "@geometry": "center"
      },
      "geometry": {
        "type": "Point",
        "coordinates": [
          -84.0429209,
          41.8887625
        ]
      },
      "id": "way/1393671815"
    },
    {
      "type": "Feature",
      "properties": {
        "@id": "way/1408658070",
        "addr:city": "Orchard Park",
        "addr:housenumber": "3239",
        "addr:postcode": "14127",
        "addr:state": "NY",
        "addr:street": "Abbott Road",
        "amenity": "cafe",
        "brand": "Tim Hortons",
        "brand:wikidata": "Q175106",
        "building": "yes",
        "cuisine": "coffee_shop",
        "delivery": "yes",
        "drive_through": "yes",
        "indoor_seating": "yes",
        "internet_access": "wlan",
        "name": "Tim Hortons",
        "nysgissam:nysaddresspointid": "ERIE009293",
        "opening_hours": "Mo-Su 05:00-20:00",
        "outdoor_seating": "no",
        "phone": "+1 716-821-0710",
        "takeaway": "yes",
        "website": "https://www.timhortons.com/store-locator/store/restaurant_70819",
        "@geometry": "center"
      },
      "geometry": {
        "type": "Point",
        "coordinates": [
          -78.7944105,
          42.7971898
        ]
      },
      "id": "way/1408658070"
    },
    {
      "type": "Feature",
      "properties": {
        "@id": "way/1431014233",
        "addr:city": "Rochester",
        "addr:housenumber": "2311",
        "addr:postcode": "14624",
        "addr:state": "NY",
        "addr:street": "Chili Avenue",
        "amenity": "cafe",
        "brand": "Tim Hortons",
        "brand:wikidata": "Q175106",
        "building": "yes",
        "cuisine": "coffee_shop",
        "name": "Tim Hortons",
        "nysgissam:nysaddresspointid": "MONR012516",
        "takeaway": "yes",
        "@geometry": "center"
      },
      "geometry": {
        "type": "Point",
        "coordinates": [
          -77.6948333,
          43.1293485
        ]
      },
      "id": "way/1431014233"
    },
    {
      "type": "Feature",
      "properties": {
        "@id": "way/1455058820",
        "amenity": "cafe",
        "brand": "Tim Hortons",
        "brand:wikidata": "Q175106",
        "building": "yes",
        "check_date": "2025-11-25",
        "cuisine": "coffee_shop",
        "name": "Tim Hortons",
        "takeaway": "yes",
        "@geometry": "center"
      },
      "geometry": {
        "type": "Point",
        "coordinates": [
          -84.5814642,
          40.8892596
        ]
      },
      "id": "way/1455058820"
    },
    {
      "type": "Feature",
      "properties": {
        "@id": "way/1478452864",
        "addr:city": "Clarence",
        "addr:housenumber": "9220",
        "addr:postcode": "14031",
        "addr:state": "NY",
        "addr:street": "Main Street",
        "amenity": "cafe",
        "brand": "Tim Hortons",
        "brand:wikidata": "Q175106",
        "building": "yes",
        "cuisine": "coffee_shop",
        "drive_through": "yes",
        "name": "Tim Hortons",
        "outdoor_seating": "yes",
        "phone": "+17166269689",
        "takeaway": "yes",
        "@geometry": "center"
      },
      "geometry": {
        "type": "Point",
        "coordinates": [
          -78.6467861,
          42.9704186
        ]
      },
      "id": "way/1478452864"
    },
    {
      "type": "Feature",
      "properties": {
        "@id": "way/1478458576",
        "addr:city": "Lancaster",
        "addr:housenumber": "5390",
        "addr:postcode": "14086",
        "addr:state": "NY",
        "addr:street": "Genesee Street",
        "amenity": "cafe",
        "brand": "Tim Hortons",
        "brand:wikidata": "Q175106",
        "building": "yes",
        "cuisine": "coffee_shop",
        "drive_through": "yes",
        "name": "Tim Hortons",
        "phone": "+17166811720",
        "takeaway": "yes",
        "@geometry": "center"
      },
      "geometry": {
        "type": "Point",
        "coordinates": [
          -78.6768603,
          42.9449473
        ]
      },
      "id": "way/1478458576"
    },
    {
      "type": "Feature",
      "properties": {
        "@id": "way/1481247022",
        "addr:city": "Lancaster",
        "addr:housenumber": "3600",
        "addr:postcode": "14086",
        "addr:state": "NY",
        "addr:street": "Walden Avenue",
        "amenity": "cafe",
        "brand": "Tim Hortons",
        "brand:wikidata": "Q175106",
        "building": "yes",
        "cuisine": "coffee_shop",
        "internet_access": "yes",
        "internet_access:fee": "no",
        "name": "Tim Hortons",
        "opening_hours": "24/7",
        "phone": "+1 716-651-3028",
        "smoking": "no",
        "takeaway": "yes",
        "website": "https://www.timhortons.com/",
        "@geometry": "center"
      },
      "geometry": {
        "type": "Point",
        "coordinates": [
          -78.6729759,
          42.9159845
        ]
      },
      "id": "way/1481247022"
    },
    {
      "type": "Feature",
      "properties": {
        "@id": "way/1497323101",
        "addr:city": "Logan",
        "addr:postcode": "43138",
        "addr:state": "OH",
        "addr:street": "SR 664",
        "amenity": "cafe",
        "brand": "Tim Hortons",
        "brand:wikidata": "Q175106",
        "building:part": "retail",
        "cuisine": "coffee_shop",
        "name": "Tim Hortons",
        "takeaway": "yes",
        "@geometry": "center"
      },
      "geometry": {
        "type": "Point",
        "coordinates": [
          -82.4556398,
          39.522508
        ]
      },
      "id": "way/1497323101"
    },
    {
      "type": "Feature",
      "properties": {
        "@id": "way/1497323443",
        "addr:city": "Jackson",
        "addr:postcode": "45640",
        "addr:state": "OH",
        "addr:street": "East Main Street",
        "amenity": "cafe",
        "brand": "Tim Hortons",
        "brand:wikidata": "Q175106",
        "building": "retail",
        "cuisine": "coffee_shop",
        "drive_through": "yes",
        "name": "Tim Hortons",
        "takeaway": "yes",
        "@geometry": "center"
      },
      "geometry": {
        "type": "Point",
        "coordinates": [
          -82.628367,
          39.0418386
        ]
      },
      "id": "way/1497323443"
    },
    {
      "type": "Feature",
      "properties": {
        "@id": "way/1530229885",
        "addr:city": "West Seneca;Buffalo",
        "addr:housenumber": "2413",
        "addr:postcode": "14224-1001;14224",
        "addr:state": "NY",
        "addr:street": "Clinton Street",
        "amenity": "cafe",
        "brand": "Tim Hortons",
        "brand:wikidata": "Q175106",
        "building": "yes",
        "cuisine": "coffee_shop",
        "delivery": "yes",
        "drive_through": "yes",
        "indoor_seating": "yes",
        "internet_access": "wlan",
        "name": "Tim Hortons",
        "nysgissam:nysaddresspointid": "ERIE334882",
        "opening_hours": "Mo-We 04:30-20:00; Fr 04:30-20:00; Sa 05:00-20:00; Su 06:00-20:00",
        "payment:amex": "no",
        "payment:coins": "yes",
        "payment:notes": "yes",
        "phone": "+1 716-821-5536",
        "takeaway": "yes",
        "website": "https://www.timhortons.com/",
        "@geometry": "center"
      },
      "geometry": {
        "type": "Point",
        "coordinates": [
          -78.7868543,
          42.8711114
        ]
      },
      "id": "way/1530229885"
    },
    {
      "type": "Feature",
      "properties": {
        "@id": "node/1590520860",
        "addr:city": "Canandaigua",
        "addr:housenumber": "5137",
        "addr:postcode": "14424-8054",
        "addr:state": "NY",
        "addr:street": "North Road",
        "amenity": "cafe",
        "brand": "Tim Hortons",
        "brand:wikidata": "Q175106",
        "cuisine": "coffee_shop",
        "delivery": "yes",
        "drive_through": "yes",
        "indoor_seating": "yes",
        "internet_access": "wlan",
        "name": "Tim Hortons",
        "opening_hours": "Mo-We 05:00-20:00; Fr-Sa 05:00-20:00; Su 06:00-20:00",
        "phone": "+1 585-394-2510",
        "takeaway": "yes"
      },
      "geometry": {
        "type": "Point",
        "coordinates": [
          -77.2928909,
          42.9053025
        ]
      },
      "id": "node/1590520860"
    },
    {
      "type": "Feature",
      "properties": {
        "@id": "node/1612655801",
        "addr:city": "Williamsville",
        "addr:housenumber": "870",
        "addr:postcode": "14221-3242",
        "addr:state": "NY",
        "addr:street": "Maple Road",
        "amenity": "cafe",
        "brand": "Tim Hortons",
        "brand:wikidata": "Q175106",
        "cuisine": "coffee_shop",
        "delivery": "yes",
        "drive_through": "yes",
        "indoor_seating": "yes",
        "internet_access": "wlan",
        "name": "Tim Hortons",
        "opening_hours": "Mo-We 06:00-20:00; Fr-Su 06:00-20:00",
        "payment:amex": "no",
        "payment:coins": "yes",
        "payment:notes": "yes",
        "phone": "+1 716-636-7579",
        "takeaway": "yes",
        "website": "https://www.timhortons.com/"
      },
      "geometry": {
        "type": "Point",
        "coordinates": [
          -78.7552397,
          42.9913146
        ]
      },
      "id": "node/1612655801"
    },
    {
      "type": "Feature",
      "properties": {
        "@id": "node/1705643601",
        "amenity": "cafe",
        "brand": "Tim Hortons",
        "brand:wikidata": "Q175106",
        "cuisine": "coffee_shop",
        "fixme:atp": "no ATP match, check if still exists",
        "name": "Tim Hortons",
        "payment:american_express": "no",
        "payment:cash": "yes",
        "takeaway": "yes",
        "website": "https://www.timhortons.com/"
      },
      "geometry": {
        "type": "Point",
        "coordinates": [
          -78.5083686,
          42.8960531
        ]
      },
      "id": "node/1705643601"
    },
    {
      "type": "Feature",
      "properties": {
        "@id": "node/1769664435",
        "addr:city": "Houlton",
        "addr:housenumber": "290",
        "addr:postcode": "04730-3530",
        "addr:state": "ME",
        "addr:street": "North Street",
        "amenity": "cafe",
        "brand": "Tim Hortons",
        "brand:wikidata": "Q175106",
        "cuisine": "coffee_shop",
        "delivery": "no",
        "drive_through": "yes",
        "indoor_seating": "yes",
        "internet_access": "wlan",
        "name": "Tim Hortons",
        "opening_hours": "Mo-We 05:00-18:00; Fr-Su 05:00-18:00",
        "phone": "+1 207-521-0100",
        "takeaway": "yes"
      },
      "geometry": {
        "type": "Point",
        "coordinates": [
          -67.8410593,
          46.1450351
        ]
      },
      "id": "node/1769664435"
    },
    {
      "type": "Feature",
      "properties": {
        "@id": "node/1872183597",
        "addr:city": "Orchard Park",
        "addr:housenumber": "3275",
        "addr:postcode": "14127",
        "addr:state": "NY",
        "addr:street": "Orchard Park Road",
        "amenity": "cafe",
        "brand": "Tim Hortons",
        "brand:wikidata": "Q175106",
        "cuisine": "coffee_shop",
        "delivery": "yes",
        "drive_through": "yes",
        "indoor_seating": "yes",
        "internet_access": "wlan",
        "name": "Tim Hortons",
        "opening_hours": "Mo-We 05:00-20:00; Fr-Su 05:00-20:00",
        "operator": "Restaurant Brands International Inc.",
        "outdoor_seating": "no",
        "phone": "+1 716-677-6834",
        "takeaway": "yes",
        "website": "https://www.timhortons.com/"
      },
      "geometry": {
        "type": "Point",
        "coordinates": [
          -78.7509466,
          42.7956338
        ]
      },
      "id": "node/1872183597"
    },
    {
      "type": "Feature",
      "properties": {
        "@id": "node/1966980239",
        "addr:city": "Getzville",
        "addr:housenumber": "2290",
        "addr:postcode": "14068-1218",
        "addr:state": "NY",
        "addr:street": "Millersport Highway",
        "amenity": "cafe",
        "brand": "Tim Hortons",
        "brand:wikidata": "Q175106",
        "cuisine": "coffee_shop",
        "delivery": "yes",
        "drive_through": "yes",
        "indoor_seating": "yes",
        "internet_access": "wlan",
        "name": "Tim Hortons",
        "opening_hours": "Mo-We 05:00-22:00; Fr-Su 05:00-22:00",
        "payment:amex": "no",
        "payment:coins": "yes",
        "payment:notes": "yes",
        "phone": "+1 716-568-2610",
        "takeaway": "yes",
        "website": "https://www.timhortons.com/"
      },
      "geometry": {
        "type": "Point",
        "coordinates": [
          -78.7717785,
          43.0113643
        ]
      },
      "id": "node/1966980239"
    },
    {
      "type": "Feature",
      "properties": {
        "@id": "node/2053169771",
        "addr:city": "Midland",
        "addr:housenumber": "2003",
        "addr:postcode": "48640-6807",
        "addr:state": "MI",
        "addr:street": "South Saginaw Road",
        "amenity": "cafe",
        "brand": "Tim Hortons",
        "brand:wikidata": "Q175106",
        "cuisine": "coffee_shop",
        "delivery": "yes",
        "drive_through": "yes",
        "indoor_seating": "yes",
        "internet_access": "wlan",
        "name": "Tim Hortons",
        "opening_hours": "Mo-We 06:00-20:00; Fr-Su 06:00-20:00",
        "operator": "Restaurant Brands International Inc.",
        "phone": "+1 989-832-9955",
        "takeaway": "yes",
        "website": "https://www.timhortons.com/"
      },
      "geometry": {
        "type": "Point",
        "coordinates": [
          -84.212119,
          43.6136761
        ]
      },
      "id": "node/2053169771"
    },
    {
      "type": "Feature",
      "properties": {
        "@id": "node/2061754866",
        "addr:city": "Erie",
        "addr:housename": "Tim Hortons",
        "addr:housenumber": "6980",
        "addr:postcode": "16509",
        "addr:state": "PA",
        "addr:street": "Peach Street",
        "amenity": "cafe",
        "brand": "Tim Hortons",
        "brand:wikidata": "Q175106",
        "cuisine": "coffee_shop",
        "delivery": "yes",
        "drive_through": "yes",
        "indoor_seating": "no",
        "internet_access": "wlan",
        "name": "Tim Hortons",
        "opening_hours": "Mo-We 06:00-20:00; Fr-Su 06:00-20:00",
        "phone": "+1 814-868-8454",
        "takeaway": "yes",
        "website": "https://www.timhortons.com/"
      },
      "geometry": {
        "type": "Point",
        "coordinates": [
          -80.0885894,
          42.0550236
        ]
      },
      "id": "node/2061754866"
    },
    {
      "type": "Feature",
      "properties": {
        "@id": "node/2104910112",
        "addr:city": "Erie",
        "addr:housename": "Tim Hortons",
        "addr:housenumber": "2745",
        "addr:postcode": "16506",
        "addr:state": "PA",
        "addr:street": "West 26th Street",
        "amenity": "cafe",
        "brand": "Tim Hortons",
        "brand:wikidata": "Q175106",
        "cuisine": "coffee_shop",
        "delivery": "yes",
        "drive_through": "yes",
        "indoor_seating": "yes",
        "internet_access": "wlan",
        "name": "Tim Hortons",
        "opening_hours": "Mo-We 06:00-20:00; Fr-Su 06:00-20:00",
        "phone": "+1 814-464-9161",
        "takeaway": "yes",
        "website": "https://www.timhortons.com/"
      },
      "geometry": {
        "type": "Point",
        "coordinates": [
          -80.1349772,
          42.0885833
        ]
      },
      "id": "node/2104910112"
    },
    {
      "type": "Feature",
      "properties": {
        "@id": "node/2104959304",
        "addr:city": "Ashland",
        "addr:housenumber": "2206",
        "addr:postcode": "41101-3522",
        "addr:state": "KY",
        "addr:street": "13th Street",
        "amenity": "cafe",
        "brand": "Tim Hortons",
        "brand:wikidata": "Q175106",
        "cuisine": "coffee_shop",
        "delivery": "yes",
        "drive_through": "yes",
        "indoor_seating": "no",
        "internet_access": "wlan",
        "name": "Tim Hortons",
        "opening_hours": "Mo-We 06:00-19:00; Fr-Sa 06:00-19:00; Su 06:00-16:00",
        "operator": "Restaurant Brands International Inc.",
        "phone": "+1 606-327-8819",
        "takeaway": "yes",
        "website": "https://www.timhortons.com/"
      },
      "geometry": {
        "type": "Point",
        "coordinates": [
          -82.6581934,
          38.4657344
        ]
      },
      "id": "node/2104959304"
    },
    {
      "type": "Feature",
      "properties": {
        "@id": "node/2275228766",
        "addr:city": "Lewis Center",
        "addr:housenumber": "9037",
        "addr:postcode": "43035-9148",
        "addr:state": "OH",
        "addr:street": "Owenfield Drive",
        "amenity": "cafe",
        "brand": "Tim Hortons",
        "brand:wikidata": "Q175106",
        "cuisine": "coffee_shop",
        "delivery": "yes",
        "drive_through": "yes",
        "indoor_seating": "no",
        "internet_access": "wlan",
        "name": "Tim Hortons",
        "opening_hours": "Mo-We 06:00-19:00; Fr-Sa 06:00-19:00; Su 06:00-16:00",
        "phone": "+1 740-549-0503",
        "takeaway": "yes"
      },
      "geometry": {
        "type": "Point",
        "coordinates": [
          -83.0197028,
          40.1594657
        ]
      },
      "id": "node/2275228766"
    },
    {
      "type": "Feature",
      "properties": {
        "@id": "node/2322592299",
        "addr:city": "Irving",
        "addr:housenumber": "675",
        "addr:postcode": "14081-9718",
        "addr:state": "NY",
        "addr:street": "Main Road",
        "amenity": "cafe",
        "brand": "Tim Hortons",
        "brand:wikidata": "Q175106",
        "cuisine": "coffee_shop",
        "delivery": "yes",
        "drive_through": "yes",
        "indoor_seating": "yes",
        "internet_access": "wlan",
        "name": "Tim Hortons",
        "opening_hours": "Mo-We 00:00-24:00; Fr-Su 00:00-24:00",
        "phone": "+1 716-934-2350",
        "takeaway": "yes",
        "website": "https://www.timhortons.com/"
      },
      "geometry": {
        "type": "Point",
        "coordinates": [
          -79.1213619,
          42.5607162
        ]
      },
      "id": "node/2322592299"
    },
    {
      "type": "Feature",
      "properties": {
        "@id": "node/2379647010",
        "addr:city": "Dearborn",
        "addr:housenumber": "3550",
        "addr:postcode": "48120",
        "addr:state": "MI",
        "addr:street": "Greenfield Road",
        "amenity": "cafe",
        "brand": "Tim Hortons",
        "brand:wikidata": "Q175106",
        "cuisine": "coffee_shop",
        "delivery": "yes",
        "drive_through": "yes",
        "indoor_seating": "yes",
        "internet_access": "wlan",
        "name": "Tim Hortons",
        "opening_hours": "Mo-Su 06:00-21:00",
        "phone": "+1 313-240-9394",
        "takeaway": "yes"
      },
      "geometry": {
        "type": "Point",
        "coordinates": [
          -83.1883856,
          42.3086569
        ]
      },
      "id": "node/2379647010"
    },
    {
      "type": "Feature",
      "properties": {
        "@id": "node/2408368714",
        "addr:city": "Lancaster",
        "addr:housenumber": "4220-4222",
        "addr:postcode": "14086-9768",
        "addr:state": "NY",
        "addr:street": "Walden Avenue",
        "amenity": "cafe",
        "brand": "Tim Hortons",
        "brand:wikidata": "Q175106",
        "cuisine": "coffee_shop",
        "delivery": "yes",
        "drive_through": "yes",
        "indoor_seating": "no",
        "internet_access": "wlan",
        "name": "Tim Hortons",
        "opening_hours": "Mo-We 05:00-20:00; Fr-Su 05:00-20:00",
        "payment:coins": "yes",
        "payment:notes": "yes",
        "phone": "+1 716-684-0915",
        "takeaway": "yes",
        "website": "https://www.timhortons.com/"
      },
      "geometry": {
        "type": "Point",
        "coordinates": [
          -78.62184,
          42.9229312
        ]
      },
      "id": "node/2408368714"
    },
    {
      "type": "Feature",
      "properties": {
        "@id": "node/2410304479",
        "addr:city": "Troy",
        "addr:housenumber": "3331",
        "addr:postcode": "48083-5454",
        "addr:state": "MI",
        "addr:street": "Rochester Road",
        "amenity": "cafe",
        "brand": "Tim Hortons",
        "brand:wikidata": "Q175106",
        "cuisine": "coffee_shop",
        "delivery": "yes",
        "drive_through": "yes",
        "indoor_seating": "yes",
        "internet_access": "wlan",
        "name": "Tim Hortons",
        "opening_hours": "Mo-We 04:00-21:00; Fr 04:00-21:00; Sa-Su 04:30-21:00",
        "phone": "+1 248-740-8053",
        "takeaway": "yes",
        "website": "https://locations.timhortons.com/en/mi/troy/3331-rochester-rd/"
      },
      "geometry": {
        "type": "Point",
        "coordinates": [
          -83.1285903,
          42.5678555
        ]
      },
      "id": "node/2410304479"
    },
    {
      "type": "Feature",
      "properties": {
        "@id": "node/2413535058",
        "addr:city": "Findlay",
        "addr:housenumber": "1050",
        "addr:postcode": "45840-1900",
        "addr:state": "OH",
        "addr:street": "Interstate Court",
        "amenity": "cafe",
        "brand": "Tim Hortons",
        "brand:wikidata": "Q175106",
        "cuisine": "coffee_shop",
        "delivery": "no",
        "drive_through": "yes",
        "indoor_seating": "yes",
        "internet_access": "wlan",
        "name": "Tim Hortons",
        "opening_hours": "Su 06:00-21:30; Mo-Th 05:00-21:30; Fr 05:00-22:30; Sa 06:00-10:30",
        "phone": "+1 419-424-5995",
        "takeaway": "yes"
      },
      "geometry": {
        "type": "Point",
        "coordinates": [
          -83.6706594,
          41.0600976
        ]
      },
      "id": "node/2413535058"
    },
    {
      "type": "Feature",
      "properties": {
        "@id": "node/2427057049",
        "addr:city": "Westerville",
        "addr:housenumber": "891",
        "addr:postcode": "43082-8326",
        "addr:state": "OH",
        "addr:street": "North State Street",
        "amenity": "cafe",
        "brand": "Tim Hortons",
        "brand:wikidata": "Q175106",
        "cuisine": "coffee_shop",
        "delivery": "no",
        "drive_through": "yes",
        "indoor_seating": "yes",
        "internet_access": "wlan",
        "name": "Tim Hortons",
        "opening_hours": "Mo-We 06:00-17:00; Fr-Su 06:00-17:00",
        "phone": "+1 614-794-0494",
        "takeaway": "yes"
      },
      "geometry": {
        "type": "Point",
        "coordinates": [
          -82.9230531,
          40.1491151
        ]
      },
      "id": "node/2427057049"
    },
    {
      "type": "Feature",
      "properties": {
        "@id": "node/2923564733",
        "addr:city": "Pataskala",
        "addr:housenumber": "105",
        "addr:postcode": "43062",
        "addr:state": "OH",
        "addr:street": "East Broad Street",
        "amenity": "cafe",
        "brand": "Tim Hortons",
        "brand:wikidata": "Q175106",
        "cuisine": "coffee_shop",
        "delivery": "yes",
        "drive_through": "yes",
        "indoor_seating": "no",
        "internet_access": "wlan",
        "name": "Tim Hortons",
        "opening_hours": "Mo-We 06:00-18:00; Fr-Sa 06:00-18:00; Su 06:00-16:00",
        "operator": "Restaurant Brands International Inc.",
        "phone": "+1 740-927-1403",
        "takeaway": "yes",
        "website": "https://www.timhortons.com/"
      },
      "geometry": {
        "type": "Point",
        "coordinates": [
          -82.6713053,
          40.0033229
        ]
      },
      "id": "node/2923564733"
    },
    {
      "type": "Feature",
      "properties": {
        "@id": "node/2930158975",
        "addr:city": "Plattsburgh",
        "addr:housenumber": "101",
        "addr:postcode": "12901-2637",
        "addr:state": "NY",
        "addr:street": "Broad Street",
        "amenity": "cafe",
        "brand": "Tim Hortons",
        "brand:wikidata": "Q175106",
        "cuisine": "coffee_shop",
        "delivery": "no",
        "drive_through": "no",
        "indoor_seating": "yes",
        "level": "2",
        "name": "Tim Hortons",
        "opening_hours": "Mo-We 10:00-18:00; Fr-Su 10:00-18:00",
        "operator": "Restaurant Brands International Inc.",
        "outdoor_seating": "no",
        "phone": "+1 518-564-5282",
        "takeaway": "yes",
        "website": "https://www.timhortons.com/"
      },
      "geometry": {
        "type": "Point",
        "coordinates": [
          -73.4667363,
          44.6931881
        ]
      },
      "id": "node/2930158975"
    },
    {
      "type": "Feature",
      "properties": {
        "@id": "node/2948751154",
        "amenity": "cafe",
        "brand": "Tim Hortons",
        "brand:wikidata": "Q175106",
        "cuisine": "coffee_shop",
        "fixme:atp": "no ATP match, check if still exists",
        "name": "Tim Hortons",
        "takeaway": "yes"
      },
      "geometry": {
        "type": "Point",
        "coordinates": [
          -83.4996261,
          44.2777585
        ]
      },
      "id": "node/2948751154"
    },
    {
      "type": "Feature",
      "properties": {
        "@id": "node/3146562657",
        "amenity": "cafe",
        "brand": "Tim Hortons",
        "brand:wikidata": "Q175106",
        "cuisine": "coffee_shop",
        "name": "Tim Hortons",
        "takeaway": "yes"
      },
      "geometry": {
        "type": "Point",
        "coordinates": [
          -76.2094906,
          36.848495
        ]
      },
      "id": "node/3146562657"
    },
    {
      "type": "Feature",
      "properties": {
        "@id": "node/3179745213",
        "addr:city": "New York",
        "addr:country": "US",
        "addr:housenumber": "2",
        "addr:postcode": "10121",
        "addr:state": "NY",
        "addr:street": "Penn Plaza",
        "amenity": "cafe",
        "brand": "Tim Hortons",
        "brand:wikidata": "Q175106",
        "cuisine": "coffee_shop",
        "fixme:atp": "no ATP match, check if still exists",
        "layer": "-1",
        "name": "Tim Hortons",
        "operator": "Restaurant Brands International Inc.",
        "phone": "+1 212-630-0320",
        "takeaway": "yes",
        "website": "https://www.timhortons.com/"
      },
      "geometry": {
        "type": "Point",
        "coordinates": [
          -73.9928259,
          40.7504102
        ]
      },
      "id": "node/3179745213"
    },
    {
      "type": "Feature",
      "properties": {
        "@id": "node/3244771923",
        "addr:city": "Farmington Hills",
        "addr:housenumber": "38200",
        "addr:postcode": "48335-2833",
        "addr:state": "MI",
        "addr:street": "West 10 Mile Road",
        "amenity": "cafe",
        "brand": "Tim Hortons",
        "brand:wikidata": "Q175106",
        "cuisine": "coffee_shop",
        "delivery": "yes",
        "drive_through": "yes",
        "indoor_seating": "yes",
        "internet_access": "wlan",
        "name": "Tim Hortons",
        "opening_hours": "Mo-We 06:00-20:00; Fr-Su 06:00-20:00",
        "phone": "+1 248-477-4969",
        "takeaway": "yes"
      },
      "geometry": {
        "type": "Point",
        "coordinates": [
          -83.4237194,
          42.4686543
        ]
      },
      "id": "node/3244771923"
    },
    {
      "type": "Feature",
      "properties": {
        "@id": "node/3245381015",
        "addr:city": "Pickerington",
        "addr:housenumber": "1085",
        "addr:postcode": "43147",
        "addr:state": "OH",
        "addr:street": "Hill Road North",
        "amenity": "cafe",
        "brand": "Tim Hortons",
        "brand:wikidata": "Q175106",
        "contact:facebook": "TimHortons",
        "contact:instagram": "TimHortons",
        "contact:twitter": "TimHortons",
        "cuisine": "coffee_shop",
        "delivery": "yes",
        "drive_through": "yes",
        "email": "customerservice@timhortons.com",
        "indoor_seating": "no",
        "internet_access": "wlan",
        "level": "1",
        "name": "Tim Hortons",
        "opening_hours": "Mo-Su 05:00-19:00",
        "outdoor_seating": "no",
        "phone": "+1-614-660-0082",
        "smoking": "no",
        "takeaway": "yes",
        "website": "https://locations.timhortons.com/en/oh/pickerington/1085-hill-rd-n/",
        "website:menu": "https://www.timhortonsmenu.us/"
      },
      "geometry": {
        "type": "Point",
        "coordinates": [
          -82.7786977,
          39.9086626
        ]
      },
      "id": "node/3245381015"
    },
    {
      "type": "Feature",
      "properties": {
        "@id": "node/3280929744",
        "addr:city": "Bowling Green",
        "addr:housenumber": "1508",
        "addr:postcode": "43402",
        "addr:state": "OH",
        "addr:street": "East Wooster Street",
        "amenity": "cafe",
        "brand": "Tim Hortons",
        "brand:wikidata": "Q175106",
        "cuisine": "coffee_shop",
        "delivery": "yes",
        "drive_through": "yes",
        "indoor_seating": "no",
        "internet_access": "wlan",
        "internet_access:fee": "no",
        "name": "Tim Hortons",
        "opening_hours": "24/7",
        "outdoor_seating": "yes",
        "payment:american_express": "yes",
        "payment:coins": "yes",
        "payment:credit_cards": "yes",
        "payment:debit_cards": "yes",
        "payment:discover_card": "yes",
        "payment:mastercard": "yes",
        "payment:notes": "yes",
        "payment:visa": "yes",
        "phone": "+1 419-373-9859",
        "ref": "8669",
        "smoking": "no",
        "takeaway": "yes"
      },
      "geometry": {
        "type": "Point",
        "coordinates": [
          -83.6284404,
          41.3741867
        ]
      },
      "id": "node/3280929744"
    },
    {
      "type": "Feature",
      "properties": {
        "@id": "node/3398023548",
        "addr:city": "Buffalo",
        "addr:housenumber": "1",
        "addr:postcode": "14203",
        "addr:state": "NY",
        "addr:street": "Scott Street",
        "amenity": "cafe",
        "brand": "Tim Hortons",
        "brand:wikidata": "Q175106",
        "cuisine": "coffee_shop",
        "delivery": "no",
        "drive_through": "yes",
        "indoor_seating": "yes",
        "internet_access": "wlan",
        "name": "Tim Hortons",
        "opening_hours": "Mo-Su 06:00-20:30",
        "outdoor_seating": "no",
        "phone": "+1 716-931-9665",
        "smoking": "no",
        "takeaway": "yes",
        "website": "https://www.timhortons.com/store-locator/store/restaurant_70872"
      },
      "geometry": {
        "type": "Point",
        "coordinates": [
          -78.8769581,
          42.877068
        ]
      },
      "id": "node/3398023548"
    },
    {
      "type": "Feature",
      "properties": {
        "@id": "node/3507025376",
        "addr:city": "Fenton",
        "addr:housenumber": "3238",
        "addr:postcode": "48430",
        "addr:state": "MI",
        "addr:street": "Owen Road",
        "amenity": "cafe",
        "brand": "Tim Hortons",
        "brand:wikidata": "Q175106",
        "cuisine": "coffee_shop",
        "delivery": "yes",
        "drive_through": "yes",
        "indoor_seating": "yes",
        "name": "Tim Hortons",
        "opening_hours": "05:00-21:00",
        "phone": "+1 810-629-3921",
        "takeaway": "yes",
        "website": "https://www.timhortons.com/store-locator/store/910897/3238-owen-rd--fenton--michigan--48430-1846"
      },
      "geometry": {
        "type": "Point",
        "coordinates": [
          -83.7363426,
          42.7903847
        ]
      },
      "id": "node/3507025376"
    },
    {
      "type": "Feature",
      "properties": {
        "@id": "node/3657484428",
        "addr:city": "Columbus",
        "addr:housenumber": "955",
        "addr:postcode": "43229",
        "addr:state": "OH",
        "addr:street": "East Dublin Granville Road",
        "amenity": "cafe",
        "brand": "Tim Hortons",
        "brand:wikidata": "Q175106",
        "cuisine": "coffee_shop",
        "delivery": "yes",
        "drive_through": "yes",
        "indoor_seating": "yes",
        "internet_access": "wlan",
        "name": "Tim Hortons",
        "opening_hours": "Mo-We 06:00-17:00; Fr-Su 06:00-17:00",
        "phone": "+1 614-825-9544",
        "takeaway": "yes"
      },
      "geometry": {
        "type": "Point",
        "coordinates": [
          -82.9932955,
          40.0872693
        ]
      },
      "id": "node/3657484428"
    },
    {
      "type": "Feature",
      "properties": {
        "@id": "node/3660952613",
        "addr:city": "Hilliard",
        "addr:housenumber": "4969",
        "addr:postcode": "43026-8129",
        "addr:state": "OH",
        "addr:street": "Roberts Road",
        "amenity": "cafe",
        "brand": "Tim Hortons",
        "brand:wikidata": "Q175106",
        "cuisine": "coffee_shop",
        "delivery": "yes",
        "drive_through": "yes",
        "indoor_seating": "no",
        "internet_access": "wlan",
        "name": "Tim Hortons",
        "opening_hours": "Mo-We 05:00-17:00; Fr-Sa 05:00-17:00; Su 05:00-17:00",
        "phone": "+1 614-777-9827",
        "takeaway": "yes"
      },
      "geometry": {
        "type": "Point",
        "coordinates": [
          -83.1400109,
          40.0028543
        ]
      },
      "id": "node/3660952613"
    },
    {
      "type": "Feature",
      "properties": {
        "@id": "node/3753298267",
        "addr:city": "Coshocton",
        "addr:housenumber": "131",
        "addr:postcode": "43812-1130",
        "addr:state": "OH",
        "addr:street": "Chestnut Street",
        "amenity": "cafe",
        "brand": "Tim Hortons",
        "brand:wikidata": "Q175106",
        "cuisine": "coffee_shop",
        "delivery": "yes",
        "drive_through": "yes",
        "indoor_seating": "no",
        "internet_access": "wlan",
        "name": "Tim Hortons",
        "opening_hours": "Mo-We 06:00-20:00; Fr-Sa 06:00-20:00; Su 06:00-16:00",
        "phone": "+1 740-295-0529",
        "takeaway": "yes"
      },
      "geometry": {
        "type": "Point",
        "coordinates": [
          -81.8691777,
          40.2747961
        ]
      },
      "id": "node/3753298267"
    },
    {
      "type": "Feature",
      "properties": {
        "@id": "node/3875600958",
        "addr:city": "West Bloomfield",
        "addr:housenumber": "6480",
        "addr:postcode": "48322-2337",
        "addr:state": "MI",
        "addr:street": "Orchard Lake Road",
        "amenity": "cafe",
        "brand": "Tim Hortons",
        "brand:wikidata": "Q175106",
        "cuisine": "coffee_shop",
        "delivery": "yes",
        "drive_through": "yes",
        "indoor_seating": "yes",
        "internet_access": "wlan",
        "name": "Tim Hortons",
        "opening_hours": "Mo-We 07:00-12:00; Fr-Su 07:00-12:00",
        "phone": "+1 248-737-6666",
        "takeaway": "yes"
      },
      "geometry": {
        "type": "Point",
        "coordinates": [
          -83.3613856,
          42.5432772
        ]
      },
      "id": "node/3875600958"
    },
    {
      "type": "Feature",
      "properties": {
        "@id": "node/3911748965",
        "addr:city": "Southfield",
        "addr:housenumber": "19701",
        "addr:postcode": "48076-2584",
        "addr:state": "MI",
        "addr:street": "West 12 Mile Road",
        "amenity": "cafe",
        "brand": "Tim Hortons",
        "brand:wikidata": "Q175106",
        "cuisine": "coffee_shop",
        "delivery": "yes",
        "drive_through": "yes",
        "indoor_seating": "yes",
        "internet_access": "wlan",
        "name": "Tim Hortons",
        "opening_hours": "Mo-We 08:00-19:00; Fr-Su 08:00-19:00",
        "operator": "Restaurant Brands International Inc.",
        "phone": "+1 947-282-2681",
        "takeaway": "yes"
      },
      "geometry": {
        "type": "Point",
        "coordinates": [
          -83.2390994,
          42.5016158
        ]
      },
      "id": "node/3911748965"
    },
    {
      "type": "Feature",
      "properties": {
        "@id": "node/4069784637",
        "addr:city": "Bangor",
        "addr:housenumber": "301",
        "addr:postcode": "04401-6703",
        "addr:state": "ME",
        "addr:street": "Odlin Road",
        "amenity": "cafe",
        "brand": "Tim Hortons",
        "brand:wikidata": "Q175106",
        "cuisine": "coffee_shop",
        "delivery": "yes",
        "drive_through": "yes",
        "indoor_seating": "yes",
        "internet_access": "wlan",
        "name": "Tim Hortons",
        "opening_hours": "Mo-We 05:00-19:00; Fr 05:00-19:00; Sa 06:00-19:00; Su 07:00-15:00",
        "phone": "+1 207-942-0400",
        "takeaway": "yes"
      },
      "geometry": {
        "type": "Point",
        "coordinates": [
          -68.811218,
          44.790656
        ]
      },
      "id": "node/4069784637"
    },
    {
      "type": "Feature",
      "properties": {
        "@id": "node/4070377789",
        "addr:city": "Geneva",
        "addr:housenumber": "451",
        "addr:postcode": "14456-3057",
        "addr:state": "NY",
        "addr:street": "Hamilton Street",
        "amenity": "cafe",
        "brand": "Tim Hortons",
        "brand:wikidata": "Q175106",
        "cuisine": "coffee_shop",
        "delivery": "yes",
        "drive_through": "yes",
        "indoor_seating": "yes",
        "internet_access": "wlan",
        "name": "Tim Hortons",
        "opening_hours": "Mo-We 05:00-17:00; Fr-Sa 05:00-17:00; Su 06:00-17:00",
        "phone": "+1 315-781-9120",
        "takeaway": "yes"
      },
      "geometry": {
        "type": "Point",
        "coordinates": [
          -77.0014695,
          42.8570105
        ]
      },
      "id": "node/4070377789"
    },
    {
      "type": "Feature",
      "properties": {
        "@id": "node/4113383748",
        "addr:city": "Perrysburg",
        "addr:housenumber": "10711",
        "addr:postcode": "43551",
        "addr:state": "OH",
        "addr:street": "Fremont Pike",
        "amenity": "cafe",
        "brand": "Tim Hortons",
        "brand:wikidata": "Q175106",
        "cuisine": "coffee_shop",
        "delivery": "yes",
        "drive_through": "yes",
        "indoor_seating": "no",
        "internet_access": "wlan",
        "internet_access:fee": "no",
        "name": "Tim Hortons",
        "opening_hours": "Mo-We 06:00-15:00; Fr-Su 06:00-15:00",
        "phone": "+1 419-872-2224",
        "ref": "914607",
        "takeaway": "yes",
        "website": "https://www.timhortons.com/"
      },
      "geometry": {
        "type": "Point",
        "coordinates": [
          -83.6005179,
          41.5485104
        ]
      },
      "id": "node/4113383748"
    },
    {
      "type": "Feature",
      "properties": {
        "@id": "node/4232937984",
        "addr:city": "Findlay",
        "addr:housenumber": "1200",
        "addr:postcode": "45840",
        "addr:state": "OH",
        "addr:street": "Tiffin Avenue",
        "amenity": "cafe",
        "brand": "Tim Hortons",
        "brand:wikidata": "Q175106",
        "cuisine": "coffee_shop",
        "delivery": "yes",
        "drive_through": "yes",
        "indoor_seating": "no",
        "internet_access": "wlan",
        "name": "Tim Hortons",
        "opening_hours": "24/7",
        "phone": "+1 419-424-5059",
        "takeaway": "yes"
      },
      "geometry": {
        "type": "Point",
        "coordinates": [
          -83.628503,
          41.0498087
        ]
      },
      "id": "node/4232937984"
    },
    {
      "type": "Feature",
      "properties": {
        "@id": "node/4334631397",
        "addr:city": "Steubenville",
        "addr:housenumber": "4234",
        "addr:postcode": "43952",
        "addr:state": "OH",
        "addr:street": "Sunset Boulevard",
        "amenity": "cafe",
        "brand": "Tim Hortons",
        "brand:wikidata": "Q175106",
        "cuisine": "coffee_shop",
        "delivery": "yes",
        "drive_through": "yes",
        "indoor_seating": "no",
        "internet_access": "wlan",
        "name": "Tim Hortons",
        "opening_hours": "Mo-We 05:00-19:00; Fr-Sa 06:00-18:00; Su 06:00-16:00",
        "phone": "+1 740-266-9877",
        "takeaway": "yes"
      },
      "geometry": {
        "type": "Point",
        "coordinates": [
          -80.6788085,
          40.3748223
        ]
      },
      "id": "node/4334631397"
    },
    {
      "type": "Feature",
      "properties": {
        "@id": "node/4353911200",
        "addr:city": "Columbus",
        "addr:housenumber": "2062",
        "addr:postcode": "43209-2735",
        "addr:state": "OH",
        "addr:street": "East Livingston Avenue",
        "amenity": "cafe",
        "brand": "Tim Hortons",
        "brand:wikidata": "Q175106",
        "cuisine": "coffee_shop",
        "delivery": "yes",
        "drive_through": "yes",
        "indoor_seating": "yes",
        "internet_access": "wlan",
        "name": "Tim Hortons",
        "opening_hours": "Mo-We 07:00-15:00; Fr-Su 07:00-15:00",
        "phone": "+1 614-632-5751",
        "takeaway": "yes"
      },
      "geometry": {
        "type": "Point",
        "coordinates": [
          -82.9419438,
          39.9486105
        ]
      },
      "id": "node/4353911200"
    },
    {
      "type": "Feature",
      "properties": {
        "@id": "node/4533014490",
        "addr:city": "Saginaw",
        "addr:housenumber": "3225",
        "addr:postcode": "48604-9414",
        "addr:state": "MI",
        "addr:street": "Tittabawassee Road",
        "amenity": "cafe",
        "brand": "Tim Hortons",
        "brand:wikidata": "Q175106",
        "cuisine": "coffee_shop",
        "delivery": "yes",
        "drive_through": "yes",
        "indoor_seating": "no",
        "internet_access": "wlan",
        "name": "Tim Hortons",
        "opening_hours": "Mo-We 06:00-20:00; Fr-Su 06:00-20:00",
        "phone": "+1 989-401-7611",
        "takeaway": "yes"
      },
      "geometry": {
        "type": "Point",
        "coordinates": [
          -83.9798666,
          43.4796874
        ]
      },
      "id": "node/4533014490"
    },
    {
      "type": "Feature",
      "properties": {
        "@id": "node/4656202243",
        "amenity": "cafe",
        "brand": "Tim Hortons",
        "brand:wikidata": "Q175106",
        "cuisine": "coffee_shop",
        "fixme:atp": "no ATP match, check if still exists",
        "name": "Tim Hortons",
        "takeaway": "yes"
      },
      "geometry": {
        "type": "Point",
        "coordinates": [
          -86.2194525,
          43.046924
        ]
      },
      "id": "node/4656202243"
    },
    {
      "type": "Feature",
      "properties": {
        "@id": "node/4802532571",
        "addr:city": "Erie",
        "addr:housenumber": "2565",
        "addr:postcode": "16505",
        "addr:state": "PA",
        "addr:street": "West 12th Street",
        "amenity": "cafe",
        "brand": "Tim Hortons",
        "brand:wikidata": "Q175106",
        "cuisine": "coffee_shop",
        "delivery": "yes",
        "drive_through": "yes",
        "indoor_seating": "yes",
        "internet_access": "wlan",
        "name": "Tim Hortons",
        "opening_hours": "Mo-We 06:00-20:00; Fr-Su 06:00-20:00",
        "phone": "+1 814-835-4955",
        "takeaway": "yes"
      },
      "geometry": {
        "type": "Point",
        "coordinates": [
          -80.138003,
          42.1022335
        ]
      },
      "id": "node/4802532571"
    },
    {
      "type": "Feature",
      "properties": {
        "@id": "node/4820212566",
        "amenity": "cafe",
        "brand": "Tim Hortons",
        "brand:wikidata": "Q175106",
        "cuisine": "coffee_shop",
        "fixme:atp": "no ATP match, check if still exists",
        "name": "Tim Hortons",
        "takeaway": "yes"
      },
      "geometry": {
        "type": "Point",
        "coordinates": [
          -83.414977,
          42.3959003
        ]
      },
      "id": "node/4820212566"
    },
    {
      "type": "Feature",
      "properties": {
        "@id": "node/4955287749",
        "addr:city": "Holland",
        "addr:housenumber": "705",
        "addr:postcode": "49423",
        "addr:state": "MI",
        "addr:street": "Chicago Drive",
        "amenity": "cafe",
        "brand": "Tim Hortons",
        "brand:wikidata": "Q175106",
        "cuisine": "coffee_shop",
        "drive_through": "yes",
        "fixme:atp": "no ATP match, check if still exists",
        "name": "Tim Hortons",
        "operator": "Quality Car Wash",
        "takeaway": "yes"
      },
      "geometry": {
        "type": "Point",
        "coordinates": [
          -86.0774623,
          42.794165
        ]
      },
      "id": "node/4955287749"
    },
    {
      "type": "Feature",
      "properties": {
        "@id": "node/5172131497",
        "amenity": "cafe",
        "brand": "Tim Hortons",
        "brand:wikidata": "Q175106",
        "cuisine": "coffee_shop",
        "fixme:atp": "no ATP match, check if still exists",
        "name": "Tim Hortons",
        "takeaway": "yes"
      },
      "geometry": {
        "type": "Point",
        "coordinates": [
          -84.1910851,
          39.8192946
        ]
      },
      "id": "node/5172131497"
    },
    {
      "type": "Feature",
      "properties": {
        "@id": "node/5208926783",
        "addr:city": "Buffalo",
        "addr:housenumber": "4301",
        "addr:postcode": "14225",
        "addr:state": "NY",
        "addr:street": "Genesee Street",
        "air_conditioning": "yes",
        "amenity": "cafe",
        "brand": "Tim Hortons",
        "brand:wikidata": "Q175106",
        "changing_table": "no",
        "cuisine": "coffee_shop",
        "delivery": "yes",
        "drive_through": "yes",
        "indoor_seating": "yes",
        "internet_access": "wlan",
        "name": "Tim Hortons",
        "opening_hours": "Mo-Su 07:00-20:00",
        "outdoor_seating": "no",
        "phone": "+1-716-631-4080",
        "smoking": "no",
        "takeaway": "yes",
        "toilets": "yes",
        "wheelchair": "yes"
      },
      "geometry": {
        "type": "Point",
        "coordinates": [
          -78.7259414,
          42.9322392
        ]
      },
      "id": "node/5208926783"
    },
    {
      "type": "Feature",
      "properties": {
        "@id": "node/5216362370",
        "addr:city": "Columbus",
        "addr:housenumber": "200",
        "addr:postcode": "43215",
        "addr:state": "OH",
        "addr:street": "West Nationwide Boulevard",
        "amenity": "cafe",
        "brand": "Tim Hortons",
        "brand:wikidata": "Q175106",
        "cuisine": "coffee_shop",
        "delivery": "yes",
        "drive_through": "no",
        "indoor_seating": "yes",
        "internet_access": "wlan",
        "name": "Tim Hortons",
        "opening_hours": "Mo-Fr 07:00-14:00",
        "operator": "Restaurant Brands International",
        "outdoor_seating": "yes",
        "phone": "+1 614-246-3663",
        "takeaway": "yes",
        "website": "https://www.timhortons.com/store-locator/store/restaurant_70681"
      },
      "geometry": {
        "type": "Point",
        "coordinates": [
          -83.0072947,
          39.9687727
        ]
      },
      "id": "node/5216362370"
    },
    {
      "type": "Feature",
      "properties": {
        "@id": "node/5221908824",
        "addr:city": "Rochester",
        "addr:housenumber": "1286",
        "addr:postcode": "14620",
        "addr:state": "NY",
        "addr:street": "Mount Hope Avenue",
        "amenity": "cafe",
        "brand": "Tim Hortons",
        "brand:wikidata": "Q175106",
        "cuisine": "coffee_shop",
        "delivery": "yes",
        "drive_through": "yes",
        "indoor_seating": "yes",
        "internet_access": "wlan",
        "name": "Tim Hortons",
        "nysgissam:nysaddresspointid": "MONR258651",
        "opening_hours": "Mo-We 06:00-14:00; Fr-Sa 06:00-14:00; Su 07:00-14:00",
        "phone": "+1 585-271-1260",
        "takeaway": "yes"
      },
      "geometry": {
        "type": "Point",
        "coordinates": [
          -77.6168693,
          43.1250492
        ]
      },
      "id": "node/5221908824"
    },
    {
      "type": "Feature",
      "properties": {
        "@id": "node/5274081398",
        "addr:housenumber": "1185",
        "addr:street": "East Main Street",
        "amenity": "cafe",
        "brand": "Tim Hortons",
        "brand:wikidata": "Q175106",
        "cuisine": "coffee_shop",
        "fixme:atp": "no ATP match, check if still exists",
        "name": "Tim Hortons",
        "takeaway": "yes"
      },
      "geometry": {
        "type": "Point",
        "coordinates": [
          -82.2930469,
          40.8641931
        ]
      },
      "id": "node/5274081398"
    },
    {
      "type": "Feature",
      "properties": {
        "@id": "node/5311493708",
        "amenity": "cafe",
        "brand": "Tim Hortons",
        "brand:wikidata": "Q175106",
        "cuisine": "coffee_shop",
        "fixme:atp": "no ATP match, check if still exists",
        "name": "Tim Hortons",
        "takeaway": "yes"
      },
      "geometry": {
        "type": "Point",
        "coordinates": [
          -83.0747778,
          42.3678378
        ]
      },
      "id": "node/5311493708"
    },
    {
      "type": "Feature",
      "properties": {
        "@id": "node/5459648994",
        "addr:city": "Woodhaven",
        "addr:housenumber": "22051",
        "addr:postcode": "48183-3270",
        "addr:state": "MI",
        "addr:street": "West Road",
        "amenity": "cafe",
        "brand": "Tim Hortons",
        "brand:wikidata": "Q175106",
        "cuisine": "coffee_shop",
        "delivery": "yes",
        "drive_through": "yes",
        "indoor_seating": "yes",
        "name": "Tim Hortons",
        "opening_hours": "Mo-We 05:00-19:00; Fr-Su 05:00-19:00",
        "phone": "+1 734-692-5104",
        "takeaway": "yes"
      },
      "geometry": {
        "type": "Point",
        "coordinates": [
          -83.2467832,
          42.1379142
        ]
      },
      "id": "node/5459648994"
    },
    {
      "type": "Feature",
      "properties": {
        "@id": "node/5606080891",
        "addr:city": "Morgantown",
        "addr:housenumber": "1298",
        "addr:postcode": "26505-1828",
        "addr:state": "WV",
        "addr:street": "Suncrest Town Centre Drive",
        "amenity": "cafe",
        "brand": "Tim Hortons",
        "brand:wikidata": "Q175106",
        "cuisine": "coffee_shop",
        "delivery": "yes",
        "drive_through": "yes",
        "indoor_seating": "yes",
        "internet_access": "wlan",
        "name": "Tim Hortons",
        "opening_hours": "Mo-We 05:00-20:00; Fr-Su 05:00-20:00",
        "phone": "+1 304-381-2814",
        "takeaway": "yes"
      },
      "geometry": {
        "type": "Point",
        "coordinates": [
          -79.9407986,
          39.6537397
        ]
      },
      "id": "node/5606080891"
    },
    {
      "type": "Feature",
      "properties": {
        "@id": "node/5665663271",
        "amenity": "cafe",
        "brand": "Tim Hortons",
        "brand:wikidata": "Q175106",
        "cuisine": "coffee_shop",
        "fixme:atp": "no ATP match, check if still exists",
        "name": "Tim Hortons",
        "outdoor_seating": "yes",
        "takeaway": "yes"
      },
      "geometry": {
        "type": "Point",
        "coordinates": [
          -78.3854255,
          42.9271028
        ]
      },
      "id": "node/5665663271"
    },
    {
      "type": "Feature",
      "properties": {
        "@id": "node/5680477893",
        "addr:city": "Morgantown",
        "addr:housenumber": "2000",
        "addr:postcode": "26501-1500",
        "addr:state": "WV",
        "addr:street": "Memorial Church Drive",
        "amenity": "cafe",
        "brand": "Tim Hortons",
        "brand:wikidata": "Q175106",
        "cuisine": "coffee_shop",
        "delivery": "yes",
        "drive_through": "yes",
        "indoor_seating": "yes",
        "internet_access": "wlan",
        "name": "Tim Hortons",
        "opening_hours": "Mo-We 05:00-20:00; Fr-Su 05:00-20:00",
        "phone": "+1 304-241-4091",
        "takeaway": "yes"
      },
      "geometry": {
        "type": "Point",
        "coordinates": [
          -80.0139737,
          39.6541312
        ]
      },
      "id": "node/5680477893"
    },
    {
      "type": "Feature",
      "properties": {
        "@id": "node/5689205472",
        "addr:city": "Medina",
        "addr:housenumber": "11305",
        "addr:postcode": "14103",
        "addr:state": "NY",
        "addr:street": "Maple Ridge Road",
        "amenity": "cafe",
        "brand": "Tim Hortons",
        "brand:wikidata": "Q175106",
        "cuisine": "coffee_shop",
        "delivery": "yes",
        "drive_through": "yes",
        "indoor_seating": "yes",
        "internet_access": "wlan",
        "name": "Tim Hortons",
        "opening_hours": "Mo-We 05:00-22:00; Fr-Su 05:00-22:00",
        "phone": "+1 585-798-8658",
        "takeaway": "yes"
      },
      "geometry": {
        "type": "Point",
        "coordinates": [
          -78.3925776,
          43.2074363
        ]
      },
      "id": "node/5689205472"
    },
    {
      "type": "Feature",
      "properties": {
        "@id": "node/5706725197",
        "amenity": "cafe",
        "brand": "Tim Hortons",
        "brand:wikidata": "Q175106",
        "cuisine": "coffee_shop",
        "fixme:atp": "no ATP match, check if still exists",
        "name": "Tim Hortons",
        "takeaway": "yes"
      },
      "geometry": {
        "type": "Point",
        "coordinates": [
          -96.8632267,
          46.8502437
        ]
      },
      "id": "node/5706725197"
    },
    {
      "type": "Feature",
      "properties": {
        "@id": "node/5715217269",
        "addr:city": "Angola",
        "addr:housenumber": "8645",
        "addr:postcode": "14006-9716",
        "addr:state": "NY",
        "addr:street": "Erie Road",
        "amenity": "cafe",
        "brand": "Tim Hortons",
        "brand:wikidata": "Q175106",
        "cuisine": "coffee_shop",
        "delivery": "yes",
        "drive_through": "yes",
        "indoor_seating": "yes",
        "internet_access": "wlan",
        "name": "Tim Hortons",
        "opening_hours": "Mo-We 05:00-21:00; Fr-Su 05:00-21:00",
        "phone": "+1 716-549-5060",
        "takeaway": "yes"
      },
      "geometry": {
        "type": "Point",
        "coordinates": [
          -79.0405278,
          42.649819
        ]
      },
      "id": "node/5715217269"
    },
    {
      "type": "Feature",
      "properties": {
        "@id": "node/5717888118",
        "addr:city": "Lowell",
        "addr:housenumber": "432",
        "addr:postcode": "49331-9415",
        "addr:state": "MI",
        "addr:street": "Lincoln Lake Avenue Southeast",
        "amenity": "cafe",
        "brand": "Tim Hortons",
        "brand:wikidata": "Q175106",
        "cuisine": "coffee_shop",
        "delivery": "yes",
        "drive_through": "yes",
        "indoor_seating": "yes",
        "internet_access": "wlan",
        "name": "Tim Hortons",
        "opening_hours": "Mo-We 06:00-15:00; Fr 06:00-15:00; Sa-Su 08:00-15:00",
        "phone": "+1 616-897-2740",
        "takeaway": "yes"
      },
      "geometry": {
        "type": "Point",
        "coordinates": [
          -85.3540473,
          42.9580306
        ]
      },
      "id": "node/5717888118"
    },
    {
      "type": "Feature",
      "properties": {
        "@id": "node/5790846621",
        "addr:city": "Plain City",
        "addr:housenumber": "7290",
        "addr:postcode": "43064",
        "addr:state": "OH",
        "addr:street": "East State Route 161",
        "amenity": "cafe",
        "brand": "Tim Hortons",
        "brand:wikidata": "Q175106",
        "cuisine": "coffee_shop",
        "delivery": "yes",
        "drive_through": "yes",
        "indoor_seating": "no",
        "internet_access": "wlan",
        "name": "Tim Hortons",
        "opening_hours": "Mo-We 05:00-19:00; Fr-Sa 05:00-19:00; Su 05:00-17:00",
        "phone": "+1 614-504-6760",
        "takeaway": "yes"
      },
      "geometry": {
        "type": "Point",
        "coordinates": [
          -83.1891138,
          40.1087537
        ]
      },
      "id": "node/5790846621"
    },
    {
      "type": "Feature",
      "properties": {
        "@id": "node/5851415242",
        "addr:city": "Allentown",
        "addr:housenumber": "701",
        "addr:postcode": "18101-2407",
        "addr:state": "PA",
        "addr:street": "Hamilton Street",
        "amenity": "cafe",
        "brand": "Tim Hortons",
        "brand:wikidata": "Q175106",
        "cuisine": "coffee_shop",
        "delivery": "yes",
        "drive_through": "no",
        "indoor_seating": "yes",
        "name": "Tim Hortons",
        "opening_hours": "Mo-Fr 07:30-14:00",
        "phone": "+1 484-273-4508",
        "takeaway": "yes"
      },
      "geometry": {
        "type": "Point",
        "coordinates": [
          -75.4724299,
          40.6021353
        ]
      },
      "id": "node/5851415242"
    },
    {
      "type": "Feature",
      "properties": {
        "@id": "node/6018031317",
        "amenity": "cafe",
        "brand": "Tim Hortons",
        "brand:wikidata": "Q175106",
        "cuisine": "coffee_shop",
        "fixme:atp": "no ATP match, check if still exists",
        "name": "Tim Hortons",
        "takeaway": "yes"
      },
      "geometry": {
        "type": "Point",
        "coordinates": [
          -82.9891433,
          39.9574676
        ]
      },
      "id": "node/6018031317"
    },
    {
      "type": "Feature",
      "properties": {
        "@id": "node/6023190788",
        "addr:city": "New Hudson",
        "addr:housenumber": "30465",
        "addr:postcode": "48165",
        "addr:state": "MI",
        "addr:street": "Milford Road",
        "amenity": "cafe",
        "brand": "Tim Hortons",
        "brand:wikidata": "Q175106",
        "cuisine": "coffee_shop",
        "delivery": "yes",
        "drive_through": "yes",
        "indoor_seating": "yes",
        "internet_access": "wlan",
        "name": "Tim Hortons",
        "opening_hours": "Mo-We 05:00-19:00; Fr 05:00-19:00; Sa 06:00-19:00; Su 07:00-17:00",
        "phone": "+1 248-264-6551",
        "takeaway": "yes"
      },
      "geometry": {
        "type": "Point",
        "coordinates": [
          -83.6169217,
          42.513857
        ]
      },
      "id": "node/6023190788"
    },
    {
      "type": "Feature",
      "properties": {
        "@id": "node/6028561719",
        "addr:city": "Amherst",
        "addr:postcode": "14260",
        "addr:state": "NY",
        "amenity": "cafe",
        "brand": "Tim Hortons",
        "brand:wikidata": "Q175106",
        "cuisine": "coffee_shop",
        "delivery": "no",
        "drive_through": "no",
        "indoor_seating": "yes",
        "name": "Tim Hortons",
        "opening_hours": "Mo-We 07:00-20:00; Fr 07:00-17:00",
        "operator": "Tim Hortons",
        "phone": "+1 716-306-3670",
        "takeaway": "yes"
      },
      "geometry": {
        "type": "Point",
        "coordinates": [
          -78.7868677,
          42.9997639
        ]
      },
      "id": "node/6028561719"
    },
    {
      "type": "Feature",
      "properties": {
        "@id": "node/6097111680",
        "addr:city": "Tonawanda",
        "addr:housenumber": "1308",
        "addr:postcode": "14150-8917",
        "addr:state": "NY",
        "addr:street": "Niagara Falls Boulevard",
        "amenity": "cafe",
        "brand": "Tim Hortons",
        "brand:wikidata": "Q175106",
        "cuisine": "coffee_shop",
        "delivery": "yes",
        "drive_through": "yes",
        "indoor_seating": "yes",
        "internet_access": "wlan",
        "name": "Tim Hortons",
        "opening_hours": "Mo-We 06:00-20:00; Fr-Su 06:00-20:00",
        "phone": "+1 716-833-8400",
        "takeaway": "yes"
      },
      "geometry": {
        "type": "Point",
        "coordinates": [
          -78.8230496,
          42.9895377
        ]
      },
      "id": "node/6097111680"
    },
    {
      "type": "Feature",
      "properties": {
        "@id": "node/6166259243",
        "addr:city": "Amherst",
        "addr:housenumber": "1810",
        "addr:postcode": "14221-2712",
        "addr:state": "NY",
        "addr:street": "Maple Road",
        "amenity": "cafe",
        "brand": "Tim Hortons",
        "brand:wikidata": "Q175106",
        "cuisine": "coffee_shop",
        "delivery": "yes",
        "drive_through": "yes",
        "indoor_seating": "yes",
        "name": "Tim Hortons",
        "opening_hours": "Mo-We 06:00-20:00; Fr-Su 06:00-20:00",
        "phone": "+1 716-688-8452",
        "takeaway": "yes"
      },
      "geometry": {
        "type": "Point",
        "coordinates": [
          -78.7193207,
          42.9914973
        ]
      },
      "id": "node/6166259243"
    },
    {
      "type": "Feature",
      "properties": {
        "@id": "node/6166259245",
        "addr:city": "Buffalo",
        "addr:housenumber": "6125",
        "addr:postcode": "14221",
        "addr:state": "NY",
        "addr:street": "Main Street",
        "amenity": "cafe",
        "brand": "Tim Hortons",
        "brand:wikidata": "Q175106",
        "cuisine": "coffee_shop",
        "delivery": "yes",
        "drive_through": "yes",
        "indoor_seating": "yes",
        "internet_access": "wlan",
        "name": "Tim Hortons",
        "opening_hours": "Mo-We 06:00-20:00; Fr 06:00-20:00; Sa-Su 07:00-20:00",
        "phone": "+1 716-634-2200",
        "takeaway": "yes"
      },
      "geometry": {
        "type": "Point",
        "coordinates": [
          -78.7250196,
          42.9654704
        ]
      },
      "id": "node/6166259245"
    },
    {
      "type": "Feature",
      "properties": {
        "@id": "node/6363835632",
        "addr:city": "Monroe",
        "addr:housenumber": "1255",
        "addr:postcode": "45050-1705",
        "addr:state": "OH",
        "addr:street": "Hamilton Lebanon Road East",
        "amenity": "cafe",
        "brand": "Tim Hortons",
        "brand:wikidata": "Q175106",
        "cuisine": "coffee_shop",
        "delivery": "yes",
        "drive_through": "yes",
        "indoor_seating": "yes",
        "internet_access": "wlan",
        "name": "Tim Hortons",
        "opening_hours": "Mo-We 05:00-19:00; Fr-Sa 05:00-19:00; Su 05:00-17:00",
        "phone": "+1 513-402-7205",
        "takeaway": "yes"
      },
      "geometry": {
        "type": "Point",
        "coordinates": [
          -84.3327064,
          39.4391196
        ]
      },
      "id": "node/6363835632"
    },
    {
      "type": "Feature",
      "properties": {
        "@id": "node/6401649942",
        "addr:city": "Syracuse",
        "addr:housenumber": "3720",
        "addr:postcode": "13212-3830",
        "addr:state": "NY",
        "addr:street": "Brewerton Road",
        "amenity": "cafe",
        "brand": "Tim Hortons",
        "brand:wikidata": "Q175106",
        "cuisine": "coffee_shop",
        "delivery": "no",
        "drive_through": "no",
        "indoor_seating": "yes",
        "internet_access": "wlan",
        "name": "Tim Hortons",
        "opening_hours": "Mo-We 06:00-15:00; Fr-Sa 06:00-15:00; Su 07:00-15:00",
        "phone": "+1 315-455-5125",
        "takeaway": "yes"
      },
      "geometry": {
        "type": "Point",
        "coordinates": [
          -76.1439817,
          43.1174176
        ]
      },
      "id": "node/6401649942"
    },
    {
      "type": "Feature",
      "properties": {
        "@id": "node/6573815285",
        "addr:city": "Pontiac",
        "addr:housenumber": "1600",
        "addr:postcode": "48326-2655",
        "addr:state": "MI",
        "addr:street": "South Opdyke Road",
        "amenity": "cafe",
        "brand": "Tim Hortons",
        "brand:wikidata": "Q175106",
        "cuisine": "coffee_shop",
        "delivery": "yes",
        "drive_through": "yes",
        "indoor_seating": "yes",
        "internet_access": "wlan",
        "name": "Tim Hortons",
        "opening_hours": "Mo-We 06:00-20:00; Fr 06:00-20:00; Sa-Su 06:00-12:00",
        "phone": "+1 248-332-1730",
        "takeaway": "yes"
      },
      "geometry": {
        "type": "Point",
        "coordinates": [
          -83.2493294,
          42.6188697
        ]
      },
      "id": "node/6573815285"
    },
    {
      "type": "Feature",
      "properties": {
        "@id": "node/6688278008",
        "addr:city": "Buffalo",
        "addr:housenumber": "4200",
        "addr:postcode": "14225",
        "addr:state": "NY",
        "addr:street": "Genesee Street",
        "airside": "yes",
        "amenity": "cafe",
        "brand": "Tim Hortons",
        "brand:wikidata": "Q175106",
        "check_date": "2026-06-26",
        "check_date:opening_hours": "2026-06-26",
        "cuisine": "coffee_shop",
        "delivery": "no",
        "drive_through": "no",
        "indoor_seating": "yes",
        "name": "Tim Hortons",
        "opening_hours": "Mo-Su 04:00-20:00",
        "outdoor_seating": "no",
        "phone": "+1 716-858-5478",
        "takeaway": "yes"
      },
      "geometry": {
        "type": "Point",
        "coordinates": [
          -78.7315629,
          42.9345178
        ]
      },
      "id": "node/6688278008"
    },
    {
      "type": "Feature",
      "properties": {
        "@id": "node/6710882230",
        "addr:city": "Dublin",
        "addr:housenumber": "7493",
        "addr:postcode": "43016-9616",
        "addr:state": "OH",
        "addr:street": "Sawmill Road",
        "amenity": "cafe",
        "brand": "Tim Hortons",
        "brand:wikidata": "Q175106",
        "cuisine": "coffee_shop",
        "delivery": "yes",
        "drive_through": "yes",
        "indoor_seating": "no",
        "internet_access": "wlan",
        "name": "Tim Hortons",
        "opening_hours": "Mo-We 06:00-18:00; Fr-Sa 06:00-18:00; Su 06:00-16:00",
        "phone": "+1 614-356-1530",
        "takeaway": "yes"
      },
      "geometry": {
        "type": "Point",
        "coordinates": [
          -83.0910487,
          40.1195266
        ]
      },
      "id": "node/6710882230"
    },
    {
      "type": "Feature",
      "properties": {
        "@id": "node/6894162189",
        "addr:city": "Jamaica",
        "addr:housenumber": "93-40",
        "addr:postcode": "11435",
        "addr:state": "NY",
        "addr:street": "Sutphin Boulevard",
        "amenity": "cafe",
        "brand": "Tim Hortons",
        "brand:wikidata": "Q175106",
        "cuisine": "coffee_shop",
        "delivery": "yes",
        "drive_through": "no",
        "indoor_seating": "yes",
        "name": "Tim Hortons",
        "opening_hours": "24/7",
        "outdoor_seating": "no",
        "phone": "+1 718-725-0002",
        "takeaway": "yes",
        "website": "https://locations.timhortons.com/en/ny/jamaica/93-40-sutphin-blvd-ground-floor-jamaica-train-station/"
      },
      "geometry": {
        "type": "Point",
        "coordinates": [
          -73.8073413,
          40.699063
        ]
      },
      "id": "node/6894162189"
    },
    {
      "type": "Feature",
      "properties": {
        "@id": "node/6919112241",
        "amenity": "cafe",
        "brand": "Tim Hortons",
        "brand:wikidata": "Q175106",
        "cuisine": "coffee_shop",
        "fixme:atp": "no ATP match, check if still exists",
        "name": "Tim Hortons",
        "takeaway": "yes"
      },
      "geometry": {
        "type": "Point",
        "coordinates": [
          -80.1947654,
          40.2117938
        ]
      },
      "id": "node/6919112241"
    },
    {
      "type": "Feature",
      "properties": {
        "@id": "node/6965102720",
        "addr:city": "Columbus",
        "addr:housenumber": "696",
        "addr:postcode": "43224-3929",
        "addr:state": "OH",
        "addr:street": "East North Broadway",
        "amenity": "cafe",
        "brand": "Tim Hortons",
        "brand:wikidata": "Q175106",
        "cuisine": "coffee_shop",
        "delivery": "yes",
        "drive_through": "yes",
        "indoor_seating": "no",
        "internet_access": "wlan",
        "name": "Tim Hortons",
        "opening_hours": "Mo-We 06:00-16:00; Fr-Su 06:00-16:00",
        "phone": "+1 614-867-5152",
        "takeaway": "yes"
      },
      "geometry": {
        "type": "Point",
        "coordinates": [
          -82.9961283,
          40.0314425
        ]
      },
      "id": "node/6965102720"
    },
    {
      "type": "Feature",
      "properties": {
        "@id": "node/6978626454",
        "addr:city": "Canal Winchester",
        "addr:housenumber": "6238",
        "addr:postcode": "43110-2050",
        "addr:state": "OH",
        "addr:street": "Prentiss School Place",
        "amenity": "cafe",
        "brand": "Tim Hortons",
        "brand:wikidata": "Q175106",
        "cuisine": "coffee_shop",
        "delivery": "yes",
        "drive_through": "yes",
        "indoor_seating": "no",
        "internet_access": "wlan",
        "name": "Tim Hortons",
        "opening_hours": "Mo-We 06:00-19:00; Fr-Sa 06:00-19:00; Su 06:00-16:00",
        "phone": "+1 614-829-5125",
        "takeaway": "yes"
      },
      "geometry": {
        "type": "Point",
        "coordinates": [
          -82.8290171,
          39.8534949
        ]
      },
      "id": "node/6978626454"
    },
    {
      "type": "Feature",
      "properties": {
        "@id": "node/7045271289",
        "addr:city": "Port Huron",
        "addr:housenumber": "3829",
        "addr:postcode": "48060",
        "addr:state": "MI",
        "addr:street": "Pine Grove Avenue",
        "amenity": "cafe",
        "brand": "Tim Hortons",
        "brand:wikidata": "Q175106",
        "cuisine": "coffee_shop",
        "delivery": "yes",
        "drive_through": "yes",
        "indoor_seating": "yes",
        "internet_access": "wlan",
        "name": "Tim Hortons",
        "opening_hours": "Mo-We 07:00-18:00; Fr-Su 07:00-18:00",
        "phone": "+1 810-982-4047",
        "takeaway": "yes"
      },
      "geometry": {
        "type": "Point",
        "coordinates": [
          -82.4549108,
          43.0197352
        ]
      },
      "id": "node/7045271289"
    },
    {
      "type": "Feature",
      "properties": {
        "@id": "node/7057469821",
        "addr:city": "Flint",
        "addr:housenumber": "3356",
        "addr:postcode": "48507",
        "addr:state": "MI",
        "addr:street": "Miller Road",
        "amenity": "cafe",
        "brand": "Tim Hortons",
        "brand:wikidata": "Q175106",
        "cuisine": "coffee_shop",
        "delivery": "yes",
        "drive_through": "yes",
        "indoor_seating": "yes",
        "name": "Tim Hortons",
        "opening_hours": "Mo-We 07:00-18:00; Fr-Su 07:00-18:00",
        "phone": "+1 810-732-3714",
        "takeaway": "yes"
      },
      "geometry": {
        "type": "Point",
        "coordinates": [
          -83.7451365,
          42.9872886
        ]
      },
      "id": "node/7057469821"
    },
    {
      "type": "Feature",
      "properties": {
        "@id": "node/7178306306",
        "amenity": "cafe",
        "brand": "Tim Hortons",
        "brand:wikidata": "Q175106",
        "cuisine": "coffee_shop",
        "fixme:atp": "no ATP match, check if still exists",
        "name": "Tim Hortons",
        "takeaway": "yes"
      },
      "geometry": {
        "type": "Point",
        "coordinates": [
          -83.6925505,
          42.9437381
        ]
      },
      "id": "node/7178306306"
    },
    {
      "type": "Feature",
      "properties": {
        "@id": "node/7199064397",
        "addr:city": "Bay City",
        "addr:housenumber": "3460",
        "addr:postcode": "48706",
        "addr:state": "MI",
        "addr:street": "Wilder Road",
        "amenity": "cafe",
        "brand": "Tim Hortons",
        "brand:wikidata": "Q175106",
        "cuisine": "coffee_shop",
        "delivery": "yes",
        "drive_through": "yes",
        "indoor_seating": "yes",
        "internet_access": "wlan",
        "name": "Tim Hortons",
        "opening_hours": "Mo-We 06:00-21:00; Fr-Su 06:00-21:00",
        "phone": "+1 989-686-7219",
        "takeaway": "yes"
      },
      "geometry": {
        "type": "Point",
        "coordinates": [
          -83.9149347,
          43.6233208
        ]
      },
      "id": "node/7199064397"
    },
    {
      "type": "Feature",
      "properties": {
        "@id": "node/7443108325",
        "addr:city": "Tonawanda",
        "addr:housenumber": "618",
        "addr:postcode": "14150",
        "addr:state": "NY",
        "addr:street": "Delaware Street",
        "amenity": "cafe",
        "brand": "Tim Hortons",
        "brand:wikidata": "Q175106",
        "cuisine": "coffee_shop",
        "delivery": "yes",
        "drive_through": "yes",
        "indoor_seating": "yes",
        "internet_access": "yes",
        "internet_access:fee": "no",
        "name": "Tim Hortons",
        "opening_hours": "Mo-We 05:00-22:00; Fr-Su 05:00-22:00",
        "outdoor_seating": "yes",
        "phone": "+1 716-260-1108",
        "takeaway": "yes"
      },
      "geometry": {
        "type": "Point",
        "coordinates": [
          -78.8755447,
          43.0024208
        ]
      },
      "id": "node/7443108325"
    },
    {
      "type": "Feature",
      "properties": {
        "@id": "node/7507473929",
        "addr:city": "White Lake",
        "addr:housenumber": "8198",
        "addr:postcode": "48386",
        "addr:state": "MI",
        "addr:street": "Cooley Lake Road",
        "amenity": "cafe",
        "brand": "Tim Hortons",
        "brand:wikidata": "Q175106",
        "cuisine": "coffee_shop",
        "delivery": "yes",
        "drive_through": "yes",
        "indoor_seating": "yes",
        "internet_access": "wlan",
        "name": "Tim Hortons",
        "opening_hours": "Mo-We 05:00-19:00; Fr-Sa 05:00-19:00; Su 05:00-16:00",
        "phone": "+1 248-366-4651",
        "takeaway": "yes"
      },
      "geometry": {
        "type": "Point",
        "coordinates": [
          -83.4457021,
          42.614813
        ]
      },
      "id": "node/7507473929"
    },
    {
      "type": "Feature",
      "properties": {
        "@id": "node/7573091029",
        "addr:city": "Erie",
        "addr:housenumber": "815",
        "addr:postcode": "16504",
        "addr:state": "PA",
        "addr:street": "East 38th Street",
        "amenity": "cafe",
        "brand": "Tim Hortons",
        "brand:wikidata": "Q175106",
        "cuisine": "coffee_shop",
        "delivery": "yes",
        "drive_through": "yes",
        "indoor_seating": "yes",
        "name": "Tim Hortons",
        "opening_hours": "Mo-We 05:00-22:00; Fr 05:00-22:00; Sa-Su 07:00-22:00",
        "phone": "+1 814-825-2153",
        "takeaway": "yes"
      },
      "geometry": {
        "type": "Point",
        "coordinates": [
          -80.0483713,
          42.108693
        ]
      },
      "id": "node/7573091029"
    },
    {
      "type": "Feature",
      "properties": {
        "@id": "node/7573305923",
        "addr:city": "Erie",
        "addr:housenumber": "4231",
        "addr:postcode": "16509",
        "addr:state": "PA",
        "addr:street": "Peach Street",
        "amenity": "cafe",
        "brand": "Tim Hortons",
        "brand:wikidata": "Q175106",
        "cuisine": "coffee_shop",
        "delivery": "yes",
        "drive_through": "yes",
        "indoor_seating": "yes",
        "name": "Tim Hortons",
        "opening_hours": "Mo-We 06:00-19:00; Fr-Su 06:00-19:00",
        "phone": "+1 814-866-6125",
        "takeaway": "yes"
      },
      "geometry": {
        "type": "Point",
        "coordinates": [
          -80.0848143,
          42.0903046
        ]
      },
      "id": "node/7573305923"
    },
    {
      "type": "Feature",
      "properties": {
        "@id": "node/7581004936",
        "addr:city": "Erie",
        "addr:housenumber": "209",
        "addr:postcode": "16503",
        "addr:state": "PA",
        "addr:street": "East 12th Street",
        "amenity": "cafe",
        "brand": "Tim Hortons",
        "brand:wikidata": "Q175106",
        "cuisine": "coffee_shop",
        "delivery": "yes",
        "drive_through": "yes",
        "indoor_seating": "no",
        "internet_access": "wlan",
        "name": "Tim Hortons",
        "opening_hours": "Mo-We 06:00-21:00; Fr-Su 06:00-21:00",
        "phone": "+1 814-874-3000",
        "takeaway": "yes"
      },
      "geometry": {
        "type": "Point",
        "coordinates": [
          -80.0767736,
          42.1247504
        ]
      },
      "id": "node/7581004936"
    },
    {
      "type": "Feature",
      "properties": {
        "@id": "node/7618911589",
        "addr:city": "Edinboro",
        "addr:housenumber": "201",
        "addr:postcode": "16412",
        "addr:state": "PA",
        "addr:street": "West Plum Street",
        "amenity": "cafe",
        "brand": "Tim Hortons",
        "brand:wikidata": "Q175106",
        "cuisine": "coffee_shop",
        "delivery": "yes",
        "drive_through": "yes",
        "indoor_seating": "yes",
        "internet_access": "wlan",
        "name": "Tim Hortons",
        "opening_hours": "Mo-We 06:00-19:00; Fr-Su 06:00-19:00",
        "phone": "+1 814-734-0636",
        "takeaway": "yes"
      },
      "geometry": {
        "type": "Point",
        "coordinates": [
          -80.1333003,
          41.8756918
        ]
      },
      "id": "node/7618911589"
    },
    {
      "type": "Feature",
      "properties": {
        "@id": "node/7626388584",
        "addr:city": "Erie",
        "addr:housenumber": "8030",
        "addr:postcode": "16509",
        "addr:state": "PA",
        "addr:street": "Perry Highway",
        "amenity": "cafe",
        "brand": "Tim Hortons",
        "brand:wikidata": "Q175106",
        "cuisine": "coffee_shop",
        "delivery": "yes",
        "drive_through": "yes",
        "indoor_seating": "yes",
        "internet_access": "wlan",
        "name": "Tim Hortons",
        "opening_hours": "Mo-We 00:00-24:00; Fr-Su 00:00-24:00",
        "phone": "+1 814-866-5320",
        "takeaway": "yes"
      },
      "geometry": {
        "type": "Point",
        "coordinates": [
          -80.0399677,
          42.0686647
        ]
      },
      "id": "node/7626388584"
    },
    {
      "type": "Feature",
      "properties": {
        "@id": "node/7745717754",
        "addr:city": "Cadillac",
        "addr:housenumber": "2560",
        "addr:postcode": "48601",
        "addr:state": "MI",
        "addr:street": "East M 55",
        "addr:unit": "M-55",
        "amenity": "cafe",
        "brand": "Tim Hortons",
        "brand:wikidata": "Q175106",
        "cuisine": "coffee_shop",
        "delivery": "yes",
        "drive_through": "yes",
        "indoor_seating": "yes",
        "name": "Tim Hortons",
        "opening_hours": "Mo-We 06:00-19:00; Fr 06:00-19:00; Sa-Su 07:00-17:00",
        "phone": "+1 231-444-6058",
        "takeaway": "yes"
      },
      "geometry": {
        "type": "Point",
        "coordinates": [
          -85.3651139,
          44.2519591
        ]
      },
      "id": "node/7745717754"
    },
    {
      "type": "Feature",
      "properties": {
        "@id": "node/7901338685",
        "addr:city": "Lansing",
        "addr:housenumber": "2774",
        "addr:postcode": "48911",
        "addr:state": "MI",
        "addr:street": "Eaton Rapids Road",
        "amenity": "cafe",
        "brand": "Tim Hortons",
        "brand:wikidata": "Q175106",
        "cuisine": "coffee_shop",
        "delivery": "yes",
        "drive_through": "yes",
        "indoor_seating": "yes",
        "name": "Tim Hortons",
        "opening_hours": "05:00-20:00",
        "phone": "+1 517-253-0841",
        "takeaway": "yes",
        "website": "https://www.timhortons.com/store-locator/store/restaurant_76224"
      },
      "geometry": {
        "type": "Point",
        "coordinates": [
          -84.5903406,
          42.6624266
        ]
      },
      "id": "node/7901338685"
    },
    {
      "type": "Feature",
      "properties": {
        "@id": "node/7965295982",
        "amenity": "cafe",
        "brand": "Tim Hortons",
        "brand:wikidata": "Q175106",
        "cuisine": "coffee_shop",
        "fixme:atp": "no ATP match, check if still exists",
        "name": "Tim Hortons",
        "takeaway": "yes"
      },
      "geometry": {
        "type": "Point",
        "coordinates": [
          -80.2856505,
          39.2616306
        ]
      },
      "id": "node/7965295982"
    },
    {
      "type": "Feature",
      "properties": {
        "@id": "node/8152800487",
        "addr:city": "Rochester Hills",
        "addr:housenumber": "2995",
        "addr:postcode": "48309-3600",
        "addr:state": "MI",
        "addr:street": "Walton Boulevard",
        "amenity": "cafe",
        "brand": "Tim Hortons",
        "brand:wikidata": "Q175106",
        "cuisine": "coffee_shop",
        "delivery": "yes",
        "drive_through": "yes",
        "indoor_seating": "yes",
        "internet_access": "wlan",
        "name": "Tim Hortons",
        "opening_hours": "Mo-We 06:00-20:00; Fr 06:00-20:00; Sa-Su 06:00-18:00",
        "phone": "+1 248-413-5585",
        "takeaway": "yes"
      },
      "geometry": {
        "type": "Point",
        "coordinates": [
          -83.1934183,
          42.6798487
        ]
      },
      "id": "node/8152800487"
    },
    {
      "type": "Feature",
      "properties": {
        "@id": "node/8223099724",
        "addr:city": "Lockport",
        "addr:housenumber": "3984",
        "addr:postcode": "14094-1133",
        "addr:state": "NY",
        "addr:street": "Lockport Olcott Road",
        "amenity": "cafe",
        "brand": "Tim Hortons",
        "brand:wikidata": "Q175106",
        "cuisine": "coffee_shop",
        "delivery": "yes",
        "drive_through": "yes",
        "indoor_seating": "yes",
        "internet_access": "wlan",
        "name": "Tim Hortons",
        "opening_hours": "Mo-We 04:30-22:00; Fr-Su 04:30-22:00",
        "phone": "+1 716-438-2290",
        "takeaway": "yes"
      },
      "geometry": {
        "type": "Point",
        "coordinates": [
          -78.6779062,
          43.2193756
        ]
      },
      "id": "node/8223099724"
    },
    {
      "type": "Feature",
      "properties": {
        "@id": "node/8225149611",
        "addr:city": "Akron",
        "addr:housenumber": "1288",
        "addr:postcode": "44306",
        "addr:state": "OH",
        "addr:street": "George Washington Boulevard",
        "amenity": "cafe",
        "brand": "Tim Hortons",
        "brand:wikidata": "Q175106",
        "cuisine": "coffee_shop",
        "delivery": "yes",
        "drive_through": "yes",
        "indoor_seating": "no",
        "name": "Tim Hortons",
        "opening_hours": "Mo-We 06:00-18:00; Fr-Sa 06:00-18:00; Su 06:00-16:00",
        "phone": "+1 234-571-1121",
        "takeaway": "yes"
      },
      "geometry": {
        "type": "Point",
        "coordinates": [
          -81.4628382,
          41.0276083
        ]
      },
      "id": "node/8225149611"
    },
    {
      "type": "Feature",
      "properties": {
        "@id": "node/8225177287",
        "addr:city": "Monroe",
        "addr:housenumber": "1255",
        "addr:postcode": "48162-5228",
        "addr:state": "MI",
        "addr:street": "North Dixie Highway",
        "amenity": "cafe",
        "brand": "Tim Hortons",
        "brand:wikidata": "Q175106",
        "cuisine": "coffee_shop",
        "delivery": "no",
        "drive_through": "yes",
        "indoor_seating": "yes",
        "name": "Tim Hortons",
        "opening_hours": "Mo-We 04:00-16:00; Fr-Su 04:00-16:00",
        "outdoor_seating": "no",
        "phone": "+1 734-384-7952",
        "takeaway": "yes"
      },
      "geometry": {
        "type": "Point",
        "coordinates": [
          -83.3632694,
          41.9268979
        ]
      },
      "id": "node/8225177287"
    },
    {
      "type": "Feature",
      "properties": {
        "@id": "node/8327629568",
        "addr:city": "Toledo",
        "addr:housenumber": "1345",
        "addr:postcode": "43615-4759",
        "addr:state": "OH",
        "addr:street": "North Reynolds Road",
        "amenity": "cafe",
        "brand": "Tim Hortons",
        "brand:wikidata": "Q175106",
        "cuisine": "coffee_shop",
        "delivery": "yes",
        "drive_through": "yes",
        "indoor_seating": "no",
        "internet_access": "wlan",
        "name": "Tim Hortons",
        "opening_hours": "Mo-We 06:00-18:00; Fr-Sa 06:00-18:00; Su 06:00-16:00",
        "phone": "+1 567-315-8027",
        "takeaway": "yes"
      },
      "geometry": {
        "type": "Point",
        "coordinates": [
          -83.665266,
          41.6530442
        ]
      },
      "id": "node/8327629568"
    },
    {
      "type": "Feature",
      "properties": {
        "@id": "node/8365340859",
        "addr:city": "Detroit",
        "addr:housenumber": "10533",
        "addr:postcode": "48213",
        "addr:state": "MI",
        "addr:street": "Gratiot Avenue",
        "amenity": "cafe",
        "brand": "Tim Hortons",
        "brand:wikidata": "Q175106",
        "cuisine": "coffee_shop",
        "delivery": "yes",
        "drive_through": "yes",
        "indoor_seating": "no",
        "name": "Tim Hortons",
        "opening_hours": "Mo-Sa 05:30-19:00; Su 06:00-19:00",
        "outdoor_seating": "no",
        "phone": "+1 313-923-8900",
        "takeaway": "yes"
      },
      "geometry": {
        "type": "Point",
        "coordinates": [
          -83.0005925,
          42.4008873
        ]
      },
      "id": "node/8365340859"
    },
    {
      "type": "Feature",
      "properties": {
        "@id": "node/8425106059",
        "amenity": "cafe",
        "brand": "Tim Hortons",
        "brand:wikidata": "Q175106",
        "cuisine": "coffee_shop",
        "fixme:atp": "no ATP match, check if still exists",
        "name": "Tim Hortons",
        "takeaway": "yes"
      },
      "geometry": {
        "type": "Point",
        "coordinates": [
          -85.2499663,
          41.0383453
        ]
      },
      "id": "node/8425106059"
    },
    {
      "type": "Feature",
      "properties": {
        "@id": "node/8440745205",
        "addr:city": "Romulus",
        "addr:housenumber": "39315",
        "addr:postcode": "48174",
        "addr:state": "MI",
        "addr:street": "Ecorse Road",
        "amenity": "cafe",
        "brand": "Tim Hortons",
        "brand:wikidata": "Q175106",
        "cuisine": "coffee_shop",
        "delivery": "yes",
        "drive_through": "yes",
        "indoor_seating": "yes",
        "internet_access": "wlan",
        "name": "Tim Hortons",
        "opening_hours": "Mo-We 06:00-18:00; Fr-Su 06:00-18:00",
        "phone": "+1 734-855-9022",
        "takeaway": "yes"
      },
      "geometry": {
        "type": "Point",
        "coordinates": [
          -83.4244092,
          42.2489082
        ]
      },
      "id": "node/8440745205"
    },
    {
      "type": "Feature",
      "properties": {
        "@id": "node/8441897388",
        "addr:city": "Ann Arbor",
        "addr:housenumber": "325",
        "addr:postcode": "48103",
        "addr:state": "MI",
        "addr:street": "North Zeeb Road",
        "amenity": "cafe",
        "brand": "Tim Hortons",
        "brand:wikidata": "Q175106",
        "check_date": "2026-09-21",
        "cuisine": "coffee_shop",
        "delivery": "yes",
        "drive_through": "yes",
        "indoor_seating": "yes",
        "name": "Tim Hortons",
        "opening_hours": "Mo-We 05:00-20:00; Fr-Su 05:00-20:00",
        "phone": "+1 734-769-0845",
        "takeaway": "yes"
      },
      "geometry": {
        "type": "Point",
        "coordinates": [
          -83.8396002,
          42.2934754
        ]
      },
      "id": "node/8441897388"
    },
    {
      "type": "Feature",
      "properties": {
        "@id": "node/8441975838",
        "addr:city": "Ann Arbor",
        "addr:housenumber": "2679",
        "addr:postcode": "48103",
        "addr:state": "MI",
        "addr:street": "Ann Arbor-Saline Road",
        "amenity": "cafe",
        "brand": "Tim Hortons",
        "brand:wikidata": "Q175106",
        "cuisine": "coffee_shop",
        "fixme:atp": "no ATP match, check if still exists",
        "name": "Tim Hortons",
        "opening_hours": "24/7",
        "phone": "+1 734-222-6327",
        "takeaway": "yes"
      },
      "geometry": {
        "type": "Point",
        "coordinates": [
          -83.759547,
          42.2479235
        ]
      },
      "id": "node/8441975838"
    },
    {
      "type": "Feature",
      "properties": {
        "@id": "node/8443671668",
        "addr:city": "Lenox",
        "addr:housenumber": "36255",
        "addr:postcode": "48048-3164",
        "addr:state": "MI",
        "addr:street": "26 Mile Road",
        "amenity": "cafe",
        "brand": "Tim Hortons",
        "brand:wikidata": "Q175106",
        "cuisine": "coffee_shop",
        "delivery": "no",
        "drive_through": "yes",
        "indoor_seating": "yes",
        "internet_access": "wlan",
        "name": "Tim Hortons",
        "opening_hours": "Mo-We 08:00-19:00; Fr-Su 08:00-19:00",
        "phone": "+1 586-716-9240",
        "takeaway": "yes"
      },
      "geometry": {
        "type": "Point",
        "coordinates": [
          -82.7464137,
          42.7210697
        ]
      },
      "id": "node/8443671668"
    },
    {
      "type": "Feature",
      "properties": {
        "@id": "node/8453619008",
        "addr:city": "Chesterfield",
        "addr:housenumber": "33651",
        "addr:postcode": "48047-1960",
        "addr:state": "MI",
        "addr:street": "23 Mile Road",
        "amenity": "cafe",
        "brand": "Tim Hortons",
        "brand:wikidata": "Q175106",
        "cuisine": "coffee_shop",
        "delivery": "yes",
        "drive_through": "yes",
        "indoor_seating": "yes",
        "internet_access": "wlan",
        "name": "Tim Hortons",
        "opening_hours": "Mo-We 06:00-22:00; Fr-Su 06:00-22:00",
        "phone": "+1 586-725-1540",
        "takeaway": "yes"
      },
      "geometry": {
        "type": "Point",
        "coordinates": [
          -82.7693144,
          42.6762724
        ]
      },
      "id": "node/8453619008"
    },
    {
      "type": "Feature",
      "properties": {
        "@id": "node/8464304472",
        "amenity": "cafe",
        "brand": "Tim Hortons",
        "brand:wikidata": "Q175106",
        "cuisine": "coffee_shop",
        "fixme:atp": "no ATP match, check if still exists",
        "name": "Tim Hortons",
        "takeaway": "yes"
      },
      "geometry": {
        "type": "Point",
        "coordinates": [
          -83.0324525,
          42.641072
        ]
      },
      "id": "node/8464304472"
    },
    {
      "type": "Feature",
      "properties": {
        "@id": "node/8492123243",
        "addr:city": "Clinton Township",
        "addr:housenumber": "35101",
        "addr:postcode": "48035",
        "addr:state": "MI",
        "addr:street": "Harper Avenue",
        "amenity": "cafe",
        "brand": "Tim Hortons",
        "brand:wikidata": "Q175106",
        "cuisine": "coffee_shop",
        "delivery": "yes",
        "drive_through": "yes",
        "indoor_seating": "yes",
        "name": "Tim Hortons",
        "opening_hours": "Mo 07:00-19:00; Tu 07:00-20:00; We 07:00-19:00; Fr-Sa 07:00-19:00",
        "phone": "+1 586-792-3800",
        "takeaway": "yes"
      },
      "geometry": {
        "type": "Point",
        "coordinates": [
          -82.8705865,
          42.5561532
        ]
      },
      "id": "node/8492123243"
    },
    {
      "type": "Feature",
      "properties": {
        "@id": "node/8495369793",
        "addr:city": "Warren",
        "addr:housenumber": "25100",
        "addr:postcode": "48091-1325",
        "addr:state": "MI",
        "addr:street": "Ryan Road",
        "amenity": "cafe",
        "brand": "Tim Hortons",
        "brand:wikidata": "Q175106",
        "cuisine": "coffee_shop",
        "delivery": "yes",
        "drive_through": "yes",
        "indoor_seating": "yes",
        "internet_access": "wlan",
        "name": "Tim Hortons",
        "opening_hours": "Mo-We 00:00-24:00; Fr-Su 00:00-24:00",
        "phone": "+1 586-756-6300",
        "takeaway": "yes"
      },
      "geometry": {
        "type": "Point",
        "coordinates": [
          -83.0648026,
          42.4771733
        ]
      },
      "id": "node/8495369793"
    },
    {
      "type": "Feature",
      "properties": {
        "@id": "node/8495370549",
        "addr:city": "Warren",
        "addr:housenumber": "29030",
        "addr:postcode": "48093-2301",
        "addr:state": "MI",
        "addr:street": "Van Dyke Avenue",
        "amenity": "cafe",
        "brand": "Tim Hortons",
        "brand:wikidata": "Q175106",
        "cuisine": "coffee_shop",
        "delivery": "yes",
        "drive_through": "yes",
        "indoor_seating": "yes",
        "internet_access": "wlan",
        "name": "Tim Hortons",
        "opening_hours": "Mo-We 07:00-20:00; Fr-Su 07:00-20:00",
        "phone": "+1 586-573-7270",
        "takeaway": "yes"
      },
      "geometry": {
        "type": "Point",
        "coordinates": [
          -83.0278941,
          42.5070319
        ]
      },
      "id": "node/8495370549"
    },
    {
      "type": "Feature",
      "properties": {
        "@id": "node/8497555235",
        "addr:city": "Lincoln Park",
        "addr:housenumber": "1727",
        "addr:postcode": "48146-2261",
        "addr:state": "MI",
        "addr:street": "Southfield Road",
        "amenity": "cafe",
        "brand": "Tim Hortons",
        "brand:wikidata": "Q175106",
        "cuisine": "coffee_shop",
        "delivery": "yes",
        "drive_through": "yes",
        "indoor_seating": "no",
        "name": "Tim Hortons",
        "opening_hours": "Mo-We 06:00-20:00; Fr-Su 06:00-20:00",
        "phone": "+1 313-928-0138",
        "takeaway": "yes"
      },
      "geometry": {
        "type": "Point",
        "coordinates": [
          -83.1878689,
          42.2528179
        ]
      },
      "id": "node/8497555235"
    },
    {
      "type": "Feature",
      "properties": {
        "@id": "node/8510804741",
        "addr:city": "Clarkston",
        "addr:housenumber": "6889",
        "addr:postcode": "48348",
        "addr:state": "MI",
        "addr:street": "Sashabaw Road",
        "amenity": "cafe",
        "brand": "Tim Hortons",
        "brand:wikidata": "Q175106",
        "cuisine": "coffee_shop",
        "delivery": "yes",
        "drive_through": "yes",
        "indoor_seating": "yes",
        "internet_access": "wlan",
        "name": "Tim Hortons",
        "opening_hours": "Mo-We 06:00-19:00; Fr-Su 06:00-19:00",
        "phone": "+1 248-795-2414",
        "takeaway": "yes"
      },
      "geometry": {
        "type": "Point",
        "coordinates": [
          -83.3807024,
          42.7390816
        ]
      },
      "id": "node/8510804741"
    },
    {
      "type": "Feature",
      "properties": {
        "@id": "node/8541859563",
        "addr:city": "Oak Park",
        "addr:housenumber": "22211",
        "addr:postcode": "48237-2855",
        "addr:state": "MI",
        "addr:street": "Coolidge Highway",
        "amenity": "cafe",
        "brand": "Tim Hortons",
        "brand:wikidata": "Q175106",
        "cuisine": "coffee_shop",
        "delivery": "yes",
        "drive_through": "yes",
        "indoor_seating": "no",
        "name": "Tim Hortons",
        "phone": "+1 248-399-1367",
        "takeaway": "yes"
      },
      "geometry": {
        "type": "Point",
        "coordinates": [
          -83.1823692,
          42.459316
        ]
      },
      "id": "node/8541859563"
    },
    {
      "type": "Feature",
      "properties": {
        "@id": "node/8579851914",
        "addr:city": "Bloomfield Township",
        "addr:housenumber": "6495",
        "addr:postcode": "48301-1759",
        "addr:state": "MI",
        "addr:street": "Telegraph Road",
        "amenity": "cafe",
        "brand": "Tim Hortons",
        "brand:wikidata": "Q175106",
        "cuisine": "coffee_shop",
        "delivery": "yes",
        "drive_through": "yes",
        "indoor_seating": "yes",
        "internet_access": "wlan",
        "name": "Tim Hortons",
        "opening_hours": "Mo-We 06:00-20:00; Fr-Su 06:00-20:00",
        "phone": "+1 248-593-9381",
        "takeaway": "yes"
      },
      "geometry": {
        "type": "Point",
        "coordinates": [
          -83.2842424,
          42.5453539
        ]
      },
      "id": "node/8579851914"
    },
    {
      "type": "Feature",
      "properties": {
        "@id": "node/8590447958",
        "addr:city": "Brownstown Charter Township",
        "addr:housenumber": "20913",
        "addr:postcode": "48183",
        "addr:state": "MI",
        "addr:street": "Gibraltar Road",
        "amenity": "cafe",
        "brand": "Tim Hortons",
        "brand:wikidata": "Q175106",
        "cuisine": "coffee_shop",
        "delivery": "no",
        "drive_through": "yes",
        "indoor_seating": "yes",
        "internet_access": "wlan",
        "name": "Tim Hortons",
        "opening_hours": "Mo-We 06:00-20:00; Fr-Su 06:00-20:00",
        "outdoor_seating": "no",
        "phone": "+1 734-675-2325",
        "takeaway": "yes"
      },
      "geometry": {
        "type": "Point",
        "coordinates": [
          -83.2368904,
          42.0946867
        ]
      },
      "id": "node/8590447958"
    },
    {
      "type": "Feature",
      "properties": {
        "@id": "node/8613880980",
        "addr:city": "Taylor",
        "addr:housenumber": "8460",
        "addr:postcode": "48180-2373",
        "addr:state": "MI",
        "addr:street": "Telegraph Road",
        "amenity": "cafe",
        "brand": "Tim Hortons",
        "brand:wikidata": "Q175106",
        "cuisine": "coffee_shop",
        "delivery": "yes",
        "drive_through": "yes",
        "indoor_seating": "yes",
        "internet_access": "wlan",
        "name": "Tim Hortons",
        "opening_hours": "Mo-We 06:00-22:00; Fr-Su 06:00-22:00",
        "phone": "+1 313-295-8484",
        "takeaway": "yes"
      },
      "geometry": {
        "type": "Point",
        "coordinates": [
          -83.2703168,
          42.2457479
        ]
      },
      "id": "node/8613880980"
    },
    {
      "type": "Feature",
      "properties": {
        "@id": "node/8619205144",
        "amenity": "cafe",
        "brand": "Tim Hortons",
        "brand:wikidata": "Q175106",
        "cuisine": "coffee_shop",
        "fixme:atp": "no ATP match, check if still exists",
        "name": "Tim Hortons",
        "takeaway": "yes"
      },
      "geometry": {
        "type": "Point",
        "coordinates": [
          -83.2779879,
          42.3996485
        ]
      },
      "id": "node/8619205144"
    },
    {
      "type": "Feature",
      "properties": {
        "@id": "node/8691224298",
        "addr:city": "Dearborn",
        "addr:housenumber": "10005",
        "addr:postcode": "48126",
        "addr:state": "MI",
        "addr:street": "West Warren Avenue",
        "amenity": "cafe",
        "brand": "Tim Hortons",
        "brand:wikidata": "Q175106",
        "cuisine": "coffee_shop",
        "delivery": "yes",
        "drive_through": "no",
        "indoor_seating": "yes",
        "internet_access": "wlan",
        "name": "Tim Hortons",
        "opening_hours": "Mo-We 00:00-24:00; Fr-Su 00:00-24:00",
        "phone": "+1 313-406-5420",
        "takeaway": "yes"
      },
      "geometry": {
        "type": "Point",
        "coordinates": [
          -83.1576426,
          42.344096
        ]
      },
      "id": "node/8691224298"
    },
    {
      "type": "Feature",
      "properties": {
        "@id": "node/8703125207",
        "addr:city": "Dearborn Heights",
        "addr:housenumber": "27380",
        "addr:postcode": "48127",
        "addr:state": "MI",
        "addr:street": "Cherry Hill Road",
        "amenity": "cafe",
        "brand": "Tim Hortons",
        "brand:wikidata": "Q175106",
        "cuisine": "coffee_shop",
        "delivery": "yes",
        "drive_through": "yes",
        "indoor_seating": "yes",
        "name": "Tim Hortons",
        "opening_hours": "Mo-We 00:00-24:00; Fr-Su 00:00-24:00",
        "phone": "+1 313-561-4000",
        "takeaway": "yes"
      },
      "geometry": {
        "type": "Point",
        "coordinates": [
          -83.3102261,
          42.312149
        ]
      },
      "id": "node/8703125207"
    },
    {
      "type": "Feature",
      "properties": {
        "@id": "node/8779526918",
        "amenity": "cafe",
        "brand": "Tim Hortons",
        "brand:wikidata": "Q175106",
        "cuisine": "coffee_shop",
        "fixme:atp": "no ATP match, check if still exists",
        "name": "Tim Hortons",
        "takeaway": "yes"
      },
      "geometry": {
        "type": "Point",
        "coordinates": [
          -79.034422,
          43.1345991
        ]
      },
      "id": "node/8779526918"
    },
    {
      "type": "Feature",
      "properties": {
        "@id": "node/8787440684",
        "addr:city": "Syracuse",
        "addr:housenumber": "3439",
        "addr:postcode": "13214",
        "addr:state": "NY",
        "addr:street": "Erie Boulevard East",
        "amenity": "cafe",
        "brand": "Tim Hortons",
        "brand:wikidata": "Q175106",
        "cuisine": "coffee_shop",
        "delivery": "no",
        "drive_through": "no",
        "indoor_seating": "yes",
        "internet_access": "wlan",
        "name": "Tim Hortons",
        "nysgissam:nysaddresspointid": "ONON151274",
        "nysgissam:review": "found > 1 existing matching address",
        "opening_hours": "Mo-Sa 06:00-18:00; Su 07:00-18:00",
        "phone": "+1 315-251-0605",
        "takeaway": "yes",
        "website": "https://www.timhortons.com/store-locator/store/restaurant_239356"
      },
      "geometry": {
        "type": "Point",
        "coordinates": [
          -76.0681825,
          43.0458519
        ]
      },
      "id": "node/8787440684"
    },
    {
      "type": "Feature",
      "properties": {
        "@id": "node/8947289338",
        "addr:city": "Hallstead",
        "addr:housenumber": "25106",
        "addr:postcode": "18822-8812",
        "addr:state": "PA",
        "addr:street": "State Route 11",
        "amenity": "cafe",
        "brand": "Tim Hortons",
        "brand:wikidata": "Q175106",
        "cuisine": "coffee_shop",
        "delivery": "yes",
        "drive_through": "yes",
        "indoor_seating": "yes",
        "internet_access": "wlan",
        "name": "Tim Hortons",
        "opening_hours": "Mo-We 05:00-20:00; Fr-Su 05:00-20:00",
        "outdoor_seating": "no",
        "phone": "+1 570-879-8107",
        "takeaway": "yes",
        "website": "https://locations.timhortons.com/en/pa/hallstead/25106-state-route-11/"
      },
      "geometry": {
        "type": "Point",
        "coordinates": [
          -75.7399597,
          41.9664146
        ]
      },
      "id": "node/8947289338"
    },
    {
      "type": "Feature",
      "properties": {
        "@id": "node/9108566364",
        "addr:city": "Frankenmuth",
        "addr:housenumber": "142",
        "addr:postcode": "48734-1159",
        "addr:state": "MI",
        "addr:street": "North Main Street",
        "amenity": "cafe",
        "brand": "Tim Hortons",
        "brand:wikidata": "Q175106",
        "cuisine": "coffee_shop",
        "delivery": "yes",
        "drive_through": "yes",
        "indoor_seating": "yes",
        "internet_access": "wlan",
        "name": "Tim Hortons",
        "opening_hours": "Mo-We 06:00-20:00; Fr-Su 06:00-20:00",
        "phone": "+1 989-652-2749",
        "takeaway": "yes"
      },
      "geometry": {
        "type": "Point",
        "coordinates": [
          -83.7386681,
          43.3364577
        ]
      },
      "id": "node/9108566364"
    },
    {
      "type": "Feature",
      "properties": {
        "@id": "node/9124823751",
        "addr:city": "Grove City",
        "addr:housenumber": "3065",
        "addr:postcode": "43123-8514",
        "addr:state": "OH",
        "addr:street": "London Groveport Road",
        "amenity": "cafe",
        "brand": "Tim Hortons",
        "brand:wikidata": "Q175106",
        "cuisine": "coffee_shop",
        "delivery": "yes",
        "drive_through": "yes",
        "indoor_seating": "no",
        "internet_access": "wlan",
        "name": "Tim Hortons",
        "opening_hours": "Mo-We 06:00-18:00; Fr-Sa 06:00-18:00; Su 06:00-16:00",
        "phone": "+1 614-277-0441",
        "takeaway": "yes"
      },
      "geometry": {
        "type": "Point",
        "coordinates": [
          -83.0882143,
          39.8396367
        ]
      },
      "id": "node/9124823751"
    },
    {
      "type": "Feature",
      "properties": {
        "@id": "node/9159461679",
        "addr:city": "Lakewood",
        "addr:housenumber": "277",
        "addr:postcode": "14750",
        "addr:state": "NY",
        "addr:street": "East Fairmount Avenue",
        "amenity": "cafe",
        "brand": "Tim Hortons",
        "brand:wikidata": "Q175106",
        "cuisine": "coffee_shop",
        "delivery": "yes",
        "drive_through": "yes",
        "indoor_seating": "yes",
        "internet_access": "wlan",
        "name": "Tim Hortons",
        "opening_hours": "Mo-We 05:00-22:00; Fr-Su 05:00-22:00",
        "phone": "+1 716-763-0655",
        "takeaway": "yes"
      },
      "geometry": {
        "type": "Point",
        "coordinates": [
          -79.307844,
          42.0985224
        ]
      },
      "id": "node/9159461679"
    },
    {
      "type": "Feature",
      "properties": {
        "@id": "node/9163262811",
        "addr:city": "Buffalo",
        "addr:housenumber": "4408",
        "addr:postcode": "14219",
        "addr:state": "NY",
        "addr:street": "Milestrip Road",
        "amenity": "cafe",
        "brand": "Tim Hortons",
        "brand:wikidata": "Q175106",
        "cuisine": "coffee_shop",
        "delivery": "yes",
        "drive_through": "yes",
        "indoor_seating": "yes",
        "internet_access": "wlan",
        "name": "Tim Hortons",
        "opening_hours": "Mo-Su 05:00-20:00",
        "outdoor_seating": "no",
        "phone": "+1 716-322-5441",
        "takeaway": "yes",
        "website": "https://www.timhortons.com/store-locator/store/restaurant_70953"
      },
      "geometry": {
        "type": "Point",
        "coordinates": [
          -78.8136282,
          42.7901778
        ]
      },
      "id": "node/9163262811"
    },
    {
      "type": "Feature",
      "properties": {
        "@id": "node/9247328221",
        "addr:city": "Staten Island",
        "addr:housenumber": "1700",
        "addr:postcode": "10314-3932",
        "addr:state": "NY",
        "addr:street": "Richmond Avenue",
        "amenity": "cafe",
        "brand": "Tim Hortons",
        "brand:wikidata": "Q175106",
        "cuisine": "coffee_shop",
        "delivery": "yes",
        "drive_through": "yes",
        "indoor_seating": "yes",
        "internet_access": "wlan",
        "name": "Tim Hortons",
        "opening_hours": "Mo-We 05:00-22:00; Fr-Su 05:00-22:00",
        "phone": "+1 718-370-2555",
        "takeaway": "yes"
      },
      "geometry": {
        "type": "Point",
        "coordinates": [
          -74.1627912,
          40.6068917
        ]
      },
      "id": "node/9247328221"
    },
    {
      "type": "Feature",
      "properties": {
        "@id": "node/9314778203",
        "addr:city": "Buffalo",
        "addr:housenumber": "2058",
        "addr:postcode": "14216",
        "addr:state": "NY",
        "addr:street": "Delaware Avenue",
        "amenity": "cafe",
        "brand": "Tim Hortons",
        "brand:wikidata": "Q175106",
        "cuisine": "coffee_shop",
        "delivery": "yes",
        "drive_through": "yes",
        "indoor_seating": "yes",
        "name": "Tim Hortons",
        "opening_hours": "Mo-We 06:00-20:00; Fr-Su 06:00-20:00",
        "outdoor_seating": "no",
        "phone": "+1 716-259-9328",
        "takeaway": "yes",
        "website": "https://www.timhortons.com/store-locator/store/restaurant_72918"
      },
      "geometry": {
        "type": "Point",
        "coordinates": [
          -78.8681277,
          42.9401293
        ]
      },
      "id": "node/9314778203"
    },
    {
      "type": "Feature",
      "properties": {
        "@id": "node/9335959637",
        "addr:city": "Ypsilanti",
        "addr:housenumber": "2220",
        "addr:postcode": "48197",
        "addr:state": "MI",
        "addr:street": "Washtenaw Avenue",
        "amenity": "cafe",
        "brand": "Tim Hortons",
        "brand:wikidata": "Q175106",
        "cuisine": "coffee_shop",
        "delivery": "no",
        "drive_through": "yes",
        "indoor_seating": "yes",
        "internet_access": "wlan",
        "name": "Tim Hortons",
        "opening_hours": "Mo-We 07:00-15:00; Fr-Sa 07:00-15:00; Su 08:00-14:00",
        "phone": "+1 734-528-1776",
        "takeaway": "yes",
        "website": "https://www.timhortons.com/store-locator/store/restaurant_70950"
      },
      "geometry": {
        "type": "Point",
        "coordinates": [
          -83.6480508,
          42.2490361
        ]
      },
      "id": "node/9335959637"
    },
    {
      "type": "Feature",
      "properties": {
        "@id": "node/9351678078",
        "addr:city": "Westerville",
        "addr:housenumber": "6010",
        "addr:postcode": "43081",
        "addr:state": "OH",
        "addr:street": "Westerville Road",
        "amenity": "cafe",
        "brand": "Tim Hortons",
        "brand:wikidata": "Q175106",
        "check_date": "2026-05-04",
        "cuisine": "coffee_shop",
        "delivery": "no",
        "drive_through": "yes",
        "indoor_seating": "no",
        "name": "Tim Hortons",
        "opening_hours": "Mo-Su 05:00-17:00",
        "phone": "+1 614-423-8145",
        "takeaway": "yes"
      },
      "geometry": {
        "type": "Point",
        "coordinates": [
          -82.9249491,
          40.0953781
        ]
      },
      "id": "node/9351678078"
    },
    {
      "type": "Feature",
      "properties": {
        "@id": "node/9448879871",
        "addr:city": "Getzville",
        "addr:housenumber": "1555",
        "addr:postcode": "14068",
        "addr:state": "NY",
        "addr:street": "North French Road",
        "amenity": "cafe",
        "brand": "Tim Hortons",
        "brand:wikidata": "Q175106",
        "cuisine": "coffee_shop",
        "delivery": "yes",
        "drive_through": "yes",
        "indoor_seating": "yes",
        "internet_access": "wlan",
        "name": "Tim Hortons",
        "opening_hours": "Mo-We 05:00-22:00; Fr-Su 05:00-22:00",
        "phone": "+1 716-688-5538",
        "takeaway": "yes"
      },
      "geometry": {
        "type": "Point",
        "coordinates": [
          -78.7670682,
          43.034239
        ]
      },
      "id": "node/9448879871"
    },
    {
      "type": "Feature",
      "properties": {
        "@id": "node/9455284907",
        "addr:city": "Depew",
        "addr:housenumber": "1199",
        "addr:postcode": "14043",
        "addr:state": "NY",
        "addr:street": "French Road",
        "amenity": "cafe",
        "brand": "Tim Hortons",
        "brand:wikidata": "Q175106",
        "cuisine": "coffee_shop",
        "delivery": "yes",
        "drive_through": "yes",
        "indoor_seating": "no",
        "name": "Tim Hortons",
        "opening_hours": "05:00-20:00",
        "phone": "+1 716-608-7611",
        "takeaway": "yes"
      },
      "geometry": {
        "type": "Point",
        "coordinates": [
          -78.7082367,
          42.8674151
        ]
      },
      "id": "node/9455284907"
    },
    {
      "type": "Feature",
      "properties": {
        "@id": "node/9517862462",
        "addr:city": "York",
        "addr:housenumber": "21306",
        "addr:postcode": "13601",
        "addr:state": "RT",
        "addr:street": "NEW",
        "amenity": "cafe",
        "brand": "Tim Hortons",
        "brand:wikidata": "Q175106",
        "cuisine": "coffee_shop",
        "delivery": "yes",
        "drive_through": "yes",
        "indoor_seating": "yes",
        "internet_access": "wlan",
        "name": "Tim Hortons",
        "opening_hours": "Mo-We 05:00-20:00; Fr-Su 05:00-20:00",
        "phone": "+1 315-788-1650",
        "takeaway": "yes"
      },
      "geometry": {
        "type": "Point",
        "coordinates": [
          -75.9467099,
          43.9888738
        ]
      },
      "id": "node/9517862462"
    },
    {
      "type": "Feature",
      "properties": {
        "@id": "node/9569635985",
        "addr:city": "Williamsville",
        "addr:housenumber": "5140",
        "addr:postcode": "14221",
        "addr:state": "NY",
        "addr:street": "Main Street",
        "amenity": "cafe",
        "brand": "Tim Hortons",
        "brand:wikidata": "Q175106",
        "cuisine": "coffee_shop",
        "delivery": "yes",
        "drive_through": "yes",
        "indoor_seating": "yes",
        "internet_access": "wlan",
        "name": "Tim Hortons",
        "opening_hours": "Mo-We 07:00-20:00; Fr-Su 07:00-20:00",
        "outdoor_seating": "no",
        "phone": "+1 716-565-0501",
        "takeaway": "yes"
      },
      "geometry": {
        "type": "Point",
        "coordinates": [
          -78.7612235,
          42.960759
        ]
      },
      "id": "node/9569635985"
    },
    {
      "type": "Feature",
      "properties": {
        "@id": "node/9634766392",
        "addr:city": "Walled Lake",
        "addr:housenumber": "1006",
        "addr:postcode": "48390-3571",
        "addr:state": "MI",
        "addr:street": "East West Maple Road",
        "amenity": "cafe",
        "brand": "Tim Hortons",
        "brand:wikidata": "Q175106",
        "cuisine": "coffee_shop",
        "delivery": "yes",
        "drive_through": "yes",
        "indoor_seating": "yes",
        "internet_access": "wlan",
        "name": "Tim Hortons",
        "opening_hours": "Mo-We 06:00-20:00; Fr-Su 06:00-20:00",
        "phone": "+1 248-668-0044",
        "takeaway": "yes"
      },
      "geometry": {
        "type": "Point",
        "coordinates": [
          -83.4806396,
          42.5372964
        ]
      },
      "id": "node/9634766392"
    },
    {
      "type": "Feature",
      "properties": {
        "@id": "node/9693383986",
        "addr:city": "Dundee",
        "addr:housenumber": "107",
        "addr:postcode": "48131-9693",
        "addr:state": "MI",
        "addr:street": "Cabelas Boulevard East",
        "amenity": "cafe",
        "brand": "Tim Hortons",
        "brand:wikidata": "Q175106",
        "cuisine": "coffee_shop",
        "delivery": "yes",
        "drive_through": "yes",
        "indoor_seating": "yes",
        "internet_access": "wlan",
        "name": "Tim Hortons",
        "opening_hours": "Mo-We 08:00-19:00; Fr-Su 08:00-19:00",
        "outdoor_seating": "no",
        "phone": "+1 734-823-5222",
        "takeaway": "yes"
      },
      "geometry": {
        "type": "Point",
        "coordinates": [
          -83.676674,
          41.9604983
        ]
      },
      "id": "node/9693383986"
    },
    {
      "type": "Feature",
      "properties": {
        "@id": "node/9709878987",
        "addr:city": "Staten Island",
        "addr:housenumber": "1562",
        "addr:postcode": "10305",
        "addr:state": "NY",
        "addr:street": "Hylan Boulevard",
        "amenity": "cafe",
        "brand": "Tim Hortons",
        "brand:wikidata": "Q175106",
        "cuisine": "coffee_shop",
        "delivery": "yes",
        "drive_through": "yes",
        "indoor_seating": "yes",
        "internet_access": "wlan",
        "name": "Tim Hortons",
        "opening_hours": "Mo-We 05:00-24:00; Fr-Su 05:00-24:00",
        "phone": "+1 718-980-0091",
        "takeaway": "yes"
      },
      "geometry": {
        "type": "Point",
        "coordinates": [
          -74.0884316,
          40.5902134
        ]
      },
      "id": "node/9709878987"
    },
    {
      "type": "Feature",
      "properties": {
        "@id": "node/9821593498",
        "addr:city": "Buffalo",
        "addr:housenumber": "726",
        "addr:postcode": "14210-1484",
        "addr:state": "NY",
        "addr:street": "Exchange Street",
        "amenity": "cafe",
        "brand": "Tim Hortons",
        "brand:wikidata": "Q175106",
        "cuisine": "coffee_shop",
        "delivery": "no",
        "drive_through": "no",
        "indoor_seating": "yes",
        "name": "Tim Hortons",
        "opening_hours": "Mo-We 07:00-14:00; Fr 07:00-14:00",
        "phone": "+1 716-819-2882",
        "takeaway": "yes"
      },
      "geometry": {
        "type": "Point",
        "coordinates": [
          -78.8489543,
          42.8746293
        ]
      },
      "id": "node/9821593498"
    },
    {
      "type": "Feature",
      "properties": {
        "@id": "node/9826940463",
        "amenity": "cafe",
        "brand": "Tim Hortons",
        "brand:wikidata": "Q175106",
        "cuisine": "coffee_shop",
        "fixme:atp": "no ATP match, check if still exists",
        "name": "Tim Hortons",
        "takeaway": "yes"
      },
      "geometry": {
        "type": "Point",
        "coordinates": [
          -78.872117,
          42.8830352
        ]
      },
      "id": "node/9826940463"
    },
    {
      "type": "Feature",
      "properties": {
        "@id": "node/9871355591",
        "addr:city": "Canton",
        "addr:housenumber": "45135",
        "addr:postcode": "48187-2909",
        "addr:state": "MI",
        "addr:street": "Ford Road",
        "amenity": "cafe",
        "brand": "Tim Hortons",
        "brand:wikidata": "Q175106",
        "cuisine": "coffee_shop",
        "delivery": "yes",
        "drive_through": "yes",
        "indoor_seating": "no",
        "internet_access": "wlan",
        "name": "Tim Hortons",
        "opening_hours": "Mo-We 06:00-19:00; Fr-Su 06:00-19:00",
        "phone": "+1 734-427-0653",
        "takeaway": "yes"
      },
      "geometry": {
        "type": "Point",
        "coordinates": [
          -83.4845365,
          42.3214626
        ]
      },
      "id": "node/9871355591"
    },
    {
      "type": "Feature",
      "properties": {
        "@id": "node/9939526744",
        "addr:city": "Staten Island",
        "addr:housenumber": "700",
        "addr:postcode": "10303",
        "addr:state": "NY",
        "addr:street": "South Avenue",
        "amenity": "cafe",
        "brand": "Tim Hortons",
        "brand:wikidata": "Q175106",
        "cuisine": "coffee_shop",
        "delivery": "yes",
        "drive_through": "no",
        "indoor_seating": "no",
        "name": "Tim Hortons",
        "opening_hours": "Mo-We 06:00-22:00; Fr-Su 06:00-22:00",
        "phone": "+1 718-982-9203",
        "takeaway": "yes"
      },
      "geometry": {
        "type": "Point",
        "coordinates": [
          -74.1685284,
          40.6221092
        ]
      },
      "id": "node/9939526744"
    },
    {
      "type": "Feature",
      "properties": {
        "@id": "node/9995453521",
        "addr:city": "Detroit",
        "addr:housenumber": "22565",
        "addr:postcode": "48219",
        "addr:state": "MI",
        "addr:street": "8 Mile Road",
        "amenity": "cafe",
        "brand": "Tim Hortons",
        "brand:wikidata": "Q175106",
        "cuisine": "coffee_shop",
        "fixme:atp": "no ATP match, check if still exists",
        "name": "Tim Hortons",
        "outdoor_seating": "no",
        "phone": "+1 313-592-9000",
        "takeaway": "yes",
        "website": "https://www.timhortons.com"
      },
      "geometry": {
        "type": "Point",
        "coordinates": [
          -83.2660949,
          42.4428072
        ]
      },
      "id": "node/9995453521"
    },
    {
      "type": "Feature",
      "properties": {
        "@id": "node/9995573240",
        "addr:city": "Columbus",
        "addr:housenumber": "2415",
        "addr:postcode": "43229",
        "addr:state": "OH",
        "addr:street": "Schrock Road",
        "amenity": "cafe",
        "brand": "Tim Hortons",
        "brand:wikidata": "Q175106",
        "cuisine": "coffee_shop",
        "delivery": "yes",
        "drive_through": "yes",
        "indoor_seating": "no",
        "internet_access": "wlan",
        "name": "Tim Hortons",
        "opening_hours": "Mo-We 07:00-15:00; Fr-Su 07:00-15:00",
        "phone": "+1 614-423-7216",
        "takeaway": "yes"
      },
      "geometry": {
        "type": "Point",
        "coordinates": [
          -82.9506038,
          40.1100204
        ]
      },
      "id": "node/9995573240"
    },
    {
      "type": "Feature",
      "properties": {
        "@id": "node/10064376711",
        "addr:city": "Lockport",
        "addr:housenumber": "6470",
        "addr:postcode": "14094",
        "addr:state": "NY",
        "addr:street": "Campbell Boulevard",
        "amenity": "cafe",
        "brand": "Tim Hortons",
        "brand:wikidata": "Q175106",
        "cuisine": "coffee_shop",
        "delivery": "yes",
        "drive_through": "yes",
        "indoor_seating": "no",
        "internet_access": "wlan",
        "name": "Tim Hortons",
        "opening_hours": "Mo-We 05:00-22:00; Fr-Su 05:00-22:00",
        "outdoor_seating": "no",
        "phone": "+1 716-625-7939",
        "takeaway": "yes"
      },
      "geometry": {
        "type": "Point",
        "coordinates": [
          -78.7725268,
          43.1136569
        ]
      },
      "id": "node/10064376711"
    },
    {
      "type": "Feature",
      "properties": {
        "@id": "node/10174370422",
        "addr:city": "North Tonawanda",
        "addr:housenumber": "459",
        "addr:postcode": "14120",
        "addr:state": "NY",
        "addr:street": "Division Street",
        "amenity": "cafe",
        "brand": "Tim Hortons",
        "brand:wikidata": "Q175106",
        "cuisine": "coffee_shop",
        "delivery": "yes",
        "drive_through": "yes",
        "indoor_seating": "yes",
        "internet_access": "wlan",
        "name": "Tim Hortons",
        "opening_hours": "Mo-We 06:00-20:00; Fr-Su 06:00-20:00",
        "outdoor_seating": "no",
        "phone": "+1 716-389-0019",
        "takeaway": "yes"
      },
      "geometry": {
        "type": "Point",
        "coordinates": [
          -78.8618343,
          43.0359538
        ]
      },
      "id": "node/10174370422"
    },
    {
      "type": "Feature",
      "properties": {
        "@id": "node/10226485574",
        "addr:city": "Depew",
        "addr:housenumber": "3941",
        "addr:postcode": "14043",
        "addr:state": "NY",
        "addr:street": "Broadway",
        "amenity": "cafe",
        "brand": "Tim Hortons",
        "brand:wikidata": "Q175106",
        "cuisine": "coffee_shop",
        "delivery": "yes",
        "drive_through": "yes",
        "indoor_seating": "yes",
        "name": "Tim Hortons",
        "opening_hours": "Mo 06:00-13:00; Tu-We 06:00-17:00; Fr-Su 06:00-17:00",
        "outdoor_seating": "no",
        "phone": "+1 716-288-9003",
        "takeaway": "yes"
      },
      "geometry": {
        "type": "Point",
        "coordinates": [
          -78.7273007,
          42.9049531
        ]
      },
      "id": "node/10226485574"
    },
    {
      "type": "Feature",
      "properties": {
        "@id": "node/10236320270",
        "addr:city": "Belleville",
        "addr:housenumber": "11175",
        "addr:postcode": "48111",
        "addr:state": "MI",
        "addr:street": "Haggerty Road",
        "amenity": "cafe",
        "brand": "Tim Hortons",
        "brand:wikidata": "Q175106",
        "cuisine": "coffee_shop",
        "delivery": "yes",
        "drive_through": "yes",
        "indoor_seating": "yes",
        "name": "Tim Hortons",
        "opening_hours": "Mo 05:00-22:00; Tu-We 04:00-23:00; Fr-Sa 04:00-23:00; Su 04:30-22:00",
        "outdoor_seating": "no",
        "phone": "+1 734-699-3491",
        "takeaway": "yes"
      },
      "geometry": {
        "type": "Point",
        "coordinates": [
          -83.4398563,
          42.2231424
        ]
      },
      "id": "node/10236320270"
    },
    {
      "type": "Feature",
      "properties": {
        "@id": "node/10299385830",
        "addr:city": "Hazel Park",
        "addr:housenumber": "1825",
        "addr:postcode": "48030-1740",
        "addr:state": "MI",
        "addr:street": "East 8 Mile Road",
        "amenity": "cafe",
        "brand": "Tim Hortons",
        "brand:wikidata": "Q175106",
        "cuisine": "coffee_shop",
        "delivery": "yes",
        "drive_through": "yes",
        "indoor_seating": "yes",
        "internet_access": "wlan",
        "name": "Tim Hortons",
        "opening_hours": "Mo-We 06:00-19:00; Fr-Su 06:00-19:00",
        "phone": "+1 248-951-2950",
        "takeaway": "yes"
      },
      "geometry": {
        "type": "Point",
        "coordinates": [
          -83.0848587,
          42.4476881
        ]
      },
      "id": "node/10299385830"
    },
    {
      "type": "Feature",
      "properties": {
        "@id": "node/10553021980",
        "addr:city": "Buffalo",
        "addr:housenumber": "4265",
        "addr:postcode": "14226",
        "addr:state": "NY",
        "addr:street": "Maple Road",
        "amenity": "cafe",
        "brand": "Tim Hortons",
        "brand:wikidata": "Q175106",
        "cuisine": "coffee_shop",
        "delivery": "yes",
        "drive_through": "yes",
        "indoor_seating": "no",
        "internet_access": "wlan",
        "name": "Tim Hortons",
        "opening_hours": "Mo-Su 06:00-20:00",
        "outdoor_seating": "no",
        "phone": "+1 716-833-1500",
        "takeaway": "yes",
        "website": "https://locations.timhortons.com/en/ny/buffalo/4265-maple-rd/"
      },
      "geometry": {
        "type": "Point",
        "coordinates": [
          -78.8049062,
          42.9902733
        ]
      },
      "id": "node/10553021980"
    },
    {
      "type": "Feature",
      "properties": {
        "@id": "node/10582750508",
        "addr:city": "Grand Island",
        "addr:housenumber": "1685",
        "addr:postcode": "14072",
        "addr:state": "NY",
        "addr:street": "Grand Island Boulevard",
        "amenity": "cafe",
        "brand": "Tim Hortons",
        "brand:wikidata": "Q175106",
        "cuisine": "coffee_shop",
        "delivery": "yes",
        "drive_through": "yes",
        "indoor_seating": "yes",
        "internet_access": "wlan",
        "name": "Tim Hortons",
        "opening_hours": "Mo-We 05:00-22:00; Fr-Su 05:00-22:00",
        "outdoor_seating": "no",
        "phone": "+1 716-773-5286",
        "takeaway": "yes"
      },
      "geometry": {
        "type": "Point",
        "coordinates": [
          -78.9487198,
          43.0077401
        ]
      },
      "id": "node/10582750508"
    },
    {
      "type": "Feature",
      "properties": {
        "@id": "node/10777024485",
        "addr:city": "Westland",
        "addr:housenumber": "38350",
        "addr:postcode": "48185",
        "addr:state": "MI",
        "addr:street": "Ford Road",
        "amenity": "cafe",
        "brand": "Tim Hortons",
        "brand:wikidata": "Q175106",
        "cuisine": "coffee_shop",
        "delivery": "yes",
        "drive_through": "yes",
        "indoor_seating": "yes",
        "name": "Tim Hortons",
        "opening_hours": "Mo-We 00:00-24:00; Fr-Su 00:00-24:00",
        "outdoor_seating": "no",
        "phone": "+1 734-641-6666",
        "takeaway": "yes"
      },
      "geometry": {
        "type": "Point",
        "coordinates": [
          -83.4178766,
          42.3243146
        ]
      },
      "id": "node/10777024485"
    },
    {
      "type": "Feature",
      "properties": {
        "@id": "node/10844450824",
        "addr:city": "Buffalo",
        "addr:housenumber": "1235",
        "addr:postcode": "14223",
        "addr:state": "NY",
        "addr:street": "Colvin Boulevard",
        "amenity": "cafe",
        "brand": "Tim Hortons",
        "brand:wikidata": "Q175106",
        "cuisine": "coffee_shop",
        "delivery": "yes",
        "drive_through": "yes",
        "indoor_seating": "no",
        "name": "Tim Hortons",
        "opening_hours": "Mo-We 05:00-22:00; Fr-Su 05:00-22:00",
        "outdoor_seating": "no",
        "phone": "+1 716-874-7880",
        "takeaway": "yes"
      },
      "geometry": {
        "type": "Point",
        "coordinates": [
          -78.8578577,
          42.9747699
        ]
      },
      "id": "node/10844450824"
    },
    {
      "type": "Feature",
      "properties": {
        "@id": "node/10853879245",
        "addr:city": "Shelby Charter Township",
        "addr:housenumber": "45395",
        "addr:postcode": "48315",
        "addr:state": "MI",
        "addr:street": "Hayes Road",
        "amenity": "cafe",
        "brand": "Tim Hortons",
        "brand:wikidata": "Q175106",
        "cuisine": "coffee_shop",
        "delivery": "yes",
        "drive_through": "yes",
        "indoor_seating": "yes",
        "name": "Tim Hortons",
        "opening_hours": "Mo-Su 05:00-22:00",
        "phone": "+1 586-247-2003",
        "takeaway": "yes",
        "website": "https://locations.timhortons.com/mi/shelby-township/45395-hayes-rd"
      },
      "geometry": {
        "type": "Point",
        "coordinates": [
          -82.9740558,
          42.6301039
        ]
      },
      "id": "node/10853879245"
    },
    {
      "type": "Feature",
      "properties": {
        "@id": "node/10908418710",
        "addr:city": "Girard",
        "addr:housenumber": "808",
        "addr:postcode": "16417",
        "addr:state": "PA",
        "addr:street": "East Main Street",
        "amenity": "cafe",
        "brand": "Tim Hortons",
        "brand:wikidata": "Q175106",
        "cuisine": "coffee_shop",
        "delivery": "yes",
        "drive_through": "yes",
        "indoor_seating": "yes",
        "internet_access": "wlan",
        "name": "Tim Hortons",
        "opening_hours": "Mo-We 06:00-19:00; Fr-Su 06:00-19:00",
        "phone": "+1 814-622-0047",
        "takeaway": "yes"
      },
      "geometry": {
        "type": "Point",
        "coordinates": [
          -80.3079039,
          42.0067017
        ]
      },
      "id": "node/10908418710"
    },
    {
      "type": "Feature",
      "properties": {
        "@id": "node/10931897273",
        "addr:city": "Penfield",
        "addr:housenumber": "2230",
        "addr:postcode": "14526-1922",
        "addr:state": "NY",
        "addr:street": "Penfield Road",
        "amenity": "cafe",
        "brand": "Tim Hortons",
        "brand:wikidata": "Q175106",
        "cuisine": "coffee_shop",
        "delivery": "yes",
        "drive_through": "yes",
        "indoor_seating": "yes",
        "internet_access": "wlan",
        "name": "Tim Hortons",
        "opening_hours": "Mo-We 06:00-19:00; Fr-Su 06:00-19:00",
        "phone": "+1 585-377-7390",
        "takeaway": "yes"
      },
      "geometry": {
        "type": "Point",
        "coordinates": [
          -77.4366966,
          43.1311307
        ]
      },
      "id": "node/10931897273"
    },
    {
      "type": "Feature",
      "properties": {
        "@id": "node/10962600522",
        "addr:city": "Elma",
        "addr:housenumber": "661",
        "addr:postcode": "14059-9566",
        "addr:state": "NY",
        "addr:street": "Jamison Road",
        "amenity": "cafe",
        "brand": "Tim Hortons",
        "brand:wikidata": "Q175106",
        "cuisine": "coffee_shop",
        "delivery": "yes",
        "drive_through": "yes",
        "indoor_seating": "yes",
        "name": "Tim Hortons",
        "opening_hours": "Mo-We 05:00-20:00; Fr-Su 05:00-20:00",
        "phone": "+1 716-655-6790",
        "takeaway": "yes"
      },
      "geometry": {
        "type": "Point",
        "coordinates": [
          -78.6373113,
          42.8055701
        ]
      },
      "id": "node/10962600522"
    },
    {
      "type": "Feature",
      "properties": {
        "@id": "node/11062667964",
        "addr:city": "New York",
        "addr:housenumber": "204",
        "addr:postcode": "14020",
        "addr:state": "NY",
        "addr:street": "Oak Street",
        "amenity": "cafe",
        "brand": "Tim Hortons",
        "brand:wikidata": "Q175106",
        "changing_table": "no",
        "check_date": "2023-07-22",
        "cuisine": "coffee_shop",
        "delivery": "yes",
        "drive_through": "yes",
        "indoor_seating": "yes",
        "internet_access": "wlan",
        "internet_access:fee": "no",
        "level": "1",
        "name": "Tim Hortons",
        "opening_hours": "Mo-Su 05:00-20:00",
        "operator": "Quicklee's",
        "payment:mastercard": "yes",
        "payment:visa": "yes",
        "phone": "+1 585-524-2270",
        "smoking": "no",
        "takeaway": "yes",
        "toilets": "yes",
        "toilets:access": "customers",
        "toilets:wheelchair": "yes",
        "wheelchair": "yes"
      },
      "geometry": {
        "type": "Point",
        "coordinates": [
          -78.1915355,
          43.015153
        ]
      },
      "id": "node/11062667964"
    },
    {
      "type": "Feature",
      "properties": {
        "@id": "node/11070228708",
        "addr:city": "Staten Island",
        "addr:housenumber": "2525",
        "addr:postcode": "10314-6613",
        "addr:state": "NY",
        "addr:street": "Victory Boulevard",
        "amenity": "cafe",
        "brand": "Tim Hortons",
        "brand:wikidata": "Q175106",
        "cuisine": "coffee_shop",
        "delivery": "no",
        "drive_through": "no",
        "indoor_seating": "yes",
        "name": "Tim Hortons",
        "opening_hours": "Mo-We 06:00-22:00; Fr-Su 06:00-22:00",
        "phone": "+1 718-698-6437",
        "takeaway": "yes"
      },
      "geometry": {
        "type": "Point",
        "coordinates": [
          -74.1472112,
          40.6105097
        ]
      },
      "id": "node/11070228708"
    },
    {
      "type": "Feature",
      "properties": {
        "@id": "node/11077692661",
        "addr:city": "Clarksburg",
        "addr:housenumber": "90",
        "addr:postcode": "26301-9401",
        "addr:state": "WV",
        "addr:street": "Wilsonburg Road",
        "amenity": "cafe",
        "brand": "Tim Hortons",
        "brand:wikidata": "Q175106",
        "cuisine": "coffee_shop",
        "delivery": "yes",
        "drive_through": "yes",
        "indoor_seating": "yes",
        "internet_access": "wlan",
        "name": "Tim Hortons",
        "opening_hours": "Mo-We 05:00-20:00; Fr-Su 05:00-20:00",
        "phone": "+1 304-566-7559",
        "takeaway": "yes"
      },
      "geometry": {
        "type": "Point",
        "coordinates": [
          -80.3852008,
          39.2868854
        ]
      },
      "id": "node/11077692661"
    },
    {
      "type": "Feature",
      "properties": {
        "@id": "node/11293916629",
        "addr:city": "Fresh Meadows",
        "addr:housenumber": "17312",
        "addr:postcode": "11365",
        "addr:state": "NY",
        "addr:street": "Horace Harding Expressway",
        "amenity": "cafe",
        "brand": "Tim Hortons",
        "brand:wikidata": "Q175106",
        "cuisine": "coffee_shop",
        "delivery": "yes",
        "drive_through": "no",
        "indoor_seating": "no",
        "name": "Tim Hortons",
        "opening_hours": "Mo-We 06:00-22:00; Fr-Su 06:00-22:00",
        "phone": "+1 347-542-3494",
        "takeaway": "yes"
      },
      "geometry": {
        "type": "Point",
        "coordinates": [
          -73.7953825,
          40.7375531
        ]
      },
      "id": "node/11293916629"
    },
    {
      "type": "Feature",
      "properties": {
        "@id": "node/11390407494",
        "addr:city": "Houston",
        "addr:housenumber": "13451",
        "addr:postcode": "77040-6006",
        "addr:state": "TX",
        "addr:street": "Northwest Freeway",
        "amenity": "cafe",
        "brand": "Tim Hortons",
        "brand:wikidata": "Q175106",
        "check_date": "2023-12-02",
        "cuisine": "coffee_shop",
        "delivery": "yes",
        "drive_through": "yes",
        "indoor_seating": "yes",
        "name": "Tim Hortons",
        "opening_hours": "Mo-We 06:00-20:00; Fr-Su 06:00-20:00",
        "phone": "+1 346-200-7417",
        "takeaway": "yes"
      },
      "geometry": {
        "type": "Point",
        "coordinates": [
          -95.5097565,
          29.8499539
        ]
      },
      "id": "node/11390407494"
    },
    {
      "type": "Feature",
      "properties": {
        "@id": "node/11509900660",
        "addr:city": "Atlanta",
        "addr:floor": "G;1",
        "addr:housenumber": "610",
        "addr:postcode": "30308",
        "addr:state": "GA",
        "addr:street": "Spring Street Northwest",
        "amenity": "cafe",
        "brand": "Tim Hortons",
        "brand:wikidata": "Q175106",
        "check_date": "2024-09-24",
        "cuisine": "coffee_shop",
        "delivery": "no",
        "drive_through": "yes",
        "indoor_seating": "yes",
        "level": "0;1",
        "name": "Tim Hortons",
        "opening_hours": "06:00-21:00",
        "opening_hours:drive_through": "05:00-20:00",
        "outdoor_seating": "no",
        "payment:cash": "yes",
        "payment:credit_cards": "yes",
        "payment:debit_cards": "yes",
        "phone": "+1 470-265-3003",
        "takeaway": "yes",
        "website": "https://locations.timhortons.com/en/ga/atlanta/610-spring-st-nw/",
        "wheelchair": "yes"
      },
      "geometry": {
        "type": "Point",
        "coordinates": [
          -84.3892945,
          33.7706708
        ]
      },
      "id": "node/11509900660"
    },
    {
      "type": "Feature",
      "properties": {
        "@id": "node/11695187845",
        "addr:city": "Buffalo",
        "addr:housenumber": "1",
        "addr:postcode": "14203-3007",
        "addr:state": "NY",
        "addr:street": "Seymore H. Knox III Plaza",
        "amenity": "cafe",
        "brand": "Tim Hortons",
        "brand:wikidata": "Q175106",
        "cuisine": "coffee_shop",
        "delivery": "yes",
        "drive_through": "yes",
        "indoor_seating": "yes",
        "name": "Tim Hortons",
        "opening_hours": "Mo-Su 07:00-23:00",
        "takeaway": "yes",
        "website": "https://www.timhortons.com/store-locator/store/restaurant_70826"
      },
      "geometry": {
        "type": "Point",
        "coordinates": [
          -78.8772349,
          42.8755236
        ]
      },
      "id": "node/11695187845"
    },
    {
      "type": "Feature",
      "properties": {
        "@id": "node/11695187868",
        "addr:city": "Buffalo",
        "addr:housenumber": "875",
        "addr:postcode": "14203-1070",
        "addr:state": "NY",
        "addr:street": "Ellicott Street",
        "amenity": "cafe",
        "brand": "Tim Hortons",
        "brand:wikidata": "Q175106",
        "cuisine": "coffee_shop",
        "delivery": "no",
        "drive_through": "no",
        "indoor_seating": "yes",
        "name": "Tim Hortons",
        "opening_hours": "24/7",
        "phone": "+1 716-859-3293",
        "takeaway": "yes",
        "website": "https://www.timhortons.com/store-locator/store/restaurant_70937"
      },
      "geometry": {
        "type": "Point",
        "coordinates": [
          -78.8661037,
          42.9006357
        ]
      },
      "id": "node/11695187868"
    },
    {
      "type": "Feature",
      "properties": {
        "@id": "node/12105312612",
        "amenity": "cafe",
        "brand": "Tim Hortons",
        "brand:wikidata": "Q175106",
        "check_date": "2024-08-11",
        "cuisine": "coffee_shop",
        "name": "Tim Hortons",
        "takeaway": "yes"
      },
      "geometry": {
        "type": "Point",
        "coordinates": [
          -95.5789455,
          29.6457016
        ]
      },
      "id": "node/12105312612"
    },
    {
      "type": "Feature",
      "properties": {
        "@id": "node/12322519937",
        "addr:housenumber": "57",
        "addr:street": "White Horse Pike",
        "amenity": "cafe",
        "brand": "Tim Hortons",
        "brand:wikidata": "Q175106",
        "check_date": "2026-04-17",
        "cuisine": "coffee_shop",
        "name": "Tim Hortons",
        "opening_hours": "04:00-24:00",
        "opening_hours:drive_through": "04:00-24:00",
        "takeaway": "yes",
        "website": "https://locations.timhortons.com/en/nj/stratford/57-white-horse-pike/"
      },
      "geometry": {
        "type": "Point",
        "coordinates": [
          -75.0018593,
          39.8311973
        ]
      },
      "id": "node/12322519937"
    },
    {
      "type": "Feature",
      "properties": {
        "@id": "node/12439801623",
        "addr:city": "Westfield",
        "addr:housenumber": "5",
        "addr:postcode": "14787",
        "addr:state": "NY",
        "addr:street": "Holt Street",
        "amenity": "cafe",
        "brand": "Tim Hortons",
        "brand:wikidata": "Q175106",
        "cuisine": "coffee_shop",
        "name": "Tim Hortons",
        "takeaway": "yes"
      },
      "geometry": {
        "type": "Point",
        "coordinates": [
          -79.57293,
          42.32591
        ]
      },
      "id": "node/12439801623"
    },
    {
      "type": "Feature",
      "properties": {
        "@id": "node/12794830674",
        "addr:city": "Southfield",
        "addr:housenumber": "29069",
        "addr:postcode": "48076",
        "addr:state": "MI",
        "addr:street": "Greenfield Road",
        "amenity": "cafe",
        "brand": "Tim Hortons",
        "brand:wikidata": "Q175106",
        "cuisine": "coffee_shop",
        "name": "Tim Hortons",
        "takeaway": "yes"
      },
      "geometry": {
        "type": "Point",
        "coordinates": [
          -83.2037834,
          42.5036632
        ]
      },
      "id": "node/12794830674"
    },
    {
      "type": "Feature",
      "properties": {
        "@id": "node/12851135501",
        "addr:city": "Jonesboro",
        "addr:country": "US",
        "addr:housenumber": "6510",
        "addr:postcode": "30236",
        "addr:state": "GA",
        "addr:street": "Tara Boulevard",
        "air_conditioning": "yes",
        "amenity": "cafe",
        "brand": "Tim Hortons",
        "brand:wikidata": "Q175106",
        "cuisine": "coffee_shop",
        "highchair": "yes",
        "indoor_seating": "yes",
        "internet_access": "wlan",
        "name": "Tim Hortons",
        "opening_hours": "05:00-20:00",
        "outdoor_seating": "no",
        "smoking": "no",
        "takeaway": "yes",
        "toilets": "yes",
        "toilets:access": "customers",
        "wheelchair": "yes"
      },
      "geometry": {
        "type": "Point",
        "coordinates": [
          -84.3721769,
          33.5769148
        ]
      },
      "id": "node/12851135501"
    },
    {
      "type": "Feature",
      "properties": {
        "@id": "node/12974699618",
        "addr:city": "South Bloomfield",
        "addr:housenumber": "5022",
        "addr:postcode": "43103",
        "addr:state": "OH",
        "addr:street": "North Walnut Street",
        "amenity": "cafe",
        "brand": "Tim Hortons",
        "brand:wikidata": "Q175106",
        "cuisine": "coffee_shop",
        "delivery": "yes",
        "drive_through": "yes",
        "indoor_seating": "no",
        "internet_access": "wlan",
        "name": "Tim Hortons",
        "opening_hours": "Mo-We 06:00-19:00; Fr-Sa 06:00-19:00; Su 06:00-16:00",
        "phone": "+1 740-983-8180",
        "takeaway": "yes"
      },
      "geometry": {
        "type": "Point",
        "coordinates": [
          -82.9864482,
          39.7182882
        ]
      },
      "id": "node/12974699618"
    },
    {
      "type": "Feature",
      "properties": {
        "@id": "node/13081827808",
        "addr:city": "Cinnaminson",
        "addr:housenumber": "2701",
        "addr:postcode": "08077",
        "addr:state": "NJ",
        "addr:unit": "B",
        "amenity": "cafe",
        "brand": "Tim Hortons",
        "brand:wikidata": "Q175106",
        "check_date": "2026-05-01",
        "cuisine": "coffee_shop",
        "name": "Tim Hortons",
        "opening_hours": "05:00-24:00",
        "opening_hours:drive_through": "05:00-24:00",
        "outdoor_seating": "yes",
        "phone": "+1 856-829-1700",
        "takeaway": "yes",
        "website": "https://locations.timhortons.com/en/nj/cinnaminson/2701-us-130/"
      },
      "geometry": {
        "type": "Point",
        "coordinates": [
          -74.9717822,
          40.0086656
        ]
      },
      "id": "node/13081827808"
    },
    {
      "type": "Feature",
      "properties": {
        "@id": "node/13171551100",
        "amenity": "cafe",
        "brand": "Tim Hortons",
        "brand:wikidata": "Q175106",
        "cuisine": "coffee_shop",
        "name": "Tim Hortons",
        "takeaway": "yes"
      },
      "geometry": {
        "type": "Point",
        "coordinates": [
          -76.9824664,
          40.4477987
        ]
      },
      "id": "node/13171551100"
    },
    {
      "type": "Feature",
      "properties": {
        "@id": "node/13241499780",
        "amenity": "cafe",
        "brand": "Tim Hortons",
        "brand:wikidata": "Q175106",
        "cuisine": "coffee_shop",
        "name": "Tim Hortons",
        "takeaway": "yes"
      },
      "geometry": {
        "type": "Point",
        "coordinates": [
          -78.8453469,
          42.8162932
        ]
      },
      "id": "node/13241499780"
    },
    {
      "type": "Feature",
      "properties": {
        "@id": "node/13256888869",
        "addr:city": "Parkersburg",
        "addr:postcode": "26104",
        "addr:state": "WV",
        "addr:street": "Emerson Commons Boulevard",
        "amenity": "cafe",
        "branch": "Cafe & Bake Shop",
        "brand": "Tim Hortons",
        "brand:wikidata": "Q175106",
        "cuisine": "coffee_shop",
        "mapillary": "1339797137550390",
        "name": "Tim Hortons",
        "outdoor_seating": "no",
        "takeaway": "yes"
      },
      "geometry": {
        "type": "Point",
        "coordinates": [
          -81.4810407,
          39.3130224
        ]
      },
      "id": "node/13256888869"
    },
    {
      "type": "Feature",
      "properties": {
        "@id": "node/13433623331",
        "amenity": "cafe",
        "brand": "Tim Hortons",
        "brand:wikidata": "Q175106",
        "cuisine": "coffee_shop",
        "drive_through": "yes",
        "name": "Tim Hortons",
        "takeaway": "yes"
      },
      "geometry": {
        "type": "Point",
        "coordinates": [
          -83.960264,
          42.0060598
        ]
      },
      "id": "node/13433623331"
    },
    {
      "type": "Feature",
      "properties": {
        "@id": "node/13481090470",
        "addr:housenumber": "1",
        "addr:street": "Lanes Mill Road",
        "amenity": "cafe",
        "brand": "Tim Hortons",
        "brand:wikidata": "Q175106",
        "cuisine": "coffee_shop",
        "name": "Tim Hortons",
        "start_date": "2026-01-24",
        "takeaway": "yes"
      },
      "geometry": {
        "type": "Point",
        "coordinates": [
          -74.1436931,
          40.0971162
        ]
      },
      "id": "node/13481090470"
    },
    {
      "type": "Feature",
      "properties": {
        "@id": "node/13531957704",
        "addr:housenumber": "3706",
        "addr:postcode": "77801",
        "addr:street": "Texas Avenue South",
        "amenity": "cafe",
        "brand": "Tim Hortons",
        "brand:wikidata": "Q175106",
        "cuisine": "coffee_shop",
        "name": "Tim Hortons",
        "opening_hours": "24/7",
        "takeaway": "yes",
        "website": "https://locations.timhortons.com/en/tx/bryan/3706-s-texas-ave/"
      },
      "geometry": {
        "type": "Point",
        "coordinates": [
          -96.3470097,
          30.637485
        ]
      },
      "id": "node/13531957704"
    },
    {
      "type": "Feature",
      "properties": {
        "@id": "node/13594318611",
        "addr:city": "Lancaster",
        "addr:housenumber": "5827",
        "addr:postcode": "14086",
        "addr:state": "NY",
        "addr:street": "Broadway Street",
        "amenity": "cafe",
        "brand": "Tim Hortons",
        "brand:wikidata": "Q175106",
        "cuisine": "coffee_shop",
        "name": "Tim Hortons",
        "outdoor_seating": "no",
        "phone": "+1-716-309-2648",
        "takeaway": "yes",
        "website": "https://www.timhortons.com"
      },
      "geometry": {
        "type": "Point",
        "coordinates": [
          -78.6423472,
          42.8946215
        ]
      },
      "id": "node/13594318611"
    },
    {
      "type": "Feature",
      "properties": {
        "@id": "node/13618291272",
        "amenity": "cafe",
        "brand": "Tim Hortons",
        "brand:wikidata": "Q175106",
        "cuisine": "coffee_shop",
        "name": "Tim Hortons",
        "takeaway": "yes"
      },
      "geometry": {
        "type": "Point",
        "coordinates": [
          -83.2461979,
          42.2693069
        ]
      },
      "id": "node/13618291272"
    },
    {
      "type": "Feature",
      "properties": {
        "@id": "node/13726499659",
        "amenity": "cafe",
        "brand": "Tim Hortons",
        "brand:wikidata": "Q175106",
        "cuisine": "coffee_shop",
        "name": "Tim Hortons",
        "takeaway": "yes"
      },
      "geometry": {
        "type": "Point",
        "coordinates": [
          -74.322904,
          40.5913796
        ]
      },
      "id": "node/13726499659"
    },
    {
      "type": "Feature",
      "properties": {
        "@id": "node/13731319470",
        "addr:city": "East Amherst",
        "addr:housenumber": "5989",
        "addr:postcode": "14051",
        "addr:state": "NY",
        "addr:street": "Transit Road",
        "amenity": "cafe",
        "brand": "Tim Hortons",
        "brand:wikidata": "Q175106",
        "cuisine": "coffee_shop",
        "name": "Tim Hortons",
        "phone": "+1-716-688-7315",
        "takeaway": "yes",
        "website": "https://locations.timhortons.com/en/ny/east-amherst/5989-transit-rd/"
      },
      "geometry": {
        "type": "Point",
        "coordinates": [
          -78.696329,
          43.0108663
        ]
      },
      "id": "node/13731319470"
    },
    {
      "type": "Feature",
      "properties": {
        "@id": "node/13899083001",
        "amenity": "cafe",
        "brand": "Tim Hortons",
        "brand:wikidata": "Q175106",
        "cuisine": "coffee_shop",
        "name": "Tim Hortons",
        "takeaway": "yes"
      },
      "geometry": {
        "type": "Point",
        "coordinates": [
          -78.7507104,
          42.7974855
        ]
      },
      "id": "node/13899083001"
    },
    {
      "type": "Feature",
      "properties": {
        "@id": "node/13899083007",
        "amenity": "cafe",
        "brand": "Tim Hortons",
        "brand:wikidata": "Q175106",
        "cuisine": "coffee_shop",
        "name": "Tim Hortons",
        "takeaway": "yes"
      },
      "geometry": {
        "type": "Point",
        "coordinates": [
          -78.7736185,
          42.8294147
        ]
      },
      "id": "node/13899083007"
    },
    {
      "type": "Feature",
      "properties": {
        "@id": "node/13899147761",
        "amenity": "cafe",
        "brand": "Tim Hortons",
        "brand:wikidata": "Q175106",
        "cuisine": "coffee_shop",
        "name": "Tim Hortons",
        "takeaway": "yes"
      },
      "geometry": {
        "type": "Point",
        "coordinates": [
          -78.9515574,
          43.1216276
        ]
      },
      "id": "node/13899147761"
    },
    {
      "type": "Feature",
      "properties": {
        "@id": "node/14049114908",
        "amenity": "cafe",
        "brand": "Tim Hortons",
        "brand:wikidata": "Q175106",
        "cuisine": "coffee_shop",
        "name": "Tim Hortons",
        "takeaway": "yes"
      },
      "geometry": {
        "type": "Point",
        "coordinates": [
          -84.2416466,
          39.6400798
        ]
      },
      "id": "node/14049114908"
    },
    {
      "type": "Feature",
      "properties": {
        "@id": "node/14061417707",
        "addr:city": "Englewood",
        "addr:housenumber": "899",
        "addr:postcode": "45322",
        "addr:state": "OH",
        "addr:street": "South Main Street",
        "amenity": "cafe",
        "brand": "Tim Hortons",
        "brand:wikidata": "Q175106",
        "cuisine": "coffee_shop",
        "name": "Tim Hortons",
        "phone": "+1-937-832-2946",
        "takeaway": "yes",
        "website": "https://locations.timhortons.com/en/oh/englewood/899-s-main-st/"
      },
      "geometry": {
        "type": "Point",
        "coordinates": [
          -84.2871796,
          39.8634287
        ]
      },
      "id": "node/14061417707"
    },
    {
      "type": "Feature",
      "properties": {
        "@id": "node/14134174502",
        "amenity": "cafe",
        "brand": "Tim Hortons",
        "brand:wikidata": "Q175106",
        "cuisine": "coffee_shop",
        "name": "Tim Hortons",
        "takeaway": "yes"
      },
      "geometry": {
        "type": "Point",
        "coordinates": [
          -82.8159941,
          39.9553453
        ]
      },
      "id": "node/14134174502"
    },
    {
      "type": "Feature",
      "properties": {
        "@id": "node/14175187695",
        "amenity": "cafe",
        "brand": "Tim Hortons",
        "brand:wikidata": "Q175106",
        "cuisine": "coffee_shop",
        "name": "Tim Hortons",
        "takeaway": "yes"
      },
      "geometry": {
        "type": "Point",
        "coordinates": [
          -73.8343621,
          40.6675417
        ]
      },
      "id": "node/14175187695"
    },
    {
      "type": "Feature",
      "properties": {
        "@id": "node/14178418580",
        "addr:city": "Murfreesboro",
        "addr:housenumber": "1911",
        "addr:postcode": "37130",
        "addr:state": "TN",
        "addr:street": "Lascassas Pike",
        "amenity": "cafe",
        "brand": "Tim Hortons",
        "brand:wikidata": "Q175106",
        "cuisine": "coffee_shop",
        "name": "Tim Hortons",
        "takeaway": "yes"
      },
      "geometry": {
        "type": "Point",
        "coordinates": [
          -86.3566547,
          35.8715877
        ]
      },
      "id": "node/14178418580"
    }
  ]
}